ISO-10303-21;
HEADER;
FILE_DESCRIPTION(('Open CASCADE Model'),'2;1');
FILE_NAME('Open CASCADE Shape Model','2026-10-01T02:59:13',('Author'),(
    'Open CASCADE'),'Open CASCADE STEP processor 7.9','Open CASCADE 7.9'
  ,'Unknown');
FILE_SCHEMA(('AUTOMOTIVE_DESIGN { 1 0 10303 214 1 1 1 1 }'));
ENDSEC;
DATA;
#1 = APPLICATION_PROTOCOL_DEFINITION('international standard',
  'automotive_design',2000,#2);
#2 = APPLICATION_CONTEXT(
  'core data for automotive mechanical design processes');
#3 = SHAPE_DEFINITION_REPRESENTATION(#4,#10);
#4 = PRODUCT_DEFINITION_SHAPE('','',#5);
#5 = PRODUCT_DEFINITION('design','',#6,#9);
#6 = PRODUCT_DEFINITION_FORMATION('','',#7);
#7 = PRODUCT('Open CASCADE STEP translator 7.9 15',
  'Open CASCADE STEP translator 7.9 15','',(#8));
#8 = PRODUCT_CONTEXT('',#2,'mechanical');
#9 = PRODUCT_DEFINITION_CONTEXT('part definition',#2,'design');
#10 = ADVANCED_BREP_SHAPE_REPRESENTATION('',(#11,#15),#9577);
#11 = AXIS2_PLACEMENT_3D('',#12,#13,#14);
#12 = CARTESIAN_POINT('',(0.,0.,0.));
#13 = DIRECTION('',(0.,0.,1.));
#14 = DIRECTION('',(1.,0.,-0.));
#15 = MANIFOLD_SOLID_BREP('',#16);
#16 = CLOSED_SHELL('',(#17,#977,#1053,#1330,#1567,#1594,#1663,#1713,
    #1760,#1788,#1857,#1907,#1957,#1982,#2051,#2101,#2151,#2176,#2245,
    #2295,#2345,#2370,#2439,#2489,#2539,#2564,#2633,#2683,#2733,#2758,
    #2827,#2877,#2927,#2952,#3021,#5428,#5455,#5482,#5509,#5536,#5563,
    #7410,#7417,#7464,#7491,#7518,#7545,#7572,#7599,#7626,#7633,#7680,
    #7707,#7734,#7761,#7788,#7815,#7842,#7849,#7896,#7923,#7950,#7977,
    #8004,#8031,#8058,#8065,#8112,#8139,#8166,#8193,#8220,#8247,#8274,
    #8281,#8328,#8355,#8382,#8409,#8436,#8463,#8490,#8497,#8544,#8571,
    #8598,#8625,#8652,#8679,#8706,#8713,#8760,#8787,#8814,#8841,#8868,
    #8895,#8922,#8929,#8976,#9003,#9030,#9057,#9084,#9111,#9138,#9145,
    #9192,#9219,#9246,#9273,#9300,#9327,#9354,#9361,#9408,#9435,#9462,
    #9489,#9516,#9543,#9570));
#17 = ADVANCED_FACE('',(#18,#137,#257,#377,#497,#617,#737,#857),#32,.F.
  );
#18 = FACE_BOUND('',#19,.F.);
#19 = EDGE_LOOP('',(#20,#55,#83,#111));
#20 = ORIENTED_EDGE('',*,*,#21,.T.);
#21 = EDGE_CURVE('',#22,#24,#26,.T.);
#22 = VERTEX_POINT('',#23);
#23 = CARTESIAN_POINT('',(0.,0.,0.));
#24 = VERTEX_POINT('',#25);
#25 = CARTESIAN_POINT('',(839.8,0.,0.));
#26 = SURFACE_CURVE('',#27,(#31,#43),.PCURVE_S1.);
#27 = LINE('',#28,#29);
#28 = CARTESIAN_POINT('',(0.,0.,0.));
#29 = VECTOR('',#30,1.);
#30 = DIRECTION('',(1.,0.,0.));
#31 = PCURVE('',#32,#37);
#32 = PLANE('',#33);
#33 = AXIS2_PLACEMENT_3D('',#34,#35,#36);
#34 = CARTESIAN_POINT('',(0.,0.,0.));
#35 = DIRECTION('',(0.,0.,1.));
#36 = DIRECTION('',(0.,1.,0.));
#37 = DEFINITIONAL_REPRESENTATION('',(#38),#42);
#38 = LINE('',#39,#40);
#39 = CARTESIAN_POINT('',(0.,0.));
#40 = VECTOR('',#41,1.);
#41 = DIRECTION('',(0.,-1.));
#42 = ( GEOMETRIC_REPRESENTATION_CONTEXT(2) 
PARAMETRIC_REPRESENTATION_CONTEXT() REPRESENTATION_CONTEXT('2D SPACE',''
  ) );
#43 = PCURVE('',#44,#49);
#44 = PLANE('',#45);
#45 = AXIS2_PLACEMENT_3D('',#46,#47,#48);
#46 = CARTESIAN_POINT('',(0.,0.,1.6));
#47 = DIRECTION('',(-0.,1.,0.));
#48 = DIRECTION('',(0.,0.,-1.));
#49 = DEFINITIONAL_REPRESENTATION('',(#50),#54);
#50 = LINE('',#51,#52);
#51 = CARTESIAN_POINT('',(1.6,0.));
#52 = VECTOR('',#53,1.);
#53 = DIRECTION('',(0.,-1.));
#54 = ( GEOMETRIC_REPRESENTATION_CONTEXT(2) 
PARAMETRIC_REPRESENTATION_CONTEXT() REPRESENTATION_CONTEXT('2D SPACE',''
  ) );
#55 = ORIENTED_EDGE('',*,*,#56,.T.);
#56 = EDGE_CURVE('',#24,#57,#59,.T.);
#57 = VERTEX_POINT('',#58);
#58 = CARTESIAN_POINT('',(839.8,18.4,0.));
#59 = SURFACE_CURVE('',#60,(#64,#71),.PCURVE_S1.);
#60 = LINE('',#61,#62);
#61 = CARTESIAN_POINT('',(839.8,0.,0.));
#62 = VECTOR('',#63,1.);
#63 = DIRECTION('',(0.,1.,0.));
#64 = PCURVE('',#32,#65);
#65 = DEFINITIONAL_REPRESENTATION('',(#66),#70);
#66 = LINE('',#67,#68);
#67 = CARTESIAN_POINT('',(0.,-839.8));
#68 = VECTOR('',#69,1.);
#69 = DIRECTION('',(1.,0.));
#70 = ( GEOMETRIC_REPRESENTATION_CONTEXT(2) 
PARAMETRIC_REPRESENTATION_CONTEXT() REPRESENTATION_CONTEXT('2D SPACE',''
  ) );
#71 = PCURVE('',#72,#77);
#72 = PLANE('',#73);
#73 = AXIS2_PLACEMENT_3D('',#74,#75,#76);
#74 = CARTESIAN_POINT('',(839.8,16.191909583649,20.233837625034));
#75 = DIRECTION('',(1.,0.,0.));
#76 = DIRECTION('',(-0.,0.,1.));
#77 = DEFINITIONAL_REPRESENTATION('',(#78),#82);
#78 = LINE('',#79,#80);
#79 = CARTESIAN_POINT('',(-20.23383762503,16.191909583649));
#80 = VECTOR('',#81,1.);
#81 = DIRECTION('',(0.,-1.));
#82 = ( GEOMETRIC_REPRESENTATION_CONTEXT(2) 
PARAMETRIC_REPRESENTATION_CONTEXT() REPRESENTATION_CONTEXT('2D SPACE',''
  ) );
#83 = ORIENTED_EDGE('',*,*,#84,.F.);
#84 = EDGE_CURVE('',#85,#57,#87,.T.);
#85 = VERTEX_POINT('',#86);
#86 = CARTESIAN_POINT('',(0.,18.4,0.));
#87 = SURFACE_CURVE('',#88,(#92,#99),.PCURVE_S1.);
#88 = LINE('',#89,#90);
#89 = CARTESIAN_POINT('',(0.,18.4,0.));
#90 = VECTOR('',#91,1.);
#91 = DIRECTION('',(1.,0.,0.));
#92 = PCURVE('',#32,#93);
#93 = DEFINITIONAL_REPRESENTATION('',(#94),#98);
#94 = LINE('',#95,#96);
#95 = CARTESIAN_POINT('',(18.4,0.));
#96 = VECTOR('',#97,1.);
#97 = DIRECTION('',(0.,-1.));
#98 = ( GEOMETRIC_REPRESENTATION_CONTEXT(2) 
PARAMETRIC_REPRESENTATION_CONTEXT() REPRESENTATION_CONTEXT('2D SPACE',''
  ) );
#99 = PCURVE('',#100,#105);
#100 = CYLINDRICAL_SURFACE('',#101,3.2);
#101 = AXIS2_PLACEMENT_3D('',#102,#103,#104);
#102 = CARTESIAN_POINT('',(0.,18.4,3.2));
#103 = DIRECTION('',(-1.,-0.,0.));
#104 = DIRECTION('',(0.,0.,1.));
#105 = DEFINITIONAL_REPRESENTATION('',(#106),#110);
#106 = LINE('',#107,#108);
#107 = CARTESIAN_POINT('',(-3.14159265359,0.));
#108 = VECTOR('',#109,1.);
#109 = DIRECTION('',(-0.,-1.));
#110 = ( GEOMETRIC_REPRESENTATION_CONTEXT(2) 
PARAMETRIC_REPRESENTATION_CONTEXT() REPRESENTATION_CONTEXT('2D SPACE',''
  ) );
#111 = ORIENTED_EDGE('',*,*,#112,.F.);
#112 = EDGE_CURVE('',#22,#85,#113,.T.);
#113 = SURFACE_CURVE('',#114,(#118,#125),.PCURVE_S1.);
#114 = LINE('',#115,#116);
#115 = CARTESIAN_POINT('',(0.,0.,0.));
#116 = VECTOR('',#117,1.);
#117 = DIRECTION('',(0.,1.,0.));
#118 = PCURVE('',#32,#119);
#119 = DEFINITIONAL_REPRESENTATION('',(#120),#124);
#120 = LINE('',#121,#122);
#121 = CARTESIAN_POINT('',(0.,0.));
#122 = VECTOR('',#123,1.);
#123 = DIRECTION('',(1.,0.));
#124 = ( GEOMETRIC_REPRESENTATION_CONTEXT(2) 
PARAMETRIC_REPRESENTATION_CONTEXT() REPRESENTATION_CONTEXT('2D SPACE',''
  ) );
#125 = PCURVE('',#126,#131);
#126 = PLANE('',#127);
#127 = AXIS2_PLACEMENT_3D('',#128,#129,#130);
#128 = CARTESIAN_POINT('',(0.,16.191909583649,20.233837625034));
#129 = DIRECTION('',(1.,0.,0.));
#130 = DIRECTION('',(-0.,0.,1.));
#131 = DEFINITIONAL_REPRESENTATION('',(#132),#136);
#132 = LINE('',#133,#134);
#133 = CARTESIAN_POINT('',(-20.23383762503,16.191909583649));
#134 = VECTOR('',#135,1.);
#135 = DIRECTION('',(0.,-1.));
#136 = ( GEOMETRIC_REPRESENTATION_CONTEXT(2) 
PARAMETRIC_REPRESENTATION_CONTEXT() REPRESENTATION_CONTEXT('2D SPACE',''
  ) );
#137 = FACE_BOUND('',#138,.F.);
#138 = EDGE_LOOP('',(#139,#167,#200,#226));
#139 = ORIENTED_EDGE('',*,*,#140,.F.);
#140 = EDGE_CURVE('',#141,#143,#145,.T.);
#141 = VERTEX_POINT('',#142);
#142 = CARTESIAN_POINT('',(721.02857142857,11.,0.));
#143 = VERTEX_POINT('',#144);
#144 = CARTESIAN_POINT('',(721.02857142857,9.,0.));
#145 = SURFACE_CURVE('',#146,(#150,#156),.PCURVE_S1.);
#146 = LINE('',#147,#148);
#147 = CARTESIAN_POINT('',(721.02857142857,4.5,0.));
#148 = VECTOR('',#149,1.);
#149 = DIRECTION('',(-1.110223024625E-16,-1.,0.));
#150 = PCURVE('',#32,#151);
#151 = DEFINITIONAL_REPRESENTATION('',(#152),#155);
#152 = B_SPLINE_CURVE_WITH_KNOTS('',1,(#153,#154),.UNSPECIFIED.,.F.,.F.,
  (2,2),(-6.5,-4.5),.PIECEWISE_BEZIER_KNOTS.);
#153 = CARTESIAN_POINT('',(11.,-721.0285714285));
#154 = CARTESIAN_POINT('',(9.,-721.0285714285));
#155 = ( GEOMETRIC_REPRESENTATION_CONTEXT(2) 
PARAMETRIC_REPRESENTATION_CONTEXT() REPRESENTATION_CONTEXT('2D SPACE',''
  ) );
#156 = PCURVE('',#157,#162);
#157 = PLANE('',#158);
#158 = AXIS2_PLACEMENT_3D('',#159,#160,#161);
#159 = CARTESIAN_POINT('',(721.02857142857,9.,-1.6));
#160 = DIRECTION('',(-1.,1.110223024625E-16,0.));
#161 = DIRECTION('',(1.110223024625E-16,1.,0.));
#162 = DEFINITIONAL_REPRESENTATION('',(#163),#166);
#163 = B_SPLINE_CURVE_WITH_KNOTS('',1,(#164,#165),.UNSPECIFIED.,.F.,.F.,
  (2,2),(-6.5,-4.5),.PIECEWISE_BEZIER_KNOTS.);
#164 = CARTESIAN_POINT('',(2.,-1.6));
#165 = CARTESIAN_POINT('',(0.,-1.6));
#166 = ( GEOMETRIC_REPRESENTATION_CONTEXT(2) 
PARAMETRIC_REPRESENTATION_CONTEXT() REPRESENTATION_CONTEXT('2D SPACE',''
  ) );
#167 = ORIENTED_EDGE('',*,*,#168,.T.);
#168 = EDGE_CURVE('',#141,#169,#171,.T.);
#169 = VERTEX_POINT('',#170);
#170 = CARTESIAN_POINT('',(725.62857142857,11.,0.));
#171 = SURFACE_CURVE('',#172,(#177,#188),.PCURVE_S1.);
#172 = CIRCLE('',#173,2.3);
#173 = AXIS2_PLACEMENT_3D('',#174,#175,#176);
#174 = CARTESIAN_POINT('',(723.32857142857,11.,0.));
#175 = DIRECTION('',(0.,0.,-1.));
#176 = DIRECTION('',(-1.,1.110223024625E-16,0.));
#177 = PCURVE('',#32,#178);
#178 = DEFINITIONAL_REPRESENTATION('',(#179),#187);
#179 = ( BOUNDED_CURVE() B_SPLINE_CURVE(2,(#180,#181,#182,#183,#184,#185
,#186),.UNSPECIFIED.,.T.,.F.) B_SPLINE_CURVE_WITH_KNOTS((1,2,2,2,2,1),(
    -2.094395102393,0.,2.094395102393,4.188790204786,6.28318530718,
8.377580409573),.UNSPECIFIED.) CURVE() GEOMETRIC_REPRESENTATION_ITEM() 
RATIONAL_B_SPLINE_CURVE((1.,0.5,1.,0.5,1.,0.5,1.)) REPRESENTATION_ITEM(
  '') );
#180 = CARTESIAN_POINT('',(11.,-721.0285714285));
#181 = CARTESIAN_POINT('',(14.983716857408,-721.0285714285));
#182 = CARTESIAN_POINT('',(12.991858428704,-724.4785714285));
#183 = CARTESIAN_POINT('',(11.,-727.9285714285));
#184 = CARTESIAN_POINT('',(9.008141571296,-724.4785714285));
#185 = CARTESIAN_POINT('',(7.016283142592,-721.0285714285));
#186 = CARTESIAN_POINT('',(11.,-721.0285714285));
#187 = ( GEOMETRIC_REPRESENTATION_CONTEXT(2) 
PARAMETRIC_REPRESENTATION_CONTEXT() REPRESENTATION_CONTEXT('2D SPACE',''
  ) );
#188 = PCURVE('',#189,#194);
#189 = CYLINDRICAL_SURFACE('',#190,2.3);
#190 = AXIS2_PLACEMENT_3D('',#191,#192,#193);
#191 = CARTESIAN_POINT('',(723.32857142857,11.,-1.6));
#192 = DIRECTION('',(0.,0.,-1.));
#193 = DIRECTION('',(-1.,1.110223024625E-16,0.));
#194 = DEFINITIONAL_REPRESENTATION('',(#195),#199);
#195 = LINE('',#196,#197);
#196 = CARTESIAN_POINT('',(0.,-1.6));
#197 = VECTOR('',#198,1.);
#198 = DIRECTION('',(1.,0.));
#199 = ( GEOMETRIC_REPRESENTATION_CONTEXT(2) 
PARAMETRIC_REPRESENTATION_CONTEXT() REPRESENTATION_CONTEXT('2D SPACE',''
  ) );
#200 = ORIENTED_EDGE('',*,*,#201,.F.);
#201 = EDGE_CURVE('',#202,#169,#204,.T.);
#202 = VERTEX_POINT('',#203);
#203 = CARTESIAN_POINT('',(725.62857142857,9.,0.));
#204 = SURFACE_CURVE('',#205,(#209,#215),.PCURVE_S1.);
#205 = LINE('',#206,#207);
#206 = CARTESIAN_POINT('',(725.62857142857,5.5,0.));
#207 = VECTOR('',#208,1.);
#208 = DIRECTION('',(1.110223024625E-16,1.,-0.));
#209 = PCURVE('',#32,#210);
#210 = DEFINITIONAL_REPRESENTATION('',(#211),#214);
#211 = B_SPLINE_CURVE_WITH_KNOTS('',1,(#212,#213),.UNSPECIFIED.,.F.,.F.,
  (2,2),(3.5,5.5),.PIECEWISE_BEZIER_KNOTS.);
#212 = CARTESIAN_POINT('',(9.,-725.6285714285));
#213 = CARTESIAN_POINT('',(11.,-725.6285714285));
#214 = ( GEOMETRIC_REPRESENTATION_CONTEXT(2) 
PARAMETRIC_REPRESENTATION_CONTEXT() REPRESENTATION_CONTEXT('2D SPACE',''
  ) );
#215 = PCURVE('',#216,#221);
#216 = PLANE('',#217);
#217 = AXIS2_PLACEMENT_3D('',#218,#219,#220);
#218 = CARTESIAN_POINT('',(725.62857142857,11.,-1.6));
#219 = DIRECTION('',(1.,-1.110223024625E-16,0.));
#220 = DIRECTION('',(-1.110223024625E-16,-1.,0.));
#221 = DEFINITIONAL_REPRESENTATION('',(#222),#225);
#222 = B_SPLINE_CURVE_WITH_KNOTS('',1,(#223,#224),.UNSPECIFIED.,.F.,.F.,
  (2,2),(3.5,5.5),.PIECEWISE_BEZIER_KNOTS.);
#223 = CARTESIAN_POINT('',(2.,-1.6));
#224 = CARTESIAN_POINT('',(0.,-1.6));
#225 = ( GEOMETRIC_REPRESENTATION_CONTEXT(2) 
PARAMETRIC_REPRESENTATION_CONTEXT() REPRESENTATION_CONTEXT('2D SPACE',''
  ) );
#226 = ORIENTED_EDGE('',*,*,#227,.T.);
#227 = EDGE_CURVE('',#202,#143,#228,.T.);
#228 = SURFACE_CURVE('',#229,(#234,#245),.PCURVE_S1.);
#229 = CIRCLE('',#230,2.3);
#230 = AXIS2_PLACEMENT_3D('',#231,#232,#233);
#231 = CARTESIAN_POINT('',(723.32857142857,9.,0.));
#232 = DIRECTION('',(0.,-0.,-1.));
#233 = DIRECTION('',(1.,-1.110223024625E-16,0.));
#234 = PCURVE('',#32,#235);
#235 = DEFINITIONAL_REPRESENTATION('',(#236),#244);
#236 = ( BOUNDED_CURVE() B_SPLINE_CURVE(2,(#237,#238,#239,#240,#241,#242
,#243),.UNSPECIFIED.,.T.,.F.) B_SPLINE_CURVE_WITH_KNOTS((1,2,2,2,2,1),(
    -2.094395102393,0.,2.094395102393,4.188790204786,6.28318530718,
8.377580409573),.UNSPECIFIED.) CURVE() GEOMETRIC_REPRESENTATION_ITEM() 
RATIONAL_B_SPLINE_CURVE((1.,0.5,1.,0.5,1.,0.5,1.)) REPRESENTATION_ITEM(
  '') );
#237 = CARTESIAN_POINT('',(9.,-725.6285714285));
#238 = CARTESIAN_POINT('',(5.016283142592,-725.6285714285));
#239 = CARTESIAN_POINT('',(7.008141571296,-722.1785714285));
#240 = CARTESIAN_POINT('',(9.,-718.7285714285));
#241 = CARTESIAN_POINT('',(10.991858428704,-722.1785714285));
#242 = CARTESIAN_POINT('',(12.983716857408,-725.6285714285));
#243 = CARTESIAN_POINT('',(9.,-725.6285714285));
#244 = ( GEOMETRIC_REPRESENTATION_CONTEXT(2) 
PARAMETRIC_REPRESENTATION_CONTEXT() REPRESENTATION_CONTEXT('2D SPACE',''
  ) );
#245 = PCURVE('',#246,#251);
#246 = CYLINDRICAL_SURFACE('',#247,2.3);
#247 = AXIS2_PLACEMENT_3D('',#248,#249,#250);
#248 = CARTESIAN_POINT('',(723.32857142857,9.,-1.6));
#249 = DIRECTION('',(0.,-0.,-1.));
#250 = DIRECTION('',(1.,-1.110223024625E-16,0.));
#251 = DEFINITIONAL_REPRESENTATION('',(#252),#256);
#252 = LINE('',#253,#254);
#253 = CARTESIAN_POINT('',(0.,-1.6));
#254 = VECTOR('',#255,1.);
#255 = DIRECTION('',(1.,0.));
#256 = ( GEOMETRIC_REPRESENTATION_CONTEXT(2) 
PARAMETRIC_REPRESENTATION_CONTEXT() REPRESENTATION_CONTEXT('2D SPACE',''
  ) );
#257 = FACE_BOUND('',#258,.F.);
#258 = EDGE_LOOP('',(#259,#287,#320,#346));
#259 = ORIENTED_EDGE('',*,*,#260,.F.);
#260 = EDGE_CURVE('',#261,#263,#265,.T.);
#261 = VERTEX_POINT('',#262);
#262 = CARTESIAN_POINT('',(619.88571428571,11.,0.));
#263 = VERTEX_POINT('',#264);
#264 = CARTESIAN_POINT('',(619.88571428571,9.,0.));
#265 = SURFACE_CURVE('',#266,(#270,#276),.PCURVE_S1.);
#266 = LINE('',#267,#268);
#267 = CARTESIAN_POINT('',(619.88571428571,4.5,0.));
#268 = VECTOR('',#269,1.);
#269 = DIRECTION('',(-1.110223024625E-16,-1.,0.));
#270 = PCURVE('',#32,#271);
#271 = DEFINITIONAL_REPRESENTATION('',(#272),#275);
#272 = B_SPLINE_CURVE_WITH_KNOTS('',1,(#273,#274),.UNSPECIFIED.,.F.,.F.,
  (2,2),(-6.5,-4.5),.PIECEWISE_BEZIER_KNOTS.);
#273 = CARTESIAN_POINT('',(11.,-619.8857142857));
#274 = CARTESIAN_POINT('',(9.,-619.8857142857));
#275 = ( GEOMETRIC_REPRESENTATION_CONTEXT(2) 
PARAMETRIC_REPRESENTATION_CONTEXT() REPRESENTATION_CONTEXT('2D SPACE',''
  ) );
#276 = PCURVE('',#277,#282);
#277 = PLANE('',#278);
#278 = AXIS2_PLACEMENT_3D('',#279,#280,#281);
#279 = CARTESIAN_POINT('',(619.88571428571,9.,-1.6));
#280 = DIRECTION('',(-1.,1.110223024625E-16,0.));
#281 = DIRECTION('',(1.110223024625E-16,1.,0.));
#282 = DEFINITIONAL_REPRESENTATION('',(#283),#286);
#283 = B_SPLINE_CURVE_WITH_KNOTS('',1,(#284,#285),.UNSPECIFIED.,.F.,.F.,
  (2,2),(-6.5,-4.5),.PIECEWISE_BEZIER_KNOTS.);
#284 = CARTESIAN_POINT('',(2.,-1.6));
#285 = CARTESIAN_POINT('',(0.,-1.6));
#286 = ( GEOMETRIC_REPRESENTATION_CONTEXT(2) 
PARAMETRIC_REPRESENTATION_CONTEXT() REPRESENTATION_CONTEXT('2D SPACE',''
  ) );
#287 = ORIENTED_EDGE('',*,*,#288,.T.);
#288 = EDGE_CURVE('',#261,#289,#291,.T.);
#289 = VERTEX_POINT('',#290);
#290 = CARTESIAN_POINT('',(624.48571428571,11.,0.));
#291 = SURFACE_CURVE('',#292,(#297,#308),.PCURVE_S1.);
#292 = CIRCLE('',#293,2.3);
#293 = AXIS2_PLACEMENT_3D('',#294,#295,#296);
#294 = CARTESIAN_POINT('',(622.18571428571,11.,0.));
#295 = DIRECTION('',(0.,0.,-1.));
#296 = DIRECTION('',(-1.,1.110223024625E-16,0.));
#297 = PCURVE('',#32,#298);
#298 = DEFINITIONAL_REPRESENTATION('',(#299),#307);
#299 = ( BOUNDED_CURVE() B_SPLINE_CURVE(2,(#300,#301,#302,#303,#304,#305
,#306),.UNSPECIFIED.,.T.,.F.) B_SPLINE_CURVE_WITH_KNOTS((1,2,2,2,2,1),(
    -2.094395102393,0.,2.094395102393,4.188790204786,6.28318530718,
8.377580409573),.UNSPECIFIED.) CURVE() GEOMETRIC_REPRESENTATION_ITEM() 
RATIONAL_B_SPLINE_CURVE((1.,0.5,1.,0.5,1.,0.5,1.)) REPRESENTATION_ITEM(
  '') );
#300 = CARTESIAN_POINT('',(11.,-619.8857142857));
#301 = CARTESIAN_POINT('',(14.983716857408,-619.8857142857));
#302 = CARTESIAN_POINT('',(12.991858428704,-623.3357142857));
#303 = CARTESIAN_POINT('',(11.,-626.7857142857));
#304 = CARTESIAN_POINT('',(9.008141571296,-623.3357142857));
#305 = CARTESIAN_POINT('',(7.016283142592,-619.8857142857));
#306 = CARTESIAN_POINT('',(11.,-619.8857142857));
#307 = ( GEOMETRIC_REPRESENTATION_CONTEXT(2) 
PARAMETRIC_REPRESENTATION_CONTEXT() REPRESENTATION_CONTEXT('2D SPACE',''
  ) );
#308 = PCURVE('',#309,#314);
#309 = CYLINDRICAL_SURFACE('',#310,2.3);
#310 = AXIS2_PLACEMENT_3D('',#311,#312,#313);
#311 = CARTESIAN_POINT('',(622.18571428571,11.,-1.6));
#312 = DIRECTION('',(0.,0.,-1.));
#313 = DIRECTION('',(-1.,1.110223024625E-16,0.));
#314 = DEFINITIONAL_REPRESENTATION('',(#315),#319);
#315 = LINE('',#316,#317);
#316 = CARTESIAN_POINT('',(0.,-1.6));
#317 = VECTOR('',#318,1.);
#318 = DIRECTION('',(1.,0.));
#319 = ( GEOMETRIC_REPRESENTATION_CONTEXT(2) 
PARAMETRIC_REPRESENTATION_CONTEXT() REPRESENTATION_CONTEXT('2D SPACE',''
  ) );
#320 = ORIENTED_EDGE('',*,*,#321,.F.);
#321 = EDGE_CURVE('',#322,#289,#324,.T.);
#322 = VERTEX_POINT('',#323);
#323 = CARTESIAN_POINT('',(624.48571428571,9.,0.));
#324 = SURFACE_CURVE('',#325,(#329,#335),.PCURVE_S1.);
#325 = LINE('',#326,#327);
#326 = CARTESIAN_POINT('',(624.48571428571,5.5,0.));
#327 = VECTOR('',#328,1.);
#328 = DIRECTION('',(1.110223024625E-16,1.,-0.));
#329 = PCURVE('',#32,#330);
#330 = DEFINITIONAL_REPRESENTATION('',(#331),#334);
#331 = B_SPLINE_CURVE_WITH_KNOTS('',1,(#332,#333),.UNSPECIFIED.,.F.,.F.,
  (2,2),(3.5,5.5),.PIECEWISE_BEZIER_KNOTS.);
#332 = CARTESIAN_POINT('',(9.,-624.4857142857));
#333 = CARTESIAN_POINT('',(11.,-624.4857142857));
#334 = ( GEOMETRIC_REPRESENTATION_CONTEXT(2) 
PARAMETRIC_REPRESENTATION_CONTEXT() REPRESENTATION_CONTEXT('2D SPACE',''
  ) );
#335 = PCURVE('',#336,#341);
#336 = PLANE('',#337);
#337 = AXIS2_PLACEMENT_3D('',#338,#339,#340);
#338 = CARTESIAN_POINT('',(624.48571428571,11.,-1.6));
#339 = DIRECTION('',(1.,-1.110223024625E-16,0.));
#340 = DIRECTION('',(-1.110223024625E-16,-1.,0.));
#341 = DEFINITIONAL_REPRESENTATION('',(#342),#345);
#342 = B_SPLINE_CURVE_WITH_KNOTS('',1,(#343,#344),.UNSPECIFIED.,.F.,.F.,
  (2,2),(3.5,5.5),.PIECEWISE_BEZIER_KNOTS.);
#343 = CARTESIAN_POINT('',(2.,-1.6));
#344 = CARTESIAN_POINT('',(0.,-1.6));
#345 = ( GEOMETRIC_REPRESENTATION_CONTEXT(2) 
PARAMETRIC_REPRESENTATION_CONTEXT() REPRESENTATION_CONTEXT('2D SPACE',''
  ) );
#346 = ORIENTED_EDGE('',*,*,#347,.T.);
#347 = EDGE_CURVE('',#322,#263,#348,.T.);
#348 = SURFACE_CURVE('',#349,(#354,#365),.PCURVE_S1.);
#349 = CIRCLE('',#350,2.3);
#350 = AXIS2_PLACEMENT_3D('',#351,#352,#353);
#351 = CARTESIAN_POINT('',(622.18571428571,9.,0.));
#352 = DIRECTION('',(0.,-0.,-1.));
#353 = DIRECTION('',(1.,-1.110223024625E-16,0.));
#354 = PCURVE('',#32,#355);
#355 = DEFINITIONAL_REPRESENTATION('',(#356),#364);
#356 = ( BOUNDED_CURVE() B_SPLINE_CURVE(2,(#357,#358,#359,#360,#361,#362
,#363),.UNSPECIFIED.,.T.,.F.) B_SPLINE_CURVE_WITH_KNOTS((1,2,2,2,2,1),(
    -2.094395102393,0.,2.094395102393,4.188790204786,6.28318530718,
8.377580409573),.UNSPECIFIED.) CURVE() GEOMETRIC_REPRESENTATION_ITEM() 
RATIONAL_B_SPLINE_CURVE((1.,0.5,1.,0.5,1.,0.5,1.)) REPRESENTATION_ITEM(
  '') );
#357 = CARTESIAN_POINT('',(9.,-624.4857142857));
#358 = CARTESIAN_POINT('',(5.016283142592,-624.4857142857));
#359 = CARTESIAN_POINT('',(7.008141571296,-621.0357142857));
#360 = CARTESIAN_POINT('',(9.,-617.5857142857));
#361 = CARTESIAN_POINT('',(10.991858428704,-621.0357142857));
#362 = CARTESIAN_POINT('',(12.983716857408,-624.4857142857));
#363 = CARTESIAN_POINT('',(9.,-624.4857142857));
#364 = ( GEOMETRIC_REPRESENTATION_CONTEXT(2) 
PARAMETRIC_REPRESENTATION_CONTEXT() REPRESENTATION_CONTEXT('2D SPACE',''
  ) );
#365 = PCURVE('',#366,#371);
#366 = CYLINDRICAL_SURFACE('',#367,2.3);
#367 = AXIS2_PLACEMENT_3D('',#368,#369,#370);
#368 = CARTESIAN_POINT('',(622.18571428571,9.,-1.6));
#369 = DIRECTION('',(0.,-0.,-1.));
#370 = DIRECTION('',(1.,-1.110223024625E-16,0.));
#371 = DEFINITIONAL_REPRESENTATION('',(#372),#376);
#372 = LINE('',#373,#374);
#373 = CARTESIAN_POINT('',(0.,-1.6));
#374 = VECTOR('',#375,1.);
#375 = DIRECTION('',(1.,0.));
#376 = ( GEOMETRIC_REPRESENTATION_CONTEXT(2) 
PARAMETRIC_REPRESENTATION_CONTEXT() REPRESENTATION_CONTEXT('2D SPACE',''
  ) );
#377 = FACE_BOUND('',#378,.F.);
#378 = EDGE_LOOP('',(#379,#407,#440,#466));
#379 = ORIENTED_EDGE('',*,*,#380,.F.);
#380 = EDGE_CURVE('',#381,#383,#385,.T.);
#381 = VERTEX_POINT('',#382);
#382 = CARTESIAN_POINT('',(518.74285714285,11.,0.));
#383 = VERTEX_POINT('',#384);
#384 = CARTESIAN_POINT('',(518.74285714285,9.,0.));
#385 = SURFACE_CURVE('',#386,(#390,#396),.PCURVE_S1.);
#386 = LINE('',#387,#388);
#387 = CARTESIAN_POINT('',(518.74285714285,4.5,0.));
#388 = VECTOR('',#389,1.);
#389 = DIRECTION('',(-1.110223024625E-16,-1.,0.));
#390 = PCURVE('',#32,#391);
#391 = DEFINITIONAL_REPRESENTATION('',(#392),#395);
#392 = B_SPLINE_CURVE_WITH_KNOTS('',1,(#393,#394),.UNSPECIFIED.,.F.,.F.,
  (2,2),(-6.5,-4.5),.PIECEWISE_BEZIER_KNOTS.);
#393 = CARTESIAN_POINT('',(11.,-518.7428571428));
#394 = CARTESIAN_POINT('',(9.,-518.7428571428));
#395 = ( GEOMETRIC_REPRESENTATION_CONTEXT(2) 
PARAMETRIC_REPRESENTATION_CONTEXT() REPRESENTATION_CONTEXT('2D SPACE',''
  ) );
#396 = PCURVE('',#397,#402);
#397 = PLANE('',#398);
#398 = AXIS2_PLACEMENT_3D('',#399,#400,#401);
#399 = CARTESIAN_POINT('',(518.74285714285,9.,-1.6));
#400 = DIRECTION('',(-1.,1.110223024625E-16,0.));
#401 = DIRECTION('',(1.110223024625E-16,1.,0.));
#402 = DEFINITIONAL_REPRESENTATION('',(#403),#406);
#403 = B_SPLINE_CURVE_WITH_KNOTS('',1,(#404,#405),.UNSPECIFIED.,.F.,.F.,
  (2,2),(-6.5,-4.5),.PIECEWISE_BEZIER_KNOTS.);
#404 = CARTESIAN_POINT('',(2.,-1.6));
#405 = CARTESIAN_POINT('',(0.,-1.6));
#406 = ( GEOMETRIC_REPRESENTATION_CONTEXT(2) 
PARAMETRIC_REPRESENTATION_CONTEXT() REPRESENTATION_CONTEXT('2D SPACE',''
  ) );
#407 = ORIENTED_EDGE('',*,*,#408,.T.);
#408 = EDGE_CURVE('',#381,#409,#411,.T.);
#409 = VERTEX_POINT('',#410);
#410 = CARTESIAN_POINT('',(523.34285714285,11.,0.));
#411 = SURFACE_CURVE('',#412,(#417,#428),.PCURVE_S1.);
#412 = CIRCLE('',#413,2.3);
#413 = AXIS2_PLACEMENT_3D('',#414,#415,#416);
#414 = CARTESIAN_POINT('',(521.04285714285,11.,0.));
#415 = DIRECTION('',(0.,0.,-1.));
#416 = DIRECTION('',(-1.,1.110223024625E-16,0.));
#417 = PCURVE('',#32,#418);
#418 = DEFINITIONAL_REPRESENTATION('',(#419),#427);
#419 = ( BOUNDED_CURVE() B_SPLINE_CURVE(2,(#420,#421,#422,#423,#424,#425
,#426),.UNSPECIFIED.,.T.,.F.) B_SPLINE_CURVE_WITH_KNOTS((1,2,2,2,2,1),(
    -2.094395102393,0.,2.094395102393,4.188790204786,6.28318530718,
8.377580409573),.UNSPECIFIED.) CURVE() GEOMETRIC_REPRESENTATION_ITEM() 
RATIONAL_B_SPLINE_CURVE((1.,0.5,1.,0.5,1.,0.5,1.)) REPRESENTATION_ITEM(
  '') );
#420 = CARTESIAN_POINT('',(11.,-518.7428571428));
#421 = CARTESIAN_POINT('',(14.983716857408,-518.7428571428));
#422 = CARTESIAN_POINT('',(12.991858428704,-522.1928571428));
#423 = CARTESIAN_POINT('',(11.,-525.6428571428));
#424 = CARTESIAN_POINT('',(9.008141571296,-522.1928571428));
#425 = CARTESIAN_POINT('',(7.016283142592,-518.7428571428));
#426 = CARTESIAN_POINT('',(11.,-518.7428571428));
#427 = ( GEOMETRIC_REPRESENTATION_CONTEXT(2) 
PARAMETRIC_REPRESENTATION_CONTEXT() REPRESENTATION_CONTEXT('2D SPACE',''
  ) );
#428 = PCURVE('',#429,#434);
#429 = CYLINDRICAL_SURFACE('',#430,2.3);
#430 = AXIS2_PLACEMENT_3D('',#431,#432,#433);
#431 = CARTESIAN_POINT('',(521.04285714285,11.,-1.6));
#432 = DIRECTION('',(0.,0.,-1.));
#433 = DIRECTION('',(-1.,1.110223024625E-16,0.));
#434 = DEFINITIONAL_REPRESENTATION('',(#435),#439);
#435 = LINE('',#436,#437);
#436 = CARTESIAN_POINT('',(0.,-1.6));
#437 = VECTOR('',#438,1.);
#438 = DIRECTION('',(1.,0.));
#439 = ( GEOMETRIC_REPRESENTATION_CONTEXT(2) 
PARAMETRIC_REPRESENTATION_CONTEXT() REPRESENTATION_CONTEXT('2D SPACE',''
  ) );
#440 = ORIENTED_EDGE('',*,*,#441,.F.);
#441 = EDGE_CURVE('',#442,#409,#444,.T.);
#442 = VERTEX_POINT('',#443);
#443 = CARTESIAN_POINT('',(523.34285714285,9.,0.));
#444 = SURFACE_CURVE('',#445,(#449,#455),.PCURVE_S1.);
#445 = LINE('',#446,#447);
#446 = CARTESIAN_POINT('',(523.34285714285,5.5,0.));
#447 = VECTOR('',#448,1.);
#448 = DIRECTION('',(1.110223024625E-16,1.,-0.));
#449 = PCURVE('',#32,#450);
#450 = DEFINITIONAL_REPRESENTATION('',(#451),#454);
#451 = B_SPLINE_CURVE_WITH_KNOTS('',1,(#452,#453),.UNSPECIFIED.,.F.,.F.,
  (2,2),(3.5,5.5),.PIECEWISE_BEZIER_KNOTS.);
#452 = CARTESIAN_POINT('',(9.,-523.3428571428));
#453 = CARTESIAN_POINT('',(11.,-523.3428571428));
#454 = ( GEOMETRIC_REPRESENTATION_CONTEXT(2) 
PARAMETRIC_REPRESENTATION_CONTEXT() REPRESENTATION_CONTEXT('2D SPACE',''
  ) );
#455 = PCURVE('',#456,#461);
#456 = PLANE('',#457);
#457 = AXIS2_PLACEMENT_3D('',#458,#459,#460);
#458 = CARTESIAN_POINT('',(523.34285714285,11.,-1.6));
#459 = DIRECTION('',(1.,-1.110223024625E-16,0.));
#460 = DIRECTION('',(-1.110223024625E-16,-1.,0.));
#461 = DEFINITIONAL_REPRESENTATION('',(#462),#465);
#462 = B_SPLINE_CURVE_WITH_KNOTS('',1,(#463,#464),.UNSPECIFIED.,.F.,.F.,
  (2,2),(3.5,5.5),.PIECEWISE_BEZIER_KNOTS.);
#463 = CARTESIAN_POINT('',(2.,-1.6));
#464 = CARTESIAN_POINT('',(0.,-1.6));
#465 = ( GEOMETRIC_REPRESENTATION_CONTEXT(2) 
PARAMETRIC_REPRESENTATION_CONTEXT() REPRESENTATION_CONTEXT('2D SPACE',''
  ) );
#466 = ORIENTED_EDGE('',*,*,#467,.T.);
#467 = EDGE_CURVE('',#442,#383,#468,.T.);
#468 = SURFACE_CURVE('',#469,(#474,#485),.PCURVE_S1.);
#469 = CIRCLE('',#470,2.3);
#470 = AXIS2_PLACEMENT_3D('',#471,#472,#473);
#471 = CARTESIAN_POINT('',(521.04285714285,9.,0.));
#472 = DIRECTION('',(0.,-0.,-1.));
#473 = DIRECTION('',(1.,-1.110223024625E-16,0.));
#474 = PCURVE('',#32,#475);
#475 = DEFINITIONAL_REPRESENTATION('',(#476),#484);
#476 = ( BOUNDED_CURVE() B_SPLINE_CURVE(2,(#477,#478,#479,#480,#481,#482
,#483),.UNSPECIFIED.,.T.,.F.) B_SPLINE_CURVE_WITH_KNOTS((1,2,2,2,2,1),(
    -2.094395102393,0.,2.094395102393,4.188790204786,6.28318530718,
8.377580409573),.UNSPECIFIED.) CURVE() GEOMETRIC_REPRESENTATION_ITEM() 
RATIONAL_B_SPLINE_CURVE((1.,0.5,1.,0.5,1.,0.5,1.)) REPRESENTATION_ITEM(
  '') );
#477 = CARTESIAN_POINT('',(9.,-523.3428571428));
#478 = CARTESIAN_POINT('',(5.016283142592,-523.3428571428));
#479 = CARTESIAN_POINT('',(7.008141571296,-519.8928571428));
#480 = CARTESIAN_POINT('',(9.,-516.4428571428));
#481 = CARTESIAN_POINT('',(10.991858428704,-519.8928571428));
#482 = CARTESIAN_POINT('',(12.983716857408,-523.3428571428));
#483 = CARTESIAN_POINT('',(9.,-523.3428571428));
#484 = ( GEOMETRIC_REPRESENTATION_CONTEXT(2) 
PARAMETRIC_REPRESENTATION_CONTEXT() REPRESENTATION_CONTEXT('2D SPACE',''
  ) );
#485 = PCURVE('',#486,#491);
#486 = CYLINDRICAL_SURFACE('',#487,2.3);
#487 = AXIS2_PLACEMENT_3D('',#488,#489,#490);
#488 = CARTESIAN_POINT('',(521.04285714285,9.,-1.6));
#489 = DIRECTION('',(0.,-0.,-1.));
#490 = DIRECTION('',(1.,-1.110223024625E-16,0.));
#491 = DEFINITIONAL_REPRESENTATION('',(#492),#496);
#492 = LINE('',#493,#494);
#493 = CARTESIAN_POINT('',(0.,-1.6));
#494 = VECTOR('',#495,1.);
#495 = DIRECTION('',(1.,0.));
#496 = ( GEOMETRIC_REPRESENTATION_CONTEXT(2) 
PARAMETRIC_REPRESENTATION_CONTEXT() REPRESENTATION_CONTEXT('2D SPACE',''
  ) );
#497 = FACE_BOUND('',#498,.F.);
#498 = EDGE_LOOP('',(#499,#527,#560,#586));
#499 = ORIENTED_EDGE('',*,*,#500,.F.);
#500 = EDGE_CURVE('',#501,#503,#505,.T.);
#501 = VERTEX_POINT('',#502);
#502 = CARTESIAN_POINT('',(417.6,11.,0.));
#503 = VERTEX_POINT('',#504);
#504 = CARTESIAN_POINT('',(417.6,9.,0.));
#505 = SURFACE_CURVE('',#506,(#510,#516),.PCURVE_S1.);
#506 = LINE('',#507,#508);
#507 = CARTESIAN_POINT('',(417.6,4.5,0.));
#508 = VECTOR('',#509,1.);
#509 = DIRECTION('',(-1.110223024625E-16,-1.,0.));
#510 = PCURVE('',#32,#511);
#511 = DEFINITIONAL_REPRESENTATION('',(#512),#515);
#512 = B_SPLINE_CURVE_WITH_KNOTS('',1,(#513,#514),.UNSPECIFIED.,.F.,.F.,
  (2,2),(-6.5,-4.5),.PIECEWISE_BEZIER_KNOTS.);
#513 = CARTESIAN_POINT('',(11.,-417.6));
#514 = CARTESIAN_POINT('',(9.,-417.6));
#515 = ( GEOMETRIC_REPRESENTATION_CONTEXT(2) 
PARAMETRIC_REPRESENTATION_CONTEXT() REPRESENTATION_CONTEXT('2D SPACE',''
  ) );
#516 = PCURVE('',#517,#522);
#517 = PLANE('',#518);
#518 = AXIS2_PLACEMENT_3D('',#519,#520,#521);
#519 = CARTESIAN_POINT('',(417.6,9.,-1.6));
#520 = DIRECTION('',(-1.,1.110223024625E-16,0.));
#521 = DIRECTION('',(1.110223024625E-16,1.,0.));
#522 = DEFINITIONAL_REPRESENTATION('',(#523),#526);
#523 = B_SPLINE_CURVE_WITH_KNOTS('',1,(#524,#525),.UNSPECIFIED.,.F.,.F.,
  (2,2),(-6.5,-4.5),.PIECEWISE_BEZIER_KNOTS.);
#524 = CARTESIAN_POINT('',(2.,-1.6));
#525 = CARTESIAN_POINT('',(0.,-1.6));
#526 = ( GEOMETRIC_REPRESENTATION_CONTEXT(2) 
PARAMETRIC_REPRESENTATION_CONTEXT() REPRESENTATION_CONTEXT('2D SPACE',''
  ) );
#527 = ORIENTED_EDGE('',*,*,#528,.T.);
#528 = EDGE_CURVE('',#501,#529,#531,.T.);
#529 = VERTEX_POINT('',#530);
#530 = CARTESIAN_POINT('',(422.2,11.,0.));
#531 = SURFACE_CURVE('',#532,(#537,#548),.PCURVE_S1.);
#532 = CIRCLE('',#533,2.3);
#533 = AXIS2_PLACEMENT_3D('',#534,#535,#536);
#534 = CARTESIAN_POINT('',(419.9,11.,0.));
#535 = DIRECTION('',(0.,0.,-1.));
#536 = DIRECTION('',(-1.,1.110223024625E-16,0.));
#537 = PCURVE('',#32,#538);
#538 = DEFINITIONAL_REPRESENTATION('',(#539),#547);
#539 = ( BOUNDED_CURVE() B_SPLINE_CURVE(2,(#540,#541,#542,#543,#544,#545
,#546),.UNSPECIFIED.,.T.,.F.) B_SPLINE_CURVE_WITH_KNOTS((1,2,2,2,2,1),(
    -2.094395102393,0.,2.094395102393,4.188790204786,6.28318530718,
8.377580409573),.UNSPECIFIED.) CURVE() GEOMETRIC_REPRESENTATION_ITEM() 
RATIONAL_B_SPLINE_CURVE((1.,0.5,1.,0.5,1.,0.5,1.)) REPRESENTATION_ITEM(
  '') );
#540 = CARTESIAN_POINT('',(11.,-417.6));
#541 = CARTESIAN_POINT('',(14.983716857408,-417.6));
#542 = CARTESIAN_POINT('',(12.991858428704,-421.05));
#543 = CARTESIAN_POINT('',(11.,-424.5));
#544 = CARTESIAN_POINT('',(9.008141571296,-421.05));
#545 = CARTESIAN_POINT('',(7.016283142592,-417.6));
#546 = CARTESIAN_POINT('',(11.,-417.6));
#547 = ( GEOMETRIC_REPRESENTATION_CONTEXT(2) 
PARAMETRIC_REPRESENTATION_CONTEXT() REPRESENTATION_CONTEXT('2D SPACE',''
  ) );
#548 = PCURVE('',#549,#554);
#549 = CYLINDRICAL_SURFACE('',#550,2.3);
#550 = AXIS2_PLACEMENT_3D('',#551,#552,#553);
#551 = CARTESIAN_POINT('',(419.9,11.,-1.6));
#552 = DIRECTION('',(0.,0.,-1.));
#553 = DIRECTION('',(-1.,1.110223024625E-16,0.));
#554 = DEFINITIONAL_REPRESENTATION('',(#555),#559);
#555 = LINE('',#556,#557);
#556 = CARTESIAN_POINT('',(0.,-1.6));
#557 = VECTOR('',#558,1.);
#558 = DIRECTION('',(1.,0.));
#559 = ( GEOMETRIC_REPRESENTATION_CONTEXT(2) 
PARAMETRIC_REPRESENTATION_CONTEXT() REPRESENTATION_CONTEXT('2D SPACE',''
  ) );
#560 = ORIENTED_EDGE('',*,*,#561,.F.);
#561 = EDGE_CURVE('',#562,#529,#564,.T.);
#562 = VERTEX_POINT('',#563);
#563 = CARTESIAN_POINT('',(422.2,9.,0.));
#564 = SURFACE_CURVE('',#565,(#569,#575),.PCURVE_S1.);
#565 = LINE('',#566,#567);
#566 = CARTESIAN_POINT('',(422.2,5.5,0.));
#567 = VECTOR('',#568,1.);
#568 = DIRECTION('',(1.110223024625E-16,1.,-0.));
#569 = PCURVE('',#32,#570);
#570 = DEFINITIONAL_REPRESENTATION('',(#571),#574);
#571 = B_SPLINE_CURVE_WITH_KNOTS('',1,(#572,#573),.UNSPECIFIED.,.F.,.F.,
  (2,2),(3.5,5.5),.PIECEWISE_BEZIER_KNOTS.);
#572 = CARTESIAN_POINT('',(9.,-422.2));
#573 = CARTESIAN_POINT('',(11.,-422.2));
#574 = ( GEOMETRIC_REPRESENTATION_CONTEXT(2) 
PARAMETRIC_REPRESENTATION_CONTEXT() REPRESENTATION_CONTEXT('2D SPACE',''
  ) );
#575 = PCURVE('',#576,#581);
#576 = PLANE('',#577);
#577 = AXIS2_PLACEMENT_3D('',#578,#579,#580);
#578 = CARTESIAN_POINT('',(422.2,11.,-1.6));
#579 = DIRECTION('',(1.,-1.110223024625E-16,0.));
#580 = DIRECTION('',(-1.110223024625E-16,-1.,0.));
#581 = DEFINITIONAL_REPRESENTATION('',(#582),#585);
#582 = B_SPLINE_CURVE_WITH_KNOTS('',1,(#583,#584),.UNSPECIFIED.,.F.,.F.,
  (2,2),(3.5,5.5),.PIECEWISE_BEZIER_KNOTS.);
#583 = CARTESIAN_POINT('',(2.,-1.6));
#584 = CARTESIAN_POINT('',(0.,-1.6));
#585 = ( GEOMETRIC_REPRESENTATION_CONTEXT(2) 
PARAMETRIC_REPRESENTATION_CONTEXT() REPRESENTATION_CONTEXT('2D SPACE',''
  ) );
#586 = ORIENTED_EDGE('',*,*,#587,.T.);
#587 = EDGE_CURVE('',#562,#503,#588,.T.);
#588 = SURFACE_CURVE('',#589,(#594,#605),.PCURVE_S1.);
#589 = CIRCLE('',#590,2.3);
#590 = AXIS2_PLACEMENT_3D('',#591,#592,#593);
#591 = CARTESIAN_POINT('',(419.9,9.,0.));
#592 = DIRECTION('',(0.,-0.,-1.));
#593 = DIRECTION('',(1.,-1.110223024625E-16,0.));
#594 = PCURVE('',#32,#595);
#595 = DEFINITIONAL_REPRESENTATION('',(#596),#604);
#596 = ( BOUNDED_CURVE() B_SPLINE_CURVE(2,(#597,#598,#599,#600,#601,#602
,#603),.UNSPECIFIED.,.T.,.F.) B_SPLINE_CURVE_WITH_KNOTS((1,2,2,2,2,1),(
    -2.094395102393,0.,2.094395102393,4.188790204786,6.28318530718,
8.377580409573),.UNSPECIFIED.) CURVE() GEOMETRIC_REPRESENTATION_ITEM() 
RATIONAL_B_SPLINE_CURVE((1.,0.5,1.,0.5,1.,0.5,1.)) REPRESENTATION_ITEM(
  '') );
#597 = CARTESIAN_POINT('',(9.,-422.2));
#598 = CARTESIAN_POINT('',(5.016283142592,-422.2));
#599 = CARTESIAN_POINT('',(7.008141571296,-418.75));
#600 = CARTESIAN_POINT('',(9.,-415.3));
#601 = CARTESIAN_POINT('',(10.991858428704,-418.75));
#602 = CARTESIAN_POINT('',(12.983716857408,-422.2));
#603 = CARTESIAN_POINT('',(9.,-422.2));
#604 = ( GEOMETRIC_REPRESENTATION_CONTEXT(2) 
PARAMETRIC_REPRESENTATION_CONTEXT() REPRESENTATION_CONTEXT('2D SPACE',''
  ) );
#605 = PCURVE('',#606,#611);
#606 = CYLINDRICAL_SURFACE('',#607,2.3);
#607 = AXIS2_PLACEMENT_3D('',#608,#609,#610);
#608 = CARTESIAN_POINT('',(419.9,9.,-1.6));
#609 = DIRECTION('',(0.,-0.,-1.));
#610 = DIRECTION('',(1.,-1.110223024625E-16,0.));
#611 = DEFINITIONAL_REPRESENTATION('',(#612),#616);
#612 = LINE('',#613,#614);
#613 = CARTESIAN_POINT('',(0.,-1.6));
#614 = VECTOR('',#615,1.);
#615 = DIRECTION('',(1.,0.));
#616 = ( GEOMETRIC_REPRESENTATION_CONTEXT(2) 
PARAMETRIC_REPRESENTATION_CONTEXT() REPRESENTATION_CONTEXT('2D SPACE',''
  ) );
#617 = FACE_BOUND('',#618,.F.);
#618 = EDGE_LOOP('',(#619,#647,#680,#706));
#619 = ORIENTED_EDGE('',*,*,#620,.F.);
#620 = EDGE_CURVE('',#621,#623,#625,.T.);
#621 = VERTEX_POINT('',#622);
#622 = CARTESIAN_POINT('',(316.45714285714,11.,0.));
#623 = VERTEX_POINT('',#624);
#624 = CARTESIAN_POINT('',(316.45714285714,9.,0.));
#625 = SURFACE_CURVE('',#626,(#630,#636),.PCURVE_S1.);
#626 = LINE('',#627,#628);
#627 = CARTESIAN_POINT('',(316.45714285714,4.5,0.));
#628 = VECTOR('',#629,1.);
#629 = DIRECTION('',(-1.110223024625E-16,-1.,0.));
#630 = PCURVE('',#32,#631);
#631 = DEFINITIONAL_REPRESENTATION('',(#632),#635);
#632 = B_SPLINE_CURVE_WITH_KNOTS('',1,(#633,#634),.UNSPECIFIED.,.F.,.F.,
  (2,2),(-6.5,-4.5),.PIECEWISE_BEZIER_KNOTS.);
#633 = CARTESIAN_POINT('',(11.,-316.4571428571));
#634 = CARTESIAN_POINT('',(9.,-316.4571428571));
#635 = ( GEOMETRIC_REPRESENTATION_CONTEXT(2) 
PARAMETRIC_REPRESENTATION_CONTEXT() REPRESENTATION_CONTEXT('2D SPACE',''
  ) );
#636 = PCURVE('',#637,#642);
#637 = PLANE('',#638);
#638 = AXIS2_PLACEMENT_3D('',#639,#640,#641);
#639 = CARTESIAN_POINT('',(316.45714285714,9.,-1.6));
#640 = DIRECTION('',(-1.,1.110223024625E-16,0.));
#641 = DIRECTION('',(1.110223024625E-16,1.,0.));
#642 = DEFINITIONAL_REPRESENTATION('',(#643),#646);
#643 = B_SPLINE_CURVE_WITH_KNOTS('',1,(#644,#645),.UNSPECIFIED.,.F.,.F.,
  (2,2),(-6.5,-4.5),.PIECEWISE_BEZIER_KNOTS.);
#644 = CARTESIAN_POINT('',(2.,-1.6));
#645 = CARTESIAN_POINT('',(0.,-1.6));
#646 = ( GEOMETRIC_REPRESENTATION_CONTEXT(2) 
PARAMETRIC_REPRESENTATION_CONTEXT() REPRESENTATION_CONTEXT('2D SPACE',''
  ) );
#647 = ORIENTED_EDGE('',*,*,#648,.T.);
#648 = EDGE_CURVE('',#621,#649,#651,.T.);
#649 = VERTEX_POINT('',#650);
#650 = CARTESIAN_POINT('',(321.05714285714,11.,0.));
#651 = SURFACE_CURVE('',#652,(#657,#668),.PCURVE_S1.);
#652 = CIRCLE('',#653,2.3);
#653 = AXIS2_PLACEMENT_3D('',#654,#655,#656);
#654 = CARTESIAN_POINT('',(318.75714285714,11.,0.));
#655 = DIRECTION('',(0.,0.,-1.));
#656 = DIRECTION('',(-1.,1.110223024625E-16,0.));
#657 = PCURVE('',#32,#658);
#658 = DEFINITIONAL_REPRESENTATION('',(#659),#667);
#659 = ( BOUNDED_CURVE() B_SPLINE_CURVE(2,(#660,#661,#662,#663,#664,#665
,#666),.UNSPECIFIED.,.T.,.F.) B_SPLINE_CURVE_WITH_KNOTS((1,2,2,2,2,1),(
    -2.094395102393,0.,2.094395102393,4.188790204786,6.28318530718,
8.377580409573),.UNSPECIFIED.) CURVE() GEOMETRIC_REPRESENTATION_ITEM() 
RATIONAL_B_SPLINE_CURVE((1.,0.5,1.,0.5,1.,0.5,1.)) REPRESENTATION_ITEM(
  '') );
#660 = CARTESIAN_POINT('',(11.,-316.4571428571));
#661 = CARTESIAN_POINT('',(14.983716857408,-316.4571428571));
#662 = CARTESIAN_POINT('',(12.991858428704,-319.9071428571));
#663 = CARTESIAN_POINT('',(11.,-323.3571428571));
#664 = CARTESIAN_POINT('',(9.008141571296,-319.9071428571));
#665 = CARTESIAN_POINT('',(7.016283142592,-316.4571428571));
#666 = CARTESIAN_POINT('',(11.,-316.4571428571));
#667 = ( GEOMETRIC_REPRESENTATION_CONTEXT(2) 
PARAMETRIC_REPRESENTATION_CONTEXT() REPRESENTATION_CONTEXT('2D SPACE',''
  ) );
#668 = PCURVE('',#669,#674);
#669 = CYLINDRICAL_SURFACE('',#670,2.3);
#670 = AXIS2_PLACEMENT_3D('',#671,#672,#673);
#671 = CARTESIAN_POINT('',(318.75714285714,11.,-1.6));
#672 = DIRECTION('',(0.,0.,-1.));
#673 = DIRECTION('',(-1.,1.110223024625E-16,0.));
#674 = DEFINITIONAL_REPRESENTATION('',(#675),#679);
#675 = LINE('',#676,#677);
#676 = CARTESIAN_POINT('',(0.,-1.6));
#677 = VECTOR('',#678,1.);
#678 = DIRECTION('',(1.,0.));
#679 = ( GEOMETRIC_REPRESENTATION_CONTEXT(2) 
PARAMETRIC_REPRESENTATION_CONTEXT() REPRESENTATION_CONTEXT('2D SPACE',''
  ) );
#680 = ORIENTED_EDGE('',*,*,#681,.F.);
#681 = EDGE_CURVE('',#682,#649,#684,.T.);
#682 = VERTEX_POINT('',#683);
#683 = CARTESIAN_POINT('',(321.05714285714,9.,0.));
#684 = SURFACE_CURVE('',#685,(#689,#695),.PCURVE_S1.);
#685 = LINE('',#686,#687);
#686 = CARTESIAN_POINT('',(321.05714285714,5.5,0.));
#687 = VECTOR('',#688,1.);
#688 = DIRECTION('',(1.110223024625E-16,1.,-0.));
#689 = PCURVE('',#32,#690);
#690 = DEFINITIONAL_REPRESENTATION('',(#691),#694);
#691 = B_SPLINE_CURVE_WITH_KNOTS('',1,(#692,#693),.UNSPECIFIED.,.F.,.F.,
  (2,2),(3.5,5.5),.PIECEWISE_BEZIER_KNOTS.);
#692 = CARTESIAN_POINT('',(9.,-321.0571428571));
#693 = CARTESIAN_POINT('',(11.,-321.0571428571));
#694 = ( GEOMETRIC_REPRESENTATION_CONTEXT(2) 
PARAMETRIC_REPRESENTATION_CONTEXT() REPRESENTATION_CONTEXT('2D SPACE',''
  ) );
#695 = PCURVE('',#696,#701);
#696 = PLANE('',#697);
#697 = AXIS2_PLACEMENT_3D('',#698,#699,#700);
#698 = CARTESIAN_POINT('',(321.05714285714,11.,-1.6));
#699 = DIRECTION('',(1.,-1.110223024625E-16,0.));
#700 = DIRECTION('',(-1.110223024625E-16,-1.,0.));
#701 = DEFINITIONAL_REPRESENTATION('',(#702),#705);
#702 = B_SPLINE_CURVE_WITH_KNOTS('',1,(#703,#704),.UNSPECIFIED.,.F.,.F.,
  (2,2),(3.5,5.5),.PIECEWISE_BEZIER_KNOTS.);
#703 = CARTESIAN_POINT('',(2.,-1.6));
#704 = CARTESIAN_POINT('',(0.,-1.6));
#705 = ( GEOMETRIC_REPRESENTATION_CONTEXT(2) 
PARAMETRIC_REPRESENTATION_CONTEXT() REPRESENTATION_CONTEXT('2D SPACE',''
  ) );
#706 = ORIENTED_EDGE('',*,*,#707,.T.);
#707 = EDGE_CURVE('',#682,#623,#708,.T.);
#708 = SURFACE_CURVE('',#709,(#714,#725),.PCURVE_S1.);
#709 = CIRCLE('',#710,2.3);
#710 = AXIS2_PLACEMENT_3D('',#711,#712,#713);
#711 = CARTESIAN_POINT('',(318.75714285714,9.,0.));
#712 = DIRECTION('',(0.,-0.,-1.));
#713 = DIRECTION('',(1.,-1.110223024625E-16,0.));
#714 = PCURVE('',#32,#715);
#715 = DEFINITIONAL_REPRESENTATION('',(#716),#724);
#716 = ( BOUNDED_CURVE() B_SPLINE_CURVE(2,(#717,#718,#719,#720,#721,#722
,#723),.UNSPECIFIED.,.T.,.F.) B_SPLINE_CURVE_WITH_KNOTS((1,2,2,2,2,1),(
    -2.094395102393,0.,2.094395102393,4.188790204786,6.28318530718,
8.377580409573),.UNSPECIFIED.) CURVE() GEOMETRIC_REPRESENTATION_ITEM() 
RATIONAL_B_SPLINE_CURVE((1.,0.5,1.,0.5,1.,0.5,1.)) REPRESENTATION_ITEM(
  '') );
#717 = CARTESIAN_POINT('',(9.,-321.0571428571));
#718 = CARTESIAN_POINT('',(5.016283142592,-321.0571428571));
#719 = CARTESIAN_POINT('',(7.008141571296,-317.6071428571));
#720 = CARTESIAN_POINT('',(9.,-314.1571428571));
#721 = CARTESIAN_POINT('',(10.991858428704,-317.6071428571));
#722 = CARTESIAN_POINT('',(12.983716857408,-321.0571428571));
#723 = CARTESIAN_POINT('',(9.,-321.0571428571));
#724 = ( GEOMETRIC_REPRESENTATION_CONTEXT(2) 
PARAMETRIC_REPRESENTATION_CONTEXT() REPRESENTATION_CONTEXT('2D SPACE',''
  ) );
#725 = PCURVE('',#726,#731);
#726 = CYLINDRICAL_SURFACE('',#727,2.3);
#727 = AXIS2_PLACEMENT_3D('',#728,#729,#730);
#728 = CARTESIAN_POINT('',(318.75714285714,9.,-1.6));
#729 = DIRECTION('',(0.,-0.,-1.));
#730 = DIRECTION('',(1.,-1.110223024625E-16,0.));
#731 = DEFINITIONAL_REPRESENTATION('',(#732),#736);
#732 = LINE('',#733,#734);
#733 = CARTESIAN_POINT('',(0.,-1.6));
#734 = VECTOR('',#735,1.);
#735 = DIRECTION('',(1.,0.));
#736 = ( GEOMETRIC_REPRESENTATION_CONTEXT(2) 
PARAMETRIC_REPRESENTATION_CONTEXT() REPRESENTATION_CONTEXT('2D SPACE',''
  ) );
#737 = FACE_BOUND('',#738,.F.);
#738 = EDGE_LOOP('',(#739,#767,#800,#826));
#739 = ORIENTED_EDGE('',*,*,#740,.F.);
#740 = EDGE_CURVE('',#741,#743,#745,.T.);
#741 = VERTEX_POINT('',#742);
#742 = CARTESIAN_POINT('',(215.31428571428,11.,0.));
#743 = VERTEX_POINT('',#744);
#744 = CARTESIAN_POINT('',(215.31428571428,9.,0.));
#745 = SURFACE_CURVE('',#746,(#750,#756),.PCURVE_S1.);
#746 = LINE('',#747,#748);
#747 = CARTESIAN_POINT('',(215.31428571428,4.5,0.));
#748 = VECTOR('',#749,1.);
#749 = DIRECTION('',(-1.110223024625E-16,-1.,0.));
#750 = PCURVE('',#32,#751);
#751 = DEFINITIONAL_REPRESENTATION('',(#752),#755);
#752 = B_SPLINE_CURVE_WITH_KNOTS('',1,(#753,#754),.UNSPECIFIED.,.F.,.F.,
  (2,2),(-6.5,-4.5),.PIECEWISE_BEZIER_KNOTS.);
#753 = CARTESIAN_POINT('',(11.,-215.3142857142));
#754 = CARTESIAN_POINT('',(9.,-215.3142857142));
#755 = ( GEOMETRIC_REPRESENTATION_CONTEXT(2) 
PARAMETRIC_REPRESENTATION_CONTEXT() REPRESENTATION_CONTEXT('2D SPACE',''
  ) );
#756 = PCURVE('',#757,#762);
#757 = PLANE('',#758);
#758 = AXIS2_PLACEMENT_3D('',#759,#760,#761);
#759 = CARTESIAN_POINT('',(215.31428571428,9.,-1.6));
#760 = DIRECTION('',(-1.,1.110223024625E-16,0.));
#761 = DIRECTION('',(1.110223024625E-16,1.,0.));
#762 = DEFINITIONAL_REPRESENTATION('',(#763),#766);
#763 = B_SPLINE_CURVE_WITH_KNOTS('',1,(#764,#765),.UNSPECIFIED.,.F.,.F.,
  (2,2),(-6.5,-4.5),.PIECEWISE_BEZIER_KNOTS.);
#764 = CARTESIAN_POINT('',(2.,-1.6));
#765 = CARTESIAN_POINT('',(0.,-1.6));
#766 = ( GEOMETRIC_REPRESENTATION_CONTEXT(2) 
PARAMETRIC_REPRESENTATION_CONTEXT() REPRESENTATION_CONTEXT('2D SPACE',''
  ) );
#767 = ORIENTED_EDGE('',*,*,#768,.T.);
#768 = EDGE_CURVE('',#741,#769,#771,.T.);
#769 = VERTEX_POINT('',#770);
#770 = CARTESIAN_POINT('',(219.91428571428,11.,0.));
#771 = SURFACE_CURVE('',#772,(#777,#788),.PCURVE_S1.);
#772 = CIRCLE('',#773,2.3);
#773 = AXIS2_PLACEMENT_3D('',#774,#775,#776);
#774 = CARTESIAN_POINT('',(217.61428571428,11.,0.));
#775 = DIRECTION('',(0.,0.,-1.));
#776 = DIRECTION('',(-1.,1.110223024625E-16,0.));
#777 = PCURVE('',#32,#778);
#778 = DEFINITIONAL_REPRESENTATION('',(#779),#787);
#779 = ( BOUNDED_CURVE() B_SPLINE_CURVE(2,(#780,#781,#782,#783,#784,#785
,#786),.UNSPECIFIED.,.T.,.F.) B_SPLINE_CURVE_WITH_KNOTS((1,2,2,2,2,1),(
    -2.094395102393,0.,2.094395102393,4.188790204786,6.28318530718,
8.377580409573),.UNSPECIFIED.) CURVE() GEOMETRIC_REPRESENTATION_ITEM() 
RATIONAL_B_SPLINE_CURVE((1.,0.5,1.,0.5,1.,0.5,1.)) REPRESENTATION_ITEM(
  '') );
#780 = CARTESIAN_POINT('',(11.,-215.3142857142));
#781 = CARTESIAN_POINT('',(14.983716857408,-215.3142857142));
#782 = CARTESIAN_POINT('',(12.991858428704,-218.7642857142));
#783 = CARTESIAN_POINT('',(11.,-222.2142857142));
#784 = CARTESIAN_POINT('',(9.008141571296,-218.7642857142));
#785 = CARTESIAN_POINT('',(7.016283142592,-215.3142857142));
#786 = CARTESIAN_POINT('',(11.,-215.3142857142));
#787 = ( GEOMETRIC_REPRESENTATION_CONTEXT(2) 
PARAMETRIC_REPRESENTATION_CONTEXT() REPRESENTATION_CONTEXT('2D SPACE',''
  ) );
#788 = PCURVE('',#789,#794);
#789 = CYLINDRICAL_SURFACE('',#790,2.3);
#790 = AXIS2_PLACEMENT_3D('',#791,#792,#793);
#791 = CARTESIAN_POINT('',(217.61428571428,11.,-1.6));
#792 = DIRECTION('',(0.,0.,-1.));
#793 = DIRECTION('',(-1.,1.110223024625E-16,0.));
#794 = DEFINITIONAL_REPRESENTATION('',(#795),#799);
#795 = LINE('',#796,#797);
#796 = CARTESIAN_POINT('',(0.,-1.6));
#797 = VECTOR('',#798,1.);
#798 = DIRECTION('',(1.,0.));
#799 = ( GEOMETRIC_REPRESENTATION_CONTEXT(2) 
PARAMETRIC_REPRESENTATION_CONTEXT() REPRESENTATION_CONTEXT('2D SPACE',''
  ) );
#800 = ORIENTED_EDGE('',*,*,#801,.F.);
#801 = EDGE_CURVE('',#802,#769,#804,.T.);
#802 = VERTEX_POINT('',#803);
#803 = CARTESIAN_POINT('',(219.91428571428,9.,0.));
#804 = SURFACE_CURVE('',#805,(#809,#815),.PCURVE_S1.);
#805 = LINE('',#806,#807);
#806 = CARTESIAN_POINT('',(219.91428571428,5.5,0.));
#807 = VECTOR('',#808,1.);
#808 = DIRECTION('',(1.110223024625E-16,1.,-0.));
#809 = PCURVE('',#32,#810);
#810 = DEFINITIONAL_REPRESENTATION('',(#811),#814);
#811 = B_SPLINE_CURVE_WITH_KNOTS('',1,(#812,#813),.UNSPECIFIED.,.F.,.F.,
  (2,2),(3.5,5.5),.PIECEWISE_BEZIER_KNOTS.);
#812 = CARTESIAN_POINT('',(9.,-219.9142857142));
#813 = CARTESIAN_POINT('',(11.,-219.9142857142));
#814 = ( GEOMETRIC_REPRESENTATION_CONTEXT(2) 
PARAMETRIC_REPRESENTATION_CONTEXT() REPRESENTATION_CONTEXT('2D SPACE',''
  ) );
#815 = PCURVE('',#816,#821);
#816 = PLANE('',#817);
#817 = AXIS2_PLACEMENT_3D('',#818,#819,#820);
#818 = CARTESIAN_POINT('',(219.91428571428,11.,-1.6));
#819 = DIRECTION('',(1.,-1.110223024625E-16,0.));
#820 = DIRECTION('',(-1.110223024625E-16,-1.,0.));
#821 = DEFINITIONAL_REPRESENTATION('',(#822),#825);
#822 = B_SPLINE_CURVE_WITH_KNOTS('',1,(#823,#824),.UNSPECIFIED.,.F.,.F.,
  (2,2),(3.5,5.5),.PIECEWISE_BEZIER_KNOTS.);
#823 = CARTESIAN_POINT('',(2.,-1.6));
#824 = CARTESIAN_POINT('',(0.,-1.6));
#825 = ( GEOMETRIC_REPRESENTATION_CONTEXT(2) 
PARAMETRIC_REPRESENTATION_CONTEXT() REPRESENTATION_CONTEXT('2D SPACE',''
  ) );
#826 = ORIENTED_EDGE('',*,*,#827,.T.);
#827 = EDGE_CURVE('',#802,#743,#828,.T.);
#828 = SURFACE_CURVE('',#829,(#834,#845),.PCURVE_S1.);
#829 = CIRCLE('',#830,2.3);
#830 = AXIS2_PLACEMENT_3D('',#831,#832,#833);
#831 = CARTESIAN_POINT('',(217.61428571428,9.,0.));
#832 = DIRECTION('',(0.,-0.,-1.));
#833 = DIRECTION('',(1.,-1.110223024625E-16,0.));
#834 = PCURVE('',#32,#835);
#835 = DEFINITIONAL_REPRESENTATION('',(#836),#844);
#836 = ( BOUNDED_CURVE() B_SPLINE_CURVE(2,(#837,#838,#839,#840,#841,#842
,#843),.UNSPECIFIED.,.T.,.F.) B_SPLINE_CURVE_WITH_KNOTS((1,2,2,2,2,1),(
    -2.094395102393,0.,2.094395102393,4.188790204786,6.28318530718,
8.377580409573),.UNSPECIFIED.) CURVE() GEOMETRIC_REPRESENTATION_ITEM() 
RATIONAL_B_SPLINE_CURVE((1.,0.5,1.,0.5,1.,0.5,1.)) REPRESENTATION_ITEM(
  '') );
#837 = CARTESIAN_POINT('',(9.,-219.9142857142));
#838 = CARTESIAN_POINT('',(5.016283142592,-219.9142857142));
#839 = CARTESIAN_POINT('',(7.008141571296,-216.4642857142));
#840 = CARTESIAN_POINT('',(9.,-213.0142857142));
#841 = CARTESIAN_POINT('',(10.991858428704,-216.4642857142));
#842 = CARTESIAN_POINT('',(12.983716857408,-219.9142857142));
#843 = CARTESIAN_POINT('',(9.,-219.9142857142));
#844 = ( GEOMETRIC_REPRESENTATION_CONTEXT(2) 
PARAMETRIC_REPRESENTATION_CONTEXT() REPRESENTATION_CONTEXT('2D SPACE',''
  ) );
#845 = PCURVE('',#846,#851);
#846 = CYLINDRICAL_SURFACE('',#847,2.3);
#847 = AXIS2_PLACEMENT_3D('',#848,#849,#850);
#848 = CARTESIAN_POINT('',(217.61428571428,9.,-1.6));
#849 = DIRECTION('',(0.,-0.,-1.));
#850 = DIRECTION('',(1.,-1.110223024625E-16,0.));
#851 = DEFINITIONAL_REPRESENTATION('',(#852),#856);
#852 = LINE('',#853,#854);
#853 = CARTESIAN_POINT('',(0.,-1.6));
#854 = VECTOR('',#855,1.);
#855 = DIRECTION('',(1.,0.));
#856 = ( GEOMETRIC_REPRESENTATION_CONTEXT(2) 
PARAMETRIC_REPRESENTATION_CONTEXT() REPRESENTATION_CONTEXT('2D SPACE',''
  ) );
#857 = FACE_BOUND('',#858,.F.);
#858 = EDGE_LOOP('',(#859,#887,#920,#946));
#859 = ORIENTED_EDGE('',*,*,#860,.F.);
#860 = EDGE_CURVE('',#861,#863,#865,.T.);
#861 = VERTEX_POINT('',#862);
#862 = CARTESIAN_POINT('',(114.17142857142,11.,0.));
#863 = VERTEX_POINT('',#864);
#864 = CARTESIAN_POINT('',(114.17142857142,9.,0.));
#865 = SURFACE_CURVE('',#866,(#870,#876),.PCURVE_S1.);
#866 = LINE('',#867,#868);
#867 = CARTESIAN_POINT('',(114.17142857142,4.5,0.));
#868 = VECTOR('',#869,1.);
#869 = DIRECTION('',(-1.110223024625E-16,-1.,0.));
#870 = PCURVE('',#32,#871);
#871 = DEFINITIONAL_REPRESENTATION('',(#872),#875);
#872 = B_SPLINE_CURVE_WITH_KNOTS('',1,(#873,#874),.UNSPECIFIED.,.F.,.F.,
  (2,2),(-6.5,-4.5),.PIECEWISE_BEZIER_KNOTS.);
#873 = CARTESIAN_POINT('',(11.,-114.1714285714));
#874 = CARTESIAN_POINT('',(9.,-114.1714285714));
#875 = ( GEOMETRIC_REPRESENTATION_CONTEXT(2) 
PARAMETRIC_REPRESENTATION_CONTEXT() REPRESENTATION_CONTEXT('2D SPACE',''
  ) );
#876 = PCURVE('',#877,#882);
#877 = PLANE('',#878);
#878 = AXIS2_PLACEMENT_3D('',#879,#880,#881);
#879 = CARTESIAN_POINT('',(114.17142857142,9.,-1.6));
#880 = DIRECTION('',(-1.,1.110223024625E-16,0.));
#881 = DIRECTION('',(1.110223024625E-16,1.,0.));
#882 = DEFINITIONAL_REPRESENTATION('',(#883),#886);
#883 = B_SPLINE_CURVE_WITH_KNOTS('',1,(#884,#885),.UNSPECIFIED.,.F.,.F.,
  (2,2),(-6.5,-4.5),.PIECEWISE_BEZIER_KNOTS.);
#884 = CARTESIAN_POINT('',(2.,-1.6));
#885 = CARTESIAN_POINT('',(0.,-1.6));
#886 = ( GEOMETRIC_REPRESENTATION_CONTEXT(2) 
PARAMETRIC_REPRESENTATION_CONTEXT() REPRESENTATION_CONTEXT('2D SPACE',''
  ) );
#887 = ORIENTED_EDGE('',*,*,#888,.T.);
#888 = EDGE_CURVE('',#861,#889,#891,.T.);
#889 = VERTEX_POINT('',#890);
#890 = CARTESIAN_POINT('',(118.77142857142,11.,0.));
#891 = SURFACE_CURVE('',#892,(#897,#908),.PCURVE_S1.);
#892 = CIRCLE('',#893,2.3);
#893 = AXIS2_PLACEMENT_3D('',#894,#895,#896);
#894 = CARTESIAN_POINT('',(116.47142857142,11.,0.));
#895 = DIRECTION('',(0.,0.,-1.));
#896 = DIRECTION('',(-1.,1.110223024625E-16,0.));
#897 = PCURVE('',#32,#898);
#898 = DEFINITIONAL_REPRESENTATION('',(#899),#907);
#899 = ( BOUNDED_CURVE() B_SPLINE_CURVE(2,(#900,#901,#902,#903,#904,#905
,#906),.UNSPECIFIED.,.T.,.F.) B_SPLINE_CURVE_WITH_KNOTS((1,2,2,2,2,1),(
    -2.094395102393,0.,2.094395102393,4.188790204786,6.28318530718,
8.377580409573),.UNSPECIFIED.) CURVE() GEOMETRIC_REPRESENTATION_ITEM() 
RATIONAL_B_SPLINE_CURVE((1.,0.5,1.,0.5,1.,0.5,1.)) REPRESENTATION_ITEM(
  '') );
#900 = CARTESIAN_POINT('',(11.,-114.1714285714));
#901 = CARTESIAN_POINT('',(14.983716857408,-114.1714285714));
#902 = CARTESIAN_POINT('',(12.991858428704,-117.6214285714));
#903 = CARTESIAN_POINT('',(11.,-121.0714285714));
#904 = CARTESIAN_POINT('',(9.008141571296,-117.6214285714));
#905 = CARTESIAN_POINT('',(7.016283142592,-114.1714285714));
#906 = CARTESIAN_POINT('',(11.,-114.1714285714));
#907 = ( GEOMETRIC_REPRESENTATION_CONTEXT(2) 
PARAMETRIC_REPRESENTATION_CONTEXT() REPRESENTATION_CONTEXT('2D SPACE',''
  ) );
#908 = PCURVE('',#909,#914);
#909 = CYLINDRICAL_SURFACE('',#910,2.3);
#910 = AXIS2_PLACEMENT_3D('',#911,#912,#913);
#911 = CARTESIAN_POINT('',(116.47142857142,11.,-1.6));
#912 = DIRECTION('',(0.,0.,-1.));
#913 = DIRECTION('',(-1.,1.110223024625E-16,0.));
#914 = DEFINITIONAL_REPRESENTATION('',(#915),#919);
#915 = LINE('',#916,#917);
#916 = CARTESIAN_POINT('',(0.,-1.6));
#917 = VECTOR('',#918,1.);
#918 = DIRECTION('',(1.,0.));
#919 = ( GEOMETRIC_REPRESENTATION_CONTEXT(2) 
PARAMETRIC_REPRESENTATION_CONTEXT() REPRESENTATION_CONTEXT('2D SPACE',''
  ) );
#920 = ORIENTED_EDGE('',*,*,#921,.F.);
#921 = EDGE_CURVE('',#922,#889,#924,.T.);
#922 = VERTEX_POINT('',#923);
#923 = CARTESIAN_POINT('',(118.77142857142,9.,0.));
#924 = SURFACE_CURVE('',#925,(#929,#935),.PCURVE_S1.);
#925 = LINE('',#926,#927);
#926 = CARTESIAN_POINT('',(118.77142857142,5.5,0.));
#927 = VECTOR('',#928,1.);
#928 = DIRECTION('',(1.110223024625E-16,1.,-0.));
#929 = PCURVE('',#32,#930);
#930 = DEFINITIONAL_REPRESENTATION('',(#931),#934);
#931 = B_SPLINE_CURVE_WITH_KNOTS('',1,(#932,#933),.UNSPECIFIED.,.F.,.F.,
  (2,2),(3.5,5.5),.PIECEWISE_BEZIER_KNOTS.);
#932 = CARTESIAN_POINT('',(9.,-118.7714285714));
#933 = CARTESIAN_POINT('',(11.,-118.7714285714));
#934 = ( GEOMETRIC_REPRESENTATION_CONTEXT(2) 
PARAMETRIC_REPRESENTATION_CONTEXT() REPRESENTATION_CONTEXT('2D SPACE',''
  ) );
#935 = PCURVE('',#936,#941);
#936 = PLANE('',#937);
#937 = AXIS2_PLACEMENT_3D('',#938,#939,#940);
#938 = CARTESIAN_POINT('',(118.77142857142,11.,-1.6));
#939 = DIRECTION('',(1.,-1.110223024625E-16,0.));
#940 = DIRECTION('',(-1.110223024625E-16,-1.,0.));
#941 = DEFINITIONAL_REPRESENTATION('',(#942),#945);
#942 = B_SPLINE_CURVE_WITH_KNOTS('',1,(#943,#944),.UNSPECIFIED.,.F.,.F.,
  (2,2),(3.5,5.5),.PIECEWISE_BEZIER_KNOTS.);
#943 = CARTESIAN_POINT('',(2.,-1.6));
#944 = CARTESIAN_POINT('',(0.,-1.6));
#945 = ( GEOMETRIC_REPRESENTATION_CONTEXT(2) 
PARAMETRIC_REPRESENTATION_CONTEXT() REPRESENTATION_CONTEXT('2D SPACE',''
  ) );
#946 = ORIENTED_EDGE('',*,*,#947,.T.);
#947 = EDGE_CURVE('',#922,#863,#948,.T.);
#948 = SURFACE_CURVE('',#949,(#954,#965),.PCURVE_S1.);
#949 = CIRCLE('',#950,2.3);
#950 = AXIS2_PLACEMENT_3D('',#951,#952,#953);
#951 = CARTESIAN_POINT('',(116.47142857142,9.,0.));
#952 = DIRECTION('',(0.,-0.,-1.));
#953 = DIRECTION('',(1.,-1.110223024625E-16,0.));
#954 = PCURVE('',#32,#955);
#955 = DEFINITIONAL_REPRESENTATION('',(#956),#964);
#956 = ( BOUNDED_CURVE() B_SPLINE_CURVE(2,(#957,#958,#959,#960,#961,#962
,#963),.UNSPECIFIED.,.T.,.F.) B_SPLINE_CURVE_WITH_KNOTS((1,2,2,2,2,1),(
    -2.094395102393,0.,2.094395102393,4.188790204786,6.28318530718,
8.377580409573),.UNSPECIFIED.) CURVE() GEOMETRIC_REPRESENTATION_ITEM() 
RATIONAL_B_SPLINE_CURVE((1.,0.5,1.,0.5,1.,0.5,1.)) REPRESENTATION_ITEM(
  '') );
#957 = CARTESIAN_POINT('',(9.,-118.7714285714));
#958 = CARTESIAN_POINT('',(5.016283142592,-118.7714285714));
#959 = CARTESIAN_POINT('',(7.008141571296,-115.3214285714));
#960 = CARTESIAN_POINT('',(9.,-111.8714285714));
#961 = CARTESIAN_POINT('',(10.991858428704,-115.3214285714));
#962 = CARTESIAN_POINT('',(12.983716857408,-118.7714285714));
#963 = CARTESIAN_POINT('',(9.,-118.7714285714));
#964 = ( GEOMETRIC_REPRESENTATION_CONTEXT(2) 
PARAMETRIC_REPRESENTATION_CONTEXT() REPRESENTATION_CONTEXT('2D SPACE',''
  ) );
#965 = PCURVE('',#966,#971);
#966 = CYLINDRICAL_SURFACE('',#967,2.3);
#967 = AXIS2_PLACEMENT_3D('',#968,#969,#970);
#968 = CARTESIAN_POINT('',(116.47142857142,9.,-1.6));
#969 = DIRECTION('',(0.,-0.,-1.));
#970 = DIRECTION('',(1.,-1.110223024625E-16,0.));
#971 = DEFINITIONAL_REPRESENTATION('',(#972),#976);
#972 = LINE('',#973,#974);
#973 = CARTESIAN_POINT('',(0.,-1.6));
#974 = VECTOR('',#975,1.);
#975 = DIRECTION('',(1.,0.));
#976 = ( GEOMETRIC_REPRESENTATION_CONTEXT(2) 
PARAMETRIC_REPRESENTATION_CONTEXT() REPRESENTATION_CONTEXT('2D SPACE',''
  ) );
#977 = ADVANCED_FACE('',(#978),#44,.F.);
#978 = FACE_BOUND('',#979,.F.);
#979 = EDGE_LOOP('',(#980,#1010,#1031,#1032));
#980 = ORIENTED_EDGE('',*,*,#981,.T.);
#981 = EDGE_CURVE('',#982,#984,#986,.T.);
#982 = VERTEX_POINT('',#983);
#983 = CARTESIAN_POINT('',(0.,0.,1.6));
#984 = VERTEX_POINT('',#985);
#985 = CARTESIAN_POINT('',(839.8,0.,1.6));
#986 = SURFACE_CURVE('',#987,(#991,#998),.PCURVE_S1.);
#987 = LINE('',#988,#989);
#988 = CARTESIAN_POINT('',(0.,0.,1.6));
#989 = VECTOR('',#990,1.);
#990 = DIRECTION('',(1.,0.,0.));
#991 = PCURVE('',#44,#992);
#992 = DEFINITIONAL_REPRESENTATION('',(#993),#997);
#993 = LINE('',#994,#995);
#994 = CARTESIAN_POINT('',(0.,0.));
#995 = VECTOR('',#996,1.);
#996 = DIRECTION('',(0.,-1.));
#997 = ( GEOMETRIC_REPRESENTATION_CONTEXT(2) 
PARAMETRIC_REPRESENTATION_CONTEXT() REPRESENTATION_CONTEXT('2D SPACE',''
  ) );
#998 = PCURVE('',#999,#1004);
#999 = PLANE('',#1000);
#1000 = AXIS2_PLACEMENT_3D('',#1001,#1002,#1003);
#1001 = CARTESIAN_POINT('',(0.,18.4,1.6));
#1002 = DIRECTION('',(0.,0.,-1.));
#1003 = DIRECTION('',(0.,-1.,0.));
#1004 = DEFINITIONAL_REPRESENTATION('',(#1005),#1009);
#1005 = LINE('',#1006,#1007);
#1006 = CARTESIAN_POINT('',(18.4,0.));
#1007 = VECTOR('',#1008,1.);
#1008 = DIRECTION('',(0.,-1.));
#1009 = ( GEOMETRIC_REPRESENTATION_CONTEXT(2) 
PARAMETRIC_REPRESENTATION_CONTEXT() REPRESENTATION_CONTEXT('2D SPACE',''
  ) );
#1010 = ORIENTED_EDGE('',*,*,#1011,.T.);
#1011 = EDGE_CURVE('',#984,#24,#1012,.T.);
#1012 = SURFACE_CURVE('',#1013,(#1017,#1024),.PCURVE_S1.);
#1013 = LINE('',#1014,#1015);
#1014 = CARTESIAN_POINT('',(839.8,0.,1.6));
#1015 = VECTOR('',#1016,1.);
#1016 = DIRECTION('',(0.,0.,-1.));
#1017 = PCURVE('',#44,#1018);
#1018 = DEFINITIONAL_REPRESENTATION('',(#1019),#1023);
#1019 = LINE('',#1020,#1021);
#1020 = CARTESIAN_POINT('',(0.,-839.8));
#1021 = VECTOR('',#1022,1.);
#1022 = DIRECTION('',(1.,0.));
#1023 = ( GEOMETRIC_REPRESENTATION_CONTEXT(2) 
PARAMETRIC_REPRESENTATION_CONTEXT() REPRESENTATION_CONTEXT('2D SPACE',''
  ) );
#1024 = PCURVE('',#72,#1025);
#1025 = DEFINITIONAL_REPRESENTATION('',(#1026),#1030);
#1026 = LINE('',#1027,#1028);
#1027 = CARTESIAN_POINT('',(-18.63383762503,16.191909583649));
#1028 = VECTOR('',#1029,1.);
#1029 = DIRECTION('',(-1.,0.));
#1030 = ( GEOMETRIC_REPRESENTATION_CONTEXT(2) 
PARAMETRIC_REPRESENTATION_CONTEXT() REPRESENTATION_CONTEXT('2D SPACE',''
  ) );
#1031 = ORIENTED_EDGE('',*,*,#21,.F.);
#1032 = ORIENTED_EDGE('',*,*,#1033,.F.);
#1033 = EDGE_CURVE('',#982,#22,#1034,.T.);
#1034 = SURFACE_CURVE('',#1035,(#1039,#1046),.PCURVE_S1.);
#1035 = LINE('',#1036,#1037);
#1036 = CARTESIAN_POINT('',(0.,0.,1.6));
#1037 = VECTOR('',#1038,1.);
#1038 = DIRECTION('',(0.,0.,-1.));
#1039 = PCURVE('',#44,#1040);
#1040 = DEFINITIONAL_REPRESENTATION('',(#1041),#1045);
#1041 = LINE('',#1042,#1043);
#1042 = CARTESIAN_POINT('',(0.,0.));
#1043 = VECTOR('',#1044,1.);
#1044 = DIRECTION('',(1.,0.));
#1045 = ( GEOMETRIC_REPRESENTATION_CONTEXT(2) 
PARAMETRIC_REPRESENTATION_CONTEXT() REPRESENTATION_CONTEXT('2D SPACE',''
  ) );
#1046 = PCURVE('',#126,#1047);
#1047 = DEFINITIONAL_REPRESENTATION('',(#1048),#1052);
#1048 = LINE('',#1049,#1050);
#1049 = CARTESIAN_POINT('',(-18.63383762503,16.191909583649));
#1050 = VECTOR('',#1051,1.);
#1051 = DIRECTION('',(-1.,0.));
#1052 = ( GEOMETRIC_REPRESENTATION_CONTEXT(2) 
PARAMETRIC_REPRESENTATION_CONTEXT() REPRESENTATION_CONTEXT('2D SPACE',''
  ) );
#1053 = ADVANCED_FACE('',(#1054),#126,.F.);
#1054 = FACE_BOUND('',#1055,.F.);
#1055 = EDGE_LOOP('',(#1056,#1057,#1081,#1109,#1138,#1166,#1194,#1222,
    #1251,#1279,#1308,#1329));
#1056 = ORIENTED_EDGE('',*,*,#112,.T.);
#1057 = ORIENTED_EDGE('',*,*,#1058,.T.);
#1058 = EDGE_CURVE('',#85,#1059,#1061,.T.);
#1059 = VERTEX_POINT('',#1060);
#1060 = CARTESIAN_POINT('',(0.,21.6,3.2));
#1061 = SURFACE_CURVE('',#1062,(#1067,#1074),.PCURVE_S1.);
#1062 = CIRCLE('',#1063,3.2);
#1063 = AXIS2_PLACEMENT_3D('',#1064,#1065,#1066);
#1064 = CARTESIAN_POINT('',(0.,18.4,3.2));
#1065 = DIRECTION('',(1.,0.,-0.));
#1066 = DIRECTION('',(0.,0.,1.));
#1067 = PCURVE('',#126,#1068);
#1068 = DEFINITIONAL_REPRESENTATION('',(#1069),#1073);
#1069 = CIRCLE('',#1070,3.2);
#1070 = AXIS2_PLACEMENT_2D('',#1071,#1072);
#1071 = CARTESIAN_POINT('',(-17.03383762503,-2.208090416351));
#1072 = DIRECTION('',(1.,0.));
#1073 = ( GEOMETRIC_REPRESENTATION_CONTEXT(2) 
PARAMETRIC_REPRESENTATION_CONTEXT() REPRESENTATION_CONTEXT('2D SPACE',''
  ) );
#1074 = PCURVE('',#100,#1075);
#1075 = DEFINITIONAL_REPRESENTATION('',(#1076),#1080);
#1076 = LINE('',#1077,#1078);
#1077 = CARTESIAN_POINT('',(-0.,0.));
#1078 = VECTOR('',#1079,1.);
#1079 = DIRECTION('',(-1.,0.));
#1080 = ( GEOMETRIC_REPRESENTATION_CONTEXT(2) 
PARAMETRIC_REPRESENTATION_CONTEXT() REPRESENTATION_CONTEXT('2D SPACE',''
  ) );
#1081 = ORIENTED_EDGE('',*,*,#1082,.T.);
#1082 = EDGE_CURVE('',#1059,#1083,#1085,.T.);
#1083 = VERTEX_POINT('',#1084);
#1084 = CARTESIAN_POINT('',(0.,21.6,40.805483431027));
#1085 = SURFACE_CURVE('',#1086,(#1090,#1097),.PCURVE_S1.);
#1086 = LINE('',#1087,#1088);
#1087 = CARTESIAN_POINT('',(0.,21.6,0.));
#1088 = VECTOR('',#1089,1.);
#1089 = DIRECTION('',(0.,0.,1.));
#1090 = PCURVE('',#126,#1091);
#1091 = DEFINITIONAL_REPRESENTATION('',(#1092),#1096);
#1092 = LINE('',#1093,#1094);
#1093 = CARTESIAN_POINT('',(-20.23383762503,-5.408090416351));
#1094 = VECTOR('',#1095,1.);
#1095 = DIRECTION('',(1.,0.));
#1096 = ( GEOMETRIC_REPRESENTATION_CONTEXT(2) 
PARAMETRIC_REPRESENTATION_CONTEXT() REPRESENTATION_CONTEXT('2D SPACE',''
  ) );
#1097 = PCURVE('',#1098,#1103);
#1098 = PLANE('',#1099);
#1099 = AXIS2_PLACEMENT_3D('',#1100,#1101,#1102);
#1100 = CARTESIAN_POINT('',(0.,21.6,3.2));
#1101 = DIRECTION('',(0.,-1.,0.));
#1102 = DIRECTION('',(0.,0.,1.));
#1103 = DEFINITIONAL_REPRESENTATION('',(#1104),#1108);
#1104 = LINE('',#1105,#1106);
#1105 = CARTESIAN_POINT('',(-3.2,0.));
#1106 = VECTOR('',#1107,1.);
#1107 = DIRECTION('',(1.,0.));
#1108 = ( GEOMETRIC_REPRESENTATION_CONTEXT(2) 
PARAMETRIC_REPRESENTATION_CONTEXT() REPRESENTATION_CONTEXT('2D SPACE',''
  ) );
#1109 = ORIENTED_EDGE('',*,*,#1110,.T.);
#1110 = EDGE_CURVE('',#1083,#1111,#1113,.T.);
#1111 = VERTEX_POINT('',#1112);
#1112 = CARTESIAN_POINT('',(0.,17.707489103831,43.929651905788));
#1113 = SURFACE_CURVE('',#1114,(#1119,#1126),.PCURVE_S1.);
#1114 = CIRCLE('',#1115,3.2);
#1115 = AXIS2_PLACEMENT_3D('',#1116,#1117,#1118);
#1116 = CARTESIAN_POINT('',(0.,18.4,40.805483431027));
#1117 = DIRECTION('',(1.,0.,-0.));
#1118 = DIRECTION('',(0.,0.,1.));
#1119 = PCURVE('',#126,#1120);
#1120 = DEFINITIONAL_REPRESENTATION('',(#1121),#1125);
#1121 = CIRCLE('',#1122,3.2);
#1122 = AXIS2_PLACEMENT_2D('',#1123,#1124);
#1123 = CARTESIAN_POINT('',(20.571645805994,-2.208090416351));
#1124 = DIRECTION('',(1.,0.));
#1125 = ( GEOMETRIC_REPRESENTATION_CONTEXT(2) 
PARAMETRIC_REPRESENTATION_CONTEXT() REPRESENTATION_CONTEXT('2D SPACE',''
  ) );
#1126 = PCURVE('',#1127,#1132);
#1127 = CYLINDRICAL_SURFACE('',#1128,3.2);
#1128 = AXIS2_PLACEMENT_3D('',#1129,#1130,#1131);
#1129 = CARTESIAN_POINT('',(0.,18.4,40.805483431027));
#1130 = DIRECTION('',(-1.,-0.,0.));
#1131 = DIRECTION('',(0.,0.,1.));
#1132 = DEFINITIONAL_REPRESENTATION('',(#1133),#1137);
#1133 = LINE('',#1134,#1135);
#1134 = CARTESIAN_POINT('',(-0.,0.));
#1135 = VECTOR('',#1136,1.);
#1136 = DIRECTION('',(-1.,0.));
#1137 = ( GEOMETRIC_REPRESENTATION_CONTEXT(2) 
PARAMETRIC_REPRESENTATION_CONTEXT() REPRESENTATION_CONTEXT('2D SPACE',''
  ) );
#1138 = ORIENTED_EDGE('',*,*,#1139,.T.);
#1139 = EDGE_CURVE('',#1111,#1140,#1142,.T.);
#1140 = VERTEX_POINT('',#1141);
#1141 = CARTESIAN_POINT('',(0.,5.692616680329,41.266405625515));
#1142 = SURFACE_CURVE('',#1143,(#1147,#1154),.PCURVE_S1.);
#1143 = LINE('',#1144,#1145);
#1144 = CARTESIAN_POINT('',(0.,21.6,44.79247547975));
#1145 = VECTOR('',#1146,1.);
#1146 = DIRECTION('',(0.,-0.976302648363,-0.216409655053));
#1147 = PCURVE('',#126,#1148);
#1148 = DEFINITIONAL_REPRESENTATION('',(#1149),#1153);
#1149 = LINE('',#1150,#1151);
#1150 = CARTESIAN_POINT('',(24.558637854716,-5.408090416351));
#1151 = VECTOR('',#1152,1.);
#1152 = DIRECTION('',(-0.216409655053,0.976302648363));
#1153 = ( GEOMETRIC_REPRESENTATION_CONTEXT(2) 
PARAMETRIC_REPRESENTATION_CONTEXT() REPRESENTATION_CONTEXT('2D SPACE',''
  ) );
#1154 = PCURVE('',#1155,#1160);
#1155 = PLANE('',#1156);
#1156 = AXIS2_PLACEMENT_3D('',#1157,#1158,#1159);
#1157 = CARTESIAN_POINT('',(0.,17.707489103831,43.929651905788));
#1158 = DIRECTION('',(0.,0.216409655053,-0.976302648363));
#1159 = DIRECTION('',(0.,-0.976302648363,-0.216409655053));
#1160 = DEFINITIONAL_REPRESENTATION('',(#1161),#1165);
#1161 = LINE('',#1162,#1163);
#1162 = CARTESIAN_POINT('',(-3.986992048722,0.));
#1163 = VECTOR('',#1164,1.);
#1164 = DIRECTION('',(1.,0.));
#1165 = ( GEOMETRIC_REPRESENTATION_CONTEXT(2) 
PARAMETRIC_REPRESENTATION_CONTEXT() REPRESENTATION_CONTEXT('2D SPACE',''
  ) );
#1166 = ORIENTED_EDGE('',*,*,#1167,.T.);
#1167 = EDGE_CURVE('',#1140,#1168,#1170,.T.);
#1168 = VERTEX_POINT('',#1169);
#1169 = CARTESIAN_POINT('',(0.,6.038872128414,39.704321388135));
#1170 = SURFACE_CURVE('',#1171,(#1175,#1182),.PCURVE_S1.);
#1171 = LINE('',#1172,#1173);
#1172 = CARTESIAN_POINT('',(0.,5.692616680329,41.266405625515));
#1173 = VECTOR('',#1174,1.);
#1174 = DIRECTION('',(0.,0.216409655053,-0.976302648363));
#1175 = PCURVE('',#126,#1176);
#1176 = DEFINITIONAL_REPRESENTATION('',(#1177),#1181);
#1177 = LINE('',#1178,#1179);
#1178 = CARTESIAN_POINT('',(21.032568000482,10.49929290332));
#1179 = VECTOR('',#1180,1.);
#1180 = DIRECTION('',(-0.976302648363,-0.216409655053));
#1181 = ( GEOMETRIC_REPRESENTATION_CONTEXT(2) 
PARAMETRIC_REPRESENTATION_CONTEXT() REPRESENTATION_CONTEXT('2D SPACE',''
  ) );
#1182 = PCURVE('',#1183,#1188);
#1183 = PLANE('',#1184);
#1184 = AXIS2_PLACEMENT_3D('',#1185,#1186,#1187);
#1185 = CARTESIAN_POINT('',(0.,5.692616680329,41.266405625515));
#1186 = DIRECTION('',(-0.,0.976302648363,0.216409655053));
#1187 = DIRECTION('',(0.,0.216409655053,-0.976302648363));
#1188 = DEFINITIONAL_REPRESENTATION('',(#1189),#1193);
#1189 = LINE('',#1190,#1191);
#1190 = CARTESIAN_POINT('',(0.,0.));
#1191 = VECTOR('',#1192,1.);
#1192 = DIRECTION('',(1.,0.));
#1193 = ( GEOMETRIC_REPRESENTATION_CONTEXT(2) 
PARAMETRIC_REPRESENTATION_CONTEXT() REPRESENTATION_CONTEXT('2D SPACE',''
  ) );
#1194 = ORIENTED_EDGE('',*,*,#1195,.T.);
#1195 = EDGE_CURVE('',#1168,#1196,#1198,.T.);
#1196 = VERTEX_POINT('',#1197);
#1197 = CARTESIAN_POINT('',(0.,18.053744551916,42.367567668408));
#1198 = SURFACE_CURVE('',#1199,(#1203,#1210),.PCURVE_S1.);
#1199 = LINE('',#1200,#1201);
#1200 = CARTESIAN_POINT('',(0.,6.038872128414,39.704321388135));
#1201 = VECTOR('',#1202,1.);
#1202 = DIRECTION('',(0.,0.976302648363,0.216409655053));
#1203 = PCURVE('',#126,#1204);
#1204 = DEFINITIONAL_REPRESENTATION('',(#1205),#1209);
#1205 = LINE('',#1206,#1207);
#1206 = CARTESIAN_POINT('',(19.470483763101,10.153037455235));
#1207 = VECTOR('',#1208,1.);
#1208 = DIRECTION('',(0.216409655053,-0.976302648363));
#1209 = ( GEOMETRIC_REPRESENTATION_CONTEXT(2) 
PARAMETRIC_REPRESENTATION_CONTEXT() REPRESENTATION_CONTEXT('2D SPACE',''
  ) );
#1210 = PCURVE('',#1211,#1216);
#1211 = PLANE('',#1212);
#1212 = AXIS2_PLACEMENT_3D('',#1213,#1214,#1215);
#1213 = CARTESIAN_POINT('',(0.,6.038872128414,39.704321388135));
#1214 = DIRECTION('',(0.,-0.216409655053,0.976302648363));
#1215 = DIRECTION('',(0.,0.976302648363,0.216409655053));
#1216 = DEFINITIONAL_REPRESENTATION('',(#1217),#1221);
#1217 = LINE('',#1218,#1219);
#1218 = CARTESIAN_POINT('',(0.,0.));
#1219 = VECTOR('',#1220,1.);
#1220 = DIRECTION('',(1.,0.));
#1221 = ( GEOMETRIC_REPRESENTATION_CONTEXT(2) 
PARAMETRIC_REPRESENTATION_CONTEXT() REPRESENTATION_CONTEXT('2D SPACE',''
  ) );
#1222 = ORIENTED_EDGE('',*,*,#1223,.F.);
#1223 = EDGE_CURVE('',#1224,#1196,#1226,.T.);
#1224 = VERTEX_POINT('',#1225);
#1225 = CARTESIAN_POINT('',(0.,20.,40.805483431027));
#1226 = SURFACE_CURVE('',#1227,(#1232,#1239),.PCURVE_S1.);
#1227 = CIRCLE('',#1228,1.6);
#1228 = AXIS2_PLACEMENT_3D('',#1229,#1230,#1231);
#1229 = CARTESIAN_POINT('',(0.,18.4,40.805483431027));
#1230 = DIRECTION('',(1.,0.,-0.));
#1231 = DIRECTION('',(0.,0.,1.));
#1232 = PCURVE('',#126,#1233);
#1233 = DEFINITIONAL_REPRESENTATION('',(#1234),#1238);
#1234 = CIRCLE('',#1235,1.6);
#1235 = AXIS2_PLACEMENT_2D('',#1236,#1237);
#1236 = CARTESIAN_POINT('',(20.571645805994,-2.208090416351));
#1237 = DIRECTION('',(1.,0.));
#1238 = ( GEOMETRIC_REPRESENTATION_CONTEXT(2) 
PARAMETRIC_REPRESENTATION_CONTEXT() REPRESENTATION_CONTEXT('2D SPACE',''
  ) );
#1239 = PCURVE('',#1240,#1245);
#1240 = CYLINDRICAL_SURFACE('',#1241,1.6);
#1241 = AXIS2_PLACEMENT_3D('',#1242,#1243,#1244);
#1242 = CARTESIAN_POINT('',(0.,18.4,40.805483431027));
#1243 = DIRECTION('',(-1.,-0.,0.));
#1244 = DIRECTION('',(0.,0.,1.));
#1245 = DEFINITIONAL_REPRESENTATION('',(#1246),#1250);
#1246 = LINE('',#1247,#1248);
#1247 = CARTESIAN_POINT('',(-0.,0.));
#1248 = VECTOR('',#1249,1.);
#1249 = DIRECTION('',(-1.,0.));
#1250 = ( GEOMETRIC_REPRESENTATION_CONTEXT(2) 
PARAMETRIC_REPRESENTATION_CONTEXT() REPRESENTATION_CONTEXT('2D SPACE',''
  ) );
#1251 = ORIENTED_EDGE('',*,*,#1252,.T.);
#1252 = EDGE_CURVE('',#1224,#1253,#1255,.T.);
#1253 = VERTEX_POINT('',#1254);
#1254 = CARTESIAN_POINT('',(0.,20.,3.2));
#1255 = SURFACE_CURVE('',#1256,(#1260,#1267),.PCURVE_S1.);
#1256 = LINE('',#1257,#1258);
#1257 = CARTESIAN_POINT('',(0.,20.,42.798979455388));
#1258 = VECTOR('',#1259,1.);
#1259 = DIRECTION('',(0.,0.,-1.));
#1260 = PCURVE('',#126,#1261);
#1261 = DEFINITIONAL_REPRESENTATION('',(#1262),#1266);
#1262 = LINE('',#1263,#1264);
#1263 = CARTESIAN_POINT('',(22.565141830355,-3.808090416351));
#1264 = VECTOR('',#1265,1.);
#1265 = DIRECTION('',(-1.,0.));
#1266 = ( GEOMETRIC_REPRESENTATION_CONTEXT(2) 
PARAMETRIC_REPRESENTATION_CONTEXT() REPRESENTATION_CONTEXT('2D SPACE',''
  ) );
#1267 = PCURVE('',#1268,#1273);
#1268 = PLANE('',#1269);
#1269 = AXIS2_PLACEMENT_3D('',#1270,#1271,#1272);
#1270 = CARTESIAN_POINT('',(0.,20.,40.805483431027));
#1271 = DIRECTION('',(-0.,1.,0.));
#1272 = DIRECTION('',(0.,0.,-1.));
#1273 = DEFINITIONAL_REPRESENTATION('',(#1274),#1278);
#1274 = LINE('',#1275,#1276);
#1275 = CARTESIAN_POINT('',(-1.993496024361,0.));
#1276 = VECTOR('',#1277,1.);
#1277 = DIRECTION('',(1.,0.));
#1278 = ( GEOMETRIC_REPRESENTATION_CONTEXT(2) 
PARAMETRIC_REPRESENTATION_CONTEXT() REPRESENTATION_CONTEXT('2D SPACE',''
  ) );
#1279 = ORIENTED_EDGE('',*,*,#1280,.F.);
#1280 = EDGE_CURVE('',#1281,#1253,#1283,.T.);
#1281 = VERTEX_POINT('',#1282);
#1282 = CARTESIAN_POINT('',(0.,18.4,1.6));
#1283 = SURFACE_CURVE('',#1284,(#1289,#1296),.PCURVE_S1.);
#1284 = CIRCLE('',#1285,1.6);
#1285 = AXIS2_PLACEMENT_3D('',#1286,#1287,#1288);
#1286 = CARTESIAN_POINT('',(0.,18.4,3.2));
#1287 = DIRECTION('',(1.,0.,-0.));
#1288 = DIRECTION('',(0.,0.,1.));
#1289 = PCURVE('',#126,#1290);
#1290 = DEFINITIONAL_REPRESENTATION('',(#1291),#1295);
#1291 = CIRCLE('',#1292,1.6);
#1292 = AXIS2_PLACEMENT_2D('',#1293,#1294);
#1293 = CARTESIAN_POINT('',(-17.03383762503,-2.208090416351));
#1294 = DIRECTION('',(1.,0.));
#1295 = ( GEOMETRIC_REPRESENTATION_CONTEXT(2) 
PARAMETRIC_REPRESENTATION_CONTEXT() REPRESENTATION_CONTEXT('2D SPACE',''
  ) );
#1296 = PCURVE('',#1297,#1302);
#1297 = CYLINDRICAL_SURFACE('',#1298,1.6);
#1298 = AXIS2_PLACEMENT_3D('',#1299,#1300,#1301);
#1299 = CARTESIAN_POINT('',(0.,18.4,3.2));
#1300 = DIRECTION('',(-1.,-0.,0.));
#1301 = DIRECTION('',(0.,0.,1.));
#1302 = DEFINITIONAL_REPRESENTATION('',(#1303),#1307);
#1303 = LINE('',#1304,#1305);
#1304 = CARTESIAN_POINT('',(-0.,0.));
#1305 = VECTOR('',#1306,1.);
#1306 = DIRECTION('',(-1.,0.));
#1307 = ( GEOMETRIC_REPRESENTATION_CONTEXT(2) 
PARAMETRIC_REPRESENTATION_CONTEXT() REPRESENTATION_CONTEXT('2D SPACE',''
  ) );
#1308 = ORIENTED_EDGE('',*,*,#1309,.T.);
#1309 = EDGE_CURVE('',#1281,#982,#1310,.T.);
#1310 = SURFACE_CURVE('',#1311,(#1315,#1322),.PCURVE_S1.);
#1311 = LINE('',#1312,#1313);
#1312 = CARTESIAN_POINT('',(0.,20.,1.6));
#1313 = VECTOR('',#1314,1.);
#1314 = DIRECTION('',(0.,-1.,0.));
#1315 = PCURVE('',#126,#1316);
#1316 = DEFINITIONAL_REPRESENTATION('',(#1317),#1321);
#1317 = LINE('',#1318,#1319);
#1318 = CARTESIAN_POINT('',(-18.63383762503,-3.808090416351));
#1319 = VECTOR('',#1320,1.);
#1320 = DIRECTION('',(0.,1.));
#1321 = ( GEOMETRIC_REPRESENTATION_CONTEXT(2) 
PARAMETRIC_REPRESENTATION_CONTEXT() REPRESENTATION_CONTEXT('2D SPACE',''
  ) );
#1322 = PCURVE('',#999,#1323);
#1323 = DEFINITIONAL_REPRESENTATION('',(#1324),#1328);
#1324 = LINE('',#1325,#1326);
#1325 = CARTESIAN_POINT('',(-1.6,-0.));
#1326 = VECTOR('',#1327,1.);
#1327 = DIRECTION('',(1.,0.));
#1328 = ( GEOMETRIC_REPRESENTATION_CONTEXT(2) 
PARAMETRIC_REPRESENTATION_CONTEXT() REPRESENTATION_CONTEXT('2D SPACE',''
  ) );
#1329 = ORIENTED_EDGE('',*,*,#1033,.T.);
#1330 = ADVANCED_FACE('',(#1331),#72,.T.);
#1331 = FACE_BOUND('',#1332,.T.);
#1332 = EDGE_LOOP('',(#1333,#1334,#1358,#1381,#1405,#1428,#1451,#1474,
    #1498,#1521,#1545,#1566));
#1333 = ORIENTED_EDGE('',*,*,#56,.T.);
#1334 = ORIENTED_EDGE('',*,*,#1335,.T.);
#1335 = EDGE_CURVE('',#57,#1336,#1338,.T.);
#1336 = VERTEX_POINT('',#1337);
#1337 = CARTESIAN_POINT('',(839.8,21.6,3.2));
#1338 = SURFACE_CURVE('',#1339,(#1344,#1351),.PCURVE_S1.);
#1339 = CIRCLE('',#1340,3.2);
#1340 = AXIS2_PLACEMENT_3D('',#1341,#1342,#1343);
#1341 = CARTESIAN_POINT('',(839.8,18.4,3.2));
#1342 = DIRECTION('',(1.,0.,-0.));
#1343 = DIRECTION('',(0.,0.,1.));
#1344 = PCURVE('',#72,#1345);
#1345 = DEFINITIONAL_REPRESENTATION('',(#1346),#1350);
#1346 = CIRCLE('',#1347,3.2);
#1347 = AXIS2_PLACEMENT_2D('',#1348,#1349);
#1348 = CARTESIAN_POINT('',(-17.03383762503,-2.208090416351));
#1349 = DIRECTION('',(1.,0.));
#1350 = ( GEOMETRIC_REPRESENTATION_CONTEXT(2) 
PARAMETRIC_REPRESENTATION_CONTEXT() REPRESENTATION_CONTEXT('2D SPACE',''
  ) );
#1351 = PCURVE('',#100,#1352);
#1352 = DEFINITIONAL_REPRESENTATION('',(#1353),#1357);
#1353 = LINE('',#1354,#1355);
#1354 = CARTESIAN_POINT('',(-0.,-839.8));
#1355 = VECTOR('',#1356,1.);
#1356 = DIRECTION('',(-1.,0.));
#1357 = ( GEOMETRIC_REPRESENTATION_CONTEXT(2) 
PARAMETRIC_REPRESENTATION_CONTEXT() REPRESENTATION_CONTEXT('2D SPACE',''
  ) );
#1358 = ORIENTED_EDGE('',*,*,#1359,.T.);
#1359 = EDGE_CURVE('',#1336,#1360,#1362,.T.);
#1360 = VERTEX_POINT('',#1361);
#1361 = CARTESIAN_POINT('',(839.8,21.6,40.805483431027));
#1362 = SURFACE_CURVE('',#1363,(#1367,#1374),.PCURVE_S1.);
#1363 = LINE('',#1364,#1365);
#1364 = CARTESIAN_POINT('',(839.8,21.6,0.));
#1365 = VECTOR('',#1366,1.);
#1366 = DIRECTION('',(0.,0.,1.));
#1367 = PCURVE('',#72,#1368);
#1368 = DEFINITIONAL_REPRESENTATION('',(#1369),#1373);
#1369 = LINE('',#1370,#1371);
#1370 = CARTESIAN_POINT('',(-20.23383762503,-5.408090416351));
#1371 = VECTOR('',#1372,1.);
#1372 = DIRECTION('',(1.,0.));
#1373 = ( GEOMETRIC_REPRESENTATION_CONTEXT(2) 
PARAMETRIC_REPRESENTATION_CONTEXT() REPRESENTATION_CONTEXT('2D SPACE',''
  ) );
#1374 = PCURVE('',#1098,#1375);
#1375 = DEFINITIONAL_REPRESENTATION('',(#1376),#1380);
#1376 = LINE('',#1377,#1378);
#1377 = CARTESIAN_POINT('',(-3.2,-839.8));
#1378 = VECTOR('',#1379,1.);
#1379 = DIRECTION('',(1.,0.));
#1380 = ( GEOMETRIC_REPRESENTATION_CONTEXT(2) 
PARAMETRIC_REPRESENTATION_CONTEXT() REPRESENTATION_CONTEXT('2D SPACE',''
  ) );
#1381 = ORIENTED_EDGE('',*,*,#1382,.T.);
#1382 = EDGE_CURVE('',#1360,#1383,#1385,.T.);
#1383 = VERTEX_POINT('',#1384);
#1384 = CARTESIAN_POINT('',(839.8,17.707489103831,43.929651905788));
#1385 = SURFACE_CURVE('',#1386,(#1391,#1398),.PCURVE_S1.);
#1386 = CIRCLE('',#1387,3.2);
#1387 = AXIS2_PLACEMENT_3D('',#1388,#1389,#1390);
#1388 = CARTESIAN_POINT('',(839.8,18.4,40.805483431027));
#1389 = DIRECTION('',(1.,0.,-0.));
#1390 = DIRECTION('',(0.,0.,1.));
#1391 = PCURVE('',#72,#1392);
#1392 = DEFINITIONAL_REPRESENTATION('',(#1393),#1397);
#1393 = CIRCLE('',#1394,3.2);
#1394 = AXIS2_PLACEMENT_2D('',#1395,#1396);
#1395 = CARTESIAN_POINT('',(20.571645805994,-2.208090416351));
#1396 = DIRECTION('',(1.,0.));
#1397 = ( GEOMETRIC_REPRESENTATION_CONTEXT(2) 
PARAMETRIC_REPRESENTATION_CONTEXT() REPRESENTATION_CONTEXT('2D SPACE',''
  ) );
#1398 = PCURVE('',#1127,#1399);
#1399 = DEFINITIONAL_REPRESENTATION('',(#1400),#1404);
#1400 = LINE('',#1401,#1402);
#1401 = CARTESIAN_POINT('',(-0.,-839.8));
#1402 = VECTOR('',#1403,1.);
#1403 = DIRECTION('',(-1.,0.));
#1404 = ( GEOMETRIC_REPRESENTATION_CONTEXT(2) 
PARAMETRIC_REPRESENTATION_CONTEXT() REPRESENTATION_CONTEXT('2D SPACE',''
  ) );
#1405 = ORIENTED_EDGE('',*,*,#1406,.T.);
#1406 = EDGE_CURVE('',#1383,#1407,#1409,.T.);
#1407 = VERTEX_POINT('',#1408);
#1408 = CARTESIAN_POINT('',(839.8,5.692616680329,41.266405625515));
#1409 = SURFACE_CURVE('',#1410,(#1414,#1421),.PCURVE_S1.);
#1410 = LINE('',#1411,#1412);
#1411 = CARTESIAN_POINT('',(839.8,21.6,44.79247547975));
#1412 = VECTOR('',#1413,1.);
#1413 = DIRECTION('',(0.,-0.976302648363,-0.216409655053));
#1414 = PCURVE('',#72,#1415);
#1415 = DEFINITIONAL_REPRESENTATION('',(#1416),#1420);
#1416 = LINE('',#1417,#1418);
#1417 = CARTESIAN_POINT('',(24.558637854716,-5.408090416351));
#1418 = VECTOR('',#1419,1.);
#1419 = DIRECTION('',(-0.216409655053,0.976302648363));
#1420 = ( GEOMETRIC_REPRESENTATION_CONTEXT(2) 
PARAMETRIC_REPRESENTATION_CONTEXT() REPRESENTATION_CONTEXT('2D SPACE',''
  ) );
#1421 = PCURVE('',#1155,#1422);
#1422 = DEFINITIONAL_REPRESENTATION('',(#1423),#1427);
#1423 = LINE('',#1424,#1425);
#1424 = CARTESIAN_POINT('',(-3.986992048722,-839.8));
#1425 = VECTOR('',#1426,1.);
#1426 = DIRECTION('',(1.,0.));
#1427 = ( GEOMETRIC_REPRESENTATION_CONTEXT(2) 
PARAMETRIC_REPRESENTATION_CONTEXT() REPRESENTATION_CONTEXT('2D SPACE',''
  ) );
#1428 = ORIENTED_EDGE('',*,*,#1429,.T.);
#1429 = EDGE_CURVE('',#1407,#1430,#1432,.T.);
#1430 = VERTEX_POINT('',#1431);
#1431 = CARTESIAN_POINT('',(839.8,6.038872128414,39.704321388135));
#1432 = SURFACE_CURVE('',#1433,(#1437,#1444),.PCURVE_S1.);
#1433 = LINE('',#1434,#1435);
#1434 = CARTESIAN_POINT('',(839.8,5.692616680329,41.266405625515));
#1435 = VECTOR('',#1436,1.);
#1436 = DIRECTION('',(0.,0.216409655053,-0.976302648363));
#1437 = PCURVE('',#72,#1438);
#1438 = DEFINITIONAL_REPRESENTATION('',(#1439),#1443);
#1439 = LINE('',#1440,#1441);
#1440 = CARTESIAN_POINT('',(21.032568000482,10.49929290332));
#1441 = VECTOR('',#1442,1.);
#1442 = DIRECTION('',(-0.976302648363,-0.216409655053));
#1443 = ( GEOMETRIC_REPRESENTATION_CONTEXT(2) 
PARAMETRIC_REPRESENTATION_CONTEXT() REPRESENTATION_CONTEXT('2D SPACE',''
  ) );
#1444 = PCURVE('',#1183,#1445);
#1445 = DEFINITIONAL_REPRESENTATION('',(#1446),#1450);
#1446 = LINE('',#1447,#1448);
#1447 = CARTESIAN_POINT('',(0.,-839.8));
#1448 = VECTOR('',#1449,1.);
#1449 = DIRECTION('',(1.,0.));
#1450 = ( GEOMETRIC_REPRESENTATION_CONTEXT(2) 
PARAMETRIC_REPRESENTATION_CONTEXT() REPRESENTATION_CONTEXT('2D SPACE',''
  ) );
#1451 = ORIENTED_EDGE('',*,*,#1452,.T.);
#1452 = EDGE_CURVE('',#1430,#1453,#1455,.T.);
#1453 = VERTEX_POINT('',#1454);
#1454 = CARTESIAN_POINT('',(839.8,18.053744551916,42.367567668408));
#1455 = SURFACE_CURVE('',#1456,(#1460,#1467),.PCURVE_S1.);
#1456 = LINE('',#1457,#1458);
#1457 = CARTESIAN_POINT('',(839.8,6.038872128414,39.704321388135));
#1458 = VECTOR('',#1459,1.);
#1459 = DIRECTION('',(0.,0.976302648363,0.216409655053));
#1460 = PCURVE('',#72,#1461);
#1461 = DEFINITIONAL_REPRESENTATION('',(#1462),#1466);
#1462 = LINE('',#1463,#1464);
#1463 = CARTESIAN_POINT('',(19.470483763101,10.153037455235));
#1464 = VECTOR('',#1465,1.);
#1465 = DIRECTION('',(0.216409655053,-0.976302648363));
#1466 = ( GEOMETRIC_REPRESENTATION_CONTEXT(2) 
PARAMETRIC_REPRESENTATION_CONTEXT() REPRESENTATION_CONTEXT('2D SPACE',''
  ) );
#1467 = PCURVE('',#1211,#1468);
#1468 = DEFINITIONAL_REPRESENTATION('',(#1469),#1473);
#1469 = LINE('',#1470,#1471);
#1470 = CARTESIAN_POINT('',(0.,-839.8));
#1471 = VECTOR('',#1472,1.);
#1472 = DIRECTION('',(1.,0.));
#1473 = ( GEOMETRIC_REPRESENTATION_CONTEXT(2) 
PARAMETRIC_REPRESENTATION_CONTEXT() REPRESENTATION_CONTEXT('2D SPACE',''
  ) );
#1474 = ORIENTED_EDGE('',*,*,#1475,.F.);
#1475 = EDGE_CURVE('',#1476,#1453,#1478,.T.);
#1476 = VERTEX_POINT('',#1477);
#1477 = CARTESIAN_POINT('',(839.8,20.,40.805483431027));
#1478 = SURFACE_CURVE('',#1479,(#1484,#1491),.PCURVE_S1.);
#1479 = CIRCLE('',#1480,1.6);
#1480 = AXIS2_PLACEMENT_3D('',#1481,#1482,#1483);
#1481 = CARTESIAN_POINT('',(839.8,18.4,40.805483431027));
#1482 = DIRECTION('',(1.,0.,-0.));
#1483 = DIRECTION('',(0.,0.,1.));
#1484 = PCURVE('',#72,#1485);
#1485 = DEFINITIONAL_REPRESENTATION('',(#1486),#1490);
#1486 = CIRCLE('',#1487,1.6);
#1487 = AXIS2_PLACEMENT_2D('',#1488,#1489);
#1488 = CARTESIAN_POINT('',(20.571645805994,-2.208090416351));
#1489 = DIRECTION('',(1.,0.));
#1490 = ( GEOMETRIC_REPRESENTATION_CONTEXT(2) 
PARAMETRIC_REPRESENTATION_CONTEXT() REPRESENTATION_CONTEXT('2D SPACE',''
  ) );
#1491 = PCURVE('',#1240,#1492);
#1492 = DEFINITIONAL_REPRESENTATION('',(#1493),#1497);
#1493 = LINE('',#1494,#1495);
#1494 = CARTESIAN_POINT('',(-0.,-839.8));
#1495 = VECTOR('',#1496,1.);
#1496 = DIRECTION('',(-1.,0.));
#1497 = ( GEOMETRIC_REPRESENTATION_CONTEXT(2) 
PARAMETRIC_REPRESENTATION_CONTEXT() REPRESENTATION_CONTEXT('2D SPACE',''
  ) );
#1498 = ORIENTED_EDGE('',*,*,#1499,.T.);
#1499 = EDGE_CURVE('',#1476,#1500,#1502,.T.);
#1500 = VERTEX_POINT('',#1501);
#1501 = CARTESIAN_POINT('',(839.8,20.,3.2));
#1502 = SURFACE_CURVE('',#1503,(#1507,#1514),.PCURVE_S1.);
#1503 = LINE('',#1504,#1505);
#1504 = CARTESIAN_POINT('',(839.8,20.,42.798979455388));
#1505 = VECTOR('',#1506,1.);
#1506 = DIRECTION('',(0.,0.,-1.));
#1507 = PCURVE('',#72,#1508);
#1508 = DEFINITIONAL_REPRESENTATION('',(#1509),#1513);
#1509 = LINE('',#1510,#1511);
#1510 = CARTESIAN_POINT('',(22.565141830355,-3.808090416351));
#1511 = VECTOR('',#1512,1.);
#1512 = DIRECTION('',(-1.,0.));
#1513 = ( GEOMETRIC_REPRESENTATION_CONTEXT(2) 
PARAMETRIC_REPRESENTATION_CONTEXT() REPRESENTATION_CONTEXT('2D SPACE',''
  ) );
#1514 = PCURVE('',#1268,#1515);
#1515 = DEFINITIONAL_REPRESENTATION('',(#1516),#1520);
#1516 = LINE('',#1517,#1518);
#1517 = CARTESIAN_POINT('',(-1.993496024361,-839.8));
#1518 = VECTOR('',#1519,1.);
#1519 = DIRECTION('',(1.,0.));
#1520 = ( GEOMETRIC_REPRESENTATION_CONTEXT(2) 
PARAMETRIC_REPRESENTATION_CONTEXT() REPRESENTATION_CONTEXT('2D SPACE',''
  ) );
#1521 = ORIENTED_EDGE('',*,*,#1522,.F.);
#1522 = EDGE_CURVE('',#1523,#1500,#1525,.T.);
#1523 = VERTEX_POINT('',#1524);
#1524 = CARTESIAN_POINT('',(839.8,18.4,1.6));
#1525 = SURFACE_CURVE('',#1526,(#1531,#1538),.PCURVE_S1.);
#1526 = CIRCLE('',#1527,1.6);
#1527 = AXIS2_PLACEMENT_3D('',#1528,#1529,#1530);
#1528 = CARTESIAN_POINT('',(839.8,18.4,3.2));
#1529 = DIRECTION('',(1.,0.,-0.));
#1530 = DIRECTION('',(0.,0.,1.));
#1531 = PCURVE('',#72,#1532);
#1532 = DEFINITIONAL_REPRESENTATION('',(#1533),#1537);
#1533 = CIRCLE('',#1534,1.6);
#1534 = AXIS2_PLACEMENT_2D('',#1535,#1536);
#1535 = CARTESIAN_POINT('',(-17.03383762503,-2.208090416351));
#1536 = DIRECTION('',(1.,0.));
#1537 = ( GEOMETRIC_REPRESENTATION_CONTEXT(2) 
PARAMETRIC_REPRESENTATION_CONTEXT() REPRESENTATION_CONTEXT('2D SPACE',''
  ) );
#1538 = PCURVE('',#1297,#1539);
#1539 = DEFINITIONAL_REPRESENTATION('',(#1540),#1544);
#1540 = LINE('',#1541,#1542);
#1541 = CARTESIAN_POINT('',(-0.,-839.8));
#1542 = VECTOR('',#1543,1.);
#1543 = DIRECTION('',(-1.,0.));
#1544 = ( GEOMETRIC_REPRESENTATION_CONTEXT(2) 
PARAMETRIC_REPRESENTATION_CONTEXT() REPRESENTATION_CONTEXT('2D SPACE',''
  ) );
#1545 = ORIENTED_EDGE('',*,*,#1546,.T.);
#1546 = EDGE_CURVE('',#1523,#984,#1547,.T.);
#1547 = SURFACE_CURVE('',#1548,(#1552,#1559),.PCURVE_S1.);
#1548 = LINE('',#1549,#1550);
#1549 = CARTESIAN_POINT('',(839.8,20.,1.6));
#1550 = VECTOR('',#1551,1.);
#1551 = DIRECTION('',(0.,-1.,0.));
#1552 = PCURVE('',#72,#1553);
#1553 = DEFINITIONAL_REPRESENTATION('',(#1554),#1558);
#1554 = LINE('',#1555,#1556);
#1555 = CARTESIAN_POINT('',(-18.63383762503,-3.808090416351));
#1556 = VECTOR('',#1557,1.);
#1557 = DIRECTION('',(0.,1.));
#1558 = ( GEOMETRIC_REPRESENTATION_CONTEXT(2) 
PARAMETRIC_REPRESENTATION_CONTEXT() REPRESENTATION_CONTEXT('2D SPACE',''
  ) );
#1559 = PCURVE('',#999,#1560);
#1560 = DEFINITIONAL_REPRESENTATION('',(#1561),#1565);
#1561 = LINE('',#1562,#1563);
#1562 = CARTESIAN_POINT('',(-1.6,-839.8));
#1563 = VECTOR('',#1564,1.);
#1564 = DIRECTION('',(1.,0.));
#1565 = ( GEOMETRIC_REPRESENTATION_CONTEXT(2) 
PARAMETRIC_REPRESENTATION_CONTEXT() REPRESENTATION_CONTEXT('2D SPACE',''
  ) );
#1566 = ORIENTED_EDGE('',*,*,#1011,.T.);
#1567 = ADVANCED_FACE('',(#1568),#100,.T.);
#1568 = FACE_BOUND('',#1569,.F.);
#1569 = EDGE_LOOP('',(#1570,#1571,#1572,#1593));
#1570 = ORIENTED_EDGE('',*,*,#84,.T.);
#1571 = ORIENTED_EDGE('',*,*,#1335,.T.);
#1572 = ORIENTED_EDGE('',*,*,#1573,.F.);
#1573 = EDGE_CURVE('',#1059,#1336,#1574,.T.);
#1574 = SURFACE_CURVE('',#1575,(#1579,#1586),.PCURVE_S1.);
#1575 = LINE('',#1576,#1577);
#1576 = CARTESIAN_POINT('',(0.,21.6,3.2));
#1577 = VECTOR('',#1578,1.);
#1578 = DIRECTION('',(1.,0.,0.));
#1579 = PCURVE('',#100,#1580);
#1580 = DEFINITIONAL_REPRESENTATION('',(#1581),#1585);
#1581 = LINE('',#1582,#1583);
#1582 = CARTESIAN_POINT('',(-4.712388980385,0.));
#1583 = VECTOR('',#1584,1.);
#1584 = DIRECTION('',(-0.,-1.));
#1585 = ( GEOMETRIC_REPRESENTATION_CONTEXT(2) 
PARAMETRIC_REPRESENTATION_CONTEXT() REPRESENTATION_CONTEXT('2D SPACE',''
  ) );
#1586 = PCURVE('',#1098,#1587);
#1587 = DEFINITIONAL_REPRESENTATION('',(#1588),#1592);
#1588 = LINE('',#1589,#1590);
#1589 = CARTESIAN_POINT('',(0.,0.));
#1590 = VECTOR('',#1591,1.);
#1591 = DIRECTION('',(0.,-1.));
#1592 = ( GEOMETRIC_REPRESENTATION_CONTEXT(2) 
PARAMETRIC_REPRESENTATION_CONTEXT() REPRESENTATION_CONTEXT('2D SPACE',''
  ) );
#1593 = ORIENTED_EDGE('',*,*,#1058,.F.);
#1594 = ADVANCED_FACE('',(#1595),#157,.F.);
#1595 = FACE_BOUND('',#1596,.F.);
#1596 = EDGE_LOOP('',(#1597,#1598,#1621,#1642));
#1597 = ORIENTED_EDGE('',*,*,#140,.T.);
#1598 = ORIENTED_EDGE('',*,*,#1599,.T.);
#1599 = EDGE_CURVE('',#143,#1600,#1602,.T.);
#1600 = VERTEX_POINT('',#1601);
#1601 = CARTESIAN_POINT('',(721.02857142857,9.,1.6));
#1602 = SURFACE_CURVE('',#1603,(#1607,#1614),.PCURVE_S1.);
#1603 = LINE('',#1604,#1605);
#1604 = CARTESIAN_POINT('',(721.02857142857,9.,-1.6));
#1605 = VECTOR('',#1606,1.);
#1606 = DIRECTION('',(0.,0.,1.));
#1607 = PCURVE('',#157,#1608);
#1608 = DEFINITIONAL_REPRESENTATION('',(#1609),#1613);
#1609 = LINE('',#1610,#1611);
#1610 = CARTESIAN_POINT('',(0.,0.));
#1611 = VECTOR('',#1612,1.);
#1612 = DIRECTION('',(0.,-1.));
#1613 = ( GEOMETRIC_REPRESENTATION_CONTEXT(2) 
PARAMETRIC_REPRESENTATION_CONTEXT() REPRESENTATION_CONTEXT('2D SPACE',''
  ) );
#1614 = PCURVE('',#246,#1615);
#1615 = DEFINITIONAL_REPRESENTATION('',(#1616),#1620);
#1616 = LINE('',#1617,#1618);
#1617 = CARTESIAN_POINT('',(3.14159265359,0.));
#1618 = VECTOR('',#1619,1.);
#1619 = DIRECTION('',(0.,-1.));
#1620 = ( GEOMETRIC_REPRESENTATION_CONTEXT(2) 
PARAMETRIC_REPRESENTATION_CONTEXT() REPRESENTATION_CONTEXT('2D SPACE',''
  ) );
#1621 = ORIENTED_EDGE('',*,*,#1622,.T.);
#1622 = EDGE_CURVE('',#1600,#1623,#1625,.T.);
#1623 = VERTEX_POINT('',#1624);
#1624 = CARTESIAN_POINT('',(721.02857142857,11.,1.6));
#1625 = SURFACE_CURVE('',#1626,(#1630,#1636),.PCURVE_S1.);
#1626 = LINE('',#1627,#1628);
#1627 = CARTESIAN_POINT('',(721.02857142857,13.7,1.6));
#1628 = VECTOR('',#1629,1.);
#1629 = DIRECTION('',(1.110223024625E-16,1.,0.));
#1630 = PCURVE('',#157,#1631);
#1631 = DEFINITIONAL_REPRESENTATION('',(#1632),#1635);
#1632 = B_SPLINE_CURVE_WITH_KNOTS('',1,(#1633,#1634),.UNSPECIFIED.,.F.,
  .F.,(2,2),(-4.7,-2.7),.PIECEWISE_BEZIER_KNOTS.);
#1633 = CARTESIAN_POINT('',(0.,-3.2));
#1634 = CARTESIAN_POINT('',(2.,-3.2));
#1635 = ( GEOMETRIC_REPRESENTATION_CONTEXT(2) 
PARAMETRIC_REPRESENTATION_CONTEXT() REPRESENTATION_CONTEXT('2D SPACE',''
  ) );
#1636 = PCURVE('',#999,#1637);
#1637 = DEFINITIONAL_REPRESENTATION('',(#1638),#1641);
#1638 = B_SPLINE_CURVE_WITH_KNOTS('',1,(#1639,#1640),.UNSPECIFIED.,.F.,
  .F.,(2,2),(-4.7,-2.7),.PIECEWISE_BEZIER_KNOTS.);
#1639 = CARTESIAN_POINT('',(9.4,-721.0285714285));
#1640 = CARTESIAN_POINT('',(7.4,-721.0285714285));
#1641 = ( GEOMETRIC_REPRESENTATION_CONTEXT(2) 
PARAMETRIC_REPRESENTATION_CONTEXT() REPRESENTATION_CONTEXT('2D SPACE',''
  ) );
#1642 = ORIENTED_EDGE('',*,*,#1643,.F.);
#1643 = EDGE_CURVE('',#141,#1623,#1644,.T.);
#1644 = SURFACE_CURVE('',#1645,(#1649,#1656),.PCURVE_S1.);
#1645 = LINE('',#1646,#1647);
#1646 = CARTESIAN_POINT('',(721.02857142857,11.,-1.6));
#1647 = VECTOR('',#1648,1.);
#1648 = DIRECTION('',(0.,0.,1.));
#1649 = PCURVE('',#157,#1650);
#1650 = DEFINITIONAL_REPRESENTATION('',(#1651),#1655);
#1651 = LINE('',#1652,#1653);
#1652 = CARTESIAN_POINT('',(2.,0.));
#1653 = VECTOR('',#1654,1.);
#1654 = DIRECTION('',(0.,-1.));
#1655 = ( GEOMETRIC_REPRESENTATION_CONTEXT(2) 
PARAMETRIC_REPRESENTATION_CONTEXT() REPRESENTATION_CONTEXT('2D SPACE',''
  ) );
#1656 = PCURVE('',#189,#1657);
#1657 = DEFINITIONAL_REPRESENTATION('',(#1658),#1662);
#1658 = LINE('',#1659,#1660);
#1659 = CARTESIAN_POINT('',(0.,0.));
#1660 = VECTOR('',#1661,1.);
#1661 = DIRECTION('',(0.,-1.));
#1662 = ( GEOMETRIC_REPRESENTATION_CONTEXT(2) 
PARAMETRIC_REPRESENTATION_CONTEXT() REPRESENTATION_CONTEXT('2D SPACE',''
  ) );
#1663 = ADVANCED_FACE('',(#1664),#246,.F.);
#1664 = FACE_BOUND('',#1665,.F.);
#1665 = EDGE_LOOP('',(#1666,#1667,#1690,#1712));
#1666 = ORIENTED_EDGE('',*,*,#227,.F.);
#1667 = ORIENTED_EDGE('',*,*,#1668,.T.);
#1668 = EDGE_CURVE('',#202,#1669,#1671,.T.);
#1669 = VERTEX_POINT('',#1670);
#1670 = CARTESIAN_POINT('',(725.62857142857,9.,1.6));
#1671 = SURFACE_CURVE('',#1672,(#1676,#1683),.PCURVE_S1.);
#1672 = LINE('',#1673,#1674);
#1673 = CARTESIAN_POINT('',(725.62857142857,9.,-1.6));
#1674 = VECTOR('',#1675,1.);
#1675 = DIRECTION('',(0.,0.,1.));
#1676 = PCURVE('',#246,#1677);
#1677 = DEFINITIONAL_REPRESENTATION('',(#1678),#1682);
#1678 = LINE('',#1679,#1680);
#1679 = CARTESIAN_POINT('',(0.,0.));
#1680 = VECTOR('',#1681,1.);
#1681 = DIRECTION('',(0.,-1.));
#1682 = ( GEOMETRIC_REPRESENTATION_CONTEXT(2) 
PARAMETRIC_REPRESENTATION_CONTEXT() REPRESENTATION_CONTEXT('2D SPACE',''
  ) );
#1683 = PCURVE('',#216,#1684);
#1684 = DEFINITIONAL_REPRESENTATION('',(#1685),#1689);
#1685 = LINE('',#1686,#1687);
#1686 = CARTESIAN_POINT('',(2.,0.));
#1687 = VECTOR('',#1688,1.);
#1688 = DIRECTION('',(0.,-1.));
#1689 = ( GEOMETRIC_REPRESENTATION_CONTEXT(2) 
PARAMETRIC_REPRESENTATION_CONTEXT() REPRESENTATION_CONTEXT('2D SPACE',''
  ) );
#1690 = ORIENTED_EDGE('',*,*,#1691,.T.);
#1691 = EDGE_CURVE('',#1669,#1600,#1692,.T.);
#1692 = SURFACE_CURVE('',#1693,(#1698,#1705),.PCURVE_S1.);
#1693 = CIRCLE('',#1694,2.3);
#1694 = AXIS2_PLACEMENT_3D('',#1695,#1696,#1697);
#1695 = CARTESIAN_POINT('',(723.32857142857,9.,1.6));
#1696 = DIRECTION('',(0.,-0.,-1.));
#1697 = DIRECTION('',(1.,-1.110223024625E-16,0.));
#1698 = PCURVE('',#246,#1699);
#1699 = DEFINITIONAL_REPRESENTATION('',(#1700),#1704);
#1700 = LINE('',#1701,#1702);
#1701 = CARTESIAN_POINT('',(0.,-3.2));
#1702 = VECTOR('',#1703,1.);
#1703 = DIRECTION('',(1.,0.));
#1704 = ( GEOMETRIC_REPRESENTATION_CONTEXT(2) 
PARAMETRIC_REPRESENTATION_CONTEXT() REPRESENTATION_CONTEXT('2D SPACE',''
  ) );
#1705 = PCURVE('',#999,#1706);
#1706 = DEFINITIONAL_REPRESENTATION('',(#1707),#1711);
#1707 = CIRCLE('',#1708,2.3);
#1708 = AXIS2_PLACEMENT_2D('',#1709,#1710);
#1709 = CARTESIAN_POINT('',(9.4,-723.3285714285));
#1710 = DIRECTION('',(1.110223024625E-16,-1.));
#1711 = ( GEOMETRIC_REPRESENTATION_CONTEXT(2) 
PARAMETRIC_REPRESENTATION_CONTEXT() REPRESENTATION_CONTEXT('2D SPACE',''
  ) );
#1712 = ORIENTED_EDGE('',*,*,#1599,.F.);
#1713 = ADVANCED_FACE('',(#1714),#216,.F.);
#1714 = FACE_BOUND('',#1715,.F.);
#1715 = EDGE_LOOP('',(#1716,#1717,#1740,#1759));
#1716 = ORIENTED_EDGE('',*,*,#201,.T.);
#1717 = ORIENTED_EDGE('',*,*,#1718,.T.);
#1718 = EDGE_CURVE('',#169,#1719,#1721,.T.);
#1719 = VERTEX_POINT('',#1720);
#1720 = CARTESIAN_POINT('',(725.62857142857,11.,1.6));
#1721 = SURFACE_CURVE('',#1722,(#1726,#1733),.PCURVE_S1.);
#1722 = LINE('',#1723,#1724);
#1723 = CARTESIAN_POINT('',(725.62857142857,11.,-1.6));
#1724 = VECTOR('',#1725,1.);
#1725 = DIRECTION('',(0.,0.,1.));
#1726 = PCURVE('',#216,#1727);
#1727 = DEFINITIONAL_REPRESENTATION('',(#1728),#1732);
#1728 = LINE('',#1729,#1730);
#1729 = CARTESIAN_POINT('',(0.,0.));
#1730 = VECTOR('',#1731,1.);
#1731 = DIRECTION('',(0.,-1.));
#1732 = ( GEOMETRIC_REPRESENTATION_CONTEXT(2) 
PARAMETRIC_REPRESENTATION_CONTEXT() REPRESENTATION_CONTEXT('2D SPACE',''
  ) );
#1733 = PCURVE('',#189,#1734);
#1734 = DEFINITIONAL_REPRESENTATION('',(#1735),#1739);
#1735 = LINE('',#1736,#1737);
#1736 = CARTESIAN_POINT('',(3.14159265359,0.));
#1737 = VECTOR('',#1738,1.);
#1738 = DIRECTION('',(0.,-1.));
#1739 = ( GEOMETRIC_REPRESENTATION_CONTEXT(2) 
PARAMETRIC_REPRESENTATION_CONTEXT() REPRESENTATION_CONTEXT('2D SPACE',''
  ) );
#1740 = ORIENTED_EDGE('',*,*,#1741,.T.);
#1741 = EDGE_CURVE('',#1719,#1669,#1742,.T.);
#1742 = SURFACE_CURVE('',#1743,(#1747,#1753),.PCURVE_S1.);
#1743 = LINE('',#1744,#1745);
#1744 = CARTESIAN_POINT('',(725.62857142857,14.7,1.6));
#1745 = VECTOR('',#1746,1.);
#1746 = DIRECTION('',(-1.110223024625E-16,-1.,-0.));
#1747 = PCURVE('',#216,#1748);
#1748 = DEFINITIONAL_REPRESENTATION('',(#1749),#1752);
#1749 = B_SPLINE_CURVE_WITH_KNOTS('',1,(#1750,#1751),.UNSPECIFIED.,.F.,
  .F.,(2,2),(3.7,5.7),.PIECEWISE_BEZIER_KNOTS.);
#1750 = CARTESIAN_POINT('',(0.,-3.2));
#1751 = CARTESIAN_POINT('',(2.,-3.2));
#1752 = ( GEOMETRIC_REPRESENTATION_CONTEXT(2) 
PARAMETRIC_REPRESENTATION_CONTEXT() REPRESENTATION_CONTEXT('2D SPACE',''
  ) );
#1753 = PCURVE('',#999,#1754);
#1754 = DEFINITIONAL_REPRESENTATION('',(#1755),#1758);
#1755 = B_SPLINE_CURVE_WITH_KNOTS('',1,(#1756,#1757),.UNSPECIFIED.,.F.,
  .F.,(2,2),(3.7,5.7),.PIECEWISE_BEZIER_KNOTS.);
#1756 = CARTESIAN_POINT('',(7.4,-725.6285714285));
#1757 = CARTESIAN_POINT('',(9.4,-725.6285714285));
#1758 = ( GEOMETRIC_REPRESENTATION_CONTEXT(2) 
PARAMETRIC_REPRESENTATION_CONTEXT() REPRESENTATION_CONTEXT('2D SPACE',''
  ) );
#1759 = ORIENTED_EDGE('',*,*,#1668,.F.);
#1760 = ADVANCED_FACE('',(#1761),#189,.F.);
#1761 = FACE_BOUND('',#1762,.F.);
#1762 = EDGE_LOOP('',(#1763,#1764,#1765,#1787));
#1763 = ORIENTED_EDGE('',*,*,#168,.F.);
#1764 = ORIENTED_EDGE('',*,*,#1643,.T.);
#1765 = ORIENTED_EDGE('',*,*,#1766,.T.);
#1766 = EDGE_CURVE('',#1623,#1719,#1767,.T.);
#1767 = SURFACE_CURVE('',#1768,(#1773,#1780),.PCURVE_S1.);
#1768 = CIRCLE('',#1769,2.3);
#1769 = AXIS2_PLACEMENT_3D('',#1770,#1771,#1772);
#1770 = CARTESIAN_POINT('',(723.32857142857,11.,1.6));
#1771 = DIRECTION('',(0.,0.,-1.));
#1772 = DIRECTION('',(-1.,1.110223024625E-16,0.));
#1773 = PCURVE('',#189,#1774);
#1774 = DEFINITIONAL_REPRESENTATION('',(#1775),#1779);
#1775 = LINE('',#1776,#1777);
#1776 = CARTESIAN_POINT('',(0.,-3.2));
#1777 = VECTOR('',#1778,1.);
#1778 = DIRECTION('',(1.,0.));
#1779 = ( GEOMETRIC_REPRESENTATION_CONTEXT(2) 
PARAMETRIC_REPRESENTATION_CONTEXT() REPRESENTATION_CONTEXT('2D SPACE',''
  ) );
#1780 = PCURVE('',#999,#1781);
#1781 = DEFINITIONAL_REPRESENTATION('',(#1782),#1786);
#1782 = CIRCLE('',#1783,2.3);
#1783 = AXIS2_PLACEMENT_2D('',#1784,#1785);
#1784 = CARTESIAN_POINT('',(7.4,-723.3285714285));
#1785 = DIRECTION('',(-1.110223024625E-16,1.));
#1786 = ( GEOMETRIC_REPRESENTATION_CONTEXT(2) 
PARAMETRIC_REPRESENTATION_CONTEXT() REPRESENTATION_CONTEXT('2D SPACE',''
  ) );
#1787 = ORIENTED_EDGE('',*,*,#1718,.F.);
#1788 = ADVANCED_FACE('',(#1789),#277,.F.);
#1789 = FACE_BOUND('',#1790,.F.);
#1790 = EDGE_LOOP('',(#1791,#1792,#1815,#1836));
#1791 = ORIENTED_EDGE('',*,*,#260,.T.);
#1792 = ORIENTED_EDGE('',*,*,#1793,.T.);
#1793 = EDGE_CURVE('',#263,#1794,#1796,.T.);
#1794 = VERTEX_POINT('',#1795);
#1795 = CARTESIAN_POINT('',(619.88571428571,9.,1.6));
#1796 = SURFACE_CURVE('',#1797,(#1801,#1808),.PCURVE_S1.);
#1797 = LINE('',#1798,#1799);
#1798 = CARTESIAN_POINT('',(619.88571428571,9.,-1.6));
#1799 = VECTOR('',#1800,1.);
#1800 = DIRECTION('',(0.,0.,1.));
#1801 = PCURVE('',#277,#1802);
#1802 = DEFINITIONAL_REPRESENTATION('',(#1803),#1807);
#1803 = LINE('',#1804,#1805);
#1804 = CARTESIAN_POINT('',(0.,0.));
#1805 = VECTOR('',#1806,1.);
#1806 = DIRECTION('',(0.,-1.));
#1807 = ( GEOMETRIC_REPRESENTATION_CONTEXT(2) 
PARAMETRIC_REPRESENTATION_CONTEXT() REPRESENTATION_CONTEXT('2D SPACE',''
  ) );
#1808 = PCURVE('',#366,#1809);
#1809 = DEFINITIONAL_REPRESENTATION('',(#1810),#1814);
#1810 = LINE('',#1811,#1812);
#1811 = CARTESIAN_POINT('',(3.14159265359,0.));
#1812 = VECTOR('',#1813,1.);
#1813 = DIRECTION('',(0.,-1.));
#1814 = ( GEOMETRIC_REPRESENTATION_CONTEXT(2) 
PARAMETRIC_REPRESENTATION_CONTEXT() REPRESENTATION_CONTEXT('2D SPACE',''
  ) );
#1815 = ORIENTED_EDGE('',*,*,#1816,.T.);
#1816 = EDGE_CURVE('',#1794,#1817,#1819,.T.);
#1817 = VERTEX_POINT('',#1818);
#1818 = CARTESIAN_POINT('',(619.88571428571,11.,1.6));
#1819 = SURFACE_CURVE('',#1820,(#1824,#1830),.PCURVE_S1.);
#1820 = LINE('',#1821,#1822);
#1821 = CARTESIAN_POINT('',(619.88571428571,13.7,1.6));
#1822 = VECTOR('',#1823,1.);
#1823 = DIRECTION('',(1.110223024625E-16,1.,0.));
#1824 = PCURVE('',#277,#1825);
#1825 = DEFINITIONAL_REPRESENTATION('',(#1826),#1829);
#1826 = B_SPLINE_CURVE_WITH_KNOTS('',1,(#1827,#1828),.UNSPECIFIED.,.F.,
  .F.,(2,2),(-4.7,-2.7),.PIECEWISE_BEZIER_KNOTS.);
#1827 = CARTESIAN_POINT('',(0.,-3.2));
#1828 = CARTESIAN_POINT('',(2.,-3.2));
#1829 = ( GEOMETRIC_REPRESENTATION_CONTEXT(2) 
PARAMETRIC_REPRESENTATION_CONTEXT() REPRESENTATION_CONTEXT('2D SPACE',''
  ) );
#1830 = PCURVE('',#999,#1831);
#1831 = DEFINITIONAL_REPRESENTATION('',(#1832),#1835);
#1832 = B_SPLINE_CURVE_WITH_KNOTS('',1,(#1833,#1834),.UNSPECIFIED.,.F.,
  .F.,(2,2),(-4.7,-2.7),.PIECEWISE_BEZIER_KNOTS.);
#1833 = CARTESIAN_POINT('',(9.4,-619.8857142857));
#1834 = CARTESIAN_POINT('',(7.4,-619.8857142857));
#1835 = ( GEOMETRIC_REPRESENTATION_CONTEXT(2) 
PARAMETRIC_REPRESENTATION_CONTEXT() REPRESENTATION_CONTEXT('2D SPACE',''
  ) );
#1836 = ORIENTED_EDGE('',*,*,#1837,.F.);
#1837 = EDGE_CURVE('',#261,#1817,#1838,.T.);
#1838 = SURFACE_CURVE('',#1839,(#1843,#1850),.PCURVE_S1.);
#1839 = LINE('',#1840,#1841);
#1840 = CARTESIAN_POINT('',(619.88571428571,11.,-1.6));
#1841 = VECTOR('',#1842,1.);
#1842 = DIRECTION('',(0.,0.,1.));
#1843 = PCURVE('',#277,#1844);
#1844 = DEFINITIONAL_REPRESENTATION('',(#1845),#1849);
#1845 = LINE('',#1846,#1847);
#1846 = CARTESIAN_POINT('',(2.,0.));
#1847 = VECTOR('',#1848,1.);
#1848 = DIRECTION('',(0.,-1.));
#1849 = ( GEOMETRIC_REPRESENTATION_CONTEXT(2) 
PARAMETRIC_REPRESENTATION_CONTEXT() REPRESENTATION_CONTEXT('2D SPACE',''
  ) );
#1850 = PCURVE('',#309,#1851);
#1851 = DEFINITIONAL_REPRESENTATION('',(#1852),#1856);
#1852 = LINE('',#1853,#1854);
#1853 = CARTESIAN_POINT('',(0.,0.));
#1854 = VECTOR('',#1855,1.);
#1855 = DIRECTION('',(0.,-1.));
#1856 = ( GEOMETRIC_REPRESENTATION_CONTEXT(2) 
PARAMETRIC_REPRESENTATION_CONTEXT() REPRESENTATION_CONTEXT('2D SPACE',''
  ) );
#1857 = ADVANCED_FACE('',(#1858),#309,.F.);
#1858 = FACE_BOUND('',#1859,.F.);
#1859 = EDGE_LOOP('',(#1860,#1861,#1862,#1886));
#1860 = ORIENTED_EDGE('',*,*,#288,.F.);
#1861 = ORIENTED_EDGE('',*,*,#1837,.T.);
#1862 = ORIENTED_EDGE('',*,*,#1863,.T.);
#1863 = EDGE_CURVE('',#1817,#1864,#1866,.T.);
#1864 = VERTEX_POINT('',#1865);
#1865 = CARTESIAN_POINT('',(624.48571428571,11.,1.6));
#1866 = SURFACE_CURVE('',#1867,(#1872,#1879),.PCURVE_S1.);
#1867 = CIRCLE('',#1868,2.3);
#1868 = AXIS2_PLACEMENT_3D('',#1869,#1870,#1871);
#1869 = CARTESIAN_POINT('',(622.18571428571,11.,1.6));
#1870 = DIRECTION('',(0.,0.,-1.));
#1871 = DIRECTION('',(-1.,1.110223024625E-16,0.));
#1872 = PCURVE('',#309,#1873);
#1873 = DEFINITIONAL_REPRESENTATION('',(#1874),#1878);
#1874 = LINE('',#1875,#1876);
#1875 = CARTESIAN_POINT('',(0.,-3.2));
#1876 = VECTOR('',#1877,1.);
#1877 = DIRECTION('',(1.,0.));
#1878 = ( GEOMETRIC_REPRESENTATION_CONTEXT(2) 
PARAMETRIC_REPRESENTATION_CONTEXT() REPRESENTATION_CONTEXT('2D SPACE',''
  ) );
#1879 = PCURVE('',#999,#1880);
#1880 = DEFINITIONAL_REPRESENTATION('',(#1881),#1885);
#1881 = CIRCLE('',#1882,2.3);
#1882 = AXIS2_PLACEMENT_2D('',#1883,#1884);
#1883 = CARTESIAN_POINT('',(7.4,-622.1857142857));
#1884 = DIRECTION('',(-1.110223024625E-16,1.));
#1885 = ( GEOMETRIC_REPRESENTATION_CONTEXT(2) 
PARAMETRIC_REPRESENTATION_CONTEXT() REPRESENTATION_CONTEXT('2D SPACE',''
  ) );
#1886 = ORIENTED_EDGE('',*,*,#1887,.F.);
#1887 = EDGE_CURVE('',#289,#1864,#1888,.T.);
#1888 = SURFACE_CURVE('',#1889,(#1893,#1900),.PCURVE_S1.);
#1889 = LINE('',#1890,#1891);
#1890 = CARTESIAN_POINT('',(624.48571428571,11.,-1.6));
#1891 = VECTOR('',#1892,1.);
#1892 = DIRECTION('',(0.,0.,1.));
#1893 = PCURVE('',#309,#1894);
#1894 = DEFINITIONAL_REPRESENTATION('',(#1895),#1899);
#1895 = LINE('',#1896,#1897);
#1896 = CARTESIAN_POINT('',(3.14159265359,0.));
#1897 = VECTOR('',#1898,1.);
#1898 = DIRECTION('',(0.,-1.));
#1899 = ( GEOMETRIC_REPRESENTATION_CONTEXT(2) 
PARAMETRIC_REPRESENTATION_CONTEXT() REPRESENTATION_CONTEXT('2D SPACE',''
  ) );
#1900 = PCURVE('',#336,#1901);
#1901 = DEFINITIONAL_REPRESENTATION('',(#1902),#1906);
#1902 = LINE('',#1903,#1904);
#1903 = CARTESIAN_POINT('',(0.,0.));
#1904 = VECTOR('',#1905,1.);
#1905 = DIRECTION('',(0.,-1.));
#1906 = ( GEOMETRIC_REPRESENTATION_CONTEXT(2) 
PARAMETRIC_REPRESENTATION_CONTEXT() REPRESENTATION_CONTEXT('2D SPACE',''
  ) );
#1907 = ADVANCED_FACE('',(#1908),#366,.F.);
#1908 = FACE_BOUND('',#1909,.F.);
#1909 = EDGE_LOOP('',(#1910,#1911,#1934,#1956));
#1910 = ORIENTED_EDGE('',*,*,#347,.F.);
#1911 = ORIENTED_EDGE('',*,*,#1912,.T.);
#1912 = EDGE_CURVE('',#322,#1913,#1915,.T.);
#1913 = VERTEX_POINT('',#1914);
#1914 = CARTESIAN_POINT('',(624.48571428571,9.,1.6));
#1915 = SURFACE_CURVE('',#1916,(#1920,#1927),.PCURVE_S1.);
#1916 = LINE('',#1917,#1918);
#1917 = CARTESIAN_POINT('',(624.48571428571,9.,-1.6));
#1918 = VECTOR('',#1919,1.);
#1919 = DIRECTION('',(0.,0.,1.));
#1920 = PCURVE('',#366,#1921);
#1921 = DEFINITIONAL_REPRESENTATION('',(#1922),#1926);
#1922 = LINE('',#1923,#1924);
#1923 = CARTESIAN_POINT('',(0.,0.));
#1924 = VECTOR('',#1925,1.);
#1925 = DIRECTION('',(0.,-1.));
#1926 = ( GEOMETRIC_REPRESENTATION_CONTEXT(2) 
PARAMETRIC_REPRESENTATION_CONTEXT() REPRESENTATION_CONTEXT('2D SPACE',''
  ) );
#1927 = PCURVE('',#336,#1928);
#1928 = DEFINITIONAL_REPRESENTATION('',(#1929),#1933);
#1929 = LINE('',#1930,#1931);
#1930 = CARTESIAN_POINT('',(2.,0.));
#1931 = VECTOR('',#1932,1.);
#1932 = DIRECTION('',(0.,-1.));
#1933 = ( GEOMETRIC_REPRESENTATION_CONTEXT(2) 
PARAMETRIC_REPRESENTATION_CONTEXT() REPRESENTATION_CONTEXT('2D SPACE',''
  ) );
#1934 = ORIENTED_EDGE('',*,*,#1935,.T.);
#1935 = EDGE_CURVE('',#1913,#1794,#1936,.T.);
#1936 = SURFACE_CURVE('',#1937,(#1942,#1949),.PCURVE_S1.);
#1937 = CIRCLE('',#1938,2.3);
#1938 = AXIS2_PLACEMENT_3D('',#1939,#1940,#1941);
#1939 = CARTESIAN_POINT('',(622.18571428571,9.,1.6));
#1940 = DIRECTION('',(0.,-0.,-1.));
#1941 = DIRECTION('',(1.,-1.110223024625E-16,0.));
#1942 = PCURVE('',#366,#1943);
#1943 = DEFINITIONAL_REPRESENTATION('',(#1944),#1948);
#1944 = LINE('',#1945,#1946);
#1945 = CARTESIAN_POINT('',(0.,-3.2));
#1946 = VECTOR('',#1947,1.);
#1947 = DIRECTION('',(1.,0.));
#1948 = ( GEOMETRIC_REPRESENTATION_CONTEXT(2) 
PARAMETRIC_REPRESENTATION_CONTEXT() REPRESENTATION_CONTEXT('2D SPACE',''
  ) );
#1949 = PCURVE('',#999,#1950);
#1950 = DEFINITIONAL_REPRESENTATION('',(#1951),#1955);
#1951 = CIRCLE('',#1952,2.3);
#1952 = AXIS2_PLACEMENT_2D('',#1953,#1954);
#1953 = CARTESIAN_POINT('',(9.4,-622.1857142857));
#1954 = DIRECTION('',(1.110223024625E-16,-1.));
#1955 = ( GEOMETRIC_REPRESENTATION_CONTEXT(2) 
PARAMETRIC_REPRESENTATION_CONTEXT() REPRESENTATION_CONTEXT('2D SPACE',''
  ) );
#1956 = ORIENTED_EDGE('',*,*,#1793,.F.);
#1957 = ADVANCED_FACE('',(#1958),#336,.F.);
#1958 = FACE_BOUND('',#1959,.F.);
#1959 = EDGE_LOOP('',(#1960,#1961,#1962,#1981));
#1960 = ORIENTED_EDGE('',*,*,#321,.T.);
#1961 = ORIENTED_EDGE('',*,*,#1887,.T.);
#1962 = ORIENTED_EDGE('',*,*,#1963,.T.);
#1963 = EDGE_CURVE('',#1864,#1913,#1964,.T.);
#1964 = SURFACE_CURVE('',#1965,(#1969,#1975),.PCURVE_S1.);
#1965 = LINE('',#1966,#1967);
#1966 = CARTESIAN_POINT('',(624.48571428571,14.7,1.6));
#1967 = VECTOR('',#1968,1.);
#1968 = DIRECTION('',(-1.110223024625E-16,-1.,-0.));
#1969 = PCURVE('',#336,#1970);
#1970 = DEFINITIONAL_REPRESENTATION('',(#1971),#1974);
#1971 = B_SPLINE_CURVE_WITH_KNOTS('',1,(#1972,#1973),.UNSPECIFIED.,.F.,
  .F.,(2,2),(3.7,5.7),.PIECEWISE_BEZIER_KNOTS.);
#1972 = CARTESIAN_POINT('',(0.,-3.2));
#1973 = CARTESIAN_POINT('',(2.,-3.2));
#1974 = ( GEOMETRIC_REPRESENTATION_CONTEXT(2) 
PARAMETRIC_REPRESENTATION_CONTEXT() REPRESENTATION_CONTEXT('2D SPACE',''
  ) );
#1975 = PCURVE('',#999,#1976);
#1976 = DEFINITIONAL_REPRESENTATION('',(#1977),#1980);
#1977 = B_SPLINE_CURVE_WITH_KNOTS('',1,(#1978,#1979),.UNSPECIFIED.,.F.,
  .F.,(2,2),(3.7,5.7),.PIECEWISE_BEZIER_KNOTS.);
#1978 = CARTESIAN_POINT('',(7.4,-624.4857142857));
#1979 = CARTESIAN_POINT('',(9.4,-624.4857142857));
#1980 = ( GEOMETRIC_REPRESENTATION_CONTEXT(2) 
PARAMETRIC_REPRESENTATION_CONTEXT() REPRESENTATION_CONTEXT('2D SPACE',''
  ) );
#1981 = ORIENTED_EDGE('',*,*,#1912,.F.);
#1982 = ADVANCED_FACE('',(#1983),#397,.F.);
#1983 = FACE_BOUND('',#1984,.F.);
#1984 = EDGE_LOOP('',(#1985,#1986,#2009,#2030));
#1985 = ORIENTED_EDGE('',*,*,#380,.T.);
#1986 = ORIENTED_EDGE('',*,*,#1987,.T.);
#1987 = EDGE_CURVE('',#383,#1988,#1990,.T.);
#1988 = VERTEX_POINT('',#1989);
#1989 = CARTESIAN_POINT('',(518.74285714285,9.,1.6));
#1990 = SURFACE_CURVE('',#1991,(#1995,#2002),.PCURVE_S1.);
#1991 = LINE('',#1992,#1993);
#1992 = CARTESIAN_POINT('',(518.74285714285,9.,-1.6));
#1993 = VECTOR('',#1994,1.);
#1994 = DIRECTION('',(0.,0.,1.));
#1995 = PCURVE('',#397,#1996);
#1996 = DEFINITIONAL_REPRESENTATION('',(#1997),#2001);
#1997 = LINE('',#1998,#1999);
#1998 = CARTESIAN_POINT('',(0.,0.));
#1999 = VECTOR('',#2000,1.);
#2000 = DIRECTION('',(0.,-1.));
#2001 = ( GEOMETRIC_REPRESENTATION_CONTEXT(2) 
PARAMETRIC_REPRESENTATION_CONTEXT() REPRESENTATION_CONTEXT('2D SPACE',''
  ) );
#2002 = PCURVE('',#486,#2003);
#2003 = DEFINITIONAL_REPRESENTATION('',(#2004),#2008);
#2004 = LINE('',#2005,#2006);
#2005 = CARTESIAN_POINT('',(3.14159265359,0.));
#2006 = VECTOR('',#2007,1.);
#2007 = DIRECTION('',(0.,-1.));
#2008 = ( GEOMETRIC_REPRESENTATION_CONTEXT(2) 
PARAMETRIC_REPRESENTATION_CONTEXT() REPRESENTATION_CONTEXT('2D SPACE',''
  ) );
#2009 = ORIENTED_EDGE('',*,*,#2010,.T.);
#2010 = EDGE_CURVE('',#1988,#2011,#2013,.T.);
#2011 = VERTEX_POINT('',#2012);
#2012 = CARTESIAN_POINT('',(518.74285714285,11.,1.6));
#2013 = SURFACE_CURVE('',#2014,(#2018,#2024),.PCURVE_S1.);
#2014 = LINE('',#2015,#2016);
#2015 = CARTESIAN_POINT('',(518.74285714285,13.7,1.6));
#2016 = VECTOR('',#2017,1.);
#2017 = DIRECTION('',(1.110223024625E-16,1.,0.));
#2018 = PCURVE('',#397,#2019);
#2019 = DEFINITIONAL_REPRESENTATION('',(#2020),#2023);
#2020 = B_SPLINE_CURVE_WITH_KNOTS('',1,(#2021,#2022),.UNSPECIFIED.,.F.,
  .F.,(2,2),(-4.7,-2.7),.PIECEWISE_BEZIER_KNOTS.);
#2021 = CARTESIAN_POINT('',(0.,-3.2));
#2022 = CARTESIAN_POINT('',(2.,-3.2));
#2023 = ( GEOMETRIC_REPRESENTATION_CONTEXT(2) 
PARAMETRIC_REPRESENTATION_CONTEXT() REPRESENTATION_CONTEXT('2D SPACE',''
  ) );
#2024 = PCURVE('',#999,#2025);
#2025 = DEFINITIONAL_REPRESENTATION('',(#2026),#2029);
#2026 = B_SPLINE_CURVE_WITH_KNOTS('',1,(#2027,#2028),.UNSPECIFIED.,.F.,
  .F.,(2,2),(-4.7,-2.7),.PIECEWISE_BEZIER_KNOTS.);
#2027 = CARTESIAN_POINT('',(9.4,-518.7428571428));
#2028 = CARTESIAN_POINT('',(7.4,-518.7428571428));
#2029 = ( GEOMETRIC_REPRESENTATION_CONTEXT(2) 
PARAMETRIC_REPRESENTATION_CONTEXT() REPRESENTATION_CONTEXT('2D SPACE',''
  ) );
#2030 = ORIENTED_EDGE('',*,*,#2031,.F.);
#2031 = EDGE_CURVE('',#381,#2011,#2032,.T.);
#2032 = SURFACE_CURVE('',#2033,(#2037,#2044),.PCURVE_S1.);
#2033 = LINE('',#2034,#2035);
#2034 = CARTESIAN_POINT('',(518.74285714285,11.,-1.6));
#2035 = VECTOR('',#2036,1.);
#2036 = DIRECTION('',(0.,0.,1.));
#2037 = PCURVE('',#397,#2038);
#2038 = DEFINITIONAL_REPRESENTATION('',(#2039),#2043);
#2039 = LINE('',#2040,#2041);
#2040 = CARTESIAN_POINT('',(2.,0.));
#2041 = VECTOR('',#2042,1.);
#2042 = DIRECTION('',(0.,-1.));
#2043 = ( GEOMETRIC_REPRESENTATION_CONTEXT(2) 
PARAMETRIC_REPRESENTATION_CONTEXT() REPRESENTATION_CONTEXT('2D SPACE',''
  ) );
#2044 = PCURVE('',#429,#2045);
#2045 = DEFINITIONAL_REPRESENTATION('',(#2046),#2050);
#2046 = LINE('',#2047,#2048);
#2047 = CARTESIAN_POINT('',(0.,0.));
#2048 = VECTOR('',#2049,1.);
#2049 = DIRECTION('',(0.,-1.));
#2050 = ( GEOMETRIC_REPRESENTATION_CONTEXT(2) 
PARAMETRIC_REPRESENTATION_CONTEXT() REPRESENTATION_CONTEXT('2D SPACE',''
  ) );
#2051 = ADVANCED_FACE('',(#2052),#429,.F.);
#2052 = FACE_BOUND('',#2053,.F.);
#2053 = EDGE_LOOP('',(#2054,#2055,#2056,#2080));
#2054 = ORIENTED_EDGE('',*,*,#408,.F.);
#2055 = ORIENTED_EDGE('',*,*,#2031,.T.);
#2056 = ORIENTED_EDGE('',*,*,#2057,.T.);
#2057 = EDGE_CURVE('',#2011,#2058,#2060,.T.);
#2058 = VERTEX_POINT('',#2059);
#2059 = CARTESIAN_POINT('',(523.34285714285,11.,1.6));
#2060 = SURFACE_CURVE('',#2061,(#2066,#2073),.PCURVE_S1.);
#2061 = CIRCLE('',#2062,2.3);
#2062 = AXIS2_PLACEMENT_3D('',#2063,#2064,#2065);
#2063 = CARTESIAN_POINT('',(521.04285714285,11.,1.6));
#2064 = DIRECTION('',(0.,0.,-1.));
#2065 = DIRECTION('',(-1.,1.110223024625E-16,0.));
#2066 = PCURVE('',#429,#2067);
#2067 = DEFINITIONAL_REPRESENTATION('',(#2068),#2072);
#2068 = LINE('',#2069,#2070);
#2069 = CARTESIAN_POINT('',(0.,-3.2));
#2070 = VECTOR('',#2071,1.);
#2071 = DIRECTION('',(1.,0.));
#2072 = ( GEOMETRIC_REPRESENTATION_CONTEXT(2) 
PARAMETRIC_REPRESENTATION_CONTEXT() REPRESENTATION_CONTEXT('2D SPACE',''
  ) );
#2073 = PCURVE('',#999,#2074);
#2074 = DEFINITIONAL_REPRESENTATION('',(#2075),#2079);
#2075 = CIRCLE('',#2076,2.3);
#2076 = AXIS2_PLACEMENT_2D('',#2077,#2078);
#2077 = CARTESIAN_POINT('',(7.4,-521.0428571428));
#2078 = DIRECTION('',(-1.110223024625E-16,1.));
#2079 = ( GEOMETRIC_REPRESENTATION_CONTEXT(2) 
PARAMETRIC_REPRESENTATION_CONTEXT() REPRESENTATION_CONTEXT('2D SPACE',''
  ) );
#2080 = ORIENTED_EDGE('',*,*,#2081,.F.);
#2081 = EDGE_CURVE('',#409,#2058,#2082,.T.);
#2082 = SURFACE_CURVE('',#2083,(#2087,#2094),.PCURVE_S1.);
#2083 = LINE('',#2084,#2085);
#2084 = CARTESIAN_POINT('',(523.34285714285,11.,-1.6));
#2085 = VECTOR('',#2086,1.);
#2086 = DIRECTION('',(0.,0.,1.));
#2087 = PCURVE('',#429,#2088);
#2088 = DEFINITIONAL_REPRESENTATION('',(#2089),#2093);
#2089 = LINE('',#2090,#2091);
#2090 = CARTESIAN_POINT('',(3.14159265359,0.));
#2091 = VECTOR('',#2092,1.);
#2092 = DIRECTION('',(0.,-1.));
#2093 = ( GEOMETRIC_REPRESENTATION_CONTEXT(2) 
PARAMETRIC_REPRESENTATION_CONTEXT() REPRESENTATION_CONTEXT('2D SPACE',''
  ) );
#2094 = PCURVE('',#456,#2095);
#2095 = DEFINITIONAL_REPRESENTATION('',(#2096),#2100);
#2096 = LINE('',#2097,#2098);
#2097 = CARTESIAN_POINT('',(0.,0.));
#2098 = VECTOR('',#2099,1.);
#2099 = DIRECTION('',(0.,-1.));
#2100 = ( GEOMETRIC_REPRESENTATION_CONTEXT(2) 
PARAMETRIC_REPRESENTATION_CONTEXT() REPRESENTATION_CONTEXT('2D SPACE',''
  ) );
#2101 = ADVANCED_FACE('',(#2102),#486,.F.);
#2102 = FACE_BOUND('',#2103,.F.);
#2103 = EDGE_LOOP('',(#2104,#2105,#2128,#2150));
#2104 = ORIENTED_EDGE('',*,*,#467,.F.);
#2105 = ORIENTED_EDGE('',*,*,#2106,.T.);
#2106 = EDGE_CURVE('',#442,#2107,#2109,.T.);
#2107 = VERTEX_POINT('',#2108);
#2108 = CARTESIAN_POINT('',(523.34285714285,9.,1.6));
#2109 = SURFACE_CURVE('',#2110,(#2114,#2121),.PCURVE_S1.);
#2110 = LINE('',#2111,#2112);
#2111 = CARTESIAN_POINT('',(523.34285714285,9.,-1.6));
#2112 = VECTOR('',#2113,1.);
#2113 = DIRECTION('',(0.,0.,1.));
#2114 = PCURVE('',#486,#2115);
#2115 = DEFINITIONAL_REPRESENTATION('',(#2116),#2120);
#2116 = LINE('',#2117,#2118);
#2117 = CARTESIAN_POINT('',(0.,0.));
#2118 = VECTOR('',#2119,1.);
#2119 = DIRECTION('',(0.,-1.));
#2120 = ( GEOMETRIC_REPRESENTATION_CONTEXT(2) 
PARAMETRIC_REPRESENTATION_CONTEXT() REPRESENTATION_CONTEXT('2D SPACE',''
  ) );
#2121 = PCURVE('',#456,#2122);
#2122 = DEFINITIONAL_REPRESENTATION('',(#2123),#2127);
#2123 = LINE('',#2124,#2125);
#2124 = CARTESIAN_POINT('',(2.,0.));
#2125 = VECTOR('',#2126,1.);
#2126 = DIRECTION('',(0.,-1.));
#2127 = ( GEOMETRIC_REPRESENTATION_CONTEXT(2) 
PARAMETRIC_REPRESENTATION_CONTEXT() REPRESENTATION_CONTEXT('2D SPACE',''
  ) );
#2128 = ORIENTED_EDGE('',*,*,#2129,.T.);
#2129 = EDGE_CURVE('',#2107,#1988,#2130,.T.);
#2130 = SURFACE_CURVE('',#2131,(#2136,#2143),.PCURVE_S1.);
#2131 = CIRCLE('',#2132,2.3);
#2132 = AXIS2_PLACEMENT_3D('',#2133,#2134,#2135);
#2133 = CARTESIAN_POINT('',(521.04285714285,9.,1.6));
#2134 = DIRECTION('',(0.,-0.,-1.));
#2135 = DIRECTION('',(1.,-1.110223024625E-16,0.));
#2136 = PCURVE('',#486,#2137);
#2137 = DEFINITIONAL_REPRESENTATION('',(#2138),#2142);
#2138 = LINE('',#2139,#2140);
#2139 = CARTESIAN_POINT('',(0.,-3.2));
#2140 = VECTOR('',#2141,1.);
#2141 = DIRECTION('',(1.,0.));
#2142 = ( GEOMETRIC_REPRESENTATION_CONTEXT(2) 
PARAMETRIC_REPRESENTATION_CONTEXT() REPRESENTATION_CONTEXT('2D SPACE',''
  ) );
#2143 = PCURVE('',#999,#2144);
#2144 = DEFINITIONAL_REPRESENTATION('',(#2145),#2149);
#2145 = CIRCLE('',#2146,2.3);
#2146 = AXIS2_PLACEMENT_2D('',#2147,#2148);
#2147 = CARTESIAN_POINT('',(9.4,-521.0428571428));
#2148 = DIRECTION('',(1.110223024625E-16,-1.));
#2149 = ( GEOMETRIC_REPRESENTATION_CONTEXT(2) 
PARAMETRIC_REPRESENTATION_CONTEXT() REPRESENTATION_CONTEXT('2D SPACE',''
  ) );
#2150 = ORIENTED_EDGE('',*,*,#1987,.F.);
#2151 = ADVANCED_FACE('',(#2152),#456,.F.);
#2152 = FACE_BOUND('',#2153,.F.);
#2153 = EDGE_LOOP('',(#2154,#2155,#2156,#2175));
#2154 = ORIENTED_EDGE('',*,*,#441,.T.);
#2155 = ORIENTED_EDGE('',*,*,#2081,.T.);
#2156 = ORIENTED_EDGE('',*,*,#2157,.T.);
#2157 = EDGE_CURVE('',#2058,#2107,#2158,.T.);
#2158 = SURFACE_CURVE('',#2159,(#2163,#2169),.PCURVE_S1.);
#2159 = LINE('',#2160,#2161);
#2160 = CARTESIAN_POINT('',(523.34285714285,14.7,1.6));
#2161 = VECTOR('',#2162,1.);
#2162 = DIRECTION('',(-1.110223024625E-16,-1.,-0.));
#2163 = PCURVE('',#456,#2164);
#2164 = DEFINITIONAL_REPRESENTATION('',(#2165),#2168);
#2165 = B_SPLINE_CURVE_WITH_KNOTS('',1,(#2166,#2167),.UNSPECIFIED.,.F.,
  .F.,(2,2),(3.7,5.7),.PIECEWISE_BEZIER_KNOTS.);
#2166 = CARTESIAN_POINT('',(0.,-3.2));
#2167 = CARTESIAN_POINT('',(2.,-3.2));
#2168 = ( GEOMETRIC_REPRESENTATION_CONTEXT(2) 
PARAMETRIC_REPRESENTATION_CONTEXT() REPRESENTATION_CONTEXT('2D SPACE',''
  ) );
#2169 = PCURVE('',#999,#2170);
#2170 = DEFINITIONAL_REPRESENTATION('',(#2171),#2174);
#2171 = B_SPLINE_CURVE_WITH_KNOTS('',1,(#2172,#2173),.UNSPECIFIED.,.F.,
  .F.,(2,2),(3.7,5.7),.PIECEWISE_BEZIER_KNOTS.);
#2172 = CARTESIAN_POINT('',(7.4,-523.3428571428));
#2173 = CARTESIAN_POINT('',(9.4,-523.3428571428));
#2174 = ( GEOMETRIC_REPRESENTATION_CONTEXT(2) 
PARAMETRIC_REPRESENTATION_CONTEXT() REPRESENTATION_CONTEXT('2D SPACE',''
  ) );
#2175 = ORIENTED_EDGE('',*,*,#2106,.F.);
#2176 = ADVANCED_FACE('',(#2177),#517,.F.);
#2177 = FACE_BOUND('',#2178,.F.);
#2178 = EDGE_LOOP('',(#2179,#2180,#2203,#2224));
#2179 = ORIENTED_EDGE('',*,*,#500,.T.);
#2180 = ORIENTED_EDGE('',*,*,#2181,.T.);
#2181 = EDGE_CURVE('',#503,#2182,#2184,.T.);
#2182 = VERTEX_POINT('',#2183);
#2183 = CARTESIAN_POINT('',(417.6,9.,1.6));
#2184 = SURFACE_CURVE('',#2185,(#2189,#2196),.PCURVE_S1.);
#2185 = LINE('',#2186,#2187);
#2186 = CARTESIAN_POINT('',(417.6,9.,-1.6));
#2187 = VECTOR('',#2188,1.);
#2188 = DIRECTION('',(0.,0.,1.));
#2189 = PCURVE('',#517,#2190);
#2190 = DEFINITIONAL_REPRESENTATION('',(#2191),#2195);
#2191 = LINE('',#2192,#2193);
#2192 = CARTESIAN_POINT('',(0.,0.));
#2193 = VECTOR('',#2194,1.);
#2194 = DIRECTION('',(0.,-1.));
#2195 = ( GEOMETRIC_REPRESENTATION_CONTEXT(2) 
PARAMETRIC_REPRESENTATION_CONTEXT() REPRESENTATION_CONTEXT('2D SPACE',''
  ) );
#2196 = PCURVE('',#606,#2197);
#2197 = DEFINITIONAL_REPRESENTATION('',(#2198),#2202);
#2198 = LINE('',#2199,#2200);
#2199 = CARTESIAN_POINT('',(3.14159265359,0.));
#2200 = VECTOR('',#2201,1.);
#2201 = DIRECTION('',(0.,-1.));
#2202 = ( GEOMETRIC_REPRESENTATION_CONTEXT(2) 
PARAMETRIC_REPRESENTATION_CONTEXT() REPRESENTATION_CONTEXT('2D SPACE',''
  ) );
#2203 = ORIENTED_EDGE('',*,*,#2204,.T.);
#2204 = EDGE_CURVE('',#2182,#2205,#2207,.T.);
#2205 = VERTEX_POINT('',#2206);
#2206 = CARTESIAN_POINT('',(417.6,11.,1.6));
#2207 = SURFACE_CURVE('',#2208,(#2212,#2218),.PCURVE_S1.);
#2208 = LINE('',#2209,#2210);
#2209 = CARTESIAN_POINT('',(417.6,13.7,1.6));
#2210 = VECTOR('',#2211,1.);
#2211 = DIRECTION('',(1.110223024625E-16,1.,0.));
#2212 = PCURVE('',#517,#2213);
#2213 = DEFINITIONAL_REPRESENTATION('',(#2214),#2217);
#2214 = B_SPLINE_CURVE_WITH_KNOTS('',1,(#2215,#2216),.UNSPECIFIED.,.F.,
  .F.,(2,2),(-4.7,-2.7),.PIECEWISE_BEZIER_KNOTS.);
#2215 = CARTESIAN_POINT('',(0.,-3.2));
#2216 = CARTESIAN_POINT('',(2.,-3.2));
#2217 = ( GEOMETRIC_REPRESENTATION_CONTEXT(2) 
PARAMETRIC_REPRESENTATION_CONTEXT() REPRESENTATION_CONTEXT('2D SPACE',''
  ) );
#2218 = PCURVE('',#999,#2219);
#2219 = DEFINITIONAL_REPRESENTATION('',(#2220),#2223);
#2220 = B_SPLINE_CURVE_WITH_KNOTS('',1,(#2221,#2222),.UNSPECIFIED.,.F.,
  .F.,(2,2),(-4.7,-2.7),.PIECEWISE_BEZIER_KNOTS.);
#2221 = CARTESIAN_POINT('',(9.4,-417.6));
#2222 = CARTESIAN_POINT('',(7.4,-417.6));
#2223 = ( GEOMETRIC_REPRESENTATION_CONTEXT(2) 
PARAMETRIC_REPRESENTATION_CONTEXT() REPRESENTATION_CONTEXT('2D SPACE',''
  ) );
#2224 = ORIENTED_EDGE('',*,*,#2225,.F.);
#2225 = EDGE_CURVE('',#501,#2205,#2226,.T.);
#2226 = SURFACE_CURVE('',#2227,(#2231,#2238),.PCURVE_S1.);
#2227 = LINE('',#2228,#2229);
#2228 = CARTESIAN_POINT('',(417.6,11.,-1.6));
#2229 = VECTOR('',#2230,1.);
#2230 = DIRECTION('',(0.,0.,1.));
#2231 = PCURVE('',#517,#2232);
#2232 = DEFINITIONAL_REPRESENTATION('',(#2233),#2237);
#2233 = LINE('',#2234,#2235);
#2234 = CARTESIAN_POINT('',(2.,0.));
#2235 = VECTOR('',#2236,1.);
#2236 = DIRECTION('',(0.,-1.));
#2237 = ( GEOMETRIC_REPRESENTATION_CONTEXT(2) 
PARAMETRIC_REPRESENTATION_CONTEXT() REPRESENTATION_CONTEXT('2D SPACE',''
  ) );
#2238 = PCURVE('',#549,#2239);
#2239 = DEFINITIONAL_REPRESENTATION('',(#2240),#2244);
#2240 = LINE('',#2241,#2242);
#2241 = CARTESIAN_POINT('',(0.,0.));
#2242 = VECTOR('',#2243,1.);
#2243 = DIRECTION('',(0.,-1.));
#2244 = ( GEOMETRIC_REPRESENTATION_CONTEXT(2) 
PARAMETRIC_REPRESENTATION_CONTEXT() REPRESENTATION_CONTEXT('2D SPACE',''
  ) );
#2245 = ADVANCED_FACE('',(#2246),#549,.F.);
#2246 = FACE_BOUND('',#2247,.F.);
#2247 = EDGE_LOOP('',(#2248,#2249,#2250,#2274));
#2248 = ORIENTED_EDGE('',*,*,#528,.F.);
#2249 = ORIENTED_EDGE('',*,*,#2225,.T.);
#2250 = ORIENTED_EDGE('',*,*,#2251,.T.);
#2251 = EDGE_CURVE('',#2205,#2252,#2254,.T.);
#2252 = VERTEX_POINT('',#2253);
#2253 = CARTESIAN_POINT('',(422.2,11.,1.6));
#2254 = SURFACE_CURVE('',#2255,(#2260,#2267),.PCURVE_S1.);
#2255 = CIRCLE('',#2256,2.3);
#2256 = AXIS2_PLACEMENT_3D('',#2257,#2258,#2259);
#2257 = CARTESIAN_POINT('',(419.9,11.,1.6));
#2258 = DIRECTION('',(0.,0.,-1.));
#2259 = DIRECTION('',(-1.,1.110223024625E-16,0.));
#2260 = PCURVE('',#549,#2261);
#2261 = DEFINITIONAL_REPRESENTATION('',(#2262),#2266);
#2262 = LINE('',#2263,#2264);
#2263 = CARTESIAN_POINT('',(0.,-3.2));
#2264 = VECTOR('',#2265,1.);
#2265 = DIRECTION('',(1.,0.));
#2266 = ( GEOMETRIC_REPRESENTATION_CONTEXT(2) 
PARAMETRIC_REPRESENTATION_CONTEXT() REPRESENTATION_CONTEXT('2D SPACE',''
  ) );
#2267 = PCURVE('',#999,#2268);
#2268 = DEFINITIONAL_REPRESENTATION('',(#2269),#2273);
#2269 = CIRCLE('',#2270,2.3);
#2270 = AXIS2_PLACEMENT_2D('',#2271,#2272);
#2271 = CARTESIAN_POINT('',(7.4,-419.9));
#2272 = DIRECTION('',(-1.110223024625E-16,1.));
#2273 = ( GEOMETRIC_REPRESENTATION_CONTEXT(2) 
PARAMETRIC_REPRESENTATION_CONTEXT() REPRESENTATION_CONTEXT('2D SPACE',''
  ) );
#2274 = ORIENTED_EDGE('',*,*,#2275,.F.);
#2275 = EDGE_CURVE('',#529,#2252,#2276,.T.);
#2276 = SURFACE_CURVE('',#2277,(#2281,#2288),.PCURVE_S1.);
#2277 = LINE('',#2278,#2279);
#2278 = CARTESIAN_POINT('',(422.2,11.,-1.6));
#2279 = VECTOR('',#2280,1.);
#2280 = DIRECTION('',(0.,0.,1.));
#2281 = PCURVE('',#549,#2282);
#2282 = DEFINITIONAL_REPRESENTATION('',(#2283),#2287);
#2283 = LINE('',#2284,#2285);
#2284 = CARTESIAN_POINT('',(3.14159265359,0.));
#2285 = VECTOR('',#2286,1.);
#2286 = DIRECTION('',(0.,-1.));
#2287 = ( GEOMETRIC_REPRESENTATION_CONTEXT(2) 
PARAMETRIC_REPRESENTATION_CONTEXT() REPRESENTATION_CONTEXT('2D SPACE',''
  ) );
#2288 = PCURVE('',#576,#2289);
#2289 = DEFINITIONAL_REPRESENTATION('',(#2290),#2294);
#2290 = LINE('',#2291,#2292);
#2291 = CARTESIAN_POINT('',(0.,0.));
#2292 = VECTOR('',#2293,1.);
#2293 = DIRECTION('',(0.,-1.));
#2294 = ( GEOMETRIC_REPRESENTATION_CONTEXT(2) 
PARAMETRIC_REPRESENTATION_CONTEXT() REPRESENTATION_CONTEXT('2D SPACE',''
  ) );
#2295 = ADVANCED_FACE('',(#2296),#606,.F.);
#2296 = FACE_BOUND('',#2297,.F.);
#2297 = EDGE_LOOP('',(#2298,#2299,#2322,#2344));
#2298 = ORIENTED_EDGE('',*,*,#587,.F.);
#2299 = ORIENTED_EDGE('',*,*,#2300,.T.);
#2300 = EDGE_CURVE('',#562,#2301,#2303,.T.);
#2301 = VERTEX_POINT('',#2302);
#2302 = CARTESIAN_POINT('',(422.2,9.,1.6));
#2303 = SURFACE_CURVE('',#2304,(#2308,#2315),.PCURVE_S1.);
#2304 = LINE('',#2305,#2306);
#2305 = CARTESIAN_POINT('',(422.2,9.,-1.6));
#2306 = VECTOR('',#2307,1.);
#2307 = DIRECTION('',(0.,0.,1.));
#2308 = PCURVE('',#606,#2309);
#2309 = DEFINITIONAL_REPRESENTATION('',(#2310),#2314);
#2310 = LINE('',#2311,#2312);
#2311 = CARTESIAN_POINT('',(0.,0.));
#2312 = VECTOR('',#2313,1.);
#2313 = DIRECTION('',(0.,-1.));
#2314 = ( GEOMETRIC_REPRESENTATION_CONTEXT(2) 
PARAMETRIC_REPRESENTATION_CONTEXT() REPRESENTATION_CONTEXT('2D SPACE',''
  ) );
#2315 = PCURVE('',#576,#2316);
#2316 = DEFINITIONAL_REPRESENTATION('',(#2317),#2321);
#2317 = LINE('',#2318,#2319);
#2318 = CARTESIAN_POINT('',(2.,0.));
#2319 = VECTOR('',#2320,1.);
#2320 = DIRECTION('',(0.,-1.));
#2321 = ( GEOMETRIC_REPRESENTATION_CONTEXT(2) 
PARAMETRIC_REPRESENTATION_CONTEXT() REPRESENTATION_CONTEXT('2D SPACE',''
  ) );
#2322 = ORIENTED_EDGE('',*,*,#2323,.T.);
#2323 = EDGE_CURVE('',#2301,#2182,#2324,.T.);
#2324 = SURFACE_CURVE('',#2325,(#2330,#2337),.PCURVE_S1.);
#2325 = CIRCLE('',#2326,2.3);
#2326 = AXIS2_PLACEMENT_3D('',#2327,#2328,#2329);
#2327 = CARTESIAN_POINT('',(419.9,9.,1.6));
#2328 = DIRECTION('',(0.,-0.,-1.));
#2329 = DIRECTION('',(1.,-1.110223024625E-16,0.));
#2330 = PCURVE('',#606,#2331);
#2331 = DEFINITIONAL_REPRESENTATION('',(#2332),#2336);
#2332 = LINE('',#2333,#2334);
#2333 = CARTESIAN_POINT('',(0.,-3.2));
#2334 = VECTOR('',#2335,1.);
#2335 = DIRECTION('',(1.,0.));
#2336 = ( GEOMETRIC_REPRESENTATION_CONTEXT(2) 
PARAMETRIC_REPRESENTATION_CONTEXT() REPRESENTATION_CONTEXT('2D SPACE',''
  ) );
#2337 = PCURVE('',#999,#2338);
#2338 = DEFINITIONAL_REPRESENTATION('',(#2339),#2343);
#2339 = CIRCLE('',#2340,2.3);
#2340 = AXIS2_PLACEMENT_2D('',#2341,#2342);
#2341 = CARTESIAN_POINT('',(9.4,-419.9));
#2342 = DIRECTION('',(1.110223024625E-16,-1.));
#2343 = ( GEOMETRIC_REPRESENTATION_CONTEXT(2) 
PARAMETRIC_REPRESENTATION_CONTEXT() REPRESENTATION_CONTEXT('2D SPACE',''
  ) );
#2344 = ORIENTED_EDGE('',*,*,#2181,.F.);
#2345 = ADVANCED_FACE('',(#2346),#576,.F.);
#2346 = FACE_BOUND('',#2347,.F.);
#2347 = EDGE_LOOP('',(#2348,#2349,#2350,#2369));
#2348 = ORIENTED_EDGE('',*,*,#561,.T.);
#2349 = ORIENTED_EDGE('',*,*,#2275,.T.);
#2350 = ORIENTED_EDGE('',*,*,#2351,.T.);
#2351 = EDGE_CURVE('',#2252,#2301,#2352,.T.);
#2352 = SURFACE_CURVE('',#2353,(#2357,#2363),.PCURVE_S1.);
#2353 = LINE('',#2354,#2355);
#2354 = CARTESIAN_POINT('',(422.2,14.7,1.6));
#2355 = VECTOR('',#2356,1.);
#2356 = DIRECTION('',(-1.110223024625E-16,-1.,-0.));
#2357 = PCURVE('',#576,#2358);
#2358 = DEFINITIONAL_REPRESENTATION('',(#2359),#2362);
#2359 = B_SPLINE_CURVE_WITH_KNOTS('',1,(#2360,#2361),.UNSPECIFIED.,.F.,
  .F.,(2,2),(3.7,5.7),.PIECEWISE_BEZIER_KNOTS.);
#2360 = CARTESIAN_POINT('',(0.,-3.2));
#2361 = CARTESIAN_POINT('',(2.,-3.2));
#2362 = ( GEOMETRIC_REPRESENTATION_CONTEXT(2) 
PARAMETRIC_REPRESENTATION_CONTEXT() REPRESENTATION_CONTEXT('2D SPACE',''
  ) );
#2363 = PCURVE('',#999,#2364);
#2364 = DEFINITIONAL_REPRESENTATION('',(#2365),#2368);
#2365 = B_SPLINE_CURVE_WITH_KNOTS('',1,(#2366,#2367),.UNSPECIFIED.,.F.,
  .F.,(2,2),(3.7,5.7),.PIECEWISE_BEZIER_KNOTS.);
#2366 = CARTESIAN_POINT('',(7.4,-422.2));
#2367 = CARTESIAN_POINT('',(9.4,-422.2));
#2368 = ( GEOMETRIC_REPRESENTATION_CONTEXT(2) 
PARAMETRIC_REPRESENTATION_CONTEXT() REPRESENTATION_CONTEXT('2D SPACE',''
  ) );
#2369 = ORIENTED_EDGE('',*,*,#2300,.F.);
#2370 = ADVANCED_FACE('',(#2371),#637,.F.);
#2371 = FACE_BOUND('',#2372,.F.);
#2372 = EDGE_LOOP('',(#2373,#2374,#2397,#2418));
#2373 = ORIENTED_EDGE('',*,*,#620,.T.);
#2374 = ORIENTED_EDGE('',*,*,#2375,.T.);
#2375 = EDGE_CURVE('',#623,#2376,#2378,.T.);
#2376 = VERTEX_POINT('',#2377);
#2377 = CARTESIAN_POINT('',(316.45714285714,9.,1.6));
#2378 = SURFACE_CURVE('',#2379,(#2383,#2390),.PCURVE_S1.);
#2379 = LINE('',#2380,#2381);
#2380 = CARTESIAN_POINT('',(316.45714285714,9.,-1.6));
#2381 = VECTOR('',#2382,1.);
#2382 = DIRECTION('',(0.,0.,1.));
#2383 = PCURVE('',#637,#2384);
#2384 = DEFINITIONAL_REPRESENTATION('',(#2385),#2389);
#2385 = LINE('',#2386,#2387);
#2386 = CARTESIAN_POINT('',(0.,0.));
#2387 = VECTOR('',#2388,1.);
#2388 = DIRECTION('',(0.,-1.));
#2389 = ( GEOMETRIC_REPRESENTATION_CONTEXT(2) 
PARAMETRIC_REPRESENTATION_CONTEXT() REPRESENTATION_CONTEXT('2D SPACE',''
  ) );
#2390 = PCURVE('',#726,#2391);
#2391 = DEFINITIONAL_REPRESENTATION('',(#2392),#2396);
#2392 = LINE('',#2393,#2394);
#2393 = CARTESIAN_POINT('',(3.14159265359,0.));
#2394 = VECTOR('',#2395,1.);
#2395 = DIRECTION('',(0.,-1.));
#2396 = ( GEOMETRIC_REPRESENTATION_CONTEXT(2) 
PARAMETRIC_REPRESENTATION_CONTEXT() REPRESENTATION_CONTEXT('2D SPACE',''
  ) );
#2397 = ORIENTED_EDGE('',*,*,#2398,.T.);
#2398 = EDGE_CURVE('',#2376,#2399,#2401,.T.);
#2399 = VERTEX_POINT('',#2400);
#2400 = CARTESIAN_POINT('',(316.45714285714,11.,1.6));
#2401 = SURFACE_CURVE('',#2402,(#2406,#2412),.PCURVE_S1.);
#2402 = LINE('',#2403,#2404);
#2403 = CARTESIAN_POINT('',(316.45714285714,13.7,1.6));
#2404 = VECTOR('',#2405,1.);
#2405 = DIRECTION('',(1.110223024625E-16,1.,0.));
#2406 = PCURVE('',#637,#2407);
#2407 = DEFINITIONAL_REPRESENTATION('',(#2408),#2411);
#2408 = B_SPLINE_CURVE_WITH_KNOTS('',1,(#2409,#2410),.UNSPECIFIED.,.F.,
  .F.,(2,2),(-4.7,-2.7),.PIECEWISE_BEZIER_KNOTS.);
#2409 = CARTESIAN_POINT('',(0.,-3.2));
#2410 = CARTESIAN_POINT('',(2.,-3.2));
#2411 = ( GEOMETRIC_REPRESENTATION_CONTEXT(2) 
PARAMETRIC_REPRESENTATION_CONTEXT() REPRESENTATION_CONTEXT('2D SPACE',''
  ) );
#2412 = PCURVE('',#999,#2413);
#2413 = DEFINITIONAL_REPRESENTATION('',(#2414),#2417);
#2414 = B_SPLINE_CURVE_WITH_KNOTS('',1,(#2415,#2416),.UNSPECIFIED.,.F.,
  .F.,(2,2),(-4.7,-2.7),.PIECEWISE_BEZIER_KNOTS.);
#2415 = CARTESIAN_POINT('',(9.4,-316.4571428571));
#2416 = CARTESIAN_POINT('',(7.4,-316.4571428571));
#2417 = ( GEOMETRIC_REPRESENTATION_CONTEXT(2) 
PARAMETRIC_REPRESENTATION_CONTEXT() REPRESENTATION_CONTEXT('2D SPACE',''
  ) );
#2418 = ORIENTED_EDGE('',*,*,#2419,.F.);
#2419 = EDGE_CURVE('',#621,#2399,#2420,.T.);
#2420 = SURFACE_CURVE('',#2421,(#2425,#2432),.PCURVE_S1.);
#2421 = LINE('',#2422,#2423);
#2422 = CARTESIAN_POINT('',(316.45714285714,11.,-1.6));
#2423 = VECTOR('',#2424,1.);
#2424 = DIRECTION('',(0.,0.,1.));
#2425 = PCURVE('',#637,#2426);
#2426 = DEFINITIONAL_REPRESENTATION('',(#2427),#2431);
#2427 = LINE('',#2428,#2429);
#2428 = CARTESIAN_POINT('',(2.,0.));
#2429 = VECTOR('',#2430,1.);
#2430 = DIRECTION('',(0.,-1.));
#2431 = ( GEOMETRIC_REPRESENTATION_CONTEXT(2) 
PARAMETRIC_REPRESENTATION_CONTEXT() REPRESENTATION_CONTEXT('2D SPACE',''
  ) );
#2432 = PCURVE('',#669,#2433);
#2433 = DEFINITIONAL_REPRESENTATION('',(#2434),#2438);
#2434 = LINE('',#2435,#2436);
#2435 = CARTESIAN_POINT('',(0.,0.));
#2436 = VECTOR('',#2437,1.);
#2437 = DIRECTION('',(0.,-1.));
#2438 = ( GEOMETRIC_REPRESENTATION_CONTEXT(2) 
PARAMETRIC_REPRESENTATION_CONTEXT() REPRESENTATION_CONTEXT('2D SPACE',''
  ) );
#2439 = ADVANCED_FACE('',(#2440),#669,.F.);
#2440 = FACE_BOUND('',#2441,.F.);
#2441 = EDGE_LOOP('',(#2442,#2443,#2444,#2468));
#2442 = ORIENTED_EDGE('',*,*,#648,.F.);
#2443 = ORIENTED_EDGE('',*,*,#2419,.T.);
#2444 = ORIENTED_EDGE('',*,*,#2445,.T.);
#2445 = EDGE_CURVE('',#2399,#2446,#2448,.T.);
#2446 = VERTEX_POINT('',#2447);
#2447 = CARTESIAN_POINT('',(321.05714285714,11.,1.6));
#2448 = SURFACE_CURVE('',#2449,(#2454,#2461),.PCURVE_S1.);
#2449 = CIRCLE('',#2450,2.3);
#2450 = AXIS2_PLACEMENT_3D('',#2451,#2452,#2453);
#2451 = CARTESIAN_POINT('',(318.75714285714,11.,1.6));
#2452 = DIRECTION('',(0.,0.,-1.));
#2453 = DIRECTION('',(-1.,1.110223024625E-16,0.));
#2454 = PCURVE('',#669,#2455);
#2455 = DEFINITIONAL_REPRESENTATION('',(#2456),#2460);
#2456 = LINE('',#2457,#2458);
#2457 = CARTESIAN_POINT('',(0.,-3.2));
#2458 = VECTOR('',#2459,1.);
#2459 = DIRECTION('',(1.,0.));
#2460 = ( GEOMETRIC_REPRESENTATION_CONTEXT(2) 
PARAMETRIC_REPRESENTATION_CONTEXT() REPRESENTATION_CONTEXT('2D SPACE',''
  ) );
#2461 = PCURVE('',#999,#2462);
#2462 = DEFINITIONAL_REPRESENTATION('',(#2463),#2467);
#2463 = CIRCLE('',#2464,2.3);
#2464 = AXIS2_PLACEMENT_2D('',#2465,#2466);
#2465 = CARTESIAN_POINT('',(7.4,-318.7571428571));
#2466 = DIRECTION('',(-1.110223024625E-16,1.));
#2467 = ( GEOMETRIC_REPRESENTATION_CONTEXT(2) 
PARAMETRIC_REPRESENTATION_CONTEXT() REPRESENTATION_CONTEXT('2D SPACE',''
  ) );
#2468 = ORIENTED_EDGE('',*,*,#2469,.F.);
#2469 = EDGE_CURVE('',#649,#2446,#2470,.T.);
#2470 = SURFACE_CURVE('',#2471,(#2475,#2482),.PCURVE_S1.);
#2471 = LINE('',#2472,#2473);
#2472 = CARTESIAN_POINT('',(321.05714285714,11.,-1.6));
#2473 = VECTOR('',#2474,1.);
#2474 = DIRECTION('',(0.,0.,1.));
#2475 = PCURVE('',#669,#2476);
#2476 = DEFINITIONAL_REPRESENTATION('',(#2477),#2481);
#2477 = LINE('',#2478,#2479);
#2478 = CARTESIAN_POINT('',(3.14159265359,0.));
#2479 = VECTOR('',#2480,1.);
#2480 = DIRECTION('',(0.,-1.));
#2481 = ( GEOMETRIC_REPRESENTATION_CONTEXT(2) 
PARAMETRIC_REPRESENTATION_CONTEXT() REPRESENTATION_CONTEXT('2D SPACE',''
  ) );
#2482 = PCURVE('',#696,#2483);
#2483 = DEFINITIONAL_REPRESENTATION('',(#2484),#2488);
#2484 = LINE('',#2485,#2486);
#2485 = CARTESIAN_POINT('',(0.,0.));
#2486 = VECTOR('',#2487,1.);
#2487 = DIRECTION('',(0.,-1.));
#2488 = ( GEOMETRIC_REPRESENTATION_CONTEXT(2) 
PARAMETRIC_REPRESENTATION_CONTEXT() REPRESENTATION_CONTEXT('2D SPACE',''
  ) );
#2489 = ADVANCED_FACE('',(#2490),#726,.F.);
#2490 = FACE_BOUND('',#2491,.F.);
#2491 = EDGE_LOOP('',(#2492,#2493,#2516,#2538));
#2492 = ORIENTED_EDGE('',*,*,#707,.F.);
#2493 = ORIENTED_EDGE('',*,*,#2494,.T.);
#2494 = EDGE_CURVE('',#682,#2495,#2497,.T.);
#2495 = VERTEX_POINT('',#2496);
#2496 = CARTESIAN_POINT('',(321.05714285714,9.,1.6));
#2497 = SURFACE_CURVE('',#2498,(#2502,#2509),.PCURVE_S1.);
#2498 = LINE('',#2499,#2500);
#2499 = CARTESIAN_POINT('',(321.05714285714,9.,-1.6));
#2500 = VECTOR('',#2501,1.);
#2501 = DIRECTION('',(0.,0.,1.));
#2502 = PCURVE('',#726,#2503);
#2503 = DEFINITIONAL_REPRESENTATION('',(#2504),#2508);
#2504 = LINE('',#2505,#2506);
#2505 = CARTESIAN_POINT('',(0.,0.));
#2506 = VECTOR('',#2507,1.);
#2507 = DIRECTION('',(0.,-1.));
#2508 = ( GEOMETRIC_REPRESENTATION_CONTEXT(2) 
PARAMETRIC_REPRESENTATION_CONTEXT() REPRESENTATION_CONTEXT('2D SPACE',''
  ) );
#2509 = PCURVE('',#696,#2510);
#2510 = DEFINITIONAL_REPRESENTATION('',(#2511),#2515);
#2511 = LINE('',#2512,#2513);
#2512 = CARTESIAN_POINT('',(2.,0.));
#2513 = VECTOR('',#2514,1.);
#2514 = DIRECTION('',(0.,-1.));
#2515 = ( GEOMETRIC_REPRESENTATION_CONTEXT(2) 
PARAMETRIC_REPRESENTATION_CONTEXT() REPRESENTATION_CONTEXT('2D SPACE',''
  ) );
#2516 = ORIENTED_EDGE('',*,*,#2517,.T.);
#2517 = EDGE_CURVE('',#2495,#2376,#2518,.T.);
#2518 = SURFACE_CURVE('',#2519,(#2524,#2531),.PCURVE_S1.);
#2519 = CIRCLE('',#2520,2.3);
#2520 = AXIS2_PLACEMENT_3D('',#2521,#2522,#2523);
#2521 = CARTESIAN_POINT('',(318.75714285714,9.,1.6));
#2522 = DIRECTION('',(0.,-0.,-1.));
#2523 = DIRECTION('',(1.,-1.110223024625E-16,0.));
#2524 = PCURVE('',#726,#2525);
#2525 = DEFINITIONAL_REPRESENTATION('',(#2526),#2530);
#2526 = LINE('',#2527,#2528);
#2527 = CARTESIAN_POINT('',(0.,-3.2));
#2528 = VECTOR('',#2529,1.);
#2529 = DIRECTION('',(1.,0.));
#2530 = ( GEOMETRIC_REPRESENTATION_CONTEXT(2) 
PARAMETRIC_REPRESENTATION_CONTEXT() REPRESENTATION_CONTEXT('2D SPACE',''
  ) );
#2531 = PCURVE('',#999,#2532);
#2532 = DEFINITIONAL_REPRESENTATION('',(#2533),#2537);
#2533 = CIRCLE('',#2534,2.3);
#2534 = AXIS2_PLACEMENT_2D('',#2535,#2536);
#2535 = CARTESIAN_POINT('',(9.4,-318.7571428571));
#2536 = DIRECTION('',(1.110223024625E-16,-1.));
#2537 = ( GEOMETRIC_REPRESENTATION_CONTEXT(2) 
PARAMETRIC_REPRESENTATION_CONTEXT() REPRESENTATION_CONTEXT('2D SPACE',''
  ) );
#2538 = ORIENTED_EDGE('',*,*,#2375,.F.);
#2539 = ADVANCED_FACE('',(#2540),#696,.F.);
#2540 = FACE_BOUND('',#2541,.F.);
#2541 = EDGE_LOOP('',(#2542,#2543,#2544,#2563));
#2542 = ORIENTED_EDGE('',*,*,#681,.T.);
#2543 = ORIENTED_EDGE('',*,*,#2469,.T.);
#2544 = ORIENTED_EDGE('',*,*,#2545,.T.);
#2545 = EDGE_CURVE('',#2446,#2495,#2546,.T.);
#2546 = SURFACE_CURVE('',#2547,(#2551,#2557),.PCURVE_S1.);
#2547 = LINE('',#2548,#2549);
#2548 = CARTESIAN_POINT('',(321.05714285714,14.7,1.6));
#2549 = VECTOR('',#2550,1.);
#2550 = DIRECTION('',(-1.110223024625E-16,-1.,-0.));
#2551 = PCURVE('',#696,#2552);
#2552 = DEFINITIONAL_REPRESENTATION('',(#2553),#2556);
#2553 = B_SPLINE_CURVE_WITH_KNOTS('',1,(#2554,#2555),.UNSPECIFIED.,.F.,
  .F.,(2,2),(3.7,5.7),.PIECEWISE_BEZIER_KNOTS.);
#2554 = CARTESIAN_POINT('',(0.,-3.2));
#2555 = CARTESIAN_POINT('',(2.,-3.2));
#2556 = ( GEOMETRIC_REPRESENTATION_CONTEXT(2) 
PARAMETRIC_REPRESENTATION_CONTEXT() REPRESENTATION_CONTEXT('2D SPACE',''
  ) );
#2557 = PCURVE('',#999,#2558);
#2558 = DEFINITIONAL_REPRESENTATION('',(#2559),#2562);
#2559 = B_SPLINE_CURVE_WITH_KNOTS('',1,(#2560,#2561),.UNSPECIFIED.,.F.,
  .F.,(2,2),(3.7,5.7),.PIECEWISE_BEZIER_KNOTS.);
#2560 = CARTESIAN_POINT('',(7.4,-321.0571428571));
#2561 = CARTESIAN_POINT('',(9.4,-321.0571428571));
#2562 = ( GEOMETRIC_REPRESENTATION_CONTEXT(2) 
PARAMETRIC_REPRESENTATION_CONTEXT() REPRESENTATION_CONTEXT('2D SPACE',''
  ) );
#2563 = ORIENTED_EDGE('',*,*,#2494,.F.);
#2564 = ADVANCED_FACE('',(#2565),#757,.F.);
#2565 = FACE_BOUND('',#2566,.F.);
#2566 = EDGE_LOOP('',(#2567,#2568,#2591,#2612));
#2567 = ORIENTED_EDGE('',*,*,#740,.T.);
#2568 = ORIENTED_EDGE('',*,*,#2569,.T.);
#2569 = EDGE_CURVE('',#743,#2570,#2572,.T.);
#2570 = VERTEX_POINT('',#2571);
#2571 = CARTESIAN_POINT('',(215.31428571428,9.,1.6));
#2572 = SURFACE_CURVE('',#2573,(#2577,#2584),.PCURVE_S1.);
#2573 = LINE('',#2574,#2575);
#2574 = CARTESIAN_POINT('',(215.31428571428,9.,-1.6));
#2575 = VECTOR('',#2576,1.);
#2576 = DIRECTION('',(0.,0.,1.));
#2577 = PCURVE('',#757,#2578);
#2578 = DEFINITIONAL_REPRESENTATION('',(#2579),#2583);
#2579 = LINE('',#2580,#2581);
#2580 = CARTESIAN_POINT('',(0.,0.));
#2581 = VECTOR('',#2582,1.);
#2582 = DIRECTION('',(0.,-1.));
#2583 = ( GEOMETRIC_REPRESENTATION_CONTEXT(2) 
PARAMETRIC_REPRESENTATION_CONTEXT() REPRESENTATION_CONTEXT('2D SPACE',''
  ) );
#2584 = PCURVE('',#846,#2585);
#2585 = DEFINITIONAL_REPRESENTATION('',(#2586),#2590);
#2586 = LINE('',#2587,#2588);
#2587 = CARTESIAN_POINT('',(3.14159265359,0.));
#2588 = VECTOR('',#2589,1.);
#2589 = DIRECTION('',(0.,-1.));
#2590 = ( GEOMETRIC_REPRESENTATION_CONTEXT(2) 
PARAMETRIC_REPRESENTATION_CONTEXT() REPRESENTATION_CONTEXT('2D SPACE',''
  ) );
#2591 = ORIENTED_EDGE('',*,*,#2592,.T.);
#2592 = EDGE_CURVE('',#2570,#2593,#2595,.T.);
#2593 = VERTEX_POINT('',#2594);
#2594 = CARTESIAN_POINT('',(215.31428571428,11.,1.6));
#2595 = SURFACE_CURVE('',#2596,(#2600,#2606),.PCURVE_S1.);
#2596 = LINE('',#2597,#2598);
#2597 = CARTESIAN_POINT('',(215.31428571428,13.7,1.6));
#2598 = VECTOR('',#2599,1.);
#2599 = DIRECTION('',(1.110223024625E-16,1.,0.));
#2600 = PCURVE('',#757,#2601);
#2601 = DEFINITIONAL_REPRESENTATION('',(#2602),#2605);
#2602 = B_SPLINE_CURVE_WITH_KNOTS('',1,(#2603,#2604),.UNSPECIFIED.,.F.,
  .F.,(2,2),(-4.7,-2.7),.PIECEWISE_BEZIER_KNOTS.);
#2603 = CARTESIAN_POINT('',(0.,-3.2));
#2604 = CARTESIAN_POINT('',(2.,-3.2));
#2605 = ( GEOMETRIC_REPRESENTATION_CONTEXT(2) 
PARAMETRIC_REPRESENTATION_CONTEXT() REPRESENTATION_CONTEXT('2D SPACE',''
  ) );
#2606 = PCURVE('',#999,#2607);
#2607 = DEFINITIONAL_REPRESENTATION('',(#2608),#2611);
#2608 = B_SPLINE_CURVE_WITH_KNOTS('',1,(#2609,#2610),.UNSPECIFIED.,.F.,
  .F.,(2,2),(-4.7,-2.7),.PIECEWISE_BEZIER_KNOTS.);
#2609 = CARTESIAN_POINT('',(9.4,-215.3142857142));
#2610 = CARTESIAN_POINT('',(7.4,-215.3142857142));
#2611 = ( GEOMETRIC_REPRESENTATION_CONTEXT(2) 
PARAMETRIC_REPRESENTATION_CONTEXT() REPRESENTATION_CONTEXT('2D SPACE',''
  ) );
#2612 = ORIENTED_EDGE('',*,*,#2613,.F.);
#2613 = EDGE_CURVE('',#741,#2593,#2614,.T.);
#2614 = SURFACE_CURVE('',#2615,(#2619,#2626),.PCURVE_S1.);
#2615 = LINE('',#2616,#2617);
#2616 = CARTESIAN_POINT('',(215.31428571428,11.,-1.6));
#2617 = VECTOR('',#2618,1.);
#2618 = DIRECTION('',(0.,0.,1.));
#2619 = PCURVE('',#757,#2620);
#2620 = DEFINITIONAL_REPRESENTATION('',(#2621),#2625);
#2621 = LINE('',#2622,#2623);
#2622 = CARTESIAN_POINT('',(2.,0.));
#2623 = VECTOR('',#2624,1.);
#2624 = DIRECTION('',(0.,-1.));
#2625 = ( GEOMETRIC_REPRESENTATION_CONTEXT(2) 
PARAMETRIC_REPRESENTATION_CONTEXT() REPRESENTATION_CONTEXT('2D SPACE',''
  ) );
#2626 = PCURVE('',#789,#2627);
#2627 = DEFINITIONAL_REPRESENTATION('',(#2628),#2632);
#2628 = LINE('',#2629,#2630);
#2629 = CARTESIAN_POINT('',(0.,0.));
#2630 = VECTOR('',#2631,1.);
#2631 = DIRECTION('',(0.,-1.));
#2632 = ( GEOMETRIC_REPRESENTATION_CONTEXT(2) 
PARAMETRIC_REPRESENTATION_CONTEXT() REPRESENTATION_CONTEXT('2D SPACE',''
  ) );
#2633 = ADVANCED_FACE('',(#2634),#789,.F.);
#2634 = FACE_BOUND('',#2635,.F.);
#2635 = EDGE_LOOP('',(#2636,#2637,#2638,#2662));
#2636 = ORIENTED_EDGE('',*,*,#768,.F.);
#2637 = ORIENTED_EDGE('',*,*,#2613,.T.);
#2638 = ORIENTED_EDGE('',*,*,#2639,.T.);
#2639 = EDGE_CURVE('',#2593,#2640,#2642,.T.);
#2640 = VERTEX_POINT('',#2641);
#2641 = CARTESIAN_POINT('',(219.91428571428,11.,1.6));
#2642 = SURFACE_CURVE('',#2643,(#2648,#2655),.PCURVE_S1.);
#2643 = CIRCLE('',#2644,2.3);
#2644 = AXIS2_PLACEMENT_3D('',#2645,#2646,#2647);
#2645 = CARTESIAN_POINT('',(217.61428571428,11.,1.6));
#2646 = DIRECTION('',(0.,0.,-1.));
#2647 = DIRECTION('',(-1.,1.110223024625E-16,0.));
#2648 = PCURVE('',#789,#2649);
#2649 = DEFINITIONAL_REPRESENTATION('',(#2650),#2654);
#2650 = LINE('',#2651,#2652);
#2651 = CARTESIAN_POINT('',(0.,-3.2));
#2652 = VECTOR('',#2653,1.);
#2653 = DIRECTION('',(1.,0.));
#2654 = ( GEOMETRIC_REPRESENTATION_CONTEXT(2) 
PARAMETRIC_REPRESENTATION_CONTEXT() REPRESENTATION_CONTEXT('2D SPACE',''
  ) );
#2655 = PCURVE('',#999,#2656);
#2656 = DEFINITIONAL_REPRESENTATION('',(#2657),#2661);
#2657 = CIRCLE('',#2658,2.3);
#2658 = AXIS2_PLACEMENT_2D('',#2659,#2660);
#2659 = CARTESIAN_POINT('',(7.4,-217.6142857142));
#2660 = DIRECTION('',(-1.110223024625E-16,1.));
#2661 = ( GEOMETRIC_REPRESENTATION_CONTEXT(2) 
PARAMETRIC_REPRESENTATION_CONTEXT() REPRESENTATION_CONTEXT('2D SPACE',''
  ) );
#2662 = ORIENTED_EDGE('',*,*,#2663,.F.);
#2663 = EDGE_CURVE('',#769,#2640,#2664,.T.);
#2664 = SURFACE_CURVE('',#2665,(#2669,#2676),.PCURVE_S1.);
#2665 = LINE('',#2666,#2667);
#2666 = CARTESIAN_POINT('',(219.91428571428,11.,-1.6));
#2667 = VECTOR('',#2668,1.);
#2668 = DIRECTION('',(0.,0.,1.));
#2669 = PCURVE('',#789,#2670);
#2670 = DEFINITIONAL_REPRESENTATION('',(#2671),#2675);
#2671 = LINE('',#2672,#2673);
#2672 = CARTESIAN_POINT('',(3.14159265359,0.));
#2673 = VECTOR('',#2674,1.);
#2674 = DIRECTION('',(0.,-1.));
#2675 = ( GEOMETRIC_REPRESENTATION_CONTEXT(2) 
PARAMETRIC_REPRESENTATION_CONTEXT() REPRESENTATION_CONTEXT('2D SPACE',''
  ) );
#2676 = PCURVE('',#816,#2677);
#2677 = DEFINITIONAL_REPRESENTATION('',(#2678),#2682);
#2678 = LINE('',#2679,#2680);
#2679 = CARTESIAN_POINT('',(0.,0.));
#2680 = VECTOR('',#2681,1.);
#2681 = DIRECTION('',(0.,-1.));
#2682 = ( GEOMETRIC_REPRESENTATION_CONTEXT(2) 
PARAMETRIC_REPRESENTATION_CONTEXT() REPRESENTATION_CONTEXT('2D SPACE',''
  ) );
#2683 = ADVANCED_FACE('',(#2684),#846,.F.);
#2684 = FACE_BOUND('',#2685,.F.);
#2685 = EDGE_LOOP('',(#2686,#2687,#2710,#2732));
#2686 = ORIENTED_EDGE('',*,*,#827,.F.);
#2687 = ORIENTED_EDGE('',*,*,#2688,.T.);
#2688 = EDGE_CURVE('',#802,#2689,#2691,.T.);
#2689 = VERTEX_POINT('',#2690);
#2690 = CARTESIAN_POINT('',(219.91428571428,9.,1.6));
#2691 = SURFACE_CURVE('',#2692,(#2696,#2703),.PCURVE_S1.);
#2692 = LINE('',#2693,#2694);
#2693 = CARTESIAN_POINT('',(219.91428571428,9.,-1.6));
#2694 = VECTOR('',#2695,1.);
#2695 = DIRECTION('',(0.,0.,1.));
#2696 = PCURVE('',#846,#2697);
#2697 = DEFINITIONAL_REPRESENTATION('',(#2698),#2702);
#2698 = LINE('',#2699,#2700);
#2699 = CARTESIAN_POINT('',(0.,0.));
#2700 = VECTOR('',#2701,1.);
#2701 = DIRECTION('',(0.,-1.));
#2702 = ( GEOMETRIC_REPRESENTATION_CONTEXT(2) 
PARAMETRIC_REPRESENTATION_CONTEXT() REPRESENTATION_CONTEXT('2D SPACE',''
  ) );
#2703 = PCURVE('',#816,#2704);
#2704 = DEFINITIONAL_REPRESENTATION('',(#2705),#2709);
#2705 = LINE('',#2706,#2707);
#2706 = CARTESIAN_POINT('',(2.,0.));
#2707 = VECTOR('',#2708,1.);
#2708 = DIRECTION('',(0.,-1.));
#2709 = ( GEOMETRIC_REPRESENTATION_CONTEXT(2) 
PARAMETRIC_REPRESENTATION_CONTEXT() REPRESENTATION_CONTEXT('2D SPACE',''
  ) );
#2710 = ORIENTED_EDGE('',*,*,#2711,.T.);
#2711 = EDGE_CURVE('',#2689,#2570,#2712,.T.);
#2712 = SURFACE_CURVE('',#2713,(#2718,#2725),.PCURVE_S1.);
#2713 = CIRCLE('',#2714,2.3);
#2714 = AXIS2_PLACEMENT_3D('',#2715,#2716,#2717);
#2715 = CARTESIAN_POINT('',(217.61428571428,9.,1.6));
#2716 = DIRECTION('',(0.,-0.,-1.));
#2717 = DIRECTION('',(1.,-1.110223024625E-16,0.));
#2718 = PCURVE('',#846,#2719);
#2719 = DEFINITIONAL_REPRESENTATION('',(#2720),#2724);
#2720 = LINE('',#2721,#2722);
#2721 = CARTESIAN_POINT('',(0.,-3.2));
#2722 = VECTOR('',#2723,1.);
#2723 = DIRECTION('',(1.,0.));
#2724 = ( GEOMETRIC_REPRESENTATION_CONTEXT(2) 
PARAMETRIC_REPRESENTATION_CONTEXT() REPRESENTATION_CONTEXT('2D SPACE',''
  ) );
#2725 = PCURVE('',#999,#2726);
#2726 = DEFINITIONAL_REPRESENTATION('',(#2727),#2731);
#2727 = CIRCLE('',#2728,2.3);
#2728 = AXIS2_PLACEMENT_2D('',#2729,#2730);
#2729 = CARTESIAN_POINT('',(9.4,-217.6142857142));
#2730 = DIRECTION('',(1.110223024625E-16,-1.));
#2731 = ( GEOMETRIC_REPRESENTATION_CONTEXT(2) 
PARAMETRIC_REPRESENTATION_CONTEXT() REPRESENTATION_CONTEXT('2D SPACE',''
  ) );
#2732 = ORIENTED_EDGE('',*,*,#2569,.F.);
#2733 = ADVANCED_FACE('',(#2734),#816,.F.);
#2734 = FACE_BOUND('',#2735,.F.);
#2735 = EDGE_LOOP('',(#2736,#2737,#2738,#2757));
#2736 = ORIENTED_EDGE('',*,*,#801,.T.);
#2737 = ORIENTED_EDGE('',*,*,#2663,.T.);
#2738 = ORIENTED_EDGE('',*,*,#2739,.T.);
#2739 = EDGE_CURVE('',#2640,#2689,#2740,.T.);
#2740 = SURFACE_CURVE('',#2741,(#2745,#2751),.PCURVE_S1.);
#2741 = LINE('',#2742,#2743);
#2742 = CARTESIAN_POINT('',(219.91428571428,14.7,1.6));
#2743 = VECTOR('',#2744,1.);
#2744 = DIRECTION('',(-1.110223024625E-16,-1.,-0.));
#2745 = PCURVE('',#816,#2746);
#2746 = DEFINITIONAL_REPRESENTATION('',(#2747),#2750);
#2747 = B_SPLINE_CURVE_WITH_KNOTS('',1,(#2748,#2749),.UNSPECIFIED.,.F.,
  .F.,(2,2),(3.7,5.7),.PIECEWISE_BEZIER_KNOTS.);
#2748 = CARTESIAN_POINT('',(0.,-3.2));
#2749 = CARTESIAN_POINT('',(2.,-3.2));
#2750 = ( GEOMETRIC_REPRESENTATION_CONTEXT(2) 
PARAMETRIC_REPRESENTATION_CONTEXT() REPRESENTATION_CONTEXT('2D SPACE',''
  ) );
#2751 = PCURVE('',#999,#2752);
#2752 = DEFINITIONAL_REPRESENTATION('',(#2753),#2756);
#2753 = B_SPLINE_CURVE_WITH_KNOTS('',1,(#2754,#2755),.UNSPECIFIED.,.F.,
  .F.,(2,2),(3.7,5.7),.PIECEWISE_BEZIER_KNOTS.);
#2754 = CARTESIAN_POINT('',(7.4,-219.9142857142));
#2755 = CARTESIAN_POINT('',(9.4,-219.9142857142));
#2756 = ( GEOMETRIC_REPRESENTATION_CONTEXT(2) 
PARAMETRIC_REPRESENTATION_CONTEXT() REPRESENTATION_CONTEXT('2D SPACE',''
  ) );
#2757 = ORIENTED_EDGE('',*,*,#2688,.F.);
#2758 = ADVANCED_FACE('',(#2759),#877,.F.);
#2759 = FACE_BOUND('',#2760,.F.);
#2760 = EDGE_LOOP('',(#2761,#2762,#2785,#2806));
#2761 = ORIENTED_EDGE('',*,*,#860,.T.);
#2762 = ORIENTED_EDGE('',*,*,#2763,.T.);
#2763 = EDGE_CURVE('',#863,#2764,#2766,.T.);
#2764 = VERTEX_POINT('',#2765);
#2765 = CARTESIAN_POINT('',(114.17142857142,9.,1.6));
#2766 = SURFACE_CURVE('',#2767,(#2771,#2778),.PCURVE_S1.);
#2767 = LINE('',#2768,#2769);
#2768 = CARTESIAN_POINT('',(114.17142857142,9.,-1.6));
#2769 = VECTOR('',#2770,1.);
#2770 = DIRECTION('',(0.,0.,1.));
#2771 = PCURVE('',#877,#2772);
#2772 = DEFINITIONAL_REPRESENTATION('',(#2773),#2777);
#2773 = LINE('',#2774,#2775);
#2774 = CARTESIAN_POINT('',(0.,0.));
#2775 = VECTOR('',#2776,1.);
#2776 = DIRECTION('',(0.,-1.));
#2777 = ( GEOMETRIC_REPRESENTATION_CONTEXT(2) 
PARAMETRIC_REPRESENTATION_CONTEXT() REPRESENTATION_CONTEXT('2D SPACE',''
  ) );
#2778 = PCURVE('',#966,#2779);
#2779 = DEFINITIONAL_REPRESENTATION('',(#2780),#2784);
#2780 = LINE('',#2781,#2782);
#2781 = CARTESIAN_POINT('',(3.14159265359,0.));
#2782 = VECTOR('',#2783,1.);
#2783 = DIRECTION('',(0.,-1.));
#2784 = ( GEOMETRIC_REPRESENTATION_CONTEXT(2) 
PARAMETRIC_REPRESENTATION_CONTEXT() REPRESENTATION_CONTEXT('2D SPACE',''
  ) );
#2785 = ORIENTED_EDGE('',*,*,#2786,.T.);
#2786 = EDGE_CURVE('',#2764,#2787,#2789,.T.);
#2787 = VERTEX_POINT('',#2788);
#2788 = CARTESIAN_POINT('',(114.17142857142,11.,1.6));
#2789 = SURFACE_CURVE('',#2790,(#2794,#2800),.PCURVE_S1.);
#2790 = LINE('',#2791,#2792);
#2791 = CARTESIAN_POINT('',(114.17142857142,13.7,1.6));
#2792 = VECTOR('',#2793,1.);
#2793 = DIRECTION('',(1.110223024625E-16,1.,0.));
#2794 = PCURVE('',#877,#2795);
#2795 = DEFINITIONAL_REPRESENTATION('',(#2796),#2799);
#2796 = B_SPLINE_CURVE_WITH_KNOTS('',1,(#2797,#2798),.UNSPECIFIED.,.F.,
  .F.,(2,2),(-4.7,-2.7),.PIECEWISE_BEZIER_KNOTS.);
#2797 = CARTESIAN_POINT('',(0.,-3.2));
#2798 = CARTESIAN_POINT('',(2.,-3.2));
#2799 = ( GEOMETRIC_REPRESENTATION_CONTEXT(2) 
PARAMETRIC_REPRESENTATION_CONTEXT() REPRESENTATION_CONTEXT('2D SPACE',''
  ) );
#2800 = PCURVE('',#999,#2801);
#2801 = DEFINITIONAL_REPRESENTATION('',(#2802),#2805);
#2802 = B_SPLINE_CURVE_WITH_KNOTS('',1,(#2803,#2804),.UNSPECIFIED.,.F.,
  .F.,(2,2),(-4.7,-2.7),.PIECEWISE_BEZIER_KNOTS.);
#2803 = CARTESIAN_POINT('',(9.4,-114.1714285714));
#2804 = CARTESIAN_POINT('',(7.4,-114.1714285714));
#2805 = ( GEOMETRIC_REPRESENTATION_CONTEXT(2) 
PARAMETRIC_REPRESENTATION_CONTEXT() REPRESENTATION_CONTEXT('2D SPACE',''
  ) );
#2806 = ORIENTED_EDGE('',*,*,#2807,.F.);
#2807 = EDGE_CURVE('',#861,#2787,#2808,.T.);
#2808 = SURFACE_CURVE('',#2809,(#2813,#2820),.PCURVE_S1.);
#2809 = LINE('',#2810,#2811);
#2810 = CARTESIAN_POINT('',(114.17142857142,11.,-1.6));
#2811 = VECTOR('',#2812,1.);
#2812 = DIRECTION('',(0.,0.,1.));
#2813 = PCURVE('',#877,#2814);
#2814 = DEFINITIONAL_REPRESENTATION('',(#2815),#2819);
#2815 = LINE('',#2816,#2817);
#2816 = CARTESIAN_POINT('',(2.,0.));
#2817 = VECTOR('',#2818,1.);
#2818 = DIRECTION('',(0.,-1.));
#2819 = ( GEOMETRIC_REPRESENTATION_CONTEXT(2) 
PARAMETRIC_REPRESENTATION_CONTEXT() REPRESENTATION_CONTEXT('2D SPACE',''
  ) );
#2820 = PCURVE('',#909,#2821);
#2821 = DEFINITIONAL_REPRESENTATION('',(#2822),#2826);
#2822 = LINE('',#2823,#2824);
#2823 = CARTESIAN_POINT('',(0.,0.));
#2824 = VECTOR('',#2825,1.);
#2825 = DIRECTION('',(0.,-1.));
#2826 = ( GEOMETRIC_REPRESENTATION_CONTEXT(2) 
PARAMETRIC_REPRESENTATION_CONTEXT() REPRESENTATION_CONTEXT('2D SPACE',''
  ) );
#2827 = ADVANCED_FACE('',(#2828),#909,.F.);
#2828 = FACE_BOUND('',#2829,.F.);
#2829 = EDGE_LOOP('',(#2830,#2831,#2832,#2856));
#2830 = ORIENTED_EDGE('',*,*,#888,.F.);
#2831 = ORIENTED_EDGE('',*,*,#2807,.T.);
#2832 = ORIENTED_EDGE('',*,*,#2833,.T.);
#2833 = EDGE_CURVE('',#2787,#2834,#2836,.T.);
#2834 = VERTEX_POINT('',#2835);
#2835 = CARTESIAN_POINT('',(118.77142857142,11.,1.6));
#2836 = SURFACE_CURVE('',#2837,(#2842,#2849),.PCURVE_S1.);
#2837 = CIRCLE('',#2838,2.3);
#2838 = AXIS2_PLACEMENT_3D('',#2839,#2840,#2841);
#2839 = CARTESIAN_POINT('',(116.47142857142,11.,1.6));
#2840 = DIRECTION('',(0.,0.,-1.));
#2841 = DIRECTION('',(-1.,1.110223024625E-16,0.));
#2842 = PCURVE('',#909,#2843);
#2843 = DEFINITIONAL_REPRESENTATION('',(#2844),#2848);
#2844 = LINE('',#2845,#2846);
#2845 = CARTESIAN_POINT('',(0.,-3.2));
#2846 = VECTOR('',#2847,1.);
#2847 = DIRECTION('',(1.,0.));
#2848 = ( GEOMETRIC_REPRESENTATION_CONTEXT(2) 
PARAMETRIC_REPRESENTATION_CONTEXT() REPRESENTATION_CONTEXT('2D SPACE',''
  ) );
#2849 = PCURVE('',#999,#2850);
#2850 = DEFINITIONAL_REPRESENTATION('',(#2851),#2855);
#2851 = CIRCLE('',#2852,2.3);
#2852 = AXIS2_PLACEMENT_2D('',#2853,#2854);
#2853 = CARTESIAN_POINT('',(7.4,-116.4714285714));
#2854 = DIRECTION('',(-1.110223024625E-16,1.));
#2855 = ( GEOMETRIC_REPRESENTATION_CONTEXT(2) 
PARAMETRIC_REPRESENTATION_CONTEXT() REPRESENTATION_CONTEXT('2D SPACE',''
  ) );
#2856 = ORIENTED_EDGE('',*,*,#2857,.F.);
#2857 = EDGE_CURVE('',#889,#2834,#2858,.T.);
#2858 = SURFACE_CURVE('',#2859,(#2863,#2870),.PCURVE_S1.);
#2859 = LINE('',#2860,#2861);
#2860 = CARTESIAN_POINT('',(118.77142857142,11.,-1.6));
#2861 = VECTOR('',#2862,1.);
#2862 = DIRECTION('',(0.,0.,1.));
#2863 = PCURVE('',#909,#2864);
#2864 = DEFINITIONAL_REPRESENTATION('',(#2865),#2869);
#2865 = LINE('',#2866,#2867);
#2866 = CARTESIAN_POINT('',(3.14159265359,0.));
#2867 = VECTOR('',#2868,1.);
#2868 = DIRECTION('',(0.,-1.));
#2869 = ( GEOMETRIC_REPRESENTATION_CONTEXT(2) 
PARAMETRIC_REPRESENTATION_CONTEXT() REPRESENTATION_CONTEXT('2D SPACE',''
  ) );
#2870 = PCURVE('',#936,#2871);
#2871 = DEFINITIONAL_REPRESENTATION('',(#2872),#2876);
#2872 = LINE('',#2873,#2874);
#2873 = CARTESIAN_POINT('',(0.,0.));
#2874 = VECTOR('',#2875,1.);
#2875 = DIRECTION('',(0.,-1.));
#2876 = ( GEOMETRIC_REPRESENTATION_CONTEXT(2) 
PARAMETRIC_REPRESENTATION_CONTEXT() REPRESENTATION_CONTEXT('2D SPACE',''
  ) );
#2877 = ADVANCED_FACE('',(#2878),#966,.F.);
#2878 = FACE_BOUND('',#2879,.F.);
#2879 = EDGE_LOOP('',(#2880,#2881,#2904,#2926));
#2880 = ORIENTED_EDGE('',*,*,#947,.F.);
#2881 = ORIENTED_EDGE('',*,*,#2882,.T.);
#2882 = EDGE_CURVE('',#922,#2883,#2885,.T.);
#2883 = VERTEX_POINT('',#2884);
#2884 = CARTESIAN_POINT('',(118.77142857142,9.,1.6));
#2885 = SURFACE_CURVE('',#2886,(#2890,#2897),.PCURVE_S1.);
#2886 = LINE('',#2887,#2888);
#2887 = CARTESIAN_POINT('',(118.77142857142,9.,-1.6));
#2888 = VECTOR('',#2889,1.);
#2889 = DIRECTION('',(0.,0.,1.));
#2890 = PCURVE('',#966,#2891);
#2891 = DEFINITIONAL_REPRESENTATION('',(#2892),#2896);
#2892 = LINE('',#2893,#2894);
#2893 = CARTESIAN_POINT('',(0.,0.));
#2894 = VECTOR('',#2895,1.);
#2895 = DIRECTION('',(0.,-1.));
#2896 = ( GEOMETRIC_REPRESENTATION_CONTEXT(2) 
PARAMETRIC_REPRESENTATION_CONTEXT() REPRESENTATION_CONTEXT('2D SPACE',''
  ) );
#2897 = PCURVE('',#936,#2898);
#2898 = DEFINITIONAL_REPRESENTATION('',(#2899),#2903);
#2899 = LINE('',#2900,#2901);
#2900 = CARTESIAN_POINT('',(2.,0.));
#2901 = VECTOR('',#2902,1.);
#2902 = DIRECTION('',(0.,-1.));
#2903 = ( GEOMETRIC_REPRESENTATION_CONTEXT(2) 
PARAMETRIC_REPRESENTATION_CONTEXT() REPRESENTATION_CONTEXT('2D SPACE',''
  ) );
#2904 = ORIENTED_EDGE('',*,*,#2905,.T.);
#2905 = EDGE_CURVE('',#2883,#2764,#2906,.T.);
#2906 = SURFACE_CURVE('',#2907,(#2912,#2919),.PCURVE_S1.);
#2907 = CIRCLE('',#2908,2.3);
#2908 = AXIS2_PLACEMENT_3D('',#2909,#2910,#2911);
#2909 = CARTESIAN_POINT('',(116.47142857142,9.,1.6));
#2910 = DIRECTION('',(0.,-0.,-1.));
#2911 = DIRECTION('',(1.,-1.110223024625E-16,0.));
#2912 = PCURVE('',#966,#2913);
#2913 = DEFINITIONAL_REPRESENTATION('',(#2914),#2918);
#2914 = LINE('',#2915,#2916);
#2915 = CARTESIAN_POINT('',(0.,-3.2));
#2916 = VECTOR('',#2917,1.);
#2917 = DIRECTION('',(1.,0.));
#2918 = ( GEOMETRIC_REPRESENTATION_CONTEXT(2) 
PARAMETRIC_REPRESENTATION_CONTEXT() REPRESENTATION_CONTEXT('2D SPACE',''
  ) );
#2919 = PCURVE('',#999,#2920);
#2920 = DEFINITIONAL_REPRESENTATION('',(#2921),#2925);
#2921 = CIRCLE('',#2922,2.3);
#2922 = AXIS2_PLACEMENT_2D('',#2923,#2924);
#2923 = CARTESIAN_POINT('',(9.4,-116.4714285714));
#2924 = DIRECTION('',(1.110223024625E-16,-1.));
#2925 = ( GEOMETRIC_REPRESENTATION_CONTEXT(2) 
PARAMETRIC_REPRESENTATION_CONTEXT() REPRESENTATION_CONTEXT('2D SPACE',''
  ) );
#2926 = ORIENTED_EDGE('',*,*,#2763,.F.);
#2927 = ADVANCED_FACE('',(#2928),#936,.F.);
#2928 = FACE_BOUND('',#2929,.F.);
#2929 = EDGE_LOOP('',(#2930,#2931,#2932,#2951));
#2930 = ORIENTED_EDGE('',*,*,#921,.T.);
#2931 = ORIENTED_EDGE('',*,*,#2857,.T.);
#2932 = ORIENTED_EDGE('',*,*,#2933,.T.);
#2933 = EDGE_CURVE('',#2834,#2883,#2934,.T.);
#2934 = SURFACE_CURVE('',#2935,(#2939,#2945),.PCURVE_S1.);
#2935 = LINE('',#2936,#2937);
#2936 = CARTESIAN_POINT('',(118.77142857142,14.7,1.6));
#2937 = VECTOR('',#2938,1.);
#2938 = DIRECTION('',(-1.110223024625E-16,-1.,-0.));
#2939 = PCURVE('',#936,#2940);
#2940 = DEFINITIONAL_REPRESENTATION('',(#2941),#2944);
#2941 = B_SPLINE_CURVE_WITH_KNOTS('',1,(#2942,#2943),.UNSPECIFIED.,.F.,
  .F.,(2,2),(3.7,5.7),.PIECEWISE_BEZIER_KNOTS.);
#2942 = CARTESIAN_POINT('',(0.,-3.2));
#2943 = CARTESIAN_POINT('',(2.,-3.2));
#2944 = ( GEOMETRIC_REPRESENTATION_CONTEXT(2) 
PARAMETRIC_REPRESENTATION_CONTEXT() REPRESENTATION_CONTEXT('2D SPACE',''
  ) );
#2945 = PCURVE('',#999,#2946);
#2946 = DEFINITIONAL_REPRESENTATION('',(#2947),#2950);
#2947 = B_SPLINE_CURVE_WITH_KNOTS('',1,(#2948,#2949),.UNSPECIFIED.,.F.,
  .F.,(2,2),(3.7,5.7),.PIECEWISE_BEZIER_KNOTS.);
#2948 = CARTESIAN_POINT('',(7.4,-118.7714285714));
#2949 = CARTESIAN_POINT('',(9.4,-118.7714285714));
#2950 = ( GEOMETRIC_REPRESENTATION_CONTEXT(2) 
PARAMETRIC_REPRESENTATION_CONTEXT() REPRESENTATION_CONTEXT('2D SPACE',''
  ) );
#2951 = ORIENTED_EDGE('',*,*,#2882,.F.);
#2952 = ADVANCED_FACE('',(#2953,#2979,#2985,#2991,#2997,#3003,#3009,
    #3015),#999,.F.);
#2953 = FACE_BOUND('',#2954,.F.);
#2954 = EDGE_LOOP('',(#2955,#2976,#2977,#2978));
#2955 = ORIENTED_EDGE('',*,*,#2956,.T.);
#2956 = EDGE_CURVE('',#1281,#1523,#2957,.T.);
#2957 = SURFACE_CURVE('',#2958,(#2962,#2969),.PCURVE_S1.);
#2958 = LINE('',#2959,#2960);
#2959 = CARTESIAN_POINT('',(0.,18.4,1.6));
#2960 = VECTOR('',#2961,1.);
#2961 = DIRECTION('',(1.,0.,0.));
#2962 = PCURVE('',#999,#2963);
#2963 = DEFINITIONAL_REPRESENTATION('',(#2964),#2968);
#2964 = LINE('',#2965,#2966);
#2965 = CARTESIAN_POINT('',(0.,-0.));
#2966 = VECTOR('',#2967,1.);
#2967 = DIRECTION('',(0.,-1.));
#2968 = ( GEOMETRIC_REPRESENTATION_CONTEXT(2) 
PARAMETRIC_REPRESENTATION_CONTEXT() REPRESENTATION_CONTEXT('2D SPACE',''
  ) );
#2969 = PCURVE('',#1297,#2970);
#2970 = DEFINITIONAL_REPRESENTATION('',(#2971),#2975);
#2971 = LINE('',#2972,#2973);
#2972 = CARTESIAN_POINT('',(-3.14159265359,0.));
#2973 = VECTOR('',#2974,1.);
#2974 = DIRECTION('',(-0.,-1.));
#2975 = ( GEOMETRIC_REPRESENTATION_CONTEXT(2) 
PARAMETRIC_REPRESENTATION_CONTEXT() REPRESENTATION_CONTEXT('2D SPACE',''
  ) );
#2976 = ORIENTED_EDGE('',*,*,#1546,.T.);
#2977 = ORIENTED_EDGE('',*,*,#981,.F.);
#2978 = ORIENTED_EDGE('',*,*,#1309,.F.);
#2979 = FACE_BOUND('',#2980,.F.);
#2980 = EDGE_LOOP('',(#2981,#2982,#2983,#2984));
#2981 = ORIENTED_EDGE('',*,*,#1622,.F.);
#2982 = ORIENTED_EDGE('',*,*,#1691,.F.);
#2983 = ORIENTED_EDGE('',*,*,#1741,.F.);
#2984 = ORIENTED_EDGE('',*,*,#1766,.F.);
#2985 = FACE_BOUND('',#2986,.F.);
#2986 = EDGE_LOOP('',(#2987,#2988,#2989,#2990));
#2987 = ORIENTED_EDGE('',*,*,#1816,.F.);
#2988 = ORIENTED_EDGE('',*,*,#1935,.F.);
#2989 = ORIENTED_EDGE('',*,*,#1963,.F.);
#2990 = ORIENTED_EDGE('',*,*,#1863,.F.);
#2991 = FACE_BOUND('',#2992,.F.);
#2992 = EDGE_LOOP('',(#2993,#2994,#2995,#2996));
#2993 = ORIENTED_EDGE('',*,*,#2010,.F.);
#2994 = ORIENTED_EDGE('',*,*,#2129,.F.);
#2995 = ORIENTED_EDGE('',*,*,#2157,.F.);
#2996 = ORIENTED_EDGE('',*,*,#2057,.F.);
#2997 = FACE_BOUND('',#2998,.F.);
#2998 = EDGE_LOOP('',(#2999,#3000,#3001,#3002));
#2999 = ORIENTED_EDGE('',*,*,#2204,.F.);
#3000 = ORIENTED_EDGE('',*,*,#2323,.F.);
#3001 = ORIENTED_EDGE('',*,*,#2351,.F.);
#3002 = ORIENTED_EDGE('',*,*,#2251,.F.);
#3003 = FACE_BOUND('',#3004,.F.);
#3004 = EDGE_LOOP('',(#3005,#3006,#3007,#3008));
#3005 = ORIENTED_EDGE('',*,*,#2398,.F.);
#3006 = ORIENTED_EDGE('',*,*,#2517,.F.);
#3007 = ORIENTED_EDGE('',*,*,#2545,.F.);
#3008 = ORIENTED_EDGE('',*,*,#2445,.F.);
#3009 = FACE_BOUND('',#3010,.F.);
#3010 = EDGE_LOOP('',(#3011,#3012,#3013,#3014));
#3011 = ORIENTED_EDGE('',*,*,#2592,.F.);
#3012 = ORIENTED_EDGE('',*,*,#2711,.F.);
#3013 = ORIENTED_EDGE('',*,*,#2739,.F.);
#3014 = ORIENTED_EDGE('',*,*,#2639,.F.);
#3015 = FACE_BOUND('',#3016,.F.);
#3016 = EDGE_LOOP('',(#3017,#3018,#3019,#3020));
#3017 = ORIENTED_EDGE('',*,*,#2786,.F.);
#3018 = ORIENTED_EDGE('',*,*,#2905,.F.);
#3019 = ORIENTED_EDGE('',*,*,#2933,.F.);
#3020 = ORIENTED_EDGE('',*,*,#2833,.F.);
#3021 = ADVANCED_FACE('',(#3022,#3048,#3286,#3524,#3762,#4000,#4238,
    #4476,#4714,#4952,#5190),#1098,.F.);
#3022 = FACE_BOUND('',#3023,.F.);
#3023 = EDGE_LOOP('',(#3024,#3025,#3026,#3047));
#3024 = ORIENTED_EDGE('',*,*,#1573,.T.);
#3025 = ORIENTED_EDGE('',*,*,#1359,.T.);
#3026 = ORIENTED_EDGE('',*,*,#3027,.F.);
#3027 = EDGE_CURVE('',#1083,#1360,#3028,.T.);
#3028 = SURFACE_CURVE('',#3029,(#3033,#3040),.PCURVE_S1.);
#3029 = LINE('',#3030,#3031);
#3030 = CARTESIAN_POINT('',(0.,21.6,40.805483431027));
#3031 = VECTOR('',#3032,1.);
#3032 = DIRECTION('',(1.,0.,0.));
#3033 = PCURVE('',#1098,#3034);
#3034 = DEFINITIONAL_REPRESENTATION('',(#3035),#3039);
#3035 = LINE('',#3036,#3037);
#3036 = CARTESIAN_POINT('',(37.605483431027,0.));
#3037 = VECTOR('',#3038,1.);
#3038 = DIRECTION('',(0.,-1.));
#3039 = ( GEOMETRIC_REPRESENTATION_CONTEXT(2) 
PARAMETRIC_REPRESENTATION_CONTEXT() REPRESENTATION_CONTEXT('2D SPACE',''
  ) );
#3040 = PCURVE('',#1127,#3041);
#3041 = DEFINITIONAL_REPRESENTATION('',(#3042),#3046);
#3042 = LINE('',#3043,#3044);
#3043 = CARTESIAN_POINT('',(-4.712388980385,0.));
#3044 = VECTOR('',#3045,1.);
#3045 = DIRECTION('',(-0.,-1.));
#3046 = ( GEOMETRIC_REPRESENTATION_CONTEXT(2) 
PARAMETRIC_REPRESENTATION_CONTEXT() REPRESENTATION_CONTEXT('2D SPACE',''
  ) );
#3047 = ORIENTED_EDGE('',*,*,#1082,.F.);
#3048 = FACE_BOUND('',#3049,.F.);
#3049 = EDGE_LOOP('',(#3050,#3085,#3111,#3144,#3170,#3203,#3229,#3262));
#3050 = ORIENTED_EDGE('',*,*,#3051,.T.);
#3051 = EDGE_CURVE('',#3052,#3054,#3056,.T.);
#3052 = VERTEX_POINT('',#3053);
#3053 = CARTESIAN_POINT('',(803.9,21.6,15.399489727694));
#3054 = VERTEX_POINT('',#3055);
#3055 = CARTESIAN_POINT('',(800.9,21.6,18.399489727694));
#3056 = SURFACE_CURVE('',#3057,(#3062,#3073),.PCURVE_S1.);
#3057 = CIRCLE('',#3058,3.);
#3058 = AXIS2_PLACEMENT_3D('',#3059,#3060,#3061);
#3059 = CARTESIAN_POINT('',(803.9,21.6,18.399489727694));
#3060 = DIRECTION('',(0.,1.,0.));
#3061 = DIRECTION('',(-1.,0.,0.));
#3062 = PCURVE('',#1098,#3063);
#3063 = DEFINITIONAL_REPRESENTATION('',(#3064),#3072);
#3064 = ( BOUNDED_CURVE() B_SPLINE_CURVE(2,(#3065,#3066,#3067,#3068,
#3069,#3070,#3071),.UNSPECIFIED.,.T.,.F.) B_SPLINE_CURVE_WITH_KNOTS((1,2
    ,2,2,2,1),(-2.094395102393,0.,2.094395102393,4.188790204786,
6.28318530718,8.377580409573),.UNSPECIFIED.) CURVE() 
GEOMETRIC_REPRESENTATION_ITEM() RATIONAL_B_SPLINE_CURVE((1.,0.5,1.,0.5,
1.,0.5,1.)) REPRESENTATION_ITEM('') );
#3065 = CARTESIAN_POINT('',(15.199489727694,-800.9));
#3066 = CARTESIAN_POINT('',(20.395642150401,-800.9));
#3067 = CARTESIAN_POINT('',(17.797565939048,-805.4));
#3068 = CARTESIAN_POINT('',(15.199489727694,-809.9));
#3069 = CARTESIAN_POINT('',(12.601413516341,-805.4));
#3070 = CARTESIAN_POINT('',(10.003337304988,-800.9));
#3071 = CARTESIAN_POINT('',(15.199489727694,-800.9));
#3072 = ( GEOMETRIC_REPRESENTATION_CONTEXT(2) 
PARAMETRIC_REPRESENTATION_CONTEXT() REPRESENTATION_CONTEXT('2D SPACE',''
  ) );
#3073 = PCURVE('',#3074,#3079);
#3074 = CYLINDRICAL_SURFACE('',#3075,3.);
#3075 = AXIS2_PLACEMENT_3D('',#3076,#3077,#3078);
#3076 = CARTESIAN_POINT('',(803.9,18.4,18.399489727694));
#3077 = DIRECTION('',(0.,1.,0.));
#3078 = DIRECTION('',(-1.,0.,0.));
#3079 = DEFINITIONAL_REPRESENTATION('',(#3080),#3084);
#3080 = LINE('',#3081,#3082);
#3081 = CARTESIAN_POINT('',(-6.28318530718,3.2));
#3082 = VECTOR('',#3083,1.);
#3083 = DIRECTION('',(1.,-0.));
#3084 = ( GEOMETRIC_REPRESENTATION_CONTEXT(2) 
PARAMETRIC_REPRESENTATION_CONTEXT() REPRESENTATION_CONTEXT('2D SPACE',''
  ) );
#3085 = ORIENTED_EDGE('',*,*,#3086,.T.);
#3086 = EDGE_CURVE('',#3054,#3087,#3089,.T.);
#3087 = VERTEX_POINT('',#3088);
#3088 = CARTESIAN_POINT('',(800.9,21.6,24.399489727694));
#3089 = SURFACE_CURVE('',#3090,(#3094,#3100),.PCURVE_S1.);
#3090 = LINE('',#3091,#3092);
#3091 = CARTESIAN_POINT('',(800.9,21.6,9.299744863847));
#3092 = VECTOR('',#3093,1.);
#3093 = DIRECTION('',(-0.,0.,1.));
#3094 = PCURVE('',#1098,#3095);
#3095 = DEFINITIONAL_REPRESENTATION('',(#3096),#3099);
#3096 = B_SPLINE_CURVE_WITH_KNOTS('',1,(#3097,#3098),.UNSPECIFIED.,.F.,
  .F.,(2,2),(9.099744863847,15.099744863847),.PIECEWISE_BEZIER_KNOTS.);
#3097 = CARTESIAN_POINT('',(15.199489727694,-800.9));
#3098 = CARTESIAN_POINT('',(21.199489727694,-800.9));
#3099 = ( GEOMETRIC_REPRESENTATION_CONTEXT(2) 
PARAMETRIC_REPRESENTATION_CONTEXT() REPRESENTATION_CONTEXT('2D SPACE',''
  ) );
#3100 = PCURVE('',#3101,#3106);
#3101 = PLANE('',#3102);
#3102 = AXIS2_PLACEMENT_3D('',#3103,#3104,#3105);
#3103 = CARTESIAN_POINT('',(800.9,18.4,15.399489727694));
#3104 = DIRECTION('',(1.,0.,0.));
#3105 = DIRECTION('',(0.,0.,1.));
#3106 = DEFINITIONAL_REPRESENTATION('',(#3107),#3110);
#3107 = B_SPLINE_CURVE_WITH_KNOTS('',1,(#3108,#3109),.UNSPECIFIED.,.F.,
  .F.,(2,2),(9.099744863847,15.099744863847),.PIECEWISE_BEZIER_KNOTS.);
#3108 = CARTESIAN_POINT('',(3.,-3.2));
#3109 = CARTESIAN_POINT('',(9.,-3.2));
#3110 = ( GEOMETRIC_REPRESENTATION_CONTEXT(2) 
PARAMETRIC_REPRESENTATION_CONTEXT() REPRESENTATION_CONTEXT('2D SPACE',''
  ) );
#3111 = ORIENTED_EDGE('',*,*,#3112,.T.);
#3112 = EDGE_CURVE('',#3087,#3113,#3115,.T.);
#3113 = VERTEX_POINT('',#3114);
#3114 = CARTESIAN_POINT('',(803.9,21.6,27.399489727694));
#3115 = SURFACE_CURVE('',#3116,(#3121,#3132),.PCURVE_S1.);
#3116 = CIRCLE('',#3117,3.);
#3117 = AXIS2_PLACEMENT_3D('',#3118,#3119,#3120);
#3118 = CARTESIAN_POINT('',(803.9,21.6,24.399489727694));
#3119 = DIRECTION('',(0.,1.,0.));
#3120 = DIRECTION('',(-1.,0.,0.));
#3121 = PCURVE('',#1098,#3122);
#3122 = DEFINITIONAL_REPRESENTATION('',(#3123),#3131);
#3123 = ( BOUNDED_CURVE() B_SPLINE_CURVE(2,(#3124,#3125,#3126,#3127,
#3128,#3129,#3130),.UNSPECIFIED.,.T.,.F.) B_SPLINE_CURVE_WITH_KNOTS((1,2
    ,2,2,2,1),(-2.094395102393,0.,2.094395102393,4.188790204786,
6.28318530718,8.377580409573),.UNSPECIFIED.) CURVE() 
GEOMETRIC_REPRESENTATION_ITEM() RATIONAL_B_SPLINE_CURVE((1.,0.5,1.,0.5,
1.,0.5,1.)) REPRESENTATION_ITEM('') );
#3124 = CARTESIAN_POINT('',(21.199489727694,-800.9));
#3125 = CARTESIAN_POINT('',(26.395642150401,-800.9));
#3126 = CARTESIAN_POINT('',(23.797565939048,-805.4));
#3127 = CARTESIAN_POINT('',(21.199489727694,-809.9));
#3128 = CARTESIAN_POINT('',(18.601413516341,-805.4));
#3129 = CARTESIAN_POINT('',(16.003337304988,-800.9));
#3130 = CARTESIAN_POINT('',(21.199489727694,-800.9));
#3131 = ( GEOMETRIC_REPRESENTATION_CONTEXT(2) 
PARAMETRIC_REPRESENTATION_CONTEXT() REPRESENTATION_CONTEXT('2D SPACE',''
  ) );
#3132 = PCURVE('',#3133,#3138);
#3133 = CYLINDRICAL_SURFACE('',#3134,3.);
#3134 = AXIS2_PLACEMENT_3D('',#3135,#3136,#3137);
#3135 = CARTESIAN_POINT('',(803.9,18.4,24.399489727694));
#3136 = DIRECTION('',(0.,1.,0.));
#3137 = DIRECTION('',(-1.,0.,0.));
#3138 = DEFINITIONAL_REPRESENTATION('',(#3139),#3143);
#3139 = LINE('',#3140,#3141);
#3140 = CARTESIAN_POINT('',(0.,3.2));
#3141 = VECTOR('',#3142,1.);
#3142 = DIRECTION('',(1.,0.));
#3143 = ( GEOMETRIC_REPRESENTATION_CONTEXT(2) 
PARAMETRIC_REPRESENTATION_CONTEXT() REPRESENTATION_CONTEXT('2D SPACE',''
  ) );
#3144 = ORIENTED_EDGE('',*,*,#3145,.F.);
#3145 = EDGE_CURVE('',#3146,#3113,#3148,.T.);
#3146 = VERTEX_POINT('',#3147);
#3147 = CARTESIAN_POINT('',(821.9,21.6,27.399489727694));
#3148 = SURFACE_CURVE('',#3149,(#3153,#3159),.PCURVE_S1.);
#3149 = LINE('',#3150,#3151);
#3150 = CARTESIAN_POINT('',(400.45,21.6,27.399489727694));
#3151 = VECTOR('',#3152,1.);
#3152 = DIRECTION('',(-1.,0.,0.));
#3153 = PCURVE('',#1098,#3154);
#3154 = DEFINITIONAL_REPRESENTATION('',(#3155),#3158);
#3155 = B_SPLINE_CURVE_WITH_KNOTS('',1,(#3156,#3157),.UNSPECIFIED.,.F.,
  .F.,(2,2),(-421.45,-403.45),.PIECEWISE_BEZIER_KNOTS.);
#3156 = CARTESIAN_POINT('',(24.199489727694,-821.9));
#3157 = CARTESIAN_POINT('',(24.199489727694,-803.9));
#3158 = ( GEOMETRIC_REPRESENTATION_CONTEXT(2) 
PARAMETRIC_REPRESENTATION_CONTEXT() REPRESENTATION_CONTEXT('2D SPACE',''
  ) );
#3159 = PCURVE('',#3160,#3165);
#3160 = PLANE('',#3161);
#3161 = AXIS2_PLACEMENT_3D('',#3162,#3163,#3164);
#3162 = CARTESIAN_POINT('',(800.9,18.4,27.399489727694));
#3163 = DIRECTION('',(0.,0.,1.));
#3164 = DIRECTION('',(1.,0.,0.));
#3165 = DEFINITIONAL_REPRESENTATION('',(#3166),#3169);
#3166 = B_SPLINE_CURVE_WITH_KNOTS('',1,(#3167,#3168),.UNSPECIFIED.,.F.,
  .F.,(2,2),(-421.45,-403.45),.PIECEWISE_BEZIER_KNOTS.);
#3167 = CARTESIAN_POINT('',(21.,3.2));
#3168 = CARTESIAN_POINT('',(3.,3.2));
#3169 = ( GEOMETRIC_REPRESENTATION_CONTEXT(2) 
PARAMETRIC_REPRESENTATION_CONTEXT() REPRESENTATION_CONTEXT('2D SPACE',''
  ) );
#3170 = ORIENTED_EDGE('',*,*,#3171,.T.);
#3171 = EDGE_CURVE('',#3146,#3172,#3174,.T.);
#3172 = VERTEX_POINT('',#3173);
#3173 = CARTESIAN_POINT('',(824.9,21.6,24.399489727694));
#3174 = SURFACE_CURVE('',#3175,(#3180,#3191),.PCURVE_S1.);
#3175 = CIRCLE('',#3176,3.);
#3176 = AXIS2_PLACEMENT_3D('',#3177,#3178,#3179);
#3177 = CARTESIAN_POINT('',(821.9,21.6,24.399489727694));
#3178 = DIRECTION('',(0.,1.,0.));
#3179 = DIRECTION('',(1.,0.,-0.));
#3180 = PCURVE('',#1098,#3181);
#3181 = DEFINITIONAL_REPRESENTATION('',(#3182),#3190);
#3182 = ( BOUNDED_CURVE() B_SPLINE_CURVE(2,(#3183,#3184,#3185,#3186,
#3187,#3188,#3189),.UNSPECIFIED.,.T.,.F.) B_SPLINE_CURVE_WITH_KNOTS((1,2
    ,2,2,2,1),(-2.094395102393,0.,2.094395102393,4.188790204786,
6.28318530718,8.377580409573),.UNSPECIFIED.) CURVE() 
GEOMETRIC_REPRESENTATION_ITEM() RATIONAL_B_SPLINE_CURVE((1.,0.5,1.,0.5,
1.,0.5,1.)) REPRESENTATION_ITEM('') );
#3183 = CARTESIAN_POINT('',(21.199489727694,-824.9));
#3184 = CARTESIAN_POINT('',(16.003337304988,-824.9));
#3185 = CARTESIAN_POINT('',(18.601413516341,-820.4));
#3186 = CARTESIAN_POINT('',(21.199489727694,-815.9));
#3187 = CARTESIAN_POINT('',(23.797565939048,-820.4));
#3188 = CARTESIAN_POINT('',(26.395642150401,-824.9));
#3189 = CARTESIAN_POINT('',(21.199489727694,-824.9));
#3190 = ( GEOMETRIC_REPRESENTATION_CONTEXT(2) 
PARAMETRIC_REPRESENTATION_CONTEXT() REPRESENTATION_CONTEXT('2D SPACE',''
  ) );
#3191 = PCURVE('',#3192,#3197);
#3192 = CYLINDRICAL_SURFACE('',#3193,3.);
#3193 = AXIS2_PLACEMENT_3D('',#3194,#3195,#3196);
#3194 = CARTESIAN_POINT('',(821.9,18.4,24.399489727694));
#3195 = DIRECTION('',(0.,1.,0.));
#3196 = DIRECTION('',(1.,0.,-0.));
#3197 = DEFINITIONAL_REPRESENTATION('',(#3198),#3202);
#3198 = LINE('',#3199,#3200);
#3199 = CARTESIAN_POINT('',(-6.28318530718,3.2));
#3200 = VECTOR('',#3201,1.);
#3201 = DIRECTION('',(1.,-0.));
#3202 = ( GEOMETRIC_REPRESENTATION_CONTEXT(2) 
PARAMETRIC_REPRESENTATION_CONTEXT() REPRESENTATION_CONTEXT('2D SPACE',''
  ) );
#3203 = ORIENTED_EDGE('',*,*,#3204,.F.);
#3204 = EDGE_CURVE('',#3205,#3172,#3207,.T.);
#3205 = VERTEX_POINT('',#3206);
#3206 = CARTESIAN_POINT('',(824.9,21.6,18.399489727694));
#3207 = SURFACE_CURVE('',#3208,(#3212,#3218),.PCURVE_S1.);
#3208 = LINE('',#3209,#3210);
#3209 = CARTESIAN_POINT('',(824.9,21.6,9.299744863847));
#3210 = VECTOR('',#3211,1.);
#3211 = DIRECTION('',(-0.,0.,1.));
#3212 = PCURVE('',#1098,#3213);
#3213 = DEFINITIONAL_REPRESENTATION('',(#3214),#3217);
#3214 = B_SPLINE_CURVE_WITH_KNOTS('',1,(#3215,#3216),.UNSPECIFIED.,.F.,
  .F.,(2,2),(9.099744863847,15.099744863847),.PIECEWISE_BEZIER_KNOTS.);
#3215 = CARTESIAN_POINT('',(15.199489727694,-824.9));
#3216 = CARTESIAN_POINT('',(21.199489727694,-824.9));
#3217 = ( GEOMETRIC_REPRESENTATION_CONTEXT(2) 
PARAMETRIC_REPRESENTATION_CONTEXT() REPRESENTATION_CONTEXT('2D SPACE',''
  ) );
#3218 = PCURVE('',#3219,#3224);
#3219 = PLANE('',#3220);
#3220 = AXIS2_PLACEMENT_3D('',#3221,#3222,#3223);
#3221 = CARTESIAN_POINT('',(824.9,18.4,15.399489727694));
#3222 = DIRECTION('',(1.,0.,0.));
#3223 = DIRECTION('',(0.,0.,1.));
#3224 = DEFINITIONAL_REPRESENTATION('',(#3225),#3228);
#3225 = B_SPLINE_CURVE_WITH_KNOTS('',1,(#3226,#3227),.UNSPECIFIED.,.F.,
  .F.,(2,2),(9.099744863847,15.099744863847),.PIECEWISE_BEZIER_KNOTS.);
#3226 = CARTESIAN_POINT('',(3.,-3.2));
#3227 = CARTESIAN_POINT('',(9.,-3.2));
#3228 = ( GEOMETRIC_REPRESENTATION_CONTEXT(2) 
PARAMETRIC_REPRESENTATION_CONTEXT() REPRESENTATION_CONTEXT('2D SPACE',''
  ) );
#3229 = ORIENTED_EDGE('',*,*,#3230,.T.);
#3230 = EDGE_CURVE('',#3205,#3231,#3233,.T.);
#3231 = VERTEX_POINT('',#3232);
#3232 = CARTESIAN_POINT('',(821.9,21.6,15.399489727694));
#3233 = SURFACE_CURVE('',#3234,(#3239,#3250),.PCURVE_S1.);
#3234 = CIRCLE('',#3235,3.);
#3235 = AXIS2_PLACEMENT_3D('',#3236,#3237,#3238);
#3236 = CARTESIAN_POINT('',(821.9,21.6,18.399489727694));
#3237 = DIRECTION('',(0.,1.,0.));
#3238 = DIRECTION('',(1.,0.,-0.));
#3239 = PCURVE('',#1098,#3240);
#3240 = DEFINITIONAL_REPRESENTATION('',(#3241),#3249);
#3241 = ( BOUNDED_CURVE() B_SPLINE_CURVE(2,(#3242,#3243,#3244,#3245,
#3246,#3247,#3248),.UNSPECIFIED.,.T.,.F.) B_SPLINE_CURVE_WITH_KNOTS((1,2
    ,2,2,2,1),(-2.094395102393,0.,2.094395102393,4.188790204786,
6.28318530718,8.377580409573),.UNSPECIFIED.) CURVE() 
GEOMETRIC_REPRESENTATION_ITEM() RATIONAL_B_SPLINE_CURVE((1.,0.5,1.,0.5,
1.,0.5,1.)) REPRESENTATION_ITEM('') );
#3242 = CARTESIAN_POINT('',(15.199489727694,-824.9));
#3243 = CARTESIAN_POINT('',(10.003337304988,-824.9));
#3244 = CARTESIAN_POINT('',(12.601413516341,-820.4));
#3245 = CARTESIAN_POINT('',(15.199489727694,-815.9));
#3246 = CARTESIAN_POINT('',(17.797565939048,-820.4));
#3247 = CARTESIAN_POINT('',(20.395642150401,-824.9));
#3248 = CARTESIAN_POINT('',(15.199489727694,-824.9));
#3249 = ( GEOMETRIC_REPRESENTATION_CONTEXT(2) 
PARAMETRIC_REPRESENTATION_CONTEXT() REPRESENTATION_CONTEXT('2D SPACE',''
  ) );
#3250 = PCURVE('',#3251,#3256);
#3251 = CYLINDRICAL_SURFACE('',#3252,3.);
#3252 = AXIS2_PLACEMENT_3D('',#3253,#3254,#3255);
#3253 = CARTESIAN_POINT('',(821.9,18.4,18.399489727694));
#3254 = DIRECTION('',(0.,1.,0.));
#3255 = DIRECTION('',(1.,0.,-0.));
#3256 = DEFINITIONAL_REPRESENTATION('',(#3257),#3261);
#3257 = LINE('',#3258,#3259);
#3258 = CARTESIAN_POINT('',(0.,3.2));
#3259 = VECTOR('',#3260,1.);
#3260 = DIRECTION('',(1.,0.));
#3261 = ( GEOMETRIC_REPRESENTATION_CONTEXT(2) 
PARAMETRIC_REPRESENTATION_CONTEXT() REPRESENTATION_CONTEXT('2D SPACE',''
  ) );
#3262 = ORIENTED_EDGE('',*,*,#3263,.T.);
#3263 = EDGE_CURVE('',#3231,#3052,#3264,.T.);
#3264 = SURFACE_CURVE('',#3265,(#3269,#3275),.PCURVE_S1.);
#3265 = LINE('',#3266,#3267);
#3266 = CARTESIAN_POINT('',(400.45,21.6,15.399489727694));
#3267 = VECTOR('',#3268,1.);
#3268 = DIRECTION('',(-1.,0.,0.));
#3269 = PCURVE('',#1098,#3270);
#3270 = DEFINITIONAL_REPRESENTATION('',(#3271),#3274);
#3271 = B_SPLINE_CURVE_WITH_KNOTS('',1,(#3272,#3273),.UNSPECIFIED.,.F.,
  .F.,(2,2),(-421.45,-403.45),.PIECEWISE_BEZIER_KNOTS.);
#3272 = CARTESIAN_POINT('',(12.199489727694,-821.9));
#3273 = CARTESIAN_POINT('',(12.199489727694,-803.9));
#3274 = ( GEOMETRIC_REPRESENTATION_CONTEXT(2) 
PARAMETRIC_REPRESENTATION_CONTEXT() REPRESENTATION_CONTEXT('2D SPACE',''
  ) );
#3275 = PCURVE('',#3276,#3281);
#3276 = PLANE('',#3277);
#3277 = AXIS2_PLACEMENT_3D('',#3278,#3279,#3280);
#3278 = CARTESIAN_POINT('',(800.9,18.4,15.399489727694));
#3279 = DIRECTION('',(0.,0.,1.));
#3280 = DIRECTION('',(1.,0.,0.));
#3281 = DEFINITIONAL_REPRESENTATION('',(#3282),#3285);
#3282 = B_SPLINE_CURVE_WITH_KNOTS('',1,(#3283,#3284),.UNSPECIFIED.,.F.,
  .F.,(2,2),(-421.45,-403.45),.PIECEWISE_BEZIER_KNOTS.);
#3283 = CARTESIAN_POINT('',(21.,3.2));
#3284 = CARTESIAN_POINT('',(3.,3.2));
#3285 = ( GEOMETRIC_REPRESENTATION_CONTEXT(2) 
PARAMETRIC_REPRESENTATION_CONTEXT() REPRESENTATION_CONTEXT('2D SPACE',''
  ) );
#3286 = FACE_BOUND('',#3287,.F.);
#3287 = EDGE_LOOP('',(#3288,#3323,#3349,#3382,#3408,#3441,#3467,#3500));
#3288 = ORIENTED_EDGE('',*,*,#3289,.T.);
#3289 = EDGE_CURVE('',#3290,#3292,#3294,.T.);
#3290 = VERTEX_POINT('',#3291);
#3291 = CARTESIAN_POINT('',(764.9,21.6,15.399489727694));
#3292 = VERTEX_POINT('',#3293);
#3293 = CARTESIAN_POINT('',(761.9,21.6,18.399489727694));
#3294 = SURFACE_CURVE('',#3295,(#3300,#3311),.PCURVE_S1.);
#3295 = CIRCLE('',#3296,3.);
#3296 = AXIS2_PLACEMENT_3D('',#3297,#3298,#3299);
#3297 = CARTESIAN_POINT('',(764.9,21.6,18.399489727694));
#3298 = DIRECTION('',(0.,1.,0.));
#3299 = DIRECTION('',(-1.,0.,0.));
#3300 = PCURVE('',#1098,#3301);
#3301 = DEFINITIONAL_REPRESENTATION('',(#3302),#3310);
#3302 = ( BOUNDED_CURVE() B_SPLINE_CURVE(2,(#3303,#3304,#3305,#3306,
#3307,#3308,#3309),.UNSPECIFIED.,.T.,.F.) B_SPLINE_CURVE_WITH_KNOTS((1,2
    ,2,2,2,1),(-2.094395102393,0.,2.094395102393,4.188790204786,
6.28318530718,8.377580409573),.UNSPECIFIED.) CURVE() 
GEOMETRIC_REPRESENTATION_ITEM() RATIONAL_B_SPLINE_CURVE((1.,0.5,1.,0.5,
1.,0.5,1.)) REPRESENTATION_ITEM('') );
#3303 = CARTESIAN_POINT('',(15.199489727694,-761.9));
#3304 = CARTESIAN_POINT('',(20.395642150401,-761.9));
#3305 = CARTESIAN_POINT('',(17.797565939048,-766.4));
#3306 = CARTESIAN_POINT('',(15.199489727694,-770.9));
#3307 = CARTESIAN_POINT('',(12.601413516341,-766.4));
#3308 = CARTESIAN_POINT('',(10.003337304988,-761.9));
#3309 = CARTESIAN_POINT('',(15.199489727694,-761.9));
#3310 = ( GEOMETRIC_REPRESENTATION_CONTEXT(2) 
PARAMETRIC_REPRESENTATION_CONTEXT() REPRESENTATION_CONTEXT('2D SPACE',''
  ) );
#3311 = PCURVE('',#3312,#3317);
#3312 = CYLINDRICAL_SURFACE('',#3313,3.);
#3313 = AXIS2_PLACEMENT_3D('',#3314,#3315,#3316);
#3314 = CARTESIAN_POINT('',(764.9,18.4,18.399489727694));
#3315 = DIRECTION('',(0.,1.,0.));
#3316 = DIRECTION('',(-1.,0.,0.));
#3317 = DEFINITIONAL_REPRESENTATION('',(#3318),#3322);
#3318 = LINE('',#3319,#3320);
#3319 = CARTESIAN_POINT('',(-6.28318530718,3.2));
#3320 = VECTOR('',#3321,1.);
#3321 = DIRECTION('',(1.,-0.));
#3322 = ( GEOMETRIC_REPRESENTATION_CONTEXT(2) 
PARAMETRIC_REPRESENTATION_CONTEXT() REPRESENTATION_CONTEXT('2D SPACE',''
  ) );
#3323 = ORIENTED_EDGE('',*,*,#3324,.T.);
#3324 = EDGE_CURVE('',#3292,#3325,#3327,.T.);
#3325 = VERTEX_POINT('',#3326);
#3326 = CARTESIAN_POINT('',(761.9,21.6,24.399489727694));
#3327 = SURFACE_CURVE('',#3328,(#3332,#3338),.PCURVE_S1.);
#3328 = LINE('',#3329,#3330);
#3329 = CARTESIAN_POINT('',(761.9,21.6,9.299744863847));
#3330 = VECTOR('',#3331,1.);
#3331 = DIRECTION('',(-0.,0.,1.));
#3332 = PCURVE('',#1098,#3333);
#3333 = DEFINITIONAL_REPRESENTATION('',(#3334),#3337);
#3334 = B_SPLINE_CURVE_WITH_KNOTS('',1,(#3335,#3336),.UNSPECIFIED.,.F.,
  .F.,(2,2),(9.099744863847,15.099744863847),.PIECEWISE_BEZIER_KNOTS.);
#3335 = CARTESIAN_POINT('',(15.199489727694,-761.9));
#3336 = CARTESIAN_POINT('',(21.199489727694,-761.9));
#3337 = ( GEOMETRIC_REPRESENTATION_CONTEXT(2) 
PARAMETRIC_REPRESENTATION_CONTEXT() REPRESENTATION_CONTEXT('2D SPACE',''
  ) );
#3338 = PCURVE('',#3339,#3344);
#3339 = PLANE('',#3340);
#3340 = AXIS2_PLACEMENT_3D('',#3341,#3342,#3343);
#3341 = CARTESIAN_POINT('',(761.9,18.4,15.399489727694));
#3342 = DIRECTION('',(1.,0.,0.));
#3343 = DIRECTION('',(0.,0.,1.));
#3344 = DEFINITIONAL_REPRESENTATION('',(#3345),#3348);
#3345 = B_SPLINE_CURVE_WITH_KNOTS('',1,(#3346,#3347),.UNSPECIFIED.,.F.,
  .F.,(2,2),(9.099744863847,15.099744863847),.PIECEWISE_BEZIER_KNOTS.);
#3346 = CARTESIAN_POINT('',(3.,-3.2));
#3347 = CARTESIAN_POINT('',(9.,-3.2));
#3348 = ( GEOMETRIC_REPRESENTATION_CONTEXT(2) 
PARAMETRIC_REPRESENTATION_CONTEXT() REPRESENTATION_CONTEXT('2D SPACE',''
  ) );
#3349 = ORIENTED_EDGE('',*,*,#3350,.T.);
#3350 = EDGE_CURVE('',#3325,#3351,#3353,.T.);
#3351 = VERTEX_POINT('',#3352);
#3352 = CARTESIAN_POINT('',(764.9,21.6,27.399489727694));
#3353 = SURFACE_CURVE('',#3354,(#3359,#3370),.PCURVE_S1.);
#3354 = CIRCLE('',#3355,3.);
#3355 = AXIS2_PLACEMENT_3D('',#3356,#3357,#3358);
#3356 = CARTESIAN_POINT('',(764.9,21.6,24.399489727694));
#3357 = DIRECTION('',(0.,1.,0.));
#3358 = DIRECTION('',(-1.,0.,0.));
#3359 = PCURVE('',#1098,#3360);
#3360 = DEFINITIONAL_REPRESENTATION('',(#3361),#3369);
#3361 = ( BOUNDED_CURVE() B_SPLINE_CURVE(2,(#3362,#3363,#3364,#3365,
#3366,#3367,#3368),.UNSPECIFIED.,.T.,.F.) B_SPLINE_CURVE_WITH_KNOTS((1,2
    ,2,2,2,1),(-2.094395102393,0.,2.094395102393,4.188790204786,
6.28318530718,8.377580409573),.UNSPECIFIED.) CURVE() 
GEOMETRIC_REPRESENTATION_ITEM() RATIONAL_B_SPLINE_CURVE((1.,0.5,1.,0.5,
1.,0.5,1.)) REPRESENTATION_ITEM('') );
#3362 = CARTESIAN_POINT('',(21.199489727694,-761.9));
#3363 = CARTESIAN_POINT('',(26.395642150401,-761.9));
#3364 = CARTESIAN_POINT('',(23.797565939048,-766.4));
#3365 = CARTESIAN_POINT('',(21.199489727694,-770.9));
#3366 = CARTESIAN_POINT('',(18.601413516341,-766.4));
#3367 = CARTESIAN_POINT('',(16.003337304988,-761.9));
#3368 = CARTESIAN_POINT('',(21.199489727694,-761.9));
#3369 = ( GEOMETRIC_REPRESENTATION_CONTEXT(2) 
PARAMETRIC_REPRESENTATION_CONTEXT() REPRESENTATION_CONTEXT('2D SPACE',''
  ) );
#3370 = PCURVE('',#3371,#3376);
#3371 = CYLINDRICAL_SURFACE('',#3372,3.);
#3372 = AXIS2_PLACEMENT_3D('',#3373,#3374,#3375);
#3373 = CARTESIAN_POINT('',(764.9,18.4,24.399489727694));
#3374 = DIRECTION('',(0.,1.,0.));
#3375 = DIRECTION('',(-1.,0.,0.));
#3376 = DEFINITIONAL_REPRESENTATION('',(#3377),#3381);
#3377 = LINE('',#3378,#3379);
#3378 = CARTESIAN_POINT('',(0.,3.2));
#3379 = VECTOR('',#3380,1.);
#3380 = DIRECTION('',(1.,0.));
#3381 = ( GEOMETRIC_REPRESENTATION_CONTEXT(2) 
PARAMETRIC_REPRESENTATION_CONTEXT() REPRESENTATION_CONTEXT('2D SPACE',''
  ) );
#3382 = ORIENTED_EDGE('',*,*,#3383,.F.);
#3383 = EDGE_CURVE('',#3384,#3351,#3386,.T.);
#3384 = VERTEX_POINT('',#3385);
#3385 = CARTESIAN_POINT('',(782.9,21.6,27.399489727694));
#3386 = SURFACE_CURVE('',#3387,(#3391,#3397),.PCURVE_S1.);
#3387 = LINE('',#3388,#3389);
#3388 = CARTESIAN_POINT('',(380.95,21.6,27.399489727694));
#3389 = VECTOR('',#3390,1.);
#3390 = DIRECTION('',(-1.,0.,0.));
#3391 = PCURVE('',#1098,#3392);
#3392 = DEFINITIONAL_REPRESENTATION('',(#3393),#3396);
#3393 = B_SPLINE_CURVE_WITH_KNOTS('',1,(#3394,#3395),.UNSPECIFIED.,.F.,
  .F.,(2,2),(-401.95,-383.95),.PIECEWISE_BEZIER_KNOTS.);
#3394 = CARTESIAN_POINT('',(24.199489727694,-782.9));
#3395 = CARTESIAN_POINT('',(24.199489727694,-764.9));
#3396 = ( GEOMETRIC_REPRESENTATION_CONTEXT(2) 
PARAMETRIC_REPRESENTATION_CONTEXT() REPRESENTATION_CONTEXT('2D SPACE',''
  ) );
#3397 = PCURVE('',#3398,#3403);
#3398 = PLANE('',#3399);
#3399 = AXIS2_PLACEMENT_3D('',#3400,#3401,#3402);
#3400 = CARTESIAN_POINT('',(761.9,18.4,27.399489727694));
#3401 = DIRECTION('',(0.,0.,1.));
#3402 = DIRECTION('',(1.,0.,0.));
#3403 = DEFINITIONAL_REPRESENTATION('',(#3404),#3407);
#3404 = B_SPLINE_CURVE_WITH_KNOTS('',1,(#3405,#3406),.UNSPECIFIED.,.F.,
  .F.,(2,2),(-401.95,-383.95),.PIECEWISE_BEZIER_KNOTS.);
#3405 = CARTESIAN_POINT('',(21.,3.2));
#3406 = CARTESIAN_POINT('',(3.,3.2));
#3407 = ( GEOMETRIC_REPRESENTATION_CONTEXT(2) 
PARAMETRIC_REPRESENTATION_CONTEXT() REPRESENTATION_CONTEXT('2D SPACE',''
  ) );
#3408 = ORIENTED_EDGE('',*,*,#3409,.T.);
#3409 = EDGE_CURVE('',#3384,#3410,#3412,.T.);
#3410 = VERTEX_POINT('',#3411);
#3411 = CARTESIAN_POINT('',(785.9,21.6,24.399489727694));
#3412 = SURFACE_CURVE('',#3413,(#3418,#3429),.PCURVE_S1.);
#3413 = CIRCLE('',#3414,3.);
#3414 = AXIS2_PLACEMENT_3D('',#3415,#3416,#3417);
#3415 = CARTESIAN_POINT('',(782.9,21.6,24.399489727694));
#3416 = DIRECTION('',(0.,1.,0.));
#3417 = DIRECTION('',(1.,0.,-0.));
#3418 = PCURVE('',#1098,#3419);
#3419 = DEFINITIONAL_REPRESENTATION('',(#3420),#3428);
#3420 = ( BOUNDED_CURVE() B_SPLINE_CURVE(2,(#3421,#3422,#3423,#3424,
#3425,#3426,#3427),.UNSPECIFIED.,.T.,.F.) B_SPLINE_CURVE_WITH_KNOTS((1,2
    ,2,2,2,1),(-2.094395102393,0.,2.094395102393,4.188790204786,
6.28318530718,8.377580409573),.UNSPECIFIED.) CURVE() 
GEOMETRIC_REPRESENTATION_ITEM() RATIONAL_B_SPLINE_CURVE((1.,0.5,1.,0.5,
1.,0.5,1.)) REPRESENTATION_ITEM('') );
#3421 = CARTESIAN_POINT('',(21.199489727694,-785.9));
#3422 = CARTESIAN_POINT('',(16.003337304988,-785.9));
#3423 = CARTESIAN_POINT('',(18.601413516341,-781.4));
#3424 = CARTESIAN_POINT('',(21.199489727694,-776.9));
#3425 = CARTESIAN_POINT('',(23.797565939048,-781.4));
#3426 = CARTESIAN_POINT('',(26.395642150401,-785.9));
#3427 = CARTESIAN_POINT('',(21.199489727694,-785.9));
#3428 = ( GEOMETRIC_REPRESENTATION_CONTEXT(2) 
PARAMETRIC_REPRESENTATION_CONTEXT() REPRESENTATION_CONTEXT('2D SPACE',''
  ) );
#3429 = PCURVE('',#3430,#3435);
#3430 = CYLINDRICAL_SURFACE('',#3431,3.);
#3431 = AXIS2_PLACEMENT_3D('',#3432,#3433,#3434);
#3432 = CARTESIAN_POINT('',(782.9,18.4,24.399489727694));
#3433 = DIRECTION('',(0.,1.,0.));
#3434 = DIRECTION('',(1.,0.,-0.));
#3435 = DEFINITIONAL_REPRESENTATION('',(#3436),#3440);
#3436 = LINE('',#3437,#3438);
#3437 = CARTESIAN_POINT('',(-6.28318530718,3.2));
#3438 = VECTOR('',#3439,1.);
#3439 = DIRECTION('',(1.,-0.));
#3440 = ( GEOMETRIC_REPRESENTATION_CONTEXT(2) 
PARAMETRIC_REPRESENTATION_CONTEXT() REPRESENTATION_CONTEXT('2D SPACE',''
  ) );
#3441 = ORIENTED_EDGE('',*,*,#3442,.F.);
#3442 = EDGE_CURVE('',#3443,#3410,#3445,.T.);
#3443 = VERTEX_POINT('',#3444);
#3444 = CARTESIAN_POINT('',(785.9,21.6,18.399489727694));
#3445 = SURFACE_CURVE('',#3446,(#3450,#3456),.PCURVE_S1.);
#3446 = LINE('',#3447,#3448);
#3447 = CARTESIAN_POINT('',(785.9,21.6,9.299744863847));
#3448 = VECTOR('',#3449,1.);
#3449 = DIRECTION('',(-0.,0.,1.));
#3450 = PCURVE('',#1098,#3451);
#3451 = DEFINITIONAL_REPRESENTATION('',(#3452),#3455);
#3452 = B_SPLINE_CURVE_WITH_KNOTS('',1,(#3453,#3454),.UNSPECIFIED.,.F.,
  .F.,(2,2),(9.099744863847,15.099744863847),.PIECEWISE_BEZIER_KNOTS.);
#3453 = CARTESIAN_POINT('',(15.199489727694,-785.9));
#3454 = CARTESIAN_POINT('',(21.199489727694,-785.9));
#3455 = ( GEOMETRIC_REPRESENTATION_CONTEXT(2) 
PARAMETRIC_REPRESENTATION_CONTEXT() REPRESENTATION_CONTEXT('2D SPACE',''
  ) );
#3456 = PCURVE('',#3457,#3462);
#3457 = PLANE('',#3458);
#3458 = AXIS2_PLACEMENT_3D('',#3459,#3460,#3461);
#3459 = CARTESIAN_POINT('',(785.9,18.4,15.399489727694));
#3460 = DIRECTION('',(1.,0.,0.));
#3461 = DIRECTION('',(0.,0.,1.));
#3462 = DEFINITIONAL_REPRESENTATION('',(#3463),#3466);
#3463 = B_SPLINE_CURVE_WITH_KNOTS('',1,(#3464,#3465),.UNSPECIFIED.,.F.,
  .F.,(2,2),(9.099744863847,15.099744863847),.PIECEWISE_BEZIER_KNOTS.);
#3464 = CARTESIAN_POINT('',(3.,-3.2));
#3465 = CARTESIAN_POINT('',(9.,-3.2));
#3466 = ( GEOMETRIC_REPRESENTATION_CONTEXT(2) 
PARAMETRIC_REPRESENTATION_CONTEXT() REPRESENTATION_CONTEXT('2D SPACE',''
  ) );
#3467 = ORIENTED_EDGE('',*,*,#3468,.T.);
#3468 = EDGE_CURVE('',#3443,#3469,#3471,.T.);
#3469 = VERTEX_POINT('',#3470);
#3470 = CARTESIAN_POINT('',(782.9,21.6,15.399489727694));
#3471 = SURFACE_CURVE('',#3472,(#3477,#3488),.PCURVE_S1.);
#3472 = CIRCLE('',#3473,3.);
#3473 = AXIS2_PLACEMENT_3D('',#3474,#3475,#3476);
#3474 = CARTESIAN_POINT('',(782.9,21.6,18.399489727694));
#3475 = DIRECTION('',(0.,1.,0.));
#3476 = DIRECTION('',(1.,0.,-0.));
#3477 = PCURVE('',#1098,#3478);
#3478 = DEFINITIONAL_REPRESENTATION('',(#3479),#3487);
#3479 = ( BOUNDED_CURVE() B_SPLINE_CURVE(2,(#3480,#3481,#3482,#3483,
#3484,#3485,#3486),.UNSPECIFIED.,.T.,.F.) B_SPLINE_CURVE_WITH_KNOTS((1,2
    ,2,2,2,1),(-2.094395102393,0.,2.094395102393,4.188790204786,
6.28318530718,8.377580409573),.UNSPECIFIED.) CURVE() 
GEOMETRIC_REPRESENTATION_ITEM() RATIONAL_B_SPLINE_CURVE((1.,0.5,1.,0.5,
1.,0.5,1.)) REPRESENTATION_ITEM('') );
#3480 = CARTESIAN_POINT('',(15.199489727694,-785.9));
#3481 = CARTESIAN_POINT('',(10.003337304988,-785.9));
#3482 = CARTESIAN_POINT('',(12.601413516341,-781.4));
#3483 = CARTESIAN_POINT('',(15.199489727694,-776.9));
#3484 = CARTESIAN_POINT('',(17.797565939048,-781.4));
#3485 = CARTESIAN_POINT('',(20.395642150401,-785.9));
#3486 = CARTESIAN_POINT('',(15.199489727694,-785.9));
#3487 = ( GEOMETRIC_REPRESENTATION_CONTEXT(2) 
PARAMETRIC_REPRESENTATION_CONTEXT() REPRESENTATION_CONTEXT('2D SPACE',''
  ) );
#3488 = PCURVE('',#3489,#3494);
#3489 = CYLINDRICAL_SURFACE('',#3490,3.);
#3490 = AXIS2_PLACEMENT_3D('',#3491,#3492,#3493);
#3491 = CARTESIAN_POINT('',(782.9,18.4,18.399489727694));
#3492 = DIRECTION('',(0.,1.,0.));
#3493 = DIRECTION('',(1.,0.,-0.));
#3494 = DEFINITIONAL_REPRESENTATION('',(#3495),#3499);
#3495 = LINE('',#3496,#3497);
#3496 = CARTESIAN_POINT('',(0.,3.2));
#3497 = VECTOR('',#3498,1.);
#3498 = DIRECTION('',(1.,0.));
#3499 = ( GEOMETRIC_REPRESENTATION_CONTEXT(2) 
PARAMETRIC_REPRESENTATION_CONTEXT() REPRESENTATION_CONTEXT('2D SPACE',''
  ) );
#3500 = ORIENTED_EDGE('',*,*,#3501,.T.);
#3501 = EDGE_CURVE('',#3469,#3290,#3502,.T.);
#3502 = SURFACE_CURVE('',#3503,(#3507,#3513),.PCURVE_S1.);
#3503 = LINE('',#3504,#3505);
#3504 = CARTESIAN_POINT('',(380.95,21.6,15.399489727694));
#3505 = VECTOR('',#3506,1.);
#3506 = DIRECTION('',(-1.,0.,0.));
#3507 = PCURVE('',#1098,#3508);
#3508 = DEFINITIONAL_REPRESENTATION('',(#3509),#3512);
#3509 = B_SPLINE_CURVE_WITH_KNOTS('',1,(#3510,#3511),.UNSPECIFIED.,.F.,
  .F.,(2,2),(-401.95,-383.95),.PIECEWISE_BEZIER_KNOTS.);
#3510 = CARTESIAN_POINT('',(12.199489727694,-782.9));
#3511 = CARTESIAN_POINT('',(12.199489727694,-764.9));
#3512 = ( GEOMETRIC_REPRESENTATION_CONTEXT(2) 
PARAMETRIC_REPRESENTATION_CONTEXT() REPRESENTATION_CONTEXT('2D SPACE',''
  ) );
#3513 = PCURVE('',#3514,#3519);
#3514 = PLANE('',#3515);
#3515 = AXIS2_PLACEMENT_3D('',#3516,#3517,#3518);
#3516 = CARTESIAN_POINT('',(761.9,18.4,15.399489727694));
#3517 = DIRECTION('',(0.,0.,1.));
#3518 = DIRECTION('',(1.,0.,0.));
#3519 = DEFINITIONAL_REPRESENTATION('',(#3520),#3523);
#3520 = B_SPLINE_CURVE_WITH_KNOTS('',1,(#3521,#3522),.UNSPECIFIED.,.F.,
  .F.,(2,2),(-401.95,-383.95),.PIECEWISE_BEZIER_KNOTS.);
#3521 = CARTESIAN_POINT('',(21.,3.2));
#3522 = CARTESIAN_POINT('',(3.,3.2));
#3523 = ( GEOMETRIC_REPRESENTATION_CONTEXT(2) 
PARAMETRIC_REPRESENTATION_CONTEXT() REPRESENTATION_CONTEXT('2D SPACE',''
  ) );
#3524 = FACE_BOUND('',#3525,.F.);
#3525 = EDGE_LOOP('',(#3526,#3561,#3587,#3620,#3646,#3679,#3705,#3738));
#3526 = ORIENTED_EDGE('',*,*,#3527,.T.);
#3527 = EDGE_CURVE('',#3528,#3530,#3532,.T.);
#3528 = VERTEX_POINT('',#3529);
#3529 = CARTESIAN_POINT('',(663.75714285714,21.6,15.399489727694));
#3530 = VERTEX_POINT('',#3531);
#3531 = CARTESIAN_POINT('',(660.75714285714,21.6,18.399489727694));
#3532 = SURFACE_CURVE('',#3533,(#3538,#3549),.PCURVE_S1.);
#3533 = CIRCLE('',#3534,3.);
#3534 = AXIS2_PLACEMENT_3D('',#3535,#3536,#3537);
#3535 = CARTESIAN_POINT('',(663.75714285714,21.6,18.399489727694));
#3536 = DIRECTION('',(0.,1.,0.));
#3537 = DIRECTION('',(-1.,0.,0.));
#3538 = PCURVE('',#1098,#3539);
#3539 = DEFINITIONAL_REPRESENTATION('',(#3540),#3548);
#3540 = ( BOUNDED_CURVE() B_SPLINE_CURVE(2,(#3541,#3542,#3543,#3544,
#3545,#3546,#3547),.UNSPECIFIED.,.T.,.F.) B_SPLINE_CURVE_WITH_KNOTS((1,2
    ,2,2,2,1),(-2.094395102393,0.,2.094395102393,4.188790204786,
6.28318530718,8.377580409573),.UNSPECIFIED.) CURVE() 
GEOMETRIC_REPRESENTATION_ITEM() RATIONAL_B_SPLINE_CURVE((1.,0.5,1.,0.5,
1.,0.5,1.)) REPRESENTATION_ITEM('') );
#3541 = CARTESIAN_POINT('',(15.199489727694,-660.7571428571));
#3542 = CARTESIAN_POINT('',(20.395642150401,-660.7571428571));
#3543 = CARTESIAN_POINT('',(17.797565939048,-665.2571428571));
#3544 = CARTESIAN_POINT('',(15.199489727694,-669.7571428571));
#3545 = CARTESIAN_POINT('',(12.601413516341,-665.2571428571));
#3546 = CARTESIAN_POINT('',(10.003337304988,-660.7571428571));
#3547 = CARTESIAN_POINT('',(15.199489727694,-660.7571428571));
#3548 = ( GEOMETRIC_REPRESENTATION_CONTEXT(2) 
PARAMETRIC_REPRESENTATION_CONTEXT() REPRESENTATION_CONTEXT('2D SPACE',''
  ) );
#3549 = PCURVE('',#3550,#3555);
#3550 = CYLINDRICAL_SURFACE('',#3551,3.);
#3551 = AXIS2_PLACEMENT_3D('',#3552,#3553,#3554);
#3552 = CARTESIAN_POINT('',(663.75714285714,18.4,18.399489727694));
#3553 = DIRECTION('',(0.,1.,0.));
#3554 = DIRECTION('',(-1.,0.,0.));
#3555 = DEFINITIONAL_REPRESENTATION('',(#3556),#3560);
#3556 = LINE('',#3557,#3558);
#3557 = CARTESIAN_POINT('',(-6.28318530718,3.2));
#3558 = VECTOR('',#3559,1.);
#3559 = DIRECTION('',(1.,-0.));
#3560 = ( GEOMETRIC_REPRESENTATION_CONTEXT(2) 
PARAMETRIC_REPRESENTATION_CONTEXT() REPRESENTATION_CONTEXT('2D SPACE',''
  ) );
#3561 = ORIENTED_EDGE('',*,*,#3562,.T.);
#3562 = EDGE_CURVE('',#3530,#3563,#3565,.T.);
#3563 = VERTEX_POINT('',#3564);
#3564 = CARTESIAN_POINT('',(660.75714285714,21.6,24.399489727694));
#3565 = SURFACE_CURVE('',#3566,(#3570,#3576),.PCURVE_S1.);
#3566 = LINE('',#3567,#3568);
#3567 = CARTESIAN_POINT('',(660.75714285714,21.6,9.299744863847));
#3568 = VECTOR('',#3569,1.);
#3569 = DIRECTION('',(-0.,0.,1.));
#3570 = PCURVE('',#1098,#3571);
#3571 = DEFINITIONAL_REPRESENTATION('',(#3572),#3575);
#3572 = B_SPLINE_CURVE_WITH_KNOTS('',1,(#3573,#3574),.UNSPECIFIED.,.F.,
  .F.,(2,2),(9.099744863847,15.099744863847),.PIECEWISE_BEZIER_KNOTS.);
#3573 = CARTESIAN_POINT('',(15.199489727694,-660.7571428571));
#3574 = CARTESIAN_POINT('',(21.199489727694,-660.7571428571));
#3575 = ( GEOMETRIC_REPRESENTATION_CONTEXT(2) 
PARAMETRIC_REPRESENTATION_CONTEXT() REPRESENTATION_CONTEXT('2D SPACE',''
  ) );
#3576 = PCURVE('',#3577,#3582);
#3577 = PLANE('',#3578);
#3578 = AXIS2_PLACEMENT_3D('',#3579,#3580,#3581);
#3579 = CARTESIAN_POINT('',(660.75714285714,18.4,15.399489727694));
#3580 = DIRECTION('',(1.,0.,0.));
#3581 = DIRECTION('',(0.,0.,1.));
#3582 = DEFINITIONAL_REPRESENTATION('',(#3583),#3586);
#3583 = B_SPLINE_CURVE_WITH_KNOTS('',1,(#3584,#3585),.UNSPECIFIED.,.F.,
  .F.,(2,2),(9.099744863847,15.099744863847),.PIECEWISE_BEZIER_KNOTS.);
#3584 = CARTESIAN_POINT('',(3.,-3.2));
#3585 = CARTESIAN_POINT('',(9.,-3.2));
#3586 = ( GEOMETRIC_REPRESENTATION_CONTEXT(2) 
PARAMETRIC_REPRESENTATION_CONTEXT() REPRESENTATION_CONTEXT('2D SPACE',''
  ) );
#3587 = ORIENTED_EDGE('',*,*,#3588,.T.);
#3588 = EDGE_CURVE('',#3563,#3589,#3591,.T.);
#3589 = VERTEX_POINT('',#3590);
#3590 = CARTESIAN_POINT('',(663.75714285714,21.6,27.399489727694));
#3591 = SURFACE_CURVE('',#3592,(#3597,#3608),.PCURVE_S1.);
#3592 = CIRCLE('',#3593,3.);
#3593 = AXIS2_PLACEMENT_3D('',#3594,#3595,#3596);
#3594 = CARTESIAN_POINT('',(663.75714285714,21.6,24.399489727694));
#3595 = DIRECTION('',(0.,1.,0.));
#3596 = DIRECTION('',(-1.,0.,0.));
#3597 = PCURVE('',#1098,#3598);
#3598 = DEFINITIONAL_REPRESENTATION('',(#3599),#3607);
#3599 = ( BOUNDED_CURVE() B_SPLINE_CURVE(2,(#3600,#3601,#3602,#3603,
#3604,#3605,#3606),.UNSPECIFIED.,.T.,.F.) B_SPLINE_CURVE_WITH_KNOTS((1,2
    ,2,2,2,1),(-2.094395102393,0.,2.094395102393,4.188790204786,
6.28318530718,8.377580409573),.UNSPECIFIED.) CURVE() 
GEOMETRIC_REPRESENTATION_ITEM() RATIONAL_B_SPLINE_CURVE((1.,0.5,1.,0.5,
1.,0.5,1.)) REPRESENTATION_ITEM('') );
#3600 = CARTESIAN_POINT('',(21.199489727694,-660.7571428571));
#3601 = CARTESIAN_POINT('',(26.395642150401,-660.7571428571));
#3602 = CARTESIAN_POINT('',(23.797565939048,-665.2571428571));
#3603 = CARTESIAN_POINT('',(21.199489727694,-669.7571428571));
#3604 = CARTESIAN_POINT('',(18.601413516341,-665.2571428571));
#3605 = CARTESIAN_POINT('',(16.003337304988,-660.7571428571));
#3606 = CARTESIAN_POINT('',(21.199489727694,-660.7571428571));
#3607 = ( GEOMETRIC_REPRESENTATION_CONTEXT(2) 
PARAMETRIC_REPRESENTATION_CONTEXT() REPRESENTATION_CONTEXT('2D SPACE',''
  ) );
#3608 = PCURVE('',#3609,#3614);
#3609 = CYLINDRICAL_SURFACE('',#3610,3.);
#3610 = AXIS2_PLACEMENT_3D('',#3611,#3612,#3613);
#3611 = CARTESIAN_POINT('',(663.75714285714,18.4,24.399489727694));
#3612 = DIRECTION('',(0.,1.,0.));
#3613 = DIRECTION('',(-1.,0.,0.));
#3614 = DEFINITIONAL_REPRESENTATION('',(#3615),#3619);
#3615 = LINE('',#3616,#3617);
#3616 = CARTESIAN_POINT('',(0.,3.2));
#3617 = VECTOR('',#3618,1.);
#3618 = DIRECTION('',(1.,0.));
#3619 = ( GEOMETRIC_REPRESENTATION_CONTEXT(2) 
PARAMETRIC_REPRESENTATION_CONTEXT() REPRESENTATION_CONTEXT('2D SPACE',''
  ) );
#3620 = ORIENTED_EDGE('',*,*,#3621,.F.);
#3621 = EDGE_CURVE('',#3622,#3589,#3624,.T.);
#3622 = VERTEX_POINT('',#3623);
#3623 = CARTESIAN_POINT('',(681.75714285714,21.6,27.399489727694));
#3624 = SURFACE_CURVE('',#3625,(#3629,#3635),.PCURVE_S1.);
#3625 = LINE('',#3626,#3627);
#3626 = CARTESIAN_POINT('',(330.37857142857,21.6,27.399489727694));
#3627 = VECTOR('',#3628,1.);
#3628 = DIRECTION('',(-1.,0.,0.));
#3629 = PCURVE('',#1098,#3630);
#3630 = DEFINITIONAL_REPRESENTATION('',(#3631),#3634);
#3631 = B_SPLINE_CURVE_WITH_KNOTS('',1,(#3632,#3633),.UNSPECIFIED.,.F.,
  .F.,(2,2),(-351.3785714285,-333.3785714285),.PIECEWISE_BEZIER_KNOTS.);
#3632 = CARTESIAN_POINT('',(24.199489727694,-681.7571428571));
#3633 = CARTESIAN_POINT('',(24.199489727694,-663.7571428571));
#3634 = ( GEOMETRIC_REPRESENTATION_CONTEXT(2) 
PARAMETRIC_REPRESENTATION_CONTEXT() REPRESENTATION_CONTEXT('2D SPACE',''
  ) );
#3635 = PCURVE('',#3636,#3641);
#3636 = PLANE('',#3637);
#3637 = AXIS2_PLACEMENT_3D('',#3638,#3639,#3640);
#3638 = CARTESIAN_POINT('',(660.75714285714,18.4,27.399489727694));
#3639 = DIRECTION('',(0.,0.,1.));
#3640 = DIRECTION('',(1.,0.,0.));
#3641 = DEFINITIONAL_REPRESENTATION('',(#3642),#3645);
#3642 = B_SPLINE_CURVE_WITH_KNOTS('',1,(#3643,#3644),.UNSPECIFIED.,.F.,
  .F.,(2,2),(-351.3785714285,-333.3785714285),.PIECEWISE_BEZIER_KNOTS.);
#3643 = CARTESIAN_POINT('',(21.,3.2));
#3644 = CARTESIAN_POINT('',(3.,3.2));
#3645 = ( GEOMETRIC_REPRESENTATION_CONTEXT(2) 
PARAMETRIC_REPRESENTATION_CONTEXT() REPRESENTATION_CONTEXT('2D SPACE',''
  ) );
#3646 = ORIENTED_EDGE('',*,*,#3647,.T.);
#3647 = EDGE_CURVE('',#3622,#3648,#3650,.T.);
#3648 = VERTEX_POINT('',#3649);
#3649 = CARTESIAN_POINT('',(684.75714285714,21.6,24.399489727694));
#3650 = SURFACE_CURVE('',#3651,(#3656,#3667),.PCURVE_S1.);
#3651 = CIRCLE('',#3652,3.);
#3652 = AXIS2_PLACEMENT_3D('',#3653,#3654,#3655);
#3653 = CARTESIAN_POINT('',(681.75714285714,21.6,24.399489727694));
#3654 = DIRECTION('',(0.,1.,0.));
#3655 = DIRECTION('',(1.,0.,-0.));
#3656 = PCURVE('',#1098,#3657);
#3657 = DEFINITIONAL_REPRESENTATION('',(#3658),#3666);
#3658 = ( BOUNDED_CURVE() B_SPLINE_CURVE(2,(#3659,#3660,#3661,#3662,
#3663,#3664,#3665),.UNSPECIFIED.,.T.,.F.) B_SPLINE_CURVE_WITH_KNOTS((1,2
    ,2,2,2,1),(-2.094395102393,0.,2.094395102393,4.188790204786,
6.28318530718,8.377580409573),.UNSPECIFIED.) CURVE() 
GEOMETRIC_REPRESENTATION_ITEM() RATIONAL_B_SPLINE_CURVE((1.,0.5,1.,0.5,
1.,0.5,1.)) REPRESENTATION_ITEM('') );
#3659 = CARTESIAN_POINT('',(21.199489727694,-684.7571428571));
#3660 = CARTESIAN_POINT('',(16.003337304988,-684.7571428571));
#3661 = CARTESIAN_POINT('',(18.601413516341,-680.2571428571));
#3662 = CARTESIAN_POINT('',(21.199489727694,-675.7571428571));
#3663 = CARTESIAN_POINT('',(23.797565939048,-680.2571428571));
#3664 = CARTESIAN_POINT('',(26.395642150401,-684.7571428571));
#3665 = CARTESIAN_POINT('',(21.199489727694,-684.7571428571));
#3666 = ( GEOMETRIC_REPRESENTATION_CONTEXT(2) 
PARAMETRIC_REPRESENTATION_CONTEXT() REPRESENTATION_CONTEXT('2D SPACE',''
  ) );
#3667 = PCURVE('',#3668,#3673);
#3668 = CYLINDRICAL_SURFACE('',#3669,3.);
#3669 = AXIS2_PLACEMENT_3D('',#3670,#3671,#3672);
#3670 = CARTESIAN_POINT('',(681.75714285714,18.4,24.399489727694));
#3671 = DIRECTION('',(0.,1.,0.));
#3672 = DIRECTION('',(1.,0.,-0.));
#3673 = DEFINITIONAL_REPRESENTATION('',(#3674),#3678);
#3674 = LINE('',#3675,#3676);
#3675 = CARTESIAN_POINT('',(-6.28318530718,3.2));
#3676 = VECTOR('',#3677,1.);
#3677 = DIRECTION('',(1.,-0.));
#3678 = ( GEOMETRIC_REPRESENTATION_CONTEXT(2) 
PARAMETRIC_REPRESENTATION_CONTEXT() REPRESENTATION_CONTEXT('2D SPACE',''
  ) );
#3679 = ORIENTED_EDGE('',*,*,#3680,.F.);
#3680 = EDGE_CURVE('',#3681,#3648,#3683,.T.);
#3681 = VERTEX_POINT('',#3682);
#3682 = CARTESIAN_POINT('',(684.75714285714,21.6,18.399489727694));
#3683 = SURFACE_CURVE('',#3684,(#3688,#3694),.PCURVE_S1.);
#3684 = LINE('',#3685,#3686);
#3685 = CARTESIAN_POINT('',(684.75714285714,21.6,9.299744863847));
#3686 = VECTOR('',#3687,1.);
#3687 = DIRECTION('',(-0.,0.,1.));
#3688 = PCURVE('',#1098,#3689);
#3689 = DEFINITIONAL_REPRESENTATION('',(#3690),#3693);
#3690 = B_SPLINE_CURVE_WITH_KNOTS('',1,(#3691,#3692),.UNSPECIFIED.,.F.,
  .F.,(2,2),(9.099744863847,15.099744863847),.PIECEWISE_BEZIER_KNOTS.);
#3691 = CARTESIAN_POINT('',(15.199489727694,-684.7571428571));
#3692 = CARTESIAN_POINT('',(21.199489727694,-684.7571428571));
#3693 = ( GEOMETRIC_REPRESENTATION_CONTEXT(2) 
PARAMETRIC_REPRESENTATION_CONTEXT() REPRESENTATION_CONTEXT('2D SPACE',''
  ) );
#3694 = PCURVE('',#3695,#3700);
#3695 = PLANE('',#3696);
#3696 = AXIS2_PLACEMENT_3D('',#3697,#3698,#3699);
#3697 = CARTESIAN_POINT('',(684.75714285714,18.4,15.399489727694));
#3698 = DIRECTION('',(1.,0.,0.));
#3699 = DIRECTION('',(0.,0.,1.));
#3700 = DEFINITIONAL_REPRESENTATION('',(#3701),#3704);
#3701 = B_SPLINE_CURVE_WITH_KNOTS('',1,(#3702,#3703),.UNSPECIFIED.,.F.,
  .F.,(2,2),(9.099744863847,15.099744863847),.PIECEWISE_BEZIER_KNOTS.);
#3702 = CARTESIAN_POINT('',(3.,-3.2));
#3703 = CARTESIAN_POINT('',(9.,-3.2));
#3704 = ( GEOMETRIC_REPRESENTATION_CONTEXT(2) 
PARAMETRIC_REPRESENTATION_CONTEXT() REPRESENTATION_CONTEXT('2D SPACE',''
  ) );
#3705 = ORIENTED_EDGE('',*,*,#3706,.T.);
#3706 = EDGE_CURVE('',#3681,#3707,#3709,.T.);
#3707 = VERTEX_POINT('',#3708);
#3708 = CARTESIAN_POINT('',(681.75714285714,21.6,15.399489727694));
#3709 = SURFACE_CURVE('',#3710,(#3715,#3726),.PCURVE_S1.);
#3710 = CIRCLE('',#3711,3.);
#3711 = AXIS2_PLACEMENT_3D('',#3712,#3713,#3714);
#3712 = CARTESIAN_POINT('',(681.75714285714,21.6,18.399489727694));
#3713 = DIRECTION('',(0.,1.,0.));
#3714 = DIRECTION('',(1.,0.,-0.));
#3715 = PCURVE('',#1098,#3716);
#3716 = DEFINITIONAL_REPRESENTATION('',(#3717),#3725);
#3717 = ( BOUNDED_CURVE() B_SPLINE_CURVE(2,(#3718,#3719,#3720,#3721,
#3722,#3723,#3724),.UNSPECIFIED.,.T.,.F.) B_SPLINE_CURVE_WITH_KNOTS((1,2
    ,2,2,2,1),(-2.094395102393,0.,2.094395102393,4.188790204786,
6.28318530718,8.377580409573),.UNSPECIFIED.) CURVE() 
GEOMETRIC_REPRESENTATION_ITEM() RATIONAL_B_SPLINE_CURVE((1.,0.5,1.,0.5,
1.,0.5,1.)) REPRESENTATION_ITEM('') );
#3718 = CARTESIAN_POINT('',(15.199489727694,-684.7571428571));
#3719 = CARTESIAN_POINT('',(10.003337304988,-684.7571428571));
#3720 = CARTESIAN_POINT('',(12.601413516341,-680.2571428571));
#3721 = CARTESIAN_POINT('',(15.199489727694,-675.7571428571));
#3722 = CARTESIAN_POINT('',(17.797565939048,-680.2571428571));
#3723 = CARTESIAN_POINT('',(20.395642150401,-684.7571428571));
#3724 = CARTESIAN_POINT('',(15.199489727694,-684.7571428571));
#3725 = ( GEOMETRIC_REPRESENTATION_CONTEXT(2) 
PARAMETRIC_REPRESENTATION_CONTEXT() REPRESENTATION_CONTEXT('2D SPACE',''
  ) );
#3726 = PCURVE('',#3727,#3732);
#3727 = CYLINDRICAL_SURFACE('',#3728,3.);
#3728 = AXIS2_PLACEMENT_3D('',#3729,#3730,#3731);
#3729 = CARTESIAN_POINT('',(681.75714285714,18.4,18.399489727694));
#3730 = DIRECTION('',(0.,1.,0.));
#3731 = DIRECTION('',(1.,0.,-0.));
#3732 = DEFINITIONAL_REPRESENTATION('',(#3733),#3737);
#3733 = LINE('',#3734,#3735);
#3734 = CARTESIAN_POINT('',(0.,3.2));
#3735 = VECTOR('',#3736,1.);
#3736 = DIRECTION('',(1.,0.));
#3737 = ( GEOMETRIC_REPRESENTATION_CONTEXT(2) 
PARAMETRIC_REPRESENTATION_CONTEXT() REPRESENTATION_CONTEXT('2D SPACE',''
  ) );
#3738 = ORIENTED_EDGE('',*,*,#3739,.T.);
#3739 = EDGE_CURVE('',#3707,#3528,#3740,.T.);
#3740 = SURFACE_CURVE('',#3741,(#3745,#3751),.PCURVE_S1.);
#3741 = LINE('',#3742,#3743);
#3742 = CARTESIAN_POINT('',(330.37857142857,21.6,15.399489727694));
#3743 = VECTOR('',#3744,1.);
#3744 = DIRECTION('',(-1.,0.,0.));
#3745 = PCURVE('',#1098,#3746);
#3746 = DEFINITIONAL_REPRESENTATION('',(#3747),#3750);
#3747 = B_SPLINE_CURVE_WITH_KNOTS('',1,(#3748,#3749),.UNSPECIFIED.,.F.,
  .F.,(2,2),(-351.3785714285,-333.3785714285),.PIECEWISE_BEZIER_KNOTS.);
#3748 = CARTESIAN_POINT('',(12.199489727694,-681.7571428571));
#3749 = CARTESIAN_POINT('',(12.199489727694,-663.7571428571));
#3750 = ( GEOMETRIC_REPRESENTATION_CONTEXT(2) 
PARAMETRIC_REPRESENTATION_CONTEXT() REPRESENTATION_CONTEXT('2D SPACE',''
  ) );
#3751 = PCURVE('',#3752,#3757);
#3752 = PLANE('',#3753);
#3753 = AXIS2_PLACEMENT_3D('',#3754,#3755,#3756);
#3754 = CARTESIAN_POINT('',(660.75714285714,18.4,15.399489727694));
#3755 = DIRECTION('',(0.,0.,1.));
#3756 = DIRECTION('',(1.,0.,0.));
#3757 = DEFINITIONAL_REPRESENTATION('',(#3758),#3761);
#3758 = B_SPLINE_CURVE_WITH_KNOTS('',1,(#3759,#3760),.UNSPECIFIED.,.F.,
  .F.,(2,2),(-351.3785714285,-333.3785714285),.PIECEWISE_BEZIER_KNOTS.);
#3759 = CARTESIAN_POINT('',(21.,3.2));
#3760 = CARTESIAN_POINT('',(3.,3.2));
#3761 = ( GEOMETRIC_REPRESENTATION_CONTEXT(2) 
PARAMETRIC_REPRESENTATION_CONTEXT() REPRESENTATION_CONTEXT('2D SPACE',''
  ) );
#3762 = FACE_BOUND('',#3763,.F.);
#3763 = EDGE_LOOP('',(#3764,#3799,#3825,#3858,#3884,#3917,#3943,#3976));
#3764 = ORIENTED_EDGE('',*,*,#3765,.T.);
#3765 = EDGE_CURVE('',#3766,#3768,#3770,.T.);
#3766 = VERTEX_POINT('',#3767);
#3767 = CARTESIAN_POINT('',(562.61428571428,21.6,15.399489727694));
#3768 = VERTEX_POINT('',#3769);
#3769 = CARTESIAN_POINT('',(559.61428571428,21.6,18.399489727694));
#3770 = SURFACE_CURVE('',#3771,(#3776,#3787),.PCURVE_S1.);
#3771 = CIRCLE('',#3772,3.);
#3772 = AXIS2_PLACEMENT_3D('',#3773,#3774,#3775);
#3773 = CARTESIAN_POINT('',(562.61428571428,21.6,18.399489727694));
#3774 = DIRECTION('',(0.,1.,0.));
#3775 = DIRECTION('',(-1.,0.,0.));
#3776 = PCURVE('',#1098,#3777);
#3777 = DEFINITIONAL_REPRESENTATION('',(#3778),#3786);
#3778 = ( BOUNDED_CURVE() B_SPLINE_CURVE(2,(#3779,#3780,#3781,#3782,
#3783,#3784,#3785),.UNSPECIFIED.,.T.,.F.) B_SPLINE_CURVE_WITH_KNOTS((1,2
    ,2,2,2,1),(-2.094395102393,0.,2.094395102393,4.188790204786,
6.28318530718,8.377580409573),.UNSPECIFIED.) CURVE() 
GEOMETRIC_REPRESENTATION_ITEM() RATIONAL_B_SPLINE_CURVE((1.,0.5,1.,0.5,
1.,0.5,1.)) REPRESENTATION_ITEM('') );
#3779 = CARTESIAN_POINT('',(15.199489727694,-559.6142857142));
#3780 = CARTESIAN_POINT('',(20.395642150401,-559.6142857142));
#3781 = CARTESIAN_POINT('',(17.797565939048,-564.1142857142));
#3782 = CARTESIAN_POINT('',(15.199489727694,-568.6142857142));
#3783 = CARTESIAN_POINT('',(12.601413516341,-564.1142857142));
#3784 = CARTESIAN_POINT('',(10.003337304988,-559.6142857142));
#3785 = CARTESIAN_POINT('',(15.199489727694,-559.6142857142));
#3786 = ( GEOMETRIC_REPRESENTATION_CONTEXT(2) 
PARAMETRIC_REPRESENTATION_CONTEXT() REPRESENTATION_CONTEXT('2D SPACE',''
  ) );
#3787 = PCURVE('',#3788,#3793);
#3788 = CYLINDRICAL_SURFACE('',#3789,3.);
#3789 = AXIS2_PLACEMENT_3D('',#3790,#3791,#3792);
#3790 = CARTESIAN_POINT('',(562.61428571428,18.4,18.399489727694));
#3791 = DIRECTION('',(0.,1.,0.));
#3792 = DIRECTION('',(-1.,0.,0.));
#3793 = DEFINITIONAL_REPRESENTATION('',(#3794),#3798);
#3794 = LINE('',#3795,#3796);
#3795 = CARTESIAN_POINT('',(-6.28318530718,3.2));
#3796 = VECTOR('',#3797,1.);
#3797 = DIRECTION('',(1.,-0.));
#3798 = ( GEOMETRIC_REPRESENTATION_CONTEXT(2) 
PARAMETRIC_REPRESENTATION_CONTEXT() REPRESENTATION_CONTEXT('2D SPACE',''
  ) );
#3799 = ORIENTED_EDGE('',*,*,#3800,.T.);
#3800 = EDGE_CURVE('',#3768,#3801,#3803,.T.);
#3801 = VERTEX_POINT('',#3802);
#3802 = CARTESIAN_POINT('',(559.61428571428,21.6,24.399489727694));
#3803 = SURFACE_CURVE('',#3804,(#3808,#3814),.PCURVE_S1.);
#3804 = LINE('',#3805,#3806);
#3805 = CARTESIAN_POINT('',(559.61428571428,21.6,9.299744863847));
#3806 = VECTOR('',#3807,1.);
#3807 = DIRECTION('',(-0.,0.,1.));
#3808 = PCURVE('',#1098,#3809);
#3809 = DEFINITIONAL_REPRESENTATION('',(#3810),#3813);
#3810 = B_SPLINE_CURVE_WITH_KNOTS('',1,(#3811,#3812),.UNSPECIFIED.,.F.,
  .F.,(2,2),(9.099744863847,15.099744863847),.PIECEWISE_BEZIER_KNOTS.);
#3811 = CARTESIAN_POINT('',(15.199489727694,-559.6142857142));
#3812 = CARTESIAN_POINT('',(21.199489727694,-559.6142857142));
#3813 = ( GEOMETRIC_REPRESENTATION_CONTEXT(2) 
PARAMETRIC_REPRESENTATION_CONTEXT() REPRESENTATION_CONTEXT('2D SPACE',''
  ) );
#3814 = PCURVE('',#3815,#3820);
#3815 = PLANE('',#3816);
#3816 = AXIS2_PLACEMENT_3D('',#3817,#3818,#3819);
#3817 = CARTESIAN_POINT('',(559.61428571428,18.4,15.399489727694));
#3818 = DIRECTION('',(1.,0.,0.));
#3819 = DIRECTION('',(0.,0.,1.));
#3820 = DEFINITIONAL_REPRESENTATION('',(#3821),#3824);
#3821 = B_SPLINE_CURVE_WITH_KNOTS('',1,(#3822,#3823),.UNSPECIFIED.,.F.,
  .F.,(2,2),(9.099744863847,15.099744863847),.PIECEWISE_BEZIER_KNOTS.);
#3822 = CARTESIAN_POINT('',(3.,-3.2));
#3823 = CARTESIAN_POINT('',(9.,-3.2));
#3824 = ( GEOMETRIC_REPRESENTATION_CONTEXT(2) 
PARAMETRIC_REPRESENTATION_CONTEXT() REPRESENTATION_CONTEXT('2D SPACE',''
  ) );
#3825 = ORIENTED_EDGE('',*,*,#3826,.T.);
#3826 = EDGE_CURVE('',#3801,#3827,#3829,.T.);
#3827 = VERTEX_POINT('',#3828);
#3828 = CARTESIAN_POINT('',(562.61428571428,21.6,27.399489727694));
#3829 = SURFACE_CURVE('',#3830,(#3835,#3846),.PCURVE_S1.);
#3830 = CIRCLE('',#3831,3.);
#3831 = AXIS2_PLACEMENT_3D('',#3832,#3833,#3834);
#3832 = CARTESIAN_POINT('',(562.61428571428,21.6,24.399489727694));
#3833 = DIRECTION('',(0.,1.,0.));
#3834 = DIRECTION('',(-1.,0.,0.));
#3835 = PCURVE('',#1098,#3836);
#3836 = DEFINITIONAL_REPRESENTATION('',(#3837),#3845);
#3837 = ( BOUNDED_CURVE() B_SPLINE_CURVE(2,(#3838,#3839,#3840,#3841,
#3842,#3843,#3844),.UNSPECIFIED.,.T.,.F.) B_SPLINE_CURVE_WITH_KNOTS((1,2
    ,2,2,2,1),(-2.094395102393,0.,2.094395102393,4.188790204786,
6.28318530718,8.377580409573),.UNSPECIFIED.) CURVE() 
GEOMETRIC_REPRESENTATION_ITEM() RATIONAL_B_SPLINE_CURVE((1.,0.5,1.,0.5,
1.,0.5,1.)) REPRESENTATION_ITEM('') );
#3838 = CARTESIAN_POINT('',(21.199489727694,-559.6142857142));
#3839 = CARTESIAN_POINT('',(26.395642150401,-559.6142857142));
#3840 = CARTESIAN_POINT('',(23.797565939048,-564.1142857142));
#3841 = CARTESIAN_POINT('',(21.199489727694,-568.6142857142));
#3842 = CARTESIAN_POINT('',(18.601413516341,-564.1142857142));
#3843 = CARTESIAN_POINT('',(16.003337304988,-559.6142857142));
#3844 = CARTESIAN_POINT('',(21.199489727694,-559.6142857142));
#3845 = ( GEOMETRIC_REPRESENTATION_CONTEXT(2) 
PARAMETRIC_REPRESENTATION_CONTEXT() REPRESENTATION_CONTEXT('2D SPACE',''
  ) );
#3846 = PCURVE('',#3847,#3852);
#3847 = CYLINDRICAL_SURFACE('',#3848,3.);
#3848 = AXIS2_PLACEMENT_3D('',#3849,#3850,#3851);
#3849 = CARTESIAN_POINT('',(562.61428571428,18.4,24.399489727694));
#3850 = DIRECTION('',(0.,1.,0.));
#3851 = DIRECTION('',(-1.,0.,0.));
#3852 = DEFINITIONAL_REPRESENTATION('',(#3853),#3857);
#3853 = LINE('',#3854,#3855);
#3854 = CARTESIAN_POINT('',(0.,3.2));
#3855 = VECTOR('',#3856,1.);
#3856 = DIRECTION('',(1.,0.));
#3857 = ( GEOMETRIC_REPRESENTATION_CONTEXT(2) 
PARAMETRIC_REPRESENTATION_CONTEXT() REPRESENTATION_CONTEXT('2D SPACE',''
  ) );
#3858 = ORIENTED_EDGE('',*,*,#3859,.F.);
#3859 = EDGE_CURVE('',#3860,#3827,#3862,.T.);
#3860 = VERTEX_POINT('',#3861);
#3861 = CARTESIAN_POINT('',(580.61428571428,21.6,27.399489727694));
#3862 = SURFACE_CURVE('',#3863,(#3867,#3873),.PCURVE_S1.);
#3863 = LINE('',#3864,#3865);
#3864 = CARTESIAN_POINT('',(279.80714285714,21.6,27.399489727694));
#3865 = VECTOR('',#3866,1.);
#3866 = DIRECTION('',(-1.,0.,0.));
#3867 = PCURVE('',#1098,#3868);
#3868 = DEFINITIONAL_REPRESENTATION('',(#3869),#3872);
#3869 = B_SPLINE_CURVE_WITH_KNOTS('',1,(#3870,#3871),.UNSPECIFIED.,.F.,
  .F.,(2,2),(-300.8071428571,-282.8071428571),.PIECEWISE_BEZIER_KNOTS.);
#3870 = CARTESIAN_POINT('',(24.199489727694,-580.6142857142));
#3871 = CARTESIAN_POINT('',(24.199489727694,-562.6142857142));
#3872 = ( GEOMETRIC_REPRESENTATION_CONTEXT(2) 
PARAMETRIC_REPRESENTATION_CONTEXT() REPRESENTATION_CONTEXT('2D SPACE',''
  ) );
#3873 = PCURVE('',#3874,#3879);
#3874 = PLANE('',#3875);
#3875 = AXIS2_PLACEMENT_3D('',#3876,#3877,#3878);
#3876 = CARTESIAN_POINT('',(559.61428571428,18.4,27.399489727694));
#3877 = DIRECTION('',(0.,0.,1.));
#3878 = DIRECTION('',(1.,0.,0.));
#3879 = DEFINITIONAL_REPRESENTATION('',(#3880),#3883);
#3880 = B_SPLINE_CURVE_WITH_KNOTS('',1,(#3881,#3882),.UNSPECIFIED.,.F.,
  .F.,(2,2),(-300.8071428571,-282.8071428571),.PIECEWISE_BEZIER_KNOTS.);
#3881 = CARTESIAN_POINT('',(21.,3.2));
#3882 = CARTESIAN_POINT('',(3.,3.2));
#3883 = ( GEOMETRIC_REPRESENTATION_CONTEXT(2) 
PARAMETRIC_REPRESENTATION_CONTEXT() REPRESENTATION_CONTEXT('2D SPACE',''
  ) );
#3884 = ORIENTED_EDGE('',*,*,#3885,.T.);
#3885 = EDGE_CURVE('',#3860,#3886,#3888,.T.);
#3886 = VERTEX_POINT('',#3887);
#3887 = CARTESIAN_POINT('',(583.61428571428,21.6,24.399489727694));
#3888 = SURFACE_CURVE('',#3889,(#3894,#3905),.PCURVE_S1.);
#3889 = CIRCLE('',#3890,3.);
#3890 = AXIS2_PLACEMENT_3D('',#3891,#3892,#3893);
#3891 = CARTESIAN_POINT('',(580.61428571428,21.6,24.399489727694));
#3892 = DIRECTION('',(0.,1.,0.));
#3893 = DIRECTION('',(1.,0.,-0.));
#3894 = PCURVE('',#1098,#3895);
#3895 = DEFINITIONAL_REPRESENTATION('',(#3896),#3904);
#3896 = ( BOUNDED_CURVE() B_SPLINE_CURVE(2,(#3897,#3898,#3899,#3900,
#3901,#3902,#3903),.UNSPECIFIED.,.T.,.F.) B_SPLINE_CURVE_WITH_KNOTS((1,2
    ,2,2,2,1),(-2.094395102393,0.,2.094395102393,4.188790204786,
6.28318530718,8.377580409573),.UNSPECIFIED.) CURVE() 
GEOMETRIC_REPRESENTATION_ITEM() RATIONAL_B_SPLINE_CURVE((1.,0.5,1.,0.5,
1.,0.5,1.)) REPRESENTATION_ITEM('') );
#3897 = CARTESIAN_POINT('',(21.199489727694,-583.6142857142));
#3898 = CARTESIAN_POINT('',(16.003337304988,-583.6142857142));
#3899 = CARTESIAN_POINT('',(18.601413516341,-579.1142857142));
#3900 = CARTESIAN_POINT('',(21.199489727694,-574.6142857142));
#3901 = CARTESIAN_POINT('',(23.797565939048,-579.1142857142));
#3902 = CARTESIAN_POINT('',(26.395642150401,-583.6142857142));
#3903 = CARTESIAN_POINT('',(21.199489727694,-583.6142857142));
#3904 = ( GEOMETRIC_REPRESENTATION_CONTEXT(2) 
PARAMETRIC_REPRESENTATION_CONTEXT() REPRESENTATION_CONTEXT('2D SPACE',''
  ) );
#3905 = PCURVE('',#3906,#3911);
#3906 = CYLINDRICAL_SURFACE('',#3907,3.);
#3907 = AXIS2_PLACEMENT_3D('',#3908,#3909,#3910);
#3908 = CARTESIAN_POINT('',(580.61428571428,18.4,24.399489727694));
#3909 = DIRECTION('',(0.,1.,0.));
#3910 = DIRECTION('',(1.,0.,-0.));
#3911 = DEFINITIONAL_REPRESENTATION('',(#3912),#3916);
#3912 = LINE('',#3913,#3914);
#3913 = CARTESIAN_POINT('',(-6.28318530718,3.2));
#3914 = VECTOR('',#3915,1.);
#3915 = DIRECTION('',(1.,-0.));
#3916 = ( GEOMETRIC_REPRESENTATION_CONTEXT(2) 
PARAMETRIC_REPRESENTATION_CONTEXT() REPRESENTATION_CONTEXT('2D SPACE',''
  ) );
#3917 = ORIENTED_EDGE('',*,*,#3918,.F.);
#3918 = EDGE_CURVE('',#3919,#3886,#3921,.T.);
#3919 = VERTEX_POINT('',#3920);
#3920 = CARTESIAN_POINT('',(583.61428571428,21.6,18.399489727694));
#3921 = SURFACE_CURVE('',#3922,(#3926,#3932),.PCURVE_S1.);
#3922 = LINE('',#3923,#3924);
#3923 = CARTESIAN_POINT('',(583.61428571428,21.6,9.299744863847));
#3924 = VECTOR('',#3925,1.);
#3925 = DIRECTION('',(-0.,0.,1.));
#3926 = PCURVE('',#1098,#3927);
#3927 = DEFINITIONAL_REPRESENTATION('',(#3928),#3931);
#3928 = B_SPLINE_CURVE_WITH_KNOTS('',1,(#3929,#3930),.UNSPECIFIED.,.F.,
  .F.,(2,2),(9.099744863847,15.099744863847),.PIECEWISE_BEZIER_KNOTS.);
#3929 = CARTESIAN_POINT('',(15.199489727694,-583.6142857142));
#3930 = CARTESIAN_POINT('',(21.199489727694,-583.6142857142));
#3931 = ( GEOMETRIC_REPRESENTATION_CONTEXT(2) 
PARAMETRIC_REPRESENTATION_CONTEXT() REPRESENTATION_CONTEXT('2D SPACE',''
  ) );
#3932 = PCURVE('',#3933,#3938);
#3933 = PLANE('',#3934);
#3934 = AXIS2_PLACEMENT_3D('',#3935,#3936,#3937);
#3935 = CARTESIAN_POINT('',(583.61428571428,18.4,15.399489727694));
#3936 = DIRECTION('',(1.,0.,0.));
#3937 = DIRECTION('',(0.,0.,1.));
#3938 = DEFINITIONAL_REPRESENTATION('',(#3939),#3942);
#3939 = B_SPLINE_CURVE_WITH_KNOTS('',1,(#3940,#3941),.UNSPECIFIED.,.F.,
  .F.,(2,2),(9.099744863847,15.099744863847),.PIECEWISE_BEZIER_KNOTS.);
#3940 = CARTESIAN_POINT('',(3.,-3.2));
#3941 = CARTESIAN_POINT('',(9.,-3.2));
#3942 = ( GEOMETRIC_REPRESENTATION_CONTEXT(2) 
PARAMETRIC_REPRESENTATION_CONTEXT() REPRESENTATION_CONTEXT('2D SPACE',''
  ) );
#3943 = ORIENTED_EDGE('',*,*,#3944,.T.);
#3944 = EDGE_CURVE('',#3919,#3945,#3947,.T.);
#3945 = VERTEX_POINT('',#3946);
#3946 = CARTESIAN_POINT('',(580.61428571428,21.6,15.399489727694));
#3947 = SURFACE_CURVE('',#3948,(#3953,#3964),.PCURVE_S1.);
#3948 = CIRCLE('',#3949,3.);
#3949 = AXIS2_PLACEMENT_3D('',#3950,#3951,#3952);
#3950 = CARTESIAN_POINT('',(580.61428571428,21.6,18.399489727694));
#3951 = DIRECTION('',(0.,1.,0.));
#3952 = DIRECTION('',(1.,0.,-0.));
#3953 = PCURVE('',#1098,#3954);
#3954 = DEFINITIONAL_REPRESENTATION('',(#3955),#3963);
#3955 = ( BOUNDED_CURVE() B_SPLINE_CURVE(2,(#3956,#3957,#3958,#3959,
#3960,#3961,#3962),.UNSPECIFIED.,.T.,.F.) B_SPLINE_CURVE_WITH_KNOTS((1,2
    ,2,2,2,1),(-2.094395102393,0.,2.094395102393,4.188790204786,
6.28318530718,8.377580409573),.UNSPECIFIED.) CURVE() 
GEOMETRIC_REPRESENTATION_ITEM() RATIONAL_B_SPLINE_CURVE((1.,0.5,1.,0.5,
1.,0.5,1.)) REPRESENTATION_ITEM('') );
#3956 = CARTESIAN_POINT('',(15.199489727694,-583.6142857142));
#3957 = CARTESIAN_POINT('',(10.003337304988,-583.6142857142));
#3958 = CARTESIAN_POINT('',(12.601413516341,-579.1142857142));
#3959 = CARTESIAN_POINT('',(15.199489727694,-574.6142857142));
#3960 = CARTESIAN_POINT('',(17.797565939048,-579.1142857142));
#3961 = CARTESIAN_POINT('',(20.395642150401,-583.6142857142));
#3962 = CARTESIAN_POINT('',(15.199489727694,-583.6142857142));
#3963 = ( GEOMETRIC_REPRESENTATION_CONTEXT(2) 
PARAMETRIC_REPRESENTATION_CONTEXT() REPRESENTATION_CONTEXT('2D SPACE',''
  ) );
#3964 = PCURVE('',#3965,#3970);
#3965 = CYLINDRICAL_SURFACE('',#3966,3.);
#3966 = AXIS2_PLACEMENT_3D('',#3967,#3968,#3969);
#3967 = CARTESIAN_POINT('',(580.61428571428,18.4,18.399489727694));
#3968 = DIRECTION('',(0.,1.,0.));
#3969 = DIRECTION('',(1.,0.,-0.));
#3970 = DEFINITIONAL_REPRESENTATION('',(#3971),#3975);
#3971 = LINE('',#3972,#3973);
#3972 = CARTESIAN_POINT('',(0.,3.2));
#3973 = VECTOR('',#3974,1.);
#3974 = DIRECTION('',(1.,0.));
#3975 = ( GEOMETRIC_REPRESENTATION_CONTEXT(2) 
PARAMETRIC_REPRESENTATION_CONTEXT() REPRESENTATION_CONTEXT('2D SPACE',''
  ) );
#3976 = ORIENTED_EDGE('',*,*,#3977,.T.);
#3977 = EDGE_CURVE('',#3945,#3766,#3978,.T.);
#3978 = SURFACE_CURVE('',#3979,(#3983,#3989),.PCURVE_S1.);
#3979 = LINE('',#3980,#3981);
#3980 = CARTESIAN_POINT('',(279.80714285714,21.6,15.399489727694));
#3981 = VECTOR('',#3982,1.);
#3982 = DIRECTION('',(-1.,0.,0.));
#3983 = PCURVE('',#1098,#3984);
#3984 = DEFINITIONAL_REPRESENTATION('',(#3985),#3988);
#3985 = B_SPLINE_CURVE_WITH_KNOTS('',1,(#3986,#3987),.UNSPECIFIED.,.F.,
  .F.,(2,2),(-300.8071428571,-282.8071428571),.PIECEWISE_BEZIER_KNOTS.);
#3986 = CARTESIAN_POINT('',(12.199489727694,-580.6142857142));
#3987 = CARTESIAN_POINT('',(12.199489727694,-562.6142857142));
#3988 = ( GEOMETRIC_REPRESENTATION_CONTEXT(2) 
PARAMETRIC_REPRESENTATION_CONTEXT() REPRESENTATION_CONTEXT('2D SPACE',''
  ) );
#3989 = PCURVE('',#3990,#3995);
#3990 = PLANE('',#3991);
#3991 = AXIS2_PLACEMENT_3D('',#3992,#3993,#3994);
#3992 = CARTESIAN_POINT('',(559.61428571428,18.4,15.399489727694));
#3993 = DIRECTION('',(0.,0.,1.));
#3994 = DIRECTION('',(1.,0.,0.));
#3995 = DEFINITIONAL_REPRESENTATION('',(#3996),#3999);
#3996 = B_SPLINE_CURVE_WITH_KNOTS('',1,(#3997,#3998),.UNSPECIFIED.,.F.,
  .F.,(2,2),(-300.8071428571,-282.8071428571),.PIECEWISE_BEZIER_KNOTS.);
#3997 = CARTESIAN_POINT('',(21.,3.2));
#3998 = CARTESIAN_POINT('',(3.,3.2));
#3999 = ( GEOMETRIC_REPRESENTATION_CONTEXT(2) 
PARAMETRIC_REPRESENTATION_CONTEXT() REPRESENTATION_CONTEXT('2D SPACE',''
  ) );
#4000 = FACE_BOUND('',#4001,.F.);
#4001 = EDGE_LOOP('',(#4002,#4037,#4063,#4096,#4122,#4155,#4181,#4214));
#4002 = ORIENTED_EDGE('',*,*,#4003,.T.);
#4003 = EDGE_CURVE('',#4004,#4006,#4008,.T.);
#4004 = VERTEX_POINT('',#4005);
#4005 = CARTESIAN_POINT('',(461.47142857142,21.6,15.399489727694));
#4006 = VERTEX_POINT('',#4007);
#4007 = CARTESIAN_POINT('',(458.47142857142,21.6,18.399489727694));
#4008 = SURFACE_CURVE('',#4009,(#4014,#4025),.PCURVE_S1.);
#4009 = CIRCLE('',#4010,3.);
#4010 = AXIS2_PLACEMENT_3D('',#4011,#4012,#4013);
#4011 = CARTESIAN_POINT('',(461.47142857142,21.6,18.399489727694));
#4012 = DIRECTION('',(0.,1.,0.));
#4013 = DIRECTION('',(-1.,0.,0.));
#4014 = PCURVE('',#1098,#4015);
#4015 = DEFINITIONAL_REPRESENTATION('',(#4016),#4024);
#4016 = ( BOUNDED_CURVE() B_SPLINE_CURVE(2,(#4017,#4018,#4019,#4020,
#4021,#4022,#4023),.UNSPECIFIED.,.T.,.F.) B_SPLINE_CURVE_WITH_KNOTS((1,2
    ,2,2,2,1),(-2.094395102393,0.,2.094395102393,4.188790204786,
6.28318530718,8.377580409573),.UNSPECIFIED.) CURVE() 
GEOMETRIC_REPRESENTATION_ITEM() RATIONAL_B_SPLINE_CURVE((1.,0.5,1.,0.5,
1.,0.5,1.)) REPRESENTATION_ITEM('') );
#4017 = CARTESIAN_POINT('',(15.199489727694,-458.4714285714));
#4018 = CARTESIAN_POINT('',(20.395642150401,-458.4714285714));
#4019 = CARTESIAN_POINT('',(17.797565939048,-462.9714285714));
#4020 = CARTESIAN_POINT('',(15.199489727694,-467.4714285714));
#4021 = CARTESIAN_POINT('',(12.601413516341,-462.9714285714));
#4022 = CARTESIAN_POINT('',(10.003337304988,-458.4714285714));
#4023 = CARTESIAN_POINT('',(15.199489727694,-458.4714285714));
#4024 = ( GEOMETRIC_REPRESENTATION_CONTEXT(2) 
PARAMETRIC_REPRESENTATION_CONTEXT() REPRESENTATION_CONTEXT('2D SPACE',''
  ) );
#4025 = PCURVE('',#4026,#4031);
#4026 = CYLINDRICAL_SURFACE('',#4027,3.);
#4027 = AXIS2_PLACEMENT_3D('',#4028,#4029,#4030);
#4028 = CARTESIAN_POINT('',(461.47142857142,18.4,18.399489727694));
#4029 = DIRECTION('',(0.,1.,0.));
#4030 = DIRECTION('',(-1.,0.,0.));
#4031 = DEFINITIONAL_REPRESENTATION('',(#4032),#4036);
#4032 = LINE('',#4033,#4034);
#4033 = CARTESIAN_POINT('',(-6.28318530718,3.2));
#4034 = VECTOR('',#4035,1.);
#4035 = DIRECTION('',(1.,-0.));
#4036 = ( GEOMETRIC_REPRESENTATION_CONTEXT(2) 
PARAMETRIC_REPRESENTATION_CONTEXT() REPRESENTATION_CONTEXT('2D SPACE',''
  ) );
#4037 = ORIENTED_EDGE('',*,*,#4038,.T.);
#4038 = EDGE_CURVE('',#4006,#4039,#4041,.T.);
#4039 = VERTEX_POINT('',#4040);
#4040 = CARTESIAN_POINT('',(458.47142857142,21.6,24.399489727694));
#4041 = SURFACE_CURVE('',#4042,(#4046,#4052),.PCURVE_S1.);
#4042 = LINE('',#4043,#4044);
#4043 = CARTESIAN_POINT('',(458.47142857142,21.6,9.299744863847));
#4044 = VECTOR('',#4045,1.);
#4045 = DIRECTION('',(-0.,0.,1.));
#4046 = PCURVE('',#1098,#4047);
#4047 = DEFINITIONAL_REPRESENTATION('',(#4048),#4051);
#4048 = B_SPLINE_CURVE_WITH_KNOTS('',1,(#4049,#4050),.UNSPECIFIED.,.F.,
  .F.,(2,2),(9.099744863847,15.099744863847),.PIECEWISE_BEZIER_KNOTS.);
#4049 = CARTESIAN_POINT('',(15.199489727694,-458.4714285714));
#4050 = CARTESIAN_POINT('',(21.199489727694,-458.4714285714));
#4051 = ( GEOMETRIC_REPRESENTATION_CONTEXT(2) 
PARAMETRIC_REPRESENTATION_CONTEXT() REPRESENTATION_CONTEXT('2D SPACE',''
  ) );
#4052 = PCURVE('',#4053,#4058);
#4053 = PLANE('',#4054);
#4054 = AXIS2_PLACEMENT_3D('',#4055,#4056,#4057);
#4055 = CARTESIAN_POINT('',(458.47142857142,18.4,15.399489727694));
#4056 = DIRECTION('',(1.,0.,0.));
#4057 = DIRECTION('',(0.,0.,1.));
#4058 = DEFINITIONAL_REPRESENTATION('',(#4059),#4062);
#4059 = B_SPLINE_CURVE_WITH_KNOTS('',1,(#4060,#4061),.UNSPECIFIED.,.F.,
  .F.,(2,2),(9.099744863847,15.099744863847),.PIECEWISE_BEZIER_KNOTS.);
#4060 = CARTESIAN_POINT('',(3.,-3.2));
#4061 = CARTESIAN_POINT('',(9.,-3.2));
#4062 = ( GEOMETRIC_REPRESENTATION_CONTEXT(2) 
PARAMETRIC_REPRESENTATION_CONTEXT() REPRESENTATION_CONTEXT('2D SPACE',''
  ) );
#4063 = ORIENTED_EDGE('',*,*,#4064,.T.);
#4064 = EDGE_CURVE('',#4039,#4065,#4067,.T.);
#4065 = VERTEX_POINT('',#4066);
#4066 = CARTESIAN_POINT('',(461.47142857142,21.6,27.399489727694));
#4067 = SURFACE_CURVE('',#4068,(#4073,#4084),.PCURVE_S1.);
#4068 = CIRCLE('',#4069,3.);
#4069 = AXIS2_PLACEMENT_3D('',#4070,#4071,#4072);
#4070 = CARTESIAN_POINT('',(461.47142857142,21.6,24.399489727694));
#4071 = DIRECTION('',(0.,1.,0.));
#4072 = DIRECTION('',(-1.,0.,0.));
#4073 = PCURVE('',#1098,#4074);
#4074 = DEFINITIONAL_REPRESENTATION('',(#4075),#4083);
#4075 = ( BOUNDED_CURVE() B_SPLINE_CURVE(2,(#4076,#4077,#4078,#4079,
#4080,#4081,#4082),.UNSPECIFIED.,.T.,.F.) B_SPLINE_CURVE_WITH_KNOTS((1,2
    ,2,2,2,1),(-2.094395102393,0.,2.094395102393,4.188790204786,
6.28318530718,8.377580409573),.UNSPECIFIED.) CURVE() 
GEOMETRIC_REPRESENTATION_ITEM() RATIONAL_B_SPLINE_CURVE((1.,0.5,1.,0.5,
1.,0.5,1.)) REPRESENTATION_ITEM('') );
#4076 = CARTESIAN_POINT('',(21.199489727694,-458.4714285714));
#4077 = CARTESIAN_POINT('',(26.395642150401,-458.4714285714));
#4078 = CARTESIAN_POINT('',(23.797565939048,-462.9714285714));
#4079 = CARTESIAN_POINT('',(21.199489727694,-467.4714285714));
#4080 = CARTESIAN_POINT('',(18.601413516341,-462.9714285714));
#4081 = CARTESIAN_POINT('',(16.003337304988,-458.4714285714));
#4082 = CARTESIAN_POINT('',(21.199489727694,-458.4714285714));
#4083 = ( GEOMETRIC_REPRESENTATION_CONTEXT(2) 
PARAMETRIC_REPRESENTATION_CONTEXT() REPRESENTATION_CONTEXT('2D SPACE',''
  ) );
#4084 = PCURVE('',#4085,#4090);
#4085 = CYLINDRICAL_SURFACE('',#4086,3.);
#4086 = AXIS2_PLACEMENT_3D('',#4087,#4088,#4089);
#4087 = CARTESIAN_POINT('',(461.47142857142,18.4,24.399489727694));
#4088 = DIRECTION('',(0.,1.,0.));
#4089 = DIRECTION('',(-1.,0.,0.));
#4090 = DEFINITIONAL_REPRESENTATION('',(#4091),#4095);
#4091 = LINE('',#4092,#4093);
#4092 = CARTESIAN_POINT('',(0.,3.2));
#4093 = VECTOR('',#4094,1.);
#4094 = DIRECTION('',(1.,0.));
#4095 = ( GEOMETRIC_REPRESENTATION_CONTEXT(2) 
PARAMETRIC_REPRESENTATION_CONTEXT() REPRESENTATION_CONTEXT('2D SPACE',''
  ) );
#4096 = ORIENTED_EDGE('',*,*,#4097,.F.);
#4097 = EDGE_CURVE('',#4098,#4065,#4100,.T.);
#4098 = VERTEX_POINT('',#4099);
#4099 = CARTESIAN_POINT('',(479.47142857142,21.6,27.399489727694));
#4100 = SURFACE_CURVE('',#4101,(#4105,#4111),.PCURVE_S1.);
#4101 = LINE('',#4102,#4103);
#4102 = CARTESIAN_POINT('',(229.23571428571,21.6,27.399489727694));
#4103 = VECTOR('',#4104,1.);
#4104 = DIRECTION('',(-1.,0.,0.));
#4105 = PCURVE('',#1098,#4106);
#4106 = DEFINITIONAL_REPRESENTATION('',(#4107),#4110);
#4107 = B_SPLINE_CURVE_WITH_KNOTS('',1,(#4108,#4109),.UNSPECIFIED.,.F.,
  .F.,(2,2),(-250.2357142857,-232.2357142857),.PIECEWISE_BEZIER_KNOTS.);
#4108 = CARTESIAN_POINT('',(24.199489727694,-479.4714285714));
#4109 = CARTESIAN_POINT('',(24.199489727694,-461.4714285714));
#4110 = ( GEOMETRIC_REPRESENTATION_CONTEXT(2) 
PARAMETRIC_REPRESENTATION_CONTEXT() REPRESENTATION_CONTEXT('2D SPACE',''
  ) );
#4111 = PCURVE('',#4112,#4117);
#4112 = PLANE('',#4113);
#4113 = AXIS2_PLACEMENT_3D('',#4114,#4115,#4116);
#4114 = CARTESIAN_POINT('',(458.47142857142,18.4,27.399489727694));
#4115 = DIRECTION('',(0.,0.,1.));
#4116 = DIRECTION('',(1.,0.,0.));
#4117 = DEFINITIONAL_REPRESENTATION('',(#4118),#4121);
#4118 = B_SPLINE_CURVE_WITH_KNOTS('',1,(#4119,#4120),.UNSPECIFIED.,.F.,
  .F.,(2,2),(-250.2357142857,-232.2357142857),.PIECEWISE_BEZIER_KNOTS.);
#4119 = CARTESIAN_POINT('',(21.,3.2));
#4120 = CARTESIAN_POINT('',(3.,3.2));
#4121 = ( GEOMETRIC_REPRESENTATION_CONTEXT(2) 
PARAMETRIC_REPRESENTATION_CONTEXT() REPRESENTATION_CONTEXT('2D SPACE',''
  ) );
#4122 = ORIENTED_EDGE('',*,*,#4123,.T.);
#4123 = EDGE_CURVE('',#4098,#4124,#4126,.T.);
#4124 = VERTEX_POINT('',#4125);
#4125 = CARTESIAN_POINT('',(482.47142857142,21.6,24.399489727694));
#4126 = SURFACE_CURVE('',#4127,(#4132,#4143),.PCURVE_S1.);
#4127 = CIRCLE('',#4128,3.);
#4128 = AXIS2_PLACEMENT_3D('',#4129,#4130,#4131);
#4129 = CARTESIAN_POINT('',(479.47142857142,21.6,24.399489727694));
#4130 = DIRECTION('',(0.,1.,0.));
#4131 = DIRECTION('',(1.,0.,-0.));
#4132 = PCURVE('',#1098,#4133);
#4133 = DEFINITIONAL_REPRESENTATION('',(#4134),#4142);
#4134 = ( BOUNDED_CURVE() B_SPLINE_CURVE(2,(#4135,#4136,#4137,#4138,
#4139,#4140,#4141),.UNSPECIFIED.,.T.,.F.) B_SPLINE_CURVE_WITH_KNOTS((1,2
    ,2,2,2,1),(-2.094395102393,0.,2.094395102393,4.188790204786,
6.28318530718,8.377580409573),.UNSPECIFIED.) CURVE() 
GEOMETRIC_REPRESENTATION_ITEM() RATIONAL_B_SPLINE_CURVE((1.,0.5,1.,0.5,
1.,0.5,1.)) REPRESENTATION_ITEM('') );
#4135 = CARTESIAN_POINT('',(21.199489727694,-482.4714285714));
#4136 = CARTESIAN_POINT('',(16.003337304988,-482.4714285714));
#4137 = CARTESIAN_POINT('',(18.601413516341,-477.9714285714));
#4138 = CARTESIAN_POINT('',(21.199489727694,-473.4714285714));
#4139 = CARTESIAN_POINT('',(23.797565939048,-477.9714285714));
#4140 = CARTESIAN_POINT('',(26.395642150401,-482.4714285714));
#4141 = CARTESIAN_POINT('',(21.199489727694,-482.4714285714));
#4142 = ( GEOMETRIC_REPRESENTATION_CONTEXT(2) 
PARAMETRIC_REPRESENTATION_CONTEXT() REPRESENTATION_CONTEXT('2D SPACE',''
  ) );
#4143 = PCURVE('',#4144,#4149);
#4144 = CYLINDRICAL_SURFACE('',#4145,3.);
#4145 = AXIS2_PLACEMENT_3D('',#4146,#4147,#4148);
#4146 = CARTESIAN_POINT('',(479.47142857142,18.4,24.399489727694));
#4147 = DIRECTION('',(0.,1.,0.));
#4148 = DIRECTION('',(1.,0.,-0.));
#4149 = DEFINITIONAL_REPRESENTATION('',(#4150),#4154);
#4150 = LINE('',#4151,#4152);
#4151 = CARTESIAN_POINT('',(-6.28318530718,3.2));
#4152 = VECTOR('',#4153,1.);
#4153 = DIRECTION('',(1.,-0.));
#4154 = ( GEOMETRIC_REPRESENTATION_CONTEXT(2) 
PARAMETRIC_REPRESENTATION_CONTEXT() REPRESENTATION_CONTEXT('2D SPACE',''
  ) );
#4155 = ORIENTED_EDGE('',*,*,#4156,.F.);
#4156 = EDGE_CURVE('',#4157,#4124,#4159,.T.);
#4157 = VERTEX_POINT('',#4158);
#4158 = CARTESIAN_POINT('',(482.47142857142,21.6,18.399489727694));
#4159 = SURFACE_CURVE('',#4160,(#4164,#4170),.PCURVE_S1.);
#4160 = LINE('',#4161,#4162);
#4161 = CARTESIAN_POINT('',(482.47142857142,21.6,9.299744863847));
#4162 = VECTOR('',#4163,1.);
#4163 = DIRECTION('',(-0.,0.,1.));
#4164 = PCURVE('',#1098,#4165);
#4165 = DEFINITIONAL_REPRESENTATION('',(#4166),#4169);
#4166 = B_SPLINE_CURVE_WITH_KNOTS('',1,(#4167,#4168),.UNSPECIFIED.,.F.,
  .F.,(2,2),(9.099744863847,15.099744863847),.PIECEWISE_BEZIER_KNOTS.);
#4167 = CARTESIAN_POINT('',(15.199489727694,-482.4714285714));
#4168 = CARTESIAN_POINT('',(21.199489727694,-482.4714285714));
#4169 = ( GEOMETRIC_REPRESENTATION_CONTEXT(2) 
PARAMETRIC_REPRESENTATION_CONTEXT() REPRESENTATION_CONTEXT('2D SPACE',''
  ) );
#4170 = PCURVE('',#4171,#4176);
#4171 = PLANE('',#4172);
#4172 = AXIS2_PLACEMENT_3D('',#4173,#4174,#4175);
#4173 = CARTESIAN_POINT('',(482.47142857142,18.4,15.399489727694));
#4174 = DIRECTION('',(1.,0.,0.));
#4175 = DIRECTION('',(0.,0.,1.));
#4176 = DEFINITIONAL_REPRESENTATION('',(#4177),#4180);
#4177 = B_SPLINE_CURVE_WITH_KNOTS('',1,(#4178,#4179),.UNSPECIFIED.,.F.,
  .F.,(2,2),(9.099744863847,15.099744863847),.PIECEWISE_BEZIER_KNOTS.);
#4178 = CARTESIAN_POINT('',(3.,-3.2));
#4179 = CARTESIAN_POINT('',(9.,-3.2));
#4180 = ( GEOMETRIC_REPRESENTATION_CONTEXT(2) 
PARAMETRIC_REPRESENTATION_CONTEXT() REPRESENTATION_CONTEXT('2D SPACE',''
  ) );
#4181 = ORIENTED_EDGE('',*,*,#4182,.T.);
#4182 = EDGE_CURVE('',#4157,#4183,#4185,.T.);
#4183 = VERTEX_POINT('',#4184);
#4184 = CARTESIAN_POINT('',(479.47142857142,21.6,15.399489727694));
#4185 = SURFACE_CURVE('',#4186,(#4191,#4202),.PCURVE_S1.);
#4186 = CIRCLE('',#4187,3.);
#4187 = AXIS2_PLACEMENT_3D('',#4188,#4189,#4190);
#4188 = CARTESIAN_POINT('',(479.47142857142,21.6,18.399489727694));
#4189 = DIRECTION('',(0.,1.,0.));
#4190 = DIRECTION('',(1.,0.,-0.));
#4191 = PCURVE('',#1098,#4192);
#4192 = DEFINITIONAL_REPRESENTATION('',(#4193),#4201);
#4193 = ( BOUNDED_CURVE() B_SPLINE_CURVE(2,(#4194,#4195,#4196,#4197,
#4198,#4199,#4200),.UNSPECIFIED.,.T.,.F.) B_SPLINE_CURVE_WITH_KNOTS((1,2
    ,2,2,2,1),(-2.094395102393,0.,2.094395102393,4.188790204786,
6.28318530718,8.377580409573),.UNSPECIFIED.) CURVE() 
GEOMETRIC_REPRESENTATION_ITEM() RATIONAL_B_SPLINE_CURVE((1.,0.5,1.,0.5,
1.,0.5,1.)) REPRESENTATION_ITEM('') );
#4194 = CARTESIAN_POINT('',(15.199489727694,-482.4714285714));
#4195 = CARTESIAN_POINT('',(10.003337304988,-482.4714285714));
#4196 = CARTESIAN_POINT('',(12.601413516341,-477.9714285714));
#4197 = CARTESIAN_POINT('',(15.199489727694,-473.4714285714));
#4198 = CARTESIAN_POINT('',(17.797565939048,-477.9714285714));
#4199 = CARTESIAN_POINT('',(20.395642150401,-482.4714285714));
#4200 = CARTESIAN_POINT('',(15.199489727694,-482.4714285714));
#4201 = ( GEOMETRIC_REPRESENTATION_CONTEXT(2) 
PARAMETRIC_REPRESENTATION_CONTEXT() REPRESENTATION_CONTEXT('2D SPACE',''
  ) );
#4202 = PCURVE('',#4203,#4208);
#4203 = CYLINDRICAL_SURFACE('',#4204,3.);
#4204 = AXIS2_PLACEMENT_3D('',#4205,#4206,#4207);
#4205 = CARTESIAN_POINT('',(479.47142857142,18.4,18.399489727694));
#4206 = DIRECTION('',(0.,1.,0.));
#4207 = DIRECTION('',(1.,0.,-0.));
#4208 = DEFINITIONAL_REPRESENTATION('',(#4209),#4213);
#4209 = LINE('',#4210,#4211);
#4210 = CARTESIAN_POINT('',(0.,3.2));
#4211 = VECTOR('',#4212,1.);
#4212 = DIRECTION('',(1.,0.));
#4213 = ( GEOMETRIC_REPRESENTATION_CONTEXT(2) 
PARAMETRIC_REPRESENTATION_CONTEXT() REPRESENTATION_CONTEXT('2D SPACE',''
  ) );
#4214 = ORIENTED_EDGE('',*,*,#4215,.T.);
#4215 = EDGE_CURVE('',#4183,#4004,#4216,.T.);
#4216 = SURFACE_CURVE('',#4217,(#4221,#4227),.PCURVE_S1.);
#4217 = LINE('',#4218,#4219);
#4218 = CARTESIAN_POINT('',(229.23571428571,21.6,15.399489727694));
#4219 = VECTOR('',#4220,1.);
#4220 = DIRECTION('',(-1.,0.,0.));
#4221 = PCURVE('',#1098,#4222);
#4222 = DEFINITIONAL_REPRESENTATION('',(#4223),#4226);
#4223 = B_SPLINE_CURVE_WITH_KNOTS('',1,(#4224,#4225),.UNSPECIFIED.,.F.,
  .F.,(2,2),(-250.2357142857,-232.2357142857),.PIECEWISE_BEZIER_KNOTS.);
#4224 = CARTESIAN_POINT('',(12.199489727694,-479.4714285714));
#4225 = CARTESIAN_POINT('',(12.199489727694,-461.4714285714));
#4226 = ( GEOMETRIC_REPRESENTATION_CONTEXT(2) 
PARAMETRIC_REPRESENTATION_CONTEXT() REPRESENTATION_CONTEXT('2D SPACE',''
  ) );
#4227 = PCURVE('',#4228,#4233);
#4228 = PLANE('',#4229);
#4229 = AXIS2_PLACEMENT_3D('',#4230,#4231,#4232);
#4230 = CARTESIAN_POINT('',(458.47142857142,18.4,15.399489727694));
#4231 = DIRECTION('',(0.,0.,1.));
#4232 = DIRECTION('',(1.,0.,0.));
#4233 = DEFINITIONAL_REPRESENTATION('',(#4234),#4237);
#4234 = B_SPLINE_CURVE_WITH_KNOTS('',1,(#4235,#4236),.UNSPECIFIED.,.F.,
  .F.,(2,2),(-250.2357142857,-232.2357142857),.PIECEWISE_BEZIER_KNOTS.);
#4235 = CARTESIAN_POINT('',(21.,3.2));
#4236 = CARTESIAN_POINT('',(3.,3.2));
#4237 = ( GEOMETRIC_REPRESENTATION_CONTEXT(2) 
PARAMETRIC_REPRESENTATION_CONTEXT() REPRESENTATION_CONTEXT('2D SPACE',''
  ) );
#4238 = FACE_BOUND('',#4239,.F.);
#4239 = EDGE_LOOP('',(#4240,#4275,#4301,#4334,#4360,#4393,#4419,#4452));
#4240 = ORIENTED_EDGE('',*,*,#4241,.T.);
#4241 = EDGE_CURVE('',#4242,#4244,#4246,.T.);
#4242 = VERTEX_POINT('',#4243);
#4243 = CARTESIAN_POINT('',(360.32857142857,21.6,15.399489727694));
#4244 = VERTEX_POINT('',#4245);
#4245 = CARTESIAN_POINT('',(357.32857142857,21.6,18.399489727694));
#4246 = SURFACE_CURVE('',#4247,(#4252,#4263),.PCURVE_S1.);
#4247 = CIRCLE('',#4248,3.);
#4248 = AXIS2_PLACEMENT_3D('',#4249,#4250,#4251);
#4249 = CARTESIAN_POINT('',(360.32857142857,21.6,18.399489727694));
#4250 = DIRECTION('',(0.,1.,0.));
#4251 = DIRECTION('',(-1.,0.,0.));
#4252 = PCURVE('',#1098,#4253);
#4253 = DEFINITIONAL_REPRESENTATION('',(#4254),#4262);
#4254 = ( BOUNDED_CURVE() B_SPLINE_CURVE(2,(#4255,#4256,#4257,#4258,
#4259,#4260,#4261),.UNSPECIFIED.,.T.,.F.) B_SPLINE_CURVE_WITH_KNOTS((1,2
    ,2,2,2,1),(-2.094395102393,0.,2.094395102393,4.188790204786,
6.28318530718,8.377580409573),.UNSPECIFIED.) CURVE() 
GEOMETRIC_REPRESENTATION_ITEM() RATIONAL_B_SPLINE_CURVE((1.,0.5,1.,0.5,
1.,0.5,1.)) REPRESENTATION_ITEM('') );
#4255 = CARTESIAN_POINT('',(15.199489727694,-357.3285714285));
#4256 = CARTESIAN_POINT('',(20.395642150401,-357.3285714285));
#4257 = CARTESIAN_POINT('',(17.797565939048,-361.8285714285));
#4258 = CARTESIAN_POINT('',(15.199489727694,-366.3285714285));
#4259 = CARTESIAN_POINT('',(12.601413516341,-361.8285714285));
#4260 = CARTESIAN_POINT('',(10.003337304988,-357.3285714285));
#4261 = CARTESIAN_POINT('',(15.199489727694,-357.3285714285));
#4262 = ( GEOMETRIC_REPRESENTATION_CONTEXT(2) 
PARAMETRIC_REPRESENTATION_CONTEXT() REPRESENTATION_CONTEXT('2D SPACE',''
  ) );
#4263 = PCURVE('',#4264,#4269);
#4264 = CYLINDRICAL_SURFACE('',#4265,3.);
#4265 = AXIS2_PLACEMENT_3D('',#4266,#4267,#4268);
#4266 = CARTESIAN_POINT('',(360.32857142857,18.4,18.399489727694));
#4267 = DIRECTION('',(0.,1.,0.));
#4268 = DIRECTION('',(-1.,0.,0.));
#4269 = DEFINITIONAL_REPRESENTATION('',(#4270),#4274);
#4270 = LINE('',#4271,#4272);
#4271 = CARTESIAN_POINT('',(-6.28318530718,3.2));
#4272 = VECTOR('',#4273,1.);
#4273 = DIRECTION('',(1.,-0.));
#4274 = ( GEOMETRIC_REPRESENTATION_CONTEXT(2) 
PARAMETRIC_REPRESENTATION_CONTEXT() REPRESENTATION_CONTEXT('2D SPACE',''
  ) );
#4275 = ORIENTED_EDGE('',*,*,#4276,.T.);
#4276 = EDGE_CURVE('',#4244,#4277,#4279,.T.);
#4277 = VERTEX_POINT('',#4278);
#4278 = CARTESIAN_POINT('',(357.32857142857,21.6,24.399489727694));
#4279 = SURFACE_CURVE('',#4280,(#4284,#4290),.PCURVE_S1.);
#4280 = LINE('',#4281,#4282);
#4281 = CARTESIAN_POINT('',(357.32857142857,21.6,9.299744863847));
#4282 = VECTOR('',#4283,1.);
#4283 = DIRECTION('',(-0.,0.,1.));
#4284 = PCURVE('',#1098,#4285);
#4285 = DEFINITIONAL_REPRESENTATION('',(#4286),#4289);
#4286 = B_SPLINE_CURVE_WITH_KNOTS('',1,(#4287,#4288),.UNSPECIFIED.,.F.,
  .F.,(2,2),(9.099744863847,15.099744863847),.PIECEWISE_BEZIER_KNOTS.);
#4287 = CARTESIAN_POINT('',(15.199489727694,-357.3285714285));
#4288 = CARTESIAN_POINT('',(21.199489727694,-357.3285714285));
#4289 = ( GEOMETRIC_REPRESENTATION_CONTEXT(2) 
PARAMETRIC_REPRESENTATION_CONTEXT() REPRESENTATION_CONTEXT('2D SPACE',''
  ) );
#4290 = PCURVE('',#4291,#4296);
#4291 = PLANE('',#4292);
#4292 = AXIS2_PLACEMENT_3D('',#4293,#4294,#4295);
#4293 = CARTESIAN_POINT('',(357.32857142857,18.4,15.399489727694));
#4294 = DIRECTION('',(1.,0.,0.));
#4295 = DIRECTION('',(0.,0.,1.));
#4296 = DEFINITIONAL_REPRESENTATION('',(#4297),#4300);
#4297 = B_SPLINE_CURVE_WITH_KNOTS('',1,(#4298,#4299),.UNSPECIFIED.,.F.,
  .F.,(2,2),(9.099744863847,15.099744863847),.PIECEWISE_BEZIER_KNOTS.);
#4298 = CARTESIAN_POINT('',(3.,-3.2));
#4299 = CARTESIAN_POINT('',(9.,-3.2));
#4300 = ( GEOMETRIC_REPRESENTATION_CONTEXT(2) 
PARAMETRIC_REPRESENTATION_CONTEXT() REPRESENTATION_CONTEXT('2D SPACE',''
  ) );
#4301 = ORIENTED_EDGE('',*,*,#4302,.T.);
#4302 = EDGE_CURVE('',#4277,#4303,#4305,.T.);
#4303 = VERTEX_POINT('',#4304);
#4304 = CARTESIAN_POINT('',(360.32857142857,21.6,27.399489727694));
#4305 = SURFACE_CURVE('',#4306,(#4311,#4322),.PCURVE_S1.);
#4306 = CIRCLE('',#4307,3.);
#4307 = AXIS2_PLACEMENT_3D('',#4308,#4309,#4310);
#4308 = CARTESIAN_POINT('',(360.32857142857,21.6,24.399489727694));
#4309 = DIRECTION('',(0.,1.,0.));
#4310 = DIRECTION('',(-1.,0.,0.));
#4311 = PCURVE('',#1098,#4312);
#4312 = DEFINITIONAL_REPRESENTATION('',(#4313),#4321);
#4313 = ( BOUNDED_CURVE() B_SPLINE_CURVE(2,(#4314,#4315,#4316,#4317,
#4318,#4319,#4320),.UNSPECIFIED.,.T.,.F.) B_SPLINE_CURVE_WITH_KNOTS((1,2
    ,2,2,2,1),(-2.094395102393,0.,2.094395102393,4.188790204786,
6.28318530718,8.377580409573),.UNSPECIFIED.) CURVE() 
GEOMETRIC_REPRESENTATION_ITEM() RATIONAL_B_SPLINE_CURVE((1.,0.5,1.,0.5,
1.,0.5,1.)) REPRESENTATION_ITEM('') );
#4314 = CARTESIAN_POINT('',(21.199489727694,-357.3285714285));
#4315 = CARTESIAN_POINT('',(26.395642150401,-357.3285714285));
#4316 = CARTESIAN_POINT('',(23.797565939048,-361.8285714285));
#4317 = CARTESIAN_POINT('',(21.199489727694,-366.3285714285));
#4318 = CARTESIAN_POINT('',(18.601413516341,-361.8285714285));
#4319 = CARTESIAN_POINT('',(16.003337304988,-357.3285714285));
#4320 = CARTESIAN_POINT('',(21.199489727694,-357.3285714285));
#4321 = ( GEOMETRIC_REPRESENTATION_CONTEXT(2) 
PARAMETRIC_REPRESENTATION_CONTEXT() REPRESENTATION_CONTEXT('2D SPACE',''
  ) );
#4322 = PCURVE('',#4323,#4328);
#4323 = CYLINDRICAL_SURFACE('',#4324,3.);
#4324 = AXIS2_PLACEMENT_3D('',#4325,#4326,#4327);
#4325 = CARTESIAN_POINT('',(360.32857142857,18.4,24.399489727694));
#4326 = DIRECTION('',(0.,1.,0.));
#4327 = DIRECTION('',(-1.,0.,0.));
#4328 = DEFINITIONAL_REPRESENTATION('',(#4329),#4333);
#4329 = LINE('',#4330,#4331);
#4330 = CARTESIAN_POINT('',(0.,3.2));
#4331 = VECTOR('',#4332,1.);
#4332 = DIRECTION('',(1.,0.));
#4333 = ( GEOMETRIC_REPRESENTATION_CONTEXT(2) 
PARAMETRIC_REPRESENTATION_CONTEXT() REPRESENTATION_CONTEXT('2D SPACE',''
  ) );
#4334 = ORIENTED_EDGE('',*,*,#4335,.F.);
#4335 = EDGE_CURVE('',#4336,#4303,#4338,.T.);
#4336 = VERTEX_POINT('',#4337);
#4337 = CARTESIAN_POINT('',(378.32857142857,21.6,27.399489727694));
#4338 = SURFACE_CURVE('',#4339,(#4343,#4349),.PCURVE_S1.);
#4339 = LINE('',#4340,#4341);
#4340 = CARTESIAN_POINT('',(178.66428571428,21.6,27.399489727694));
#4341 = VECTOR('',#4342,1.);
#4342 = DIRECTION('',(-1.,0.,0.));
#4343 = PCURVE('',#1098,#4344);
#4344 = DEFINITIONAL_REPRESENTATION('',(#4345),#4348);
#4345 = B_SPLINE_CURVE_WITH_KNOTS('',1,(#4346,#4347),.UNSPECIFIED.,.F.,
  .F.,(2,2),(-199.6642857142,-181.6642857142),.PIECEWISE_BEZIER_KNOTS.);
#4346 = CARTESIAN_POINT('',(24.199489727694,-378.3285714285));
#4347 = CARTESIAN_POINT('',(24.199489727694,-360.3285714285));
#4348 = ( GEOMETRIC_REPRESENTATION_CONTEXT(2) 
PARAMETRIC_REPRESENTATION_CONTEXT() REPRESENTATION_CONTEXT('2D SPACE',''
  ) );
#4349 = PCURVE('',#4350,#4355);
#4350 = PLANE('',#4351);
#4351 = AXIS2_PLACEMENT_3D('',#4352,#4353,#4354);
#4352 = CARTESIAN_POINT('',(357.32857142857,18.4,27.399489727694));
#4353 = DIRECTION('',(0.,0.,1.));
#4354 = DIRECTION('',(1.,0.,0.));
#4355 = DEFINITIONAL_REPRESENTATION('',(#4356),#4359);
#4356 = B_SPLINE_CURVE_WITH_KNOTS('',1,(#4357,#4358),.UNSPECIFIED.,.F.,
  .F.,(2,2),(-199.6642857142,-181.6642857142),.PIECEWISE_BEZIER_KNOTS.);
#4357 = CARTESIAN_POINT('',(21.,3.2));
#4358 = CARTESIAN_POINT('',(3.,3.2));
#4359 = ( GEOMETRIC_REPRESENTATION_CONTEXT(2) 
PARAMETRIC_REPRESENTATION_CONTEXT() REPRESENTATION_CONTEXT('2D SPACE',''
  ) );
#4360 = ORIENTED_EDGE('',*,*,#4361,.T.);
#4361 = EDGE_CURVE('',#4336,#4362,#4364,.T.);
#4362 = VERTEX_POINT('',#4363);
#4363 = CARTESIAN_POINT('',(381.32857142857,21.6,24.399489727694));
#4364 = SURFACE_CURVE('',#4365,(#4370,#4381),.PCURVE_S1.);
#4365 = CIRCLE('',#4366,3.);
#4366 = AXIS2_PLACEMENT_3D('',#4367,#4368,#4369);
#4367 = CARTESIAN_POINT('',(378.32857142857,21.6,24.399489727694));
#4368 = DIRECTION('',(0.,1.,0.));
#4369 = DIRECTION('',(1.,0.,-0.));
#4370 = PCURVE('',#1098,#4371);
#4371 = DEFINITIONAL_REPRESENTATION('',(#4372),#4380);
#4372 = ( BOUNDED_CURVE() B_SPLINE_CURVE(2,(#4373,#4374,#4375,#4376,
#4377,#4378,#4379),.UNSPECIFIED.,.T.,.F.) B_SPLINE_CURVE_WITH_KNOTS((1,2
    ,2,2,2,1),(-2.094395102393,0.,2.094395102393,4.188790204786,
6.28318530718,8.377580409573),.UNSPECIFIED.) CURVE() 
GEOMETRIC_REPRESENTATION_ITEM() RATIONAL_B_SPLINE_CURVE((1.,0.5,1.,0.5,
1.,0.5,1.)) REPRESENTATION_ITEM('') );
#4373 = CARTESIAN_POINT('',(21.199489727694,-381.3285714285));
#4374 = CARTESIAN_POINT('',(16.003337304988,-381.3285714285));
#4375 = CARTESIAN_POINT('',(18.601413516341,-376.8285714285));
#4376 = CARTESIAN_POINT('',(21.199489727694,-372.3285714285));
#4377 = CARTESIAN_POINT('',(23.797565939048,-376.8285714285));
#4378 = CARTESIAN_POINT('',(26.395642150401,-381.3285714285));
#4379 = CARTESIAN_POINT('',(21.199489727694,-381.3285714285));
#4380 = ( GEOMETRIC_REPRESENTATION_CONTEXT(2) 
PARAMETRIC_REPRESENTATION_CONTEXT() REPRESENTATION_CONTEXT('2D SPACE',''
  ) );
#4381 = PCURVE('',#4382,#4387);
#4382 = CYLINDRICAL_SURFACE('',#4383,3.);
#4383 = AXIS2_PLACEMENT_3D('',#4384,#4385,#4386);
#4384 = CARTESIAN_POINT('',(378.32857142857,18.4,24.399489727694));
#4385 = DIRECTION('',(0.,1.,0.));
#4386 = DIRECTION('',(1.,0.,-0.));
#4387 = DEFINITIONAL_REPRESENTATION('',(#4388),#4392);
#4388 = LINE('',#4389,#4390);
#4389 = CARTESIAN_POINT('',(-6.28318530718,3.2));
#4390 = VECTOR('',#4391,1.);
#4391 = DIRECTION('',(1.,-0.));
#4392 = ( GEOMETRIC_REPRESENTATION_CONTEXT(2) 
PARAMETRIC_REPRESENTATION_CONTEXT() REPRESENTATION_CONTEXT('2D SPACE',''
  ) );
#4393 = ORIENTED_EDGE('',*,*,#4394,.F.);
#4394 = EDGE_CURVE('',#4395,#4362,#4397,.T.);
#4395 = VERTEX_POINT('',#4396);
#4396 = CARTESIAN_POINT('',(381.32857142857,21.6,18.399489727694));
#4397 = SURFACE_CURVE('',#4398,(#4402,#4408),.PCURVE_S1.);
#4398 = LINE('',#4399,#4400);
#4399 = CARTESIAN_POINT('',(381.32857142857,21.6,9.299744863847));
#4400 = VECTOR('',#4401,1.);
#4401 = DIRECTION('',(-0.,0.,1.));
#4402 = PCURVE('',#1098,#4403);
#4403 = DEFINITIONAL_REPRESENTATION('',(#4404),#4407);
#4404 = B_SPLINE_CURVE_WITH_KNOTS('',1,(#4405,#4406),.UNSPECIFIED.,.F.,
  .F.,(2,2),(9.099744863847,15.099744863847),.PIECEWISE_BEZIER_KNOTS.);
#4405 = CARTESIAN_POINT('',(15.199489727694,-381.3285714285));
#4406 = CARTESIAN_POINT('',(21.199489727694,-381.3285714285));
#4407 = ( GEOMETRIC_REPRESENTATION_CONTEXT(2) 
PARAMETRIC_REPRESENTATION_CONTEXT() REPRESENTATION_CONTEXT('2D SPACE',''
  ) );
#4408 = PCURVE('',#4409,#4414);
#4409 = PLANE('',#4410);
#4410 = AXIS2_PLACEMENT_3D('',#4411,#4412,#4413);
#4411 = CARTESIAN_POINT('',(381.32857142857,18.4,15.399489727694));
#4412 = DIRECTION('',(1.,0.,0.));
#4413 = DIRECTION('',(0.,0.,1.));
#4414 = DEFINITIONAL_REPRESENTATION('',(#4415),#4418);
#4415 = B_SPLINE_CURVE_WITH_KNOTS('',1,(#4416,#4417),.UNSPECIFIED.,.F.,
  .F.,(2,2),(9.099744863847,15.099744863847),.PIECEWISE_BEZIER_KNOTS.);
#4416 = CARTESIAN_POINT('',(3.,-3.2));
#4417 = CARTESIAN_POINT('',(9.,-3.2));
#4418 = ( GEOMETRIC_REPRESENTATION_CONTEXT(2) 
PARAMETRIC_REPRESENTATION_CONTEXT() REPRESENTATION_CONTEXT('2D SPACE',''
  ) );
#4419 = ORIENTED_EDGE('',*,*,#4420,.T.);
#4420 = EDGE_CURVE('',#4395,#4421,#4423,.T.);
#4421 = VERTEX_POINT('',#4422);
#4422 = CARTESIAN_POINT('',(378.32857142857,21.6,15.399489727694));
#4423 = SURFACE_CURVE('',#4424,(#4429,#4440),.PCURVE_S1.);
#4424 = CIRCLE('',#4425,3.);
#4425 = AXIS2_PLACEMENT_3D('',#4426,#4427,#4428);
#4426 = CARTESIAN_POINT('',(378.32857142857,21.6,18.399489727694));
#4427 = DIRECTION('',(0.,1.,0.));
#4428 = DIRECTION('',(1.,0.,-0.));
#4429 = PCURVE('',#1098,#4430);
#4430 = DEFINITIONAL_REPRESENTATION('',(#4431),#4439);
#4431 = ( BOUNDED_CURVE() B_SPLINE_CURVE(2,(#4432,#4433,#4434,#4435,
#4436,#4437,#4438),.UNSPECIFIED.,.T.,.F.) B_SPLINE_CURVE_WITH_KNOTS((1,2
    ,2,2,2,1),(-2.094395102393,0.,2.094395102393,4.188790204786,
6.28318530718,8.377580409573),.UNSPECIFIED.) CURVE() 
GEOMETRIC_REPRESENTATION_ITEM() RATIONAL_B_SPLINE_CURVE((1.,0.5,1.,0.5,
1.,0.5,1.)) REPRESENTATION_ITEM('') );
#4432 = CARTESIAN_POINT('',(15.199489727694,-381.3285714285));
#4433 = CARTESIAN_POINT('',(10.003337304988,-381.3285714285));
#4434 = CARTESIAN_POINT('',(12.601413516341,-376.8285714285));
#4435 = CARTESIAN_POINT('',(15.199489727694,-372.3285714285));
#4436 = CARTESIAN_POINT('',(17.797565939048,-376.8285714285));
#4437 = CARTESIAN_POINT('',(20.395642150401,-381.3285714285));
#4438 = CARTESIAN_POINT('',(15.199489727694,-381.3285714285));
#4439 = ( GEOMETRIC_REPRESENTATION_CONTEXT(2) 
PARAMETRIC_REPRESENTATION_CONTEXT() REPRESENTATION_CONTEXT('2D SPACE',''
  ) );
#4440 = PCURVE('',#4441,#4446);
#4441 = CYLINDRICAL_SURFACE('',#4442,3.);
#4442 = AXIS2_PLACEMENT_3D('',#4443,#4444,#4445);
#4443 = CARTESIAN_POINT('',(378.32857142857,18.4,18.399489727694));
#4444 = DIRECTION('',(0.,1.,0.));
#4445 = DIRECTION('',(1.,0.,-0.));
#4446 = DEFINITIONAL_REPRESENTATION('',(#4447),#4451);
#4447 = LINE('',#4448,#4449);
#4448 = CARTESIAN_POINT('',(0.,3.2));
#4449 = VECTOR('',#4450,1.);
#4450 = DIRECTION('',(1.,0.));
#4451 = ( GEOMETRIC_REPRESENTATION_CONTEXT(2) 
PARAMETRIC_REPRESENTATION_CONTEXT() REPRESENTATION_CONTEXT('2D SPACE',''
  ) );
#4452 = ORIENTED_EDGE('',*,*,#4453,.T.);
#4453 = EDGE_CURVE('',#4421,#4242,#4454,.T.);
#4454 = SURFACE_CURVE('',#4455,(#4459,#4465),.PCURVE_S1.);
#4455 = LINE('',#4456,#4457);
#4456 = CARTESIAN_POINT('',(178.66428571428,21.6,15.399489727694));
#4457 = VECTOR('',#4458,1.);
#4458 = DIRECTION('',(-1.,0.,0.));
#4459 = PCURVE('',#1098,#4460);
#4460 = DEFINITIONAL_REPRESENTATION('',(#4461),#4464);
#4461 = B_SPLINE_CURVE_WITH_KNOTS('',1,(#4462,#4463),.UNSPECIFIED.,.F.,
  .F.,(2,2),(-199.6642857142,-181.6642857142),.PIECEWISE_BEZIER_KNOTS.);
#4462 = CARTESIAN_POINT('',(12.199489727694,-378.3285714285));
#4463 = CARTESIAN_POINT('',(12.199489727694,-360.3285714285));
#4464 = ( GEOMETRIC_REPRESENTATION_CONTEXT(2) 
PARAMETRIC_REPRESENTATION_CONTEXT() REPRESENTATION_CONTEXT('2D SPACE',''
  ) );
#4465 = PCURVE('',#4466,#4471);
#4466 = PLANE('',#4467);
#4467 = AXIS2_PLACEMENT_3D('',#4468,#4469,#4470);
#4468 = CARTESIAN_POINT('',(357.32857142857,18.4,15.399489727694));
#4469 = DIRECTION('',(0.,0.,1.));
#4470 = DIRECTION('',(1.,0.,0.));
#4471 = DEFINITIONAL_REPRESENTATION('',(#4472),#4475);
#4472 = B_SPLINE_CURVE_WITH_KNOTS('',1,(#4473,#4474),.UNSPECIFIED.,.F.,
  .F.,(2,2),(-199.6642857142,-181.6642857142),.PIECEWISE_BEZIER_KNOTS.);
#4473 = CARTESIAN_POINT('',(21.,3.2));
#4474 = CARTESIAN_POINT('',(3.,3.2));
#4475 = ( GEOMETRIC_REPRESENTATION_CONTEXT(2) 
PARAMETRIC_REPRESENTATION_CONTEXT() REPRESENTATION_CONTEXT('2D SPACE',''
  ) );
#4476 = FACE_BOUND('',#4477,.F.);
#4477 = EDGE_LOOP('',(#4478,#4513,#4539,#4572,#4598,#4631,#4657,#4690));
#4478 = ORIENTED_EDGE('',*,*,#4479,.T.);
#4479 = EDGE_CURVE('',#4480,#4482,#4484,.T.);
#4480 = VERTEX_POINT('',#4481);
#4481 = CARTESIAN_POINT('',(259.18571428571,21.6,15.399489727694));
#4482 = VERTEX_POINT('',#4483);
#4483 = CARTESIAN_POINT('',(256.18571428571,21.6,18.399489727694));
#4484 = SURFACE_CURVE('',#4485,(#4490,#4501),.PCURVE_S1.);
#4485 = CIRCLE('',#4486,3.);
#4486 = AXIS2_PLACEMENT_3D('',#4487,#4488,#4489);
#4487 = CARTESIAN_POINT('',(259.18571428571,21.6,18.399489727694));
#4488 = DIRECTION('',(0.,1.,0.));
#4489 = DIRECTION('',(-1.,0.,0.));
#4490 = PCURVE('',#1098,#4491);
#4491 = DEFINITIONAL_REPRESENTATION('',(#4492),#4500);
#4492 = ( BOUNDED_CURVE() B_SPLINE_CURVE(2,(#4493,#4494,#4495,#4496,
#4497,#4498,#4499),.UNSPECIFIED.,.T.,.F.) B_SPLINE_CURVE_WITH_KNOTS((1,2
    ,2,2,2,1),(-2.094395102393,0.,2.094395102393,4.188790204786,
6.28318530718,8.377580409573),.UNSPECIFIED.) CURVE() 
GEOMETRIC_REPRESENTATION_ITEM() RATIONAL_B_SPLINE_CURVE((1.,0.5,1.,0.5,
1.,0.5,1.)) REPRESENTATION_ITEM('') );
#4493 = CARTESIAN_POINT('',(15.199489727694,-256.1857142857));
#4494 = CARTESIAN_POINT('',(20.395642150401,-256.1857142857));
#4495 = CARTESIAN_POINT('',(17.797565939048,-260.6857142857));
#4496 = CARTESIAN_POINT('',(15.199489727694,-265.1857142857));
#4497 = CARTESIAN_POINT('',(12.601413516341,-260.6857142857));
#4498 = CARTESIAN_POINT('',(10.003337304988,-256.1857142857));
#4499 = CARTESIAN_POINT('',(15.199489727694,-256.1857142857));
#4500 = ( GEOMETRIC_REPRESENTATION_CONTEXT(2) 
PARAMETRIC_REPRESENTATION_CONTEXT() REPRESENTATION_CONTEXT('2D SPACE',''
  ) );
#4501 = PCURVE('',#4502,#4507);
#4502 = CYLINDRICAL_SURFACE('',#4503,3.);
#4503 = AXIS2_PLACEMENT_3D('',#4504,#4505,#4506);
#4504 = CARTESIAN_POINT('',(259.18571428571,18.4,18.399489727694));
#4505 = DIRECTION('',(0.,1.,0.));
#4506 = DIRECTION('',(-1.,0.,0.));
#4507 = DEFINITIONAL_REPRESENTATION('',(#4508),#4512);
#4508 = LINE('',#4509,#4510);
#4509 = CARTESIAN_POINT('',(-6.28318530718,3.2));
#4510 = VECTOR('',#4511,1.);
#4511 = DIRECTION('',(1.,-0.));
#4512 = ( GEOMETRIC_REPRESENTATION_CONTEXT(2) 
PARAMETRIC_REPRESENTATION_CONTEXT() REPRESENTATION_CONTEXT('2D SPACE',''
  ) );
#4513 = ORIENTED_EDGE('',*,*,#4514,.T.);
#4514 = EDGE_CURVE('',#4482,#4515,#4517,.T.);
#4515 = VERTEX_POINT('',#4516);
#4516 = CARTESIAN_POINT('',(256.18571428571,21.6,24.399489727694));
#4517 = SURFACE_CURVE('',#4518,(#4522,#4528),.PCURVE_S1.);
#4518 = LINE('',#4519,#4520);
#4519 = CARTESIAN_POINT('',(256.18571428571,21.6,9.299744863847));
#4520 = VECTOR('',#4521,1.);
#4521 = DIRECTION('',(-0.,0.,1.));
#4522 = PCURVE('',#1098,#4523);
#4523 = DEFINITIONAL_REPRESENTATION('',(#4524),#4527);
#4524 = B_SPLINE_CURVE_WITH_KNOTS('',1,(#4525,#4526),.UNSPECIFIED.,.F.,
  .F.,(2,2),(9.099744863847,15.099744863847),.PIECEWISE_BEZIER_KNOTS.);
#4525 = CARTESIAN_POINT('',(15.199489727694,-256.1857142857));
#4526 = CARTESIAN_POINT('',(21.199489727694,-256.1857142857));
#4527 = ( GEOMETRIC_REPRESENTATION_CONTEXT(2) 
PARAMETRIC_REPRESENTATION_CONTEXT() REPRESENTATION_CONTEXT('2D SPACE',''
  ) );
#4528 = PCURVE('',#4529,#4534);
#4529 = PLANE('',#4530);
#4530 = AXIS2_PLACEMENT_3D('',#4531,#4532,#4533);
#4531 = CARTESIAN_POINT('',(256.18571428571,18.4,15.399489727694));
#4532 = DIRECTION('',(1.,0.,0.));
#4533 = DIRECTION('',(0.,0.,1.));
#4534 = DEFINITIONAL_REPRESENTATION('',(#4535),#4538);
#4535 = B_SPLINE_CURVE_WITH_KNOTS('',1,(#4536,#4537),.UNSPECIFIED.,.F.,
  .F.,(2,2),(9.099744863847,15.099744863847),.PIECEWISE_BEZIER_KNOTS.);
#4536 = CARTESIAN_POINT('',(3.,-3.2));
#4537 = CARTESIAN_POINT('',(9.,-3.2));
#4538 = ( GEOMETRIC_REPRESENTATION_CONTEXT(2) 
PARAMETRIC_REPRESENTATION_CONTEXT() REPRESENTATION_CONTEXT('2D SPACE',''
  ) );
#4539 = ORIENTED_EDGE('',*,*,#4540,.T.);
#4540 = EDGE_CURVE('',#4515,#4541,#4543,.T.);
#4541 = VERTEX_POINT('',#4542);
#4542 = CARTESIAN_POINT('',(259.18571428571,21.6,27.399489727694));
#4543 = SURFACE_CURVE('',#4544,(#4549,#4560),.PCURVE_S1.);
#4544 = CIRCLE('',#4545,3.);
#4545 = AXIS2_PLACEMENT_3D('',#4546,#4547,#4548);
#4546 = CARTESIAN_POINT('',(259.18571428571,21.6,24.399489727694));
#4547 = DIRECTION('',(0.,1.,0.));
#4548 = DIRECTION('',(-1.,0.,0.));
#4549 = PCURVE('',#1098,#4550);
#4550 = DEFINITIONAL_REPRESENTATION('',(#4551),#4559);
#4551 = ( BOUNDED_CURVE() B_SPLINE_CURVE(2,(#4552,#4553,#4554,#4555,
#4556,#4557,#4558),.UNSPECIFIED.,.T.,.F.) B_SPLINE_CURVE_WITH_KNOTS((1,2
    ,2,2,2,1),(-2.094395102393,0.,2.094395102393,4.188790204786,
6.28318530718,8.377580409573),.UNSPECIFIED.) CURVE() 
GEOMETRIC_REPRESENTATION_ITEM() RATIONAL_B_SPLINE_CURVE((1.,0.5,1.,0.5,
1.,0.5,1.)) REPRESENTATION_ITEM('') );
#4552 = CARTESIAN_POINT('',(21.199489727694,-256.1857142857));
#4553 = CARTESIAN_POINT('',(26.395642150401,-256.1857142857));
#4554 = CARTESIAN_POINT('',(23.797565939048,-260.6857142857));
#4555 = CARTESIAN_POINT('',(21.199489727694,-265.1857142857));
#4556 = CARTESIAN_POINT('',(18.601413516341,-260.6857142857));
#4557 = CARTESIAN_POINT('',(16.003337304988,-256.1857142857));
#4558 = CARTESIAN_POINT('',(21.199489727694,-256.1857142857));
#4559 = ( GEOMETRIC_REPRESENTATION_CONTEXT(2) 
PARAMETRIC_REPRESENTATION_CONTEXT() REPRESENTATION_CONTEXT('2D SPACE',''
  ) );
#4560 = PCURVE('',#4561,#4566);
#4561 = CYLINDRICAL_SURFACE('',#4562,3.);
#4562 = AXIS2_PLACEMENT_3D('',#4563,#4564,#4565);
#4563 = CARTESIAN_POINT('',(259.18571428571,18.4,24.399489727694));
#4564 = DIRECTION('',(0.,1.,0.));
#4565 = DIRECTION('',(-1.,0.,0.));
#4566 = DEFINITIONAL_REPRESENTATION('',(#4567),#4571);
#4567 = LINE('',#4568,#4569);
#4568 = CARTESIAN_POINT('',(0.,3.2));
#4569 = VECTOR('',#4570,1.);
#4570 = DIRECTION('',(1.,0.));
#4571 = ( GEOMETRIC_REPRESENTATION_CONTEXT(2) 
PARAMETRIC_REPRESENTATION_CONTEXT() REPRESENTATION_CONTEXT('2D SPACE',''
  ) );
#4572 = ORIENTED_EDGE('',*,*,#4573,.F.);
#4573 = EDGE_CURVE('',#4574,#4541,#4576,.T.);
#4574 = VERTEX_POINT('',#4575);
#4575 = CARTESIAN_POINT('',(277.18571428571,21.6,27.399489727694));
#4576 = SURFACE_CURVE('',#4577,(#4581,#4587),.PCURVE_S1.);
#4577 = LINE('',#4578,#4579);
#4578 = CARTESIAN_POINT('',(128.09285714285,21.6,27.399489727694));
#4579 = VECTOR('',#4580,1.);
#4580 = DIRECTION('',(-1.,0.,0.));
#4581 = PCURVE('',#1098,#4582);
#4582 = DEFINITIONAL_REPRESENTATION('',(#4583),#4586);
#4583 = B_SPLINE_CURVE_WITH_KNOTS('',1,(#4584,#4585),.UNSPECIFIED.,.F.,
  .F.,(2,2),(-149.0928571428,-131.0928571428),.PIECEWISE_BEZIER_KNOTS.);
#4584 = CARTESIAN_POINT('',(24.199489727694,-277.1857142857));
#4585 = CARTESIAN_POINT('',(24.199489727694,-259.1857142857));
#4586 = ( GEOMETRIC_REPRESENTATION_CONTEXT(2) 
PARAMETRIC_REPRESENTATION_CONTEXT() REPRESENTATION_CONTEXT('2D SPACE',''
  ) );
#4587 = PCURVE('',#4588,#4593);
#4588 = PLANE('',#4589);
#4589 = AXIS2_PLACEMENT_3D('',#4590,#4591,#4592);
#4590 = CARTESIAN_POINT('',(256.18571428571,18.4,27.399489727694));
#4591 = DIRECTION('',(0.,0.,1.));
#4592 = DIRECTION('',(1.,0.,0.));
#4593 = DEFINITIONAL_REPRESENTATION('',(#4594),#4597);
#4594 = B_SPLINE_CURVE_WITH_KNOTS('',1,(#4595,#4596),.UNSPECIFIED.,.F.,
  .F.,(2,2),(-149.0928571428,-131.0928571428),.PIECEWISE_BEZIER_KNOTS.);
#4595 = CARTESIAN_POINT('',(21.,3.2));
#4596 = CARTESIAN_POINT('',(3.,3.2));
#4597 = ( GEOMETRIC_REPRESENTATION_CONTEXT(2) 
PARAMETRIC_REPRESENTATION_CONTEXT() REPRESENTATION_CONTEXT('2D SPACE',''
  ) );
#4598 = ORIENTED_EDGE('',*,*,#4599,.T.);
#4599 = EDGE_CURVE('',#4574,#4600,#4602,.T.);
#4600 = VERTEX_POINT('',#4601);
#4601 = CARTESIAN_POINT('',(280.18571428571,21.6,24.399489727694));
#4602 = SURFACE_CURVE('',#4603,(#4608,#4619),.PCURVE_S1.);
#4603 = CIRCLE('',#4604,3.);
#4604 = AXIS2_PLACEMENT_3D('',#4605,#4606,#4607);
#4605 = CARTESIAN_POINT('',(277.18571428571,21.6,24.399489727694));
#4606 = DIRECTION('',(0.,1.,0.));
#4607 = DIRECTION('',(1.,0.,-0.));
#4608 = PCURVE('',#1098,#4609);
#4609 = DEFINITIONAL_REPRESENTATION('',(#4610),#4618);
#4610 = ( BOUNDED_CURVE() B_SPLINE_CURVE(2,(#4611,#4612,#4613,#4614,
#4615,#4616,#4617),.UNSPECIFIED.,.T.,.F.) B_SPLINE_CURVE_WITH_KNOTS((1,2
    ,2,2,2,1),(-2.094395102393,0.,2.094395102393,4.188790204786,
6.28318530718,8.377580409573),.UNSPECIFIED.) CURVE() 
GEOMETRIC_REPRESENTATION_ITEM() RATIONAL_B_SPLINE_CURVE((1.,0.5,1.,0.5,
1.,0.5,1.)) REPRESENTATION_ITEM('') );
#4611 = CARTESIAN_POINT('',(21.199489727694,-280.1857142857));
#4612 = CARTESIAN_POINT('',(16.003337304988,-280.1857142857));
#4613 = CARTESIAN_POINT('',(18.601413516341,-275.6857142857));
#4614 = CARTESIAN_POINT('',(21.199489727694,-271.1857142857));
#4615 = CARTESIAN_POINT('',(23.797565939048,-275.6857142857));
#4616 = CARTESIAN_POINT('',(26.395642150401,-280.1857142857));
#4617 = CARTESIAN_POINT('',(21.199489727694,-280.1857142857));
#4618 = ( GEOMETRIC_REPRESENTATION_CONTEXT(2) 
PARAMETRIC_REPRESENTATION_CONTEXT() REPRESENTATION_CONTEXT('2D SPACE',''
  ) );
#4619 = PCURVE('',#4620,#4625);
#4620 = CYLINDRICAL_SURFACE('',#4621,3.);
#4621 = AXIS2_PLACEMENT_3D('',#4622,#4623,#4624);
#4622 = CARTESIAN_POINT('',(277.18571428571,18.4,24.399489727694));
#4623 = DIRECTION('',(0.,1.,0.));
#4624 = DIRECTION('',(1.,0.,-0.));
#4625 = DEFINITIONAL_REPRESENTATION('',(#4626),#4630);
#4626 = LINE('',#4627,#4628);
#4627 = CARTESIAN_POINT('',(-6.28318530718,3.2));
#4628 = VECTOR('',#4629,1.);
#4629 = DIRECTION('',(1.,-0.));
#4630 = ( GEOMETRIC_REPRESENTATION_CONTEXT(2) 
PARAMETRIC_REPRESENTATION_CONTEXT() REPRESENTATION_CONTEXT('2D SPACE',''
  ) );
#4631 = ORIENTED_EDGE('',*,*,#4632,.F.);
#4632 = EDGE_CURVE('',#4633,#4600,#4635,.T.);
#4633 = VERTEX_POINT('',#4634);
#4634 = CARTESIAN_POINT('',(280.18571428571,21.6,18.399489727694));
#4635 = SURFACE_CURVE('',#4636,(#4640,#4646),.PCURVE_S1.);
#4636 = LINE('',#4637,#4638);
#4637 = CARTESIAN_POINT('',(280.18571428571,21.6,9.299744863847));
#4638 = VECTOR('',#4639,1.);
#4639 = DIRECTION('',(-0.,0.,1.));
#4640 = PCURVE('',#1098,#4641);
#4641 = DEFINITIONAL_REPRESENTATION('',(#4642),#4645);
#4642 = B_SPLINE_CURVE_WITH_KNOTS('',1,(#4643,#4644),.UNSPECIFIED.,.F.,
  .F.,(2,2),(9.099744863847,15.099744863847),.PIECEWISE_BEZIER_KNOTS.);
#4643 = CARTESIAN_POINT('',(15.199489727694,-280.1857142857));
#4644 = CARTESIAN_POINT('',(21.199489727694,-280.1857142857));
#4645 = ( GEOMETRIC_REPRESENTATION_CONTEXT(2) 
PARAMETRIC_REPRESENTATION_CONTEXT() REPRESENTATION_CONTEXT('2D SPACE',''
  ) );
#4646 = PCURVE('',#4647,#4652);
#4647 = PLANE('',#4648);
#4648 = AXIS2_PLACEMENT_3D('',#4649,#4650,#4651);
#4649 = CARTESIAN_POINT('',(280.18571428571,18.4,15.399489727694));
#4650 = DIRECTION('',(1.,0.,0.));
#4651 = DIRECTION('',(0.,0.,1.));
#4652 = DEFINITIONAL_REPRESENTATION('',(#4653),#4656);
#4653 = B_SPLINE_CURVE_WITH_KNOTS('',1,(#4654,#4655),.UNSPECIFIED.,.F.,
  .F.,(2,2),(9.099744863847,15.099744863847),.PIECEWISE_BEZIER_KNOTS.);
#4654 = CARTESIAN_POINT('',(3.,-3.2));
#4655 = CARTESIAN_POINT('',(9.,-3.2));
#4656 = ( GEOMETRIC_REPRESENTATION_CONTEXT(2) 
PARAMETRIC_REPRESENTATION_CONTEXT() REPRESENTATION_CONTEXT('2D SPACE',''
  ) );
#4657 = ORIENTED_EDGE('',*,*,#4658,.T.);
#4658 = EDGE_CURVE('',#4633,#4659,#4661,.T.);
#4659 = VERTEX_POINT('',#4660);
#4660 = CARTESIAN_POINT('',(277.18571428571,21.6,15.399489727694));
#4661 = SURFACE_CURVE('',#4662,(#4667,#4678),.PCURVE_S1.);
#4662 = CIRCLE('',#4663,3.);
#4663 = AXIS2_PLACEMENT_3D('',#4664,#4665,#4666);
#4664 = CARTESIAN_POINT('',(277.18571428571,21.6,18.399489727694));
#4665 = DIRECTION('',(0.,1.,0.));
#4666 = DIRECTION('',(1.,0.,-0.));
#4667 = PCURVE('',#1098,#4668);
#4668 = DEFINITIONAL_REPRESENTATION('',(#4669),#4677);
#4669 = ( BOUNDED_CURVE() B_SPLINE_CURVE(2,(#4670,#4671,#4672,#4673,
#4674,#4675,#4676),.UNSPECIFIED.,.T.,.F.) B_SPLINE_CURVE_WITH_KNOTS((1,2
    ,2,2,2,1),(-2.094395102393,0.,2.094395102393,4.188790204786,
6.28318530718,8.377580409573),.UNSPECIFIED.) CURVE() 
GEOMETRIC_REPRESENTATION_ITEM() RATIONAL_B_SPLINE_CURVE((1.,0.5,1.,0.5,
1.,0.5,1.)) REPRESENTATION_ITEM('') );
#4670 = CARTESIAN_POINT('',(15.199489727694,-280.1857142857));
#4671 = CARTESIAN_POINT('',(10.003337304988,-280.1857142857));
#4672 = CARTESIAN_POINT('',(12.601413516341,-275.6857142857));
#4673 = CARTESIAN_POINT('',(15.199489727694,-271.1857142857));
#4674 = CARTESIAN_POINT('',(17.797565939048,-275.6857142857));
#4675 = CARTESIAN_POINT('',(20.395642150401,-280.1857142857));
#4676 = CARTESIAN_POINT('',(15.199489727694,-280.1857142857));
#4677 = ( GEOMETRIC_REPRESENTATION_CONTEXT(2) 
PARAMETRIC_REPRESENTATION_CONTEXT() REPRESENTATION_CONTEXT('2D SPACE',''
  ) );
#4678 = PCURVE('',#4679,#4684);
#4679 = CYLINDRICAL_SURFACE('',#4680,3.);
#4680 = AXIS2_PLACEMENT_3D('',#4681,#4682,#4683);
#4681 = CARTESIAN_POINT('',(277.18571428571,18.4,18.399489727694));
#4682 = DIRECTION('',(0.,1.,0.));
#4683 = DIRECTION('',(1.,0.,-0.));
#4684 = DEFINITIONAL_REPRESENTATION('',(#4685),#4689);
#4685 = LINE('',#4686,#4687);
#4686 = CARTESIAN_POINT('',(0.,3.2));
#4687 = VECTOR('',#4688,1.);
#4688 = DIRECTION('',(1.,0.));
#4689 = ( GEOMETRIC_REPRESENTATION_CONTEXT(2) 
PARAMETRIC_REPRESENTATION_CONTEXT() REPRESENTATION_CONTEXT('2D SPACE',''
  ) );
#4690 = ORIENTED_EDGE('',*,*,#4691,.T.);
#4691 = EDGE_CURVE('',#4659,#4480,#4692,.T.);
#4692 = SURFACE_CURVE('',#4693,(#4697,#4703),.PCURVE_S1.);
#4693 = LINE('',#4694,#4695);
#4694 = CARTESIAN_POINT('',(128.09285714285,21.6,15.399489727694));
#4695 = VECTOR('',#4696,1.);
#4696 = DIRECTION('',(-1.,0.,0.));
#4697 = PCURVE('',#1098,#4698);
#4698 = DEFINITIONAL_REPRESENTATION('',(#4699),#4702);
#4699 = B_SPLINE_CURVE_WITH_KNOTS('',1,(#4700,#4701),.UNSPECIFIED.,.F.,
  .F.,(2,2),(-149.0928571428,-131.0928571428),.PIECEWISE_BEZIER_KNOTS.);
#4700 = CARTESIAN_POINT('',(12.199489727694,-277.1857142857));
#4701 = CARTESIAN_POINT('',(12.199489727694,-259.1857142857));
#4702 = ( GEOMETRIC_REPRESENTATION_CONTEXT(2) 
PARAMETRIC_REPRESENTATION_CONTEXT() REPRESENTATION_CONTEXT('2D SPACE',''
  ) );
#4703 = PCURVE('',#4704,#4709);
#4704 = PLANE('',#4705);
#4705 = AXIS2_PLACEMENT_3D('',#4706,#4707,#4708);
#4706 = CARTESIAN_POINT('',(256.18571428571,18.4,15.399489727694));
#4707 = DIRECTION('',(0.,0.,1.));
#4708 = DIRECTION('',(1.,0.,0.));
#4709 = DEFINITIONAL_REPRESENTATION('',(#4710),#4713);
#4710 = B_SPLINE_CURVE_WITH_KNOTS('',1,(#4711,#4712),.UNSPECIFIED.,.F.,
  .F.,(2,2),(-149.0928571428,-131.0928571428),.PIECEWISE_BEZIER_KNOTS.);
#4711 = CARTESIAN_POINT('',(21.,3.2));
#4712 = CARTESIAN_POINT('',(3.,3.2));
#4713 = ( GEOMETRIC_REPRESENTATION_CONTEXT(2) 
PARAMETRIC_REPRESENTATION_CONTEXT() REPRESENTATION_CONTEXT('2D SPACE',''
  ) );
#4714 = FACE_BOUND('',#4715,.F.);
#4715 = EDGE_LOOP('',(#4716,#4751,#4777,#4810,#4836,#4869,#4895,#4928));
#4716 = ORIENTED_EDGE('',*,*,#4717,.T.);
#4717 = EDGE_CURVE('',#4718,#4720,#4722,.T.);
#4718 = VERTEX_POINT('',#4719);
#4719 = CARTESIAN_POINT('',(158.04285714285,21.6,15.399489727694));
#4720 = VERTEX_POINT('',#4721);
#4721 = CARTESIAN_POINT('',(155.04285714285,21.6,18.399489727694));
#4722 = SURFACE_CURVE('',#4723,(#4728,#4739),.PCURVE_S1.);
#4723 = CIRCLE('',#4724,3.);
#4724 = AXIS2_PLACEMENT_3D('',#4725,#4726,#4727);
#4725 = CARTESIAN_POINT('',(158.04285714285,21.6,18.399489727694));
#4726 = DIRECTION('',(0.,1.,0.));
#4727 = DIRECTION('',(-1.,0.,0.));
#4728 = PCURVE('',#1098,#4729);
#4729 = DEFINITIONAL_REPRESENTATION('',(#4730),#4738);
#4730 = ( BOUNDED_CURVE() B_SPLINE_CURVE(2,(#4731,#4732,#4733,#4734,
#4735,#4736,#4737),.UNSPECIFIED.,.T.,.F.) B_SPLINE_CURVE_WITH_KNOTS((1,2
    ,2,2,2,1),(-2.094395102393,0.,2.094395102393,4.188790204786,
6.28318530718,8.377580409573),.UNSPECIFIED.) CURVE() 
GEOMETRIC_REPRESENTATION_ITEM() RATIONAL_B_SPLINE_CURVE((1.,0.5,1.,0.5,
1.,0.5,1.)) REPRESENTATION_ITEM('') );
#4731 = CARTESIAN_POINT('',(15.199489727694,-155.0428571428));
#4732 = CARTESIAN_POINT('',(20.395642150401,-155.0428571428));
#4733 = CARTESIAN_POINT('',(17.797565939048,-159.5428571428));
#4734 = CARTESIAN_POINT('',(15.199489727694,-164.0428571428));
#4735 = CARTESIAN_POINT('',(12.601413516341,-159.5428571428));
#4736 = CARTESIAN_POINT('',(10.003337304988,-155.0428571428));
#4737 = CARTESIAN_POINT('',(15.199489727694,-155.0428571428));
#4738 = ( GEOMETRIC_REPRESENTATION_CONTEXT(2) 
PARAMETRIC_REPRESENTATION_CONTEXT() REPRESENTATION_CONTEXT('2D SPACE',''
  ) );
#4739 = PCURVE('',#4740,#4745);
#4740 = CYLINDRICAL_SURFACE('',#4741,3.);
#4741 = AXIS2_PLACEMENT_3D('',#4742,#4743,#4744);
#4742 = CARTESIAN_POINT('',(158.04285714285,18.4,18.399489727694));
#4743 = DIRECTION('',(0.,1.,0.));
#4744 = DIRECTION('',(-1.,0.,0.));
#4745 = DEFINITIONAL_REPRESENTATION('',(#4746),#4750);
#4746 = LINE('',#4747,#4748);
#4747 = CARTESIAN_POINT('',(-6.28318530718,3.2));
#4748 = VECTOR('',#4749,1.);
#4749 = DIRECTION('',(1.,-0.));
#4750 = ( GEOMETRIC_REPRESENTATION_CONTEXT(2) 
PARAMETRIC_REPRESENTATION_CONTEXT() REPRESENTATION_CONTEXT('2D SPACE',''
  ) );
#4751 = ORIENTED_EDGE('',*,*,#4752,.T.);
#4752 = EDGE_CURVE('',#4720,#4753,#4755,.T.);
#4753 = VERTEX_POINT('',#4754);
#4754 = CARTESIAN_POINT('',(155.04285714285,21.6,24.399489727694));
#4755 = SURFACE_CURVE('',#4756,(#4760,#4766),.PCURVE_S1.);
#4756 = LINE('',#4757,#4758);
#4757 = CARTESIAN_POINT('',(155.04285714285,21.6,9.299744863847));
#4758 = VECTOR('',#4759,1.);
#4759 = DIRECTION('',(-0.,0.,1.));
#4760 = PCURVE('',#1098,#4761);
#4761 = DEFINITIONAL_REPRESENTATION('',(#4762),#4765);
#4762 = B_SPLINE_CURVE_WITH_KNOTS('',1,(#4763,#4764),.UNSPECIFIED.,.F.,
  .F.,(2,2),(9.099744863847,15.099744863847),.PIECEWISE_BEZIER_KNOTS.);
#4763 = CARTESIAN_POINT('',(15.199489727694,-155.0428571428));
#4764 = CARTESIAN_POINT('',(21.199489727694,-155.0428571428));
#4765 = ( GEOMETRIC_REPRESENTATION_CONTEXT(2) 
PARAMETRIC_REPRESENTATION_CONTEXT() REPRESENTATION_CONTEXT('2D SPACE',''
  ) );
#4766 = PCURVE('',#4767,#4772);
#4767 = PLANE('',#4768);
#4768 = AXIS2_PLACEMENT_3D('',#4769,#4770,#4771);
#4769 = CARTESIAN_POINT('',(155.04285714285,18.4,15.399489727694));
#4770 = DIRECTION('',(1.,0.,0.));
#4771 = DIRECTION('',(0.,0.,1.));
#4772 = DEFINITIONAL_REPRESENTATION('',(#4773),#4776);
#4773 = B_SPLINE_CURVE_WITH_KNOTS('',1,(#4774,#4775),.UNSPECIFIED.,.F.,
  .F.,(2,2),(9.099744863847,15.099744863847),.PIECEWISE_BEZIER_KNOTS.);
#4774 = CARTESIAN_POINT('',(3.,-3.2));
#4775 = CARTESIAN_POINT('',(9.,-3.2));
#4776 = ( GEOMETRIC_REPRESENTATION_CONTEXT(2) 
PARAMETRIC_REPRESENTATION_CONTEXT() REPRESENTATION_CONTEXT('2D SPACE',''
  ) );
#4777 = ORIENTED_EDGE('',*,*,#4778,.T.);
#4778 = EDGE_CURVE('',#4753,#4779,#4781,.T.);
#4779 = VERTEX_POINT('',#4780);
#4780 = CARTESIAN_POINT('',(158.04285714285,21.6,27.399489727694));
#4781 = SURFACE_CURVE('',#4782,(#4787,#4798),.PCURVE_S1.);
#4782 = CIRCLE('',#4783,3.);
#4783 = AXIS2_PLACEMENT_3D('',#4784,#4785,#4786);
#4784 = CARTESIAN_POINT('',(158.04285714285,21.6,24.399489727694));
#4785 = DIRECTION('',(0.,1.,0.));
#4786 = DIRECTION('',(-1.,0.,0.));
#4787 = PCURVE('',#1098,#4788);
#4788 = DEFINITIONAL_REPRESENTATION('',(#4789),#4797);
#4789 = ( BOUNDED_CURVE() B_SPLINE_CURVE(2,(#4790,#4791,#4792,#4793,
#4794,#4795,#4796),.UNSPECIFIED.,.T.,.F.) B_SPLINE_CURVE_WITH_KNOTS((1,2
    ,2,2,2,1),(-2.094395102393,0.,2.094395102393,4.188790204786,
6.28318530718,8.377580409573),.UNSPECIFIED.) CURVE() 
GEOMETRIC_REPRESENTATION_ITEM() RATIONAL_B_SPLINE_CURVE((1.,0.5,1.,0.5,
1.,0.5,1.)) REPRESENTATION_ITEM('') );
#4790 = CARTESIAN_POINT('',(21.199489727694,-155.0428571428));
#4791 = CARTESIAN_POINT('',(26.395642150401,-155.0428571428));
#4792 = CARTESIAN_POINT('',(23.797565939048,-159.5428571428));
#4793 = CARTESIAN_POINT('',(21.199489727694,-164.0428571428));
#4794 = CARTESIAN_POINT('',(18.601413516341,-159.5428571428));
#4795 = CARTESIAN_POINT('',(16.003337304988,-155.0428571428));
#4796 = CARTESIAN_POINT('',(21.199489727694,-155.0428571428));
#4797 = ( GEOMETRIC_REPRESENTATION_CONTEXT(2) 
PARAMETRIC_REPRESENTATION_CONTEXT() REPRESENTATION_CONTEXT('2D SPACE',''
  ) );
#4798 = PCURVE('',#4799,#4804);
#4799 = CYLINDRICAL_SURFACE('',#4800,3.);
#4800 = AXIS2_PLACEMENT_3D('',#4801,#4802,#4803);
#4801 = CARTESIAN_POINT('',(158.04285714285,18.4,24.399489727694));
#4802 = DIRECTION('',(0.,1.,0.));
#4803 = DIRECTION('',(-1.,0.,0.));
#4804 = DEFINITIONAL_REPRESENTATION('',(#4805),#4809);
#4805 = LINE('',#4806,#4807);
#4806 = CARTESIAN_POINT('',(0.,3.2));
#4807 = VECTOR('',#4808,1.);
#4808 = DIRECTION('',(1.,0.));
#4809 = ( GEOMETRIC_REPRESENTATION_CONTEXT(2) 
PARAMETRIC_REPRESENTATION_CONTEXT() REPRESENTATION_CONTEXT('2D SPACE',''
  ) );
#4810 = ORIENTED_EDGE('',*,*,#4811,.F.);
#4811 = EDGE_CURVE('',#4812,#4779,#4814,.T.);
#4812 = VERTEX_POINT('',#4813);
#4813 = CARTESIAN_POINT('',(176.04285714285,21.6,27.399489727694));
#4814 = SURFACE_CURVE('',#4815,(#4819,#4825),.PCURVE_S1.);
#4815 = LINE('',#4816,#4817);
#4816 = CARTESIAN_POINT('',(77.521428571429,21.6,27.399489727694));
#4817 = VECTOR('',#4818,1.);
#4818 = DIRECTION('',(-1.,0.,0.));
#4819 = PCURVE('',#1098,#4820);
#4820 = DEFINITIONAL_REPRESENTATION('',(#4821),#4824);
#4821 = B_SPLINE_CURVE_WITH_KNOTS('',1,(#4822,#4823),.UNSPECIFIED.,.F.,
  .F.,(2,2),(-98.52142857142,-80.52142857142),.PIECEWISE_BEZIER_KNOTS.);
#4822 = CARTESIAN_POINT('',(24.199489727694,-176.0428571428));
#4823 = CARTESIAN_POINT('',(24.199489727694,-158.0428571428));
#4824 = ( GEOMETRIC_REPRESENTATION_CONTEXT(2) 
PARAMETRIC_REPRESENTATION_CONTEXT() REPRESENTATION_CONTEXT('2D SPACE',''
  ) );
#4825 = PCURVE('',#4826,#4831);
#4826 = PLANE('',#4827);
#4827 = AXIS2_PLACEMENT_3D('',#4828,#4829,#4830);
#4828 = CARTESIAN_POINT('',(155.04285714285,18.4,27.399489727694));
#4829 = DIRECTION('',(0.,0.,1.));
#4830 = DIRECTION('',(1.,0.,0.));
#4831 = DEFINITIONAL_REPRESENTATION('',(#4832),#4835);
#4832 = B_SPLINE_CURVE_WITH_KNOTS('',1,(#4833,#4834),.UNSPECIFIED.,.F.,
  .F.,(2,2),(-98.52142857142,-80.52142857142),.PIECEWISE_BEZIER_KNOTS.);
#4833 = CARTESIAN_POINT('',(21.,3.2));
#4834 = CARTESIAN_POINT('',(3.,3.2));
#4835 = ( GEOMETRIC_REPRESENTATION_CONTEXT(2) 
PARAMETRIC_REPRESENTATION_CONTEXT() REPRESENTATION_CONTEXT('2D SPACE',''
  ) );
#4836 = ORIENTED_EDGE('',*,*,#4837,.T.);
#4837 = EDGE_CURVE('',#4812,#4838,#4840,.T.);
#4838 = VERTEX_POINT('',#4839);
#4839 = CARTESIAN_POINT('',(179.04285714285,21.6,24.399489727694));
#4840 = SURFACE_CURVE('',#4841,(#4846,#4857),.PCURVE_S1.);
#4841 = CIRCLE('',#4842,3.);
#4842 = AXIS2_PLACEMENT_3D('',#4843,#4844,#4845);
#4843 = CARTESIAN_POINT('',(176.04285714285,21.6,24.399489727694));
#4844 = DIRECTION('',(0.,1.,0.));
#4845 = DIRECTION('',(1.,0.,-0.));
#4846 = PCURVE('',#1098,#4847);
#4847 = DEFINITIONAL_REPRESENTATION('',(#4848),#4856);
#4848 = ( BOUNDED_CURVE() B_SPLINE_CURVE(2,(#4849,#4850,#4851,#4852,
#4853,#4854,#4855),.UNSPECIFIED.,.T.,.F.) B_SPLINE_CURVE_WITH_KNOTS((1,2
    ,2,2,2,1),(-2.094395102393,0.,2.094395102393,4.188790204786,
6.28318530718,8.377580409573),.UNSPECIFIED.) CURVE() 
GEOMETRIC_REPRESENTATION_ITEM() RATIONAL_B_SPLINE_CURVE((1.,0.5,1.,0.5,
1.,0.5,1.)) REPRESENTATION_ITEM('') );
#4849 = CARTESIAN_POINT('',(21.199489727694,-179.0428571428));
#4850 = CARTESIAN_POINT('',(16.003337304988,-179.0428571428));
#4851 = CARTESIAN_POINT('',(18.601413516341,-174.5428571428));
#4852 = CARTESIAN_POINT('',(21.199489727694,-170.0428571428));
#4853 = CARTESIAN_POINT('',(23.797565939048,-174.5428571428));
#4854 = CARTESIAN_POINT('',(26.395642150401,-179.0428571428));
#4855 = CARTESIAN_POINT('',(21.199489727694,-179.0428571428));
#4856 = ( GEOMETRIC_REPRESENTATION_CONTEXT(2) 
PARAMETRIC_REPRESENTATION_CONTEXT() REPRESENTATION_CONTEXT('2D SPACE',''
  ) );
#4857 = PCURVE('',#4858,#4863);
#4858 = CYLINDRICAL_SURFACE('',#4859,3.);
#4859 = AXIS2_PLACEMENT_3D('',#4860,#4861,#4862);
#4860 = CARTESIAN_POINT('',(176.04285714285,18.4,24.399489727694));
#4861 = DIRECTION('',(0.,1.,0.));
#4862 = DIRECTION('',(1.,0.,-0.));
#4863 = DEFINITIONAL_REPRESENTATION('',(#4864),#4868);
#4864 = LINE('',#4865,#4866);
#4865 = CARTESIAN_POINT('',(-6.28318530718,3.2));
#4866 = VECTOR('',#4867,1.);
#4867 = DIRECTION('',(1.,-0.));
#4868 = ( GEOMETRIC_REPRESENTATION_CONTEXT(2) 
PARAMETRIC_REPRESENTATION_CONTEXT() REPRESENTATION_CONTEXT('2D SPACE',''
  ) );
#4869 = ORIENTED_EDGE('',*,*,#4870,.F.);
#4870 = EDGE_CURVE('',#4871,#4838,#4873,.T.);
#4871 = VERTEX_POINT('',#4872);
#4872 = CARTESIAN_POINT('',(179.04285714285,21.6,18.399489727694));
#4873 = SURFACE_CURVE('',#4874,(#4878,#4884),.PCURVE_S1.);
#4874 = LINE('',#4875,#4876);
#4875 = CARTESIAN_POINT('',(179.04285714285,21.6,9.299744863847));
#4876 = VECTOR('',#4877,1.);
#4877 = DIRECTION('',(-0.,0.,1.));
#4878 = PCURVE('',#1098,#4879);
#4879 = DEFINITIONAL_REPRESENTATION('',(#4880),#4883);
#4880 = B_SPLINE_CURVE_WITH_KNOTS('',1,(#4881,#4882),.UNSPECIFIED.,.F.,
  .F.,(2,2),(9.099744863847,15.099744863847),.PIECEWISE_BEZIER_KNOTS.);
#4881 = CARTESIAN_POINT('',(15.199489727694,-179.0428571428));
#4882 = CARTESIAN_POINT('',(21.199489727694,-179.0428571428));
#4883 = ( GEOMETRIC_REPRESENTATION_CONTEXT(2) 
PARAMETRIC_REPRESENTATION_CONTEXT() REPRESENTATION_CONTEXT('2D SPACE',''
  ) );
#4884 = PCURVE('',#4885,#4890);
#4885 = PLANE('',#4886);
#4886 = AXIS2_PLACEMENT_3D('',#4887,#4888,#4889);
#4887 = CARTESIAN_POINT('',(179.04285714285,18.4,15.399489727694));
#4888 = DIRECTION('',(1.,0.,0.));
#4889 = DIRECTION('',(0.,0.,1.));
#4890 = DEFINITIONAL_REPRESENTATION('',(#4891),#4894);
#4891 = B_SPLINE_CURVE_WITH_KNOTS('',1,(#4892,#4893),.UNSPECIFIED.,.F.,
  .F.,(2,2),(9.099744863847,15.099744863847),.PIECEWISE_BEZIER_KNOTS.);
#4892 = CARTESIAN_POINT('',(3.,-3.2));
#4893 = CARTESIAN_POINT('',(9.,-3.2));
#4894 = ( GEOMETRIC_REPRESENTATION_CONTEXT(2) 
PARAMETRIC_REPRESENTATION_CONTEXT() REPRESENTATION_CONTEXT('2D SPACE',''
  ) );
#4895 = ORIENTED_EDGE('',*,*,#4896,.T.);
#4896 = EDGE_CURVE('',#4871,#4897,#4899,.T.);
#4897 = VERTEX_POINT('',#4898);
#4898 = CARTESIAN_POINT('',(176.04285714285,21.6,15.399489727694));
#4899 = SURFACE_CURVE('',#4900,(#4905,#4916),.PCURVE_S1.);
#4900 = CIRCLE('',#4901,3.);
#4901 = AXIS2_PLACEMENT_3D('',#4902,#4903,#4904);
#4902 = CARTESIAN_POINT('',(176.04285714285,21.6,18.399489727694));
#4903 = DIRECTION('',(0.,1.,0.));
#4904 = DIRECTION('',(1.,0.,-0.));
#4905 = PCURVE('',#1098,#4906);
#4906 = DEFINITIONAL_REPRESENTATION('',(#4907),#4915);
#4907 = ( BOUNDED_CURVE() B_SPLINE_CURVE(2,(#4908,#4909,#4910,#4911,
#4912,#4913,#4914),.UNSPECIFIED.,.T.,.F.) B_SPLINE_CURVE_WITH_KNOTS((1,2
    ,2,2,2,1),(-2.094395102393,0.,2.094395102393,4.188790204786,
6.28318530718,8.377580409573),.UNSPECIFIED.) CURVE() 
GEOMETRIC_REPRESENTATION_ITEM() RATIONAL_B_SPLINE_CURVE((1.,0.5,1.,0.5,
1.,0.5,1.)) REPRESENTATION_ITEM('') );
#4908 = CARTESIAN_POINT('',(15.199489727694,-179.0428571428));
#4909 = CARTESIAN_POINT('',(10.003337304988,-179.0428571428));
#4910 = CARTESIAN_POINT('',(12.601413516341,-174.5428571428));
#4911 = CARTESIAN_POINT('',(15.199489727694,-170.0428571428));
#4912 = CARTESIAN_POINT('',(17.797565939048,-174.5428571428));
#4913 = CARTESIAN_POINT('',(20.395642150401,-179.0428571428));
#4914 = CARTESIAN_POINT('',(15.199489727694,-179.0428571428));
#4915 = ( GEOMETRIC_REPRESENTATION_CONTEXT(2) 
PARAMETRIC_REPRESENTATION_CONTEXT() REPRESENTATION_CONTEXT('2D SPACE',''
  ) );
#4916 = PCURVE('',#4917,#4922);
#4917 = CYLINDRICAL_SURFACE('',#4918,3.);
#4918 = AXIS2_PLACEMENT_3D('',#4919,#4920,#4921);
#4919 = CARTESIAN_POINT('',(176.04285714285,18.4,18.399489727694));
#4920 = DIRECTION('',(0.,1.,0.));
#4921 = DIRECTION('',(1.,0.,-0.));
#4922 = DEFINITIONAL_REPRESENTATION('',(#4923),#4927);
#4923 = LINE('',#4924,#4925);
#4924 = CARTESIAN_POINT('',(0.,3.2));
#4925 = VECTOR('',#4926,1.);
#4926 = DIRECTION('',(1.,0.));
#4927 = ( GEOMETRIC_REPRESENTATION_CONTEXT(2) 
PARAMETRIC_REPRESENTATION_CONTEXT() REPRESENTATION_CONTEXT('2D SPACE',''
  ) );
#4928 = ORIENTED_EDGE('',*,*,#4929,.T.);
#4929 = EDGE_CURVE('',#4897,#4718,#4930,.T.);
#4930 = SURFACE_CURVE('',#4931,(#4935,#4941),.PCURVE_S1.);
#4931 = LINE('',#4932,#4933);
#4932 = CARTESIAN_POINT('',(77.521428571429,21.6,15.399489727694));
#4933 = VECTOR('',#4934,1.);
#4934 = DIRECTION('',(-1.,0.,0.));
#4935 = PCURVE('',#1098,#4936);
#4936 = DEFINITIONAL_REPRESENTATION('',(#4937),#4940);
#4937 = B_SPLINE_CURVE_WITH_KNOTS('',1,(#4938,#4939),.UNSPECIFIED.,.F.,
  .F.,(2,2),(-98.52142857142,-80.52142857142),.PIECEWISE_BEZIER_KNOTS.);
#4938 = CARTESIAN_POINT('',(12.199489727694,-176.0428571428));
#4939 = CARTESIAN_POINT('',(12.199489727694,-158.0428571428));
#4940 = ( GEOMETRIC_REPRESENTATION_CONTEXT(2) 
PARAMETRIC_REPRESENTATION_CONTEXT() REPRESENTATION_CONTEXT('2D SPACE',''
  ) );
#4941 = PCURVE('',#4942,#4947);
#4942 = PLANE('',#4943);
#4943 = AXIS2_PLACEMENT_3D('',#4944,#4945,#4946);
#4944 = CARTESIAN_POINT('',(155.04285714285,18.4,15.399489727694));
#4945 = DIRECTION('',(0.,0.,1.));
#4946 = DIRECTION('',(1.,0.,0.));
#4947 = DEFINITIONAL_REPRESENTATION('',(#4948),#4951);
#4948 = B_SPLINE_CURVE_WITH_KNOTS('',1,(#4949,#4950),.UNSPECIFIED.,.F.,
  .F.,(2,2),(-98.52142857142,-80.52142857142),.PIECEWISE_BEZIER_KNOTS.);
#4949 = CARTESIAN_POINT('',(21.,3.2));
#4950 = CARTESIAN_POINT('',(3.,3.2));
#4951 = ( GEOMETRIC_REPRESENTATION_CONTEXT(2) 
PARAMETRIC_REPRESENTATION_CONTEXT() REPRESENTATION_CONTEXT('2D SPACE',''
  ) );
#4952 = FACE_BOUND('',#4953,.F.);
#4953 = EDGE_LOOP('',(#4954,#4989,#5015,#5048,#5074,#5107,#5133,#5166));
#4954 = ORIENTED_EDGE('',*,*,#4955,.T.);
#4955 = EDGE_CURVE('',#4956,#4958,#4960,.T.);
#4956 = VERTEX_POINT('',#4957);
#4957 = CARTESIAN_POINT('',(56.9,21.6,15.399489727694));
#4958 = VERTEX_POINT('',#4959);
#4959 = CARTESIAN_POINT('',(53.9,21.6,18.399489727694));
#4960 = SURFACE_CURVE('',#4961,(#4966,#4977),.PCURVE_S1.);
#4961 = CIRCLE('',#4962,3.);
#4962 = AXIS2_PLACEMENT_3D('',#4963,#4964,#4965);
#4963 = CARTESIAN_POINT('',(56.9,21.6,18.399489727694));
#4964 = DIRECTION('',(0.,1.,0.));
#4965 = DIRECTION('',(-1.,0.,0.));
#4966 = PCURVE('',#1098,#4967);
#4967 = DEFINITIONAL_REPRESENTATION('',(#4968),#4976);
#4968 = ( BOUNDED_CURVE() B_SPLINE_CURVE(2,(#4969,#4970,#4971,#4972,
#4973,#4974,#4975),.UNSPECIFIED.,.T.,.F.) B_SPLINE_CURVE_WITH_KNOTS((1,2
    ,2,2,2,1),(-2.094395102393,0.,2.094395102393,4.188790204786,
6.28318530718,8.377580409573),.UNSPECIFIED.) CURVE() 
GEOMETRIC_REPRESENTATION_ITEM() RATIONAL_B_SPLINE_CURVE((1.,0.5,1.,0.5,
1.,0.5,1.)) REPRESENTATION_ITEM('') );
#4969 = CARTESIAN_POINT('',(15.199489727694,-53.9));
#4970 = CARTESIAN_POINT('',(20.395642150401,-53.9));
#4971 = CARTESIAN_POINT('',(17.797565939048,-58.4));
#4972 = CARTESIAN_POINT('',(15.199489727694,-62.9));
#4973 = CARTESIAN_POINT('',(12.601413516341,-58.4));
#4974 = CARTESIAN_POINT('',(10.003337304988,-53.9));
#4975 = CARTESIAN_POINT('',(15.199489727694,-53.9));
#4976 = ( GEOMETRIC_REPRESENTATION_CONTEXT(2) 
PARAMETRIC_REPRESENTATION_CONTEXT() REPRESENTATION_CONTEXT('2D SPACE',''
  ) );
#4977 = PCURVE('',#4978,#4983);
#4978 = CYLINDRICAL_SURFACE('',#4979,3.);
#4979 = AXIS2_PLACEMENT_3D('',#4980,#4981,#4982);
#4980 = CARTESIAN_POINT('',(56.9,18.4,18.399489727694));
#4981 = DIRECTION('',(0.,1.,0.));
#4982 = DIRECTION('',(-1.,0.,0.));
#4983 = DEFINITIONAL_REPRESENTATION('',(#4984),#4988);
#4984 = LINE('',#4985,#4986);
#4985 = CARTESIAN_POINT('',(-6.28318530718,3.2));
#4986 = VECTOR('',#4987,1.);
#4987 = DIRECTION('',(1.,-0.));
#4988 = ( GEOMETRIC_REPRESENTATION_CONTEXT(2) 
PARAMETRIC_REPRESENTATION_CONTEXT() REPRESENTATION_CONTEXT('2D SPACE',''
  ) );
#4989 = ORIENTED_EDGE('',*,*,#4990,.T.);
#4990 = EDGE_CURVE('',#4958,#4991,#4993,.T.);
#4991 = VERTEX_POINT('',#4992);
#4992 = CARTESIAN_POINT('',(53.9,21.6,24.399489727694));
#4993 = SURFACE_CURVE('',#4994,(#4998,#5004),.PCURVE_S1.);
#4994 = LINE('',#4995,#4996);
#4995 = CARTESIAN_POINT('',(53.9,21.6,9.299744863847));
#4996 = VECTOR('',#4997,1.);
#4997 = DIRECTION('',(-0.,0.,1.));
#4998 = PCURVE('',#1098,#4999);
#4999 = DEFINITIONAL_REPRESENTATION('',(#5000),#5003);
#5000 = B_SPLINE_CURVE_WITH_KNOTS('',1,(#5001,#5002),.UNSPECIFIED.,.F.,
  .F.,(2,2),(9.099744863847,15.099744863847),.PIECEWISE_BEZIER_KNOTS.);
#5001 = CARTESIAN_POINT('',(15.199489727694,-53.9));
#5002 = CARTESIAN_POINT('',(21.199489727694,-53.9));
#5003 = ( GEOMETRIC_REPRESENTATION_CONTEXT(2) 
PARAMETRIC_REPRESENTATION_CONTEXT() REPRESENTATION_CONTEXT('2D SPACE',''
  ) );
#5004 = PCURVE('',#5005,#5010);
#5005 = PLANE('',#5006);
#5006 = AXIS2_PLACEMENT_3D('',#5007,#5008,#5009);
#5007 = CARTESIAN_POINT('',(53.9,18.4,15.399489727694));
#5008 = DIRECTION('',(1.,0.,0.));
#5009 = DIRECTION('',(0.,0.,1.));
#5010 = DEFINITIONAL_REPRESENTATION('',(#5011),#5014);
#5011 = B_SPLINE_CURVE_WITH_KNOTS('',1,(#5012,#5013),.UNSPECIFIED.,.F.,
  .F.,(2,2),(9.099744863847,15.099744863847),.PIECEWISE_BEZIER_KNOTS.);
#5012 = CARTESIAN_POINT('',(3.,-3.2));
#5013 = CARTESIAN_POINT('',(9.,-3.2));
#5014 = ( GEOMETRIC_REPRESENTATION_CONTEXT(2) 
PARAMETRIC_REPRESENTATION_CONTEXT() REPRESENTATION_CONTEXT('2D SPACE',''
  ) );
#5015 = ORIENTED_EDGE('',*,*,#5016,.T.);
#5016 = EDGE_CURVE('',#4991,#5017,#5019,.T.);
#5017 = VERTEX_POINT('',#5018);
#5018 = CARTESIAN_POINT('',(56.9,21.6,27.399489727694));
#5019 = SURFACE_CURVE('',#5020,(#5025,#5036),.PCURVE_S1.);
#5020 = CIRCLE('',#5021,3.);
#5021 = AXIS2_PLACEMENT_3D('',#5022,#5023,#5024);
#5022 = CARTESIAN_POINT('',(56.9,21.6,24.399489727694));
#5023 = DIRECTION('',(0.,1.,0.));
#5024 = DIRECTION('',(-1.,0.,0.));
#5025 = PCURVE('',#1098,#5026);
#5026 = DEFINITIONAL_REPRESENTATION('',(#5027),#5035);
#5027 = ( BOUNDED_CURVE() B_SPLINE_CURVE(2,(#5028,#5029,#5030,#5031,
#5032,#5033,#5034),.UNSPECIFIED.,.T.,.F.) B_SPLINE_CURVE_WITH_KNOTS((1,2
    ,2,2,2,1),(-2.094395102393,0.,2.094395102393,4.188790204786,
6.28318530718,8.377580409573),.UNSPECIFIED.) CURVE() 
GEOMETRIC_REPRESENTATION_ITEM() RATIONAL_B_SPLINE_CURVE((1.,0.5,1.,0.5,
1.,0.5,1.)) REPRESENTATION_ITEM('') );
#5028 = CARTESIAN_POINT('',(21.199489727694,-53.9));
#5029 = CARTESIAN_POINT('',(26.395642150401,-53.9));
#5030 = CARTESIAN_POINT('',(23.797565939048,-58.4));
#5031 = CARTESIAN_POINT('',(21.199489727694,-62.9));
#5032 = CARTESIAN_POINT('',(18.601413516341,-58.4));
#5033 = CARTESIAN_POINT('',(16.003337304988,-53.9));
#5034 = CARTESIAN_POINT('',(21.199489727694,-53.9));
#5035 = ( GEOMETRIC_REPRESENTATION_CONTEXT(2) 
PARAMETRIC_REPRESENTATION_CONTEXT() REPRESENTATION_CONTEXT('2D SPACE',''
  ) );
#5036 = PCURVE('',#5037,#5042);
#5037 = CYLINDRICAL_SURFACE('',#5038,3.);
#5038 = AXIS2_PLACEMENT_3D('',#5039,#5040,#5041);
#5039 = CARTESIAN_POINT('',(56.9,18.4,24.399489727694));
#5040 = DIRECTION('',(0.,1.,0.));
#5041 = DIRECTION('',(-1.,0.,0.));
#5042 = DEFINITIONAL_REPRESENTATION('',(#5043),#5047);
#5043 = LINE('',#5044,#5045);
#5044 = CARTESIAN_POINT('',(0.,3.2));
#5045 = VECTOR('',#5046,1.);
#5046 = DIRECTION('',(1.,0.));
#5047 = ( GEOMETRIC_REPRESENTATION_CONTEXT(2) 
PARAMETRIC_REPRESENTATION_CONTEXT() REPRESENTATION_CONTEXT('2D SPACE',''
  ) );
#5048 = ORIENTED_EDGE('',*,*,#5049,.F.);
#5049 = EDGE_CURVE('',#5050,#5017,#5052,.T.);
#5050 = VERTEX_POINT('',#5051);
#5051 = CARTESIAN_POINT('',(74.9,21.6,27.399489727694));
#5052 = SURFACE_CURVE('',#5053,(#5057,#5063),.PCURVE_S1.);
#5053 = LINE('',#5054,#5055);
#5054 = CARTESIAN_POINT('',(26.95,21.6,27.399489727694));
#5055 = VECTOR('',#5056,1.);
#5056 = DIRECTION('',(-1.,0.,0.));
#5057 = PCURVE('',#1098,#5058);
#5058 = DEFINITIONAL_REPRESENTATION('',(#5059),#5062);
#5059 = B_SPLINE_CURVE_WITH_KNOTS('',1,(#5060,#5061),.UNSPECIFIED.,.F.,
  .F.,(2,2),(-47.95,-29.95),.PIECEWISE_BEZIER_KNOTS.);
#5060 = CARTESIAN_POINT('',(24.199489727694,-74.9));
#5061 = CARTESIAN_POINT('',(24.199489727694,-56.9));
#5062 = ( GEOMETRIC_REPRESENTATION_CONTEXT(2) 
PARAMETRIC_REPRESENTATION_CONTEXT() REPRESENTATION_CONTEXT('2D SPACE',''
  ) );
#5063 = PCURVE('',#5064,#5069);
#5064 = PLANE('',#5065);
#5065 = AXIS2_PLACEMENT_3D('',#5066,#5067,#5068);
#5066 = CARTESIAN_POINT('',(53.9,18.4,27.399489727694));
#5067 = DIRECTION('',(0.,0.,1.));
#5068 = DIRECTION('',(1.,0.,0.));
#5069 = DEFINITIONAL_REPRESENTATION('',(#5070),#5073);
#5070 = B_SPLINE_CURVE_WITH_KNOTS('',1,(#5071,#5072),.UNSPECIFIED.,.F.,
  .F.,(2,2),(-47.95,-29.95),.PIECEWISE_BEZIER_KNOTS.);
#5071 = CARTESIAN_POINT('',(21.,3.2));
#5072 = CARTESIAN_POINT('',(3.,3.2));
#5073 = ( GEOMETRIC_REPRESENTATION_CONTEXT(2) 
PARAMETRIC_REPRESENTATION_CONTEXT() REPRESENTATION_CONTEXT('2D SPACE',''
  ) );
#5074 = ORIENTED_EDGE('',*,*,#5075,.T.);
#5075 = EDGE_CURVE('',#5050,#5076,#5078,.T.);
#5076 = VERTEX_POINT('',#5077);
#5077 = CARTESIAN_POINT('',(77.9,21.6,24.399489727694));
#5078 = SURFACE_CURVE('',#5079,(#5084,#5095),.PCURVE_S1.);
#5079 = CIRCLE('',#5080,3.);
#5080 = AXIS2_PLACEMENT_3D('',#5081,#5082,#5083);
#5081 = CARTESIAN_POINT('',(74.9,21.6,24.399489727694));
#5082 = DIRECTION('',(0.,1.,0.));
#5083 = DIRECTION('',(1.,0.,-0.));
#5084 = PCURVE('',#1098,#5085);
#5085 = DEFINITIONAL_REPRESENTATION('',(#5086),#5094);
#5086 = ( BOUNDED_CURVE() B_SPLINE_CURVE(2,(#5087,#5088,#5089,#5090,
#5091,#5092,#5093),.UNSPECIFIED.,.T.,.F.) B_SPLINE_CURVE_WITH_KNOTS((1,2
    ,2,2,2,1),(-2.094395102393,0.,2.094395102393,4.188790204786,
6.28318530718,8.377580409573),.UNSPECIFIED.) CURVE() 
GEOMETRIC_REPRESENTATION_ITEM() RATIONAL_B_SPLINE_CURVE((1.,0.5,1.,0.5,
1.,0.5,1.)) REPRESENTATION_ITEM('') );
#5087 = CARTESIAN_POINT('',(21.199489727694,-77.9));
#5088 = CARTESIAN_POINT('',(16.003337304988,-77.9));
#5089 = CARTESIAN_POINT('',(18.601413516341,-73.4));
#5090 = CARTESIAN_POINT('',(21.199489727694,-68.9));
#5091 = CARTESIAN_POINT('',(23.797565939048,-73.4));
#5092 = CARTESIAN_POINT('',(26.395642150401,-77.9));
#5093 = CARTESIAN_POINT('',(21.199489727694,-77.9));
#5094 = ( GEOMETRIC_REPRESENTATION_CONTEXT(2) 
PARAMETRIC_REPRESENTATION_CONTEXT() REPRESENTATION_CONTEXT('2D SPACE',''
  ) );
#5095 = PCURVE('',#5096,#5101);
#5096 = CYLINDRICAL_SURFACE('',#5097,3.);
#5097 = AXIS2_PLACEMENT_3D('',#5098,#5099,#5100);
#5098 = CARTESIAN_POINT('',(74.9,18.4,24.399489727694));
#5099 = DIRECTION('',(0.,1.,0.));
#5100 = DIRECTION('',(1.,0.,-0.));
#5101 = DEFINITIONAL_REPRESENTATION('',(#5102),#5106);
#5102 = LINE('',#5103,#5104);
#5103 = CARTESIAN_POINT('',(-6.28318530718,3.2));
#5104 = VECTOR('',#5105,1.);
#5105 = DIRECTION('',(1.,-0.));
#5106 = ( GEOMETRIC_REPRESENTATION_CONTEXT(2) 
PARAMETRIC_REPRESENTATION_CONTEXT() REPRESENTATION_CONTEXT('2D SPACE',''
  ) );
#5107 = ORIENTED_EDGE('',*,*,#5108,.F.);
#5108 = EDGE_CURVE('',#5109,#5076,#5111,.T.);
#5109 = VERTEX_POINT('',#5110);
#5110 = CARTESIAN_POINT('',(77.9,21.6,18.399489727694));
#5111 = SURFACE_CURVE('',#5112,(#5116,#5122),.PCURVE_S1.);
#5112 = LINE('',#5113,#5114);
#5113 = CARTESIAN_POINT('',(77.9,21.6,9.299744863847));
#5114 = VECTOR('',#5115,1.);
#5115 = DIRECTION('',(-0.,0.,1.));
#5116 = PCURVE('',#1098,#5117);
#5117 = DEFINITIONAL_REPRESENTATION('',(#5118),#5121);
#5118 = B_SPLINE_CURVE_WITH_KNOTS('',1,(#5119,#5120),.UNSPECIFIED.,.F.,
  .F.,(2,2),(9.099744863847,15.099744863847),.PIECEWISE_BEZIER_KNOTS.);
#5119 = CARTESIAN_POINT('',(15.199489727694,-77.9));
#5120 = CARTESIAN_POINT('',(21.199489727694,-77.9));
#5121 = ( GEOMETRIC_REPRESENTATION_CONTEXT(2) 
PARAMETRIC_REPRESENTATION_CONTEXT() REPRESENTATION_CONTEXT('2D SPACE',''
  ) );
#5122 = PCURVE('',#5123,#5128);
#5123 = PLANE('',#5124);
#5124 = AXIS2_PLACEMENT_3D('',#5125,#5126,#5127);
#5125 = CARTESIAN_POINT('',(77.9,18.4,15.399489727694));
#5126 = DIRECTION('',(1.,0.,0.));
#5127 = DIRECTION('',(0.,0.,1.));
#5128 = DEFINITIONAL_REPRESENTATION('',(#5129),#5132);
#5129 = B_SPLINE_CURVE_WITH_KNOTS('',1,(#5130,#5131),.UNSPECIFIED.,.F.,
  .F.,(2,2),(9.099744863847,15.099744863847),.PIECEWISE_BEZIER_KNOTS.);
#5130 = CARTESIAN_POINT('',(3.,-3.2));
#5131 = CARTESIAN_POINT('',(9.,-3.2));
#5132 = ( GEOMETRIC_REPRESENTATION_CONTEXT(2) 
PARAMETRIC_REPRESENTATION_CONTEXT() REPRESENTATION_CONTEXT('2D SPACE',''
  ) );
#5133 = ORIENTED_EDGE('',*,*,#5134,.T.);
#5134 = EDGE_CURVE('',#5109,#5135,#5137,.T.);
#5135 = VERTEX_POINT('',#5136);
#5136 = CARTESIAN_POINT('',(74.9,21.6,15.399489727694));
#5137 = SURFACE_CURVE('',#5138,(#5143,#5154),.PCURVE_S1.);
#5138 = CIRCLE('',#5139,3.);
#5139 = AXIS2_PLACEMENT_3D('',#5140,#5141,#5142);
#5140 = CARTESIAN_POINT('',(74.9,21.6,18.399489727694));
#5141 = DIRECTION('',(0.,1.,0.));
#5142 = DIRECTION('',(1.,0.,-0.));
#5143 = PCURVE('',#1098,#5144);
#5144 = DEFINITIONAL_REPRESENTATION('',(#5145),#5153);
#5145 = ( BOUNDED_CURVE() B_SPLINE_CURVE(2,(#5146,#5147,#5148,#5149,
#5150,#5151,#5152),.UNSPECIFIED.,.T.,.F.) B_SPLINE_CURVE_WITH_KNOTS((1,2
    ,2,2,2,1),(-2.094395102393,0.,2.094395102393,4.188790204786,
6.28318530718,8.377580409573),.UNSPECIFIED.) CURVE() 
GEOMETRIC_REPRESENTATION_ITEM() RATIONAL_B_SPLINE_CURVE((1.,0.5,1.,0.5,
1.,0.5,1.)) REPRESENTATION_ITEM('') );
#5146 = CARTESIAN_POINT('',(15.199489727694,-77.9));
#5147 = CARTESIAN_POINT('',(10.003337304988,-77.9));
#5148 = CARTESIAN_POINT('',(12.601413516341,-73.4));
#5149 = CARTESIAN_POINT('',(15.199489727694,-68.9));
#5150 = CARTESIAN_POINT('',(17.797565939048,-73.4));
#5151 = CARTESIAN_POINT('',(20.395642150401,-77.9));
#5152 = CARTESIAN_POINT('',(15.199489727694,-77.9));
#5153 = ( GEOMETRIC_REPRESENTATION_CONTEXT(2) 
PARAMETRIC_REPRESENTATION_CONTEXT() REPRESENTATION_CONTEXT('2D SPACE',''
  ) );
#5154 = PCURVE('',#5155,#5160);
#5155 = CYLINDRICAL_SURFACE('',#5156,3.);
#5156 = AXIS2_PLACEMENT_3D('',#5157,#5158,#5159);
#5157 = CARTESIAN_POINT('',(74.9,18.4,18.399489727694));
#5158 = DIRECTION('',(0.,1.,0.));
#5159 = DIRECTION('',(1.,0.,-0.));
#5160 = DEFINITIONAL_REPRESENTATION('',(#5161),#5165);
#5161 = LINE('',#5162,#5163);
#5162 = CARTESIAN_POINT('',(0.,3.2));
#5163 = VECTOR('',#5164,1.);
#5164 = DIRECTION('',(1.,0.));
#5165 = ( GEOMETRIC_REPRESENTATION_CONTEXT(2) 
PARAMETRIC_REPRESENTATION_CONTEXT() REPRESENTATION_CONTEXT('2D SPACE',''
  ) );
#5166 = ORIENTED_EDGE('',*,*,#5167,.T.);
#5167 = EDGE_CURVE('',#5135,#4956,#5168,.T.);
#5168 = SURFACE_CURVE('',#5169,(#5173,#5179),.PCURVE_S1.);
#5169 = LINE('',#5170,#5171);
#5170 = CARTESIAN_POINT('',(26.95,21.6,15.399489727694));
#5171 = VECTOR('',#5172,1.);
#5172 = DIRECTION('',(-1.,0.,0.));
#5173 = PCURVE('',#1098,#5174);
#5174 = DEFINITIONAL_REPRESENTATION('',(#5175),#5178);
#5175 = B_SPLINE_CURVE_WITH_KNOTS('',1,(#5176,#5177),.UNSPECIFIED.,.F.,
  .F.,(2,2),(-47.95,-29.95),.PIECEWISE_BEZIER_KNOTS.);
#5176 = CARTESIAN_POINT('',(12.199489727694,-74.9));
#5177 = CARTESIAN_POINT('',(12.199489727694,-56.9));
#5178 = ( GEOMETRIC_REPRESENTATION_CONTEXT(2) 
PARAMETRIC_REPRESENTATION_CONTEXT() REPRESENTATION_CONTEXT('2D SPACE',''
  ) );
#5179 = PCURVE('',#5180,#5185);
#5180 = PLANE('',#5181);
#5181 = AXIS2_PLACEMENT_3D('',#5182,#5183,#5184);
#5182 = CARTESIAN_POINT('',(53.9,18.4,15.399489727694));
#5183 = DIRECTION('',(0.,0.,1.));
#5184 = DIRECTION('',(1.,0.,0.));
#5185 = DEFINITIONAL_REPRESENTATION('',(#5186),#5189);
#5186 = B_SPLINE_CURVE_WITH_KNOTS('',1,(#5187,#5188),.UNSPECIFIED.,.F.,
  .F.,(2,2),(-47.95,-29.95),.PIECEWISE_BEZIER_KNOTS.);
#5187 = CARTESIAN_POINT('',(21.,3.2));
#5188 = CARTESIAN_POINT('',(3.,3.2));
#5189 = ( GEOMETRIC_REPRESENTATION_CONTEXT(2) 
PARAMETRIC_REPRESENTATION_CONTEXT() REPRESENTATION_CONTEXT('2D SPACE',''
  ) );
#5190 = FACE_BOUND('',#5191,.F.);
#5191 = EDGE_LOOP('',(#5192,#5227,#5253,#5286,#5312,#5345,#5371,#5404));
#5192 = ORIENTED_EDGE('',*,*,#5193,.T.);
#5193 = EDGE_CURVE('',#5194,#5196,#5198,.T.);
#5194 = VERTEX_POINT('',#5195);
#5195 = CARTESIAN_POINT('',(17.9,21.6,15.399489727694));
#5196 = VERTEX_POINT('',#5197);
#5197 = CARTESIAN_POINT('',(14.9,21.6,18.399489727694));
#5198 = SURFACE_CURVE('',#5199,(#5204,#5215),.PCURVE_S1.);
#5199 = CIRCLE('',#5200,3.);
#5200 = AXIS2_PLACEMENT_3D('',#5201,#5202,#5203);
#5201 = CARTESIAN_POINT('',(17.9,21.6,18.399489727694));
#5202 = DIRECTION('',(0.,1.,0.));
#5203 = DIRECTION('',(-1.,0.,0.));
#5204 = PCURVE('',#1098,#5205);
#5205 = DEFINITIONAL_REPRESENTATION('',(#5206),#5214);
#5206 = ( BOUNDED_CURVE() B_SPLINE_CURVE(2,(#5207,#5208,#5209,#5210,
#5211,#5212,#5213),.UNSPECIFIED.,.T.,.F.) B_SPLINE_CURVE_WITH_KNOTS((1,2
    ,2,2,2,1),(-2.094395102393,0.,2.094395102393,4.188790204786,
6.28318530718,8.377580409573),.UNSPECIFIED.) CURVE() 
GEOMETRIC_REPRESENTATION_ITEM() RATIONAL_B_SPLINE_CURVE((1.,0.5,1.,0.5,
1.,0.5,1.)) REPRESENTATION_ITEM('') );
#5207 = CARTESIAN_POINT('',(15.199489727694,-14.9));
#5208 = CARTESIAN_POINT('',(20.395642150401,-14.9));
#5209 = CARTESIAN_POINT('',(17.797565939048,-19.4));
#5210 = CARTESIAN_POINT('',(15.199489727694,-23.9));
#5211 = CARTESIAN_POINT('',(12.601413516341,-19.4));
#5212 = CARTESIAN_POINT('',(10.003337304988,-14.9));
#5213 = CARTESIAN_POINT('',(15.199489727694,-14.9));
#5214 = ( GEOMETRIC_REPRESENTATION_CONTEXT(2) 
PARAMETRIC_REPRESENTATION_CONTEXT() REPRESENTATION_CONTEXT('2D SPACE',''
  ) );
#5215 = PCURVE('',#5216,#5221);
#5216 = CYLINDRICAL_SURFACE('',#5217,3.);
#5217 = AXIS2_PLACEMENT_3D('',#5218,#5219,#5220);
#5218 = CARTESIAN_POINT('',(17.9,18.4,18.399489727694));
#5219 = DIRECTION('',(0.,1.,0.));
#5220 = DIRECTION('',(-1.,0.,0.));
#5221 = DEFINITIONAL_REPRESENTATION('',(#5222),#5226);
#5222 = LINE('',#5223,#5224);
#5223 = CARTESIAN_POINT('',(-6.28318530718,3.2));
#5224 = VECTOR('',#5225,1.);
#5225 = DIRECTION('',(1.,-0.));
#5226 = ( GEOMETRIC_REPRESENTATION_CONTEXT(2) 
PARAMETRIC_REPRESENTATION_CONTEXT() REPRESENTATION_CONTEXT('2D SPACE',''
  ) );
#5227 = ORIENTED_EDGE('',*,*,#5228,.T.);
#5228 = EDGE_CURVE('',#5196,#5229,#5231,.T.);
#5229 = VERTEX_POINT('',#5230);
#5230 = CARTESIAN_POINT('',(14.9,21.6,24.399489727694));
#5231 = SURFACE_CURVE('',#5232,(#5236,#5242),.PCURVE_S1.);
#5232 = LINE('',#5233,#5234);
#5233 = CARTESIAN_POINT('',(14.9,21.6,9.299744863847));
#5234 = VECTOR('',#5235,1.);
#5235 = DIRECTION('',(-0.,0.,1.));
#5236 = PCURVE('',#1098,#5237);
#5237 = DEFINITIONAL_REPRESENTATION('',(#5238),#5241);
#5238 = B_SPLINE_CURVE_WITH_KNOTS('',1,(#5239,#5240),.UNSPECIFIED.,.F.,
  .F.,(2,2),(9.099744863847,15.099744863847),.PIECEWISE_BEZIER_KNOTS.);
#5239 = CARTESIAN_POINT('',(15.199489727694,-14.9));
#5240 = CARTESIAN_POINT('',(21.199489727694,-14.9));
#5241 = ( GEOMETRIC_REPRESENTATION_CONTEXT(2) 
PARAMETRIC_REPRESENTATION_CONTEXT() REPRESENTATION_CONTEXT('2D SPACE',''
  ) );
#5242 = PCURVE('',#5243,#5248);
#5243 = PLANE('',#5244);
#5244 = AXIS2_PLACEMENT_3D('',#5245,#5246,#5247);
#5245 = CARTESIAN_POINT('',(14.9,18.4,15.399489727694));
#5246 = DIRECTION('',(1.,0.,0.));
#5247 = DIRECTION('',(0.,0.,1.));
#5248 = DEFINITIONAL_REPRESENTATION('',(#5249),#5252);
#5249 = B_SPLINE_CURVE_WITH_KNOTS('',1,(#5250,#5251),.UNSPECIFIED.,.F.,
  .F.,(2,2),(9.099744863847,15.099744863847),.PIECEWISE_BEZIER_KNOTS.);
#5250 = CARTESIAN_POINT('',(3.,-3.2));
#5251 = CARTESIAN_POINT('',(9.,-3.2));
#5252 = ( GEOMETRIC_REPRESENTATION_CONTEXT(2) 
PARAMETRIC_REPRESENTATION_CONTEXT() REPRESENTATION_CONTEXT('2D SPACE',''
  ) );
#5253 = ORIENTED_EDGE('',*,*,#5254,.T.);
#5254 = EDGE_CURVE('',#5229,#5255,#5257,.T.);
#5255 = VERTEX_POINT('',#5256);
#5256 = CARTESIAN_POINT('',(17.9,21.6,27.399489727694));
#5257 = SURFACE_CURVE('',#5258,(#5263,#5274),.PCURVE_S1.);
#5258 = CIRCLE('',#5259,3.);
#5259 = AXIS2_PLACEMENT_3D('',#5260,#5261,#5262);
#5260 = CARTESIAN_POINT('',(17.9,21.6,24.399489727694));
#5261 = DIRECTION('',(0.,1.,0.));
#5262 = DIRECTION('',(-1.,0.,0.));
#5263 = PCURVE('',#1098,#5264);
#5264 = DEFINITIONAL_REPRESENTATION('',(#5265),#5273);
#5265 = ( BOUNDED_CURVE() B_SPLINE_CURVE(2,(#5266,#5267,#5268,#5269,
#5270,#5271,#5272),.UNSPECIFIED.,.T.,.F.) B_SPLINE_CURVE_WITH_KNOTS((1,2
    ,2,2,2,1),(-2.094395102393,0.,2.094395102393,4.188790204786,
6.28318530718,8.377580409573),.UNSPECIFIED.) CURVE() 
GEOMETRIC_REPRESENTATION_ITEM() RATIONAL_B_SPLINE_CURVE((1.,0.5,1.,0.5,
1.,0.5,1.)) REPRESENTATION_ITEM('') );
#5266 = CARTESIAN_POINT('',(21.199489727694,-14.9));
#5267 = CARTESIAN_POINT('',(26.395642150401,-14.9));
#5268 = CARTESIAN_POINT('',(23.797565939048,-19.4));
#5269 = CARTESIAN_POINT('',(21.199489727694,-23.9));
#5270 = CARTESIAN_POINT('',(18.601413516341,-19.4));
#5271 = CARTESIAN_POINT('',(16.003337304988,-14.9));
#5272 = CARTESIAN_POINT('',(21.199489727694,-14.9));
#5273 = ( GEOMETRIC_REPRESENTATION_CONTEXT(2) 
PARAMETRIC_REPRESENTATION_CONTEXT() REPRESENTATION_CONTEXT('2D SPACE',''
  ) );
#5274 = PCURVE('',#5275,#5280);
#5275 = CYLINDRICAL_SURFACE('',#5276,3.);
#5276 = AXIS2_PLACEMENT_3D('',#5277,#5278,#5279);
#5277 = CARTESIAN_POINT('',(17.9,18.4,24.399489727694));
#5278 = DIRECTION('',(0.,1.,0.));
#5279 = DIRECTION('',(-1.,0.,0.));
#5280 = DEFINITIONAL_REPRESENTATION('',(#5281),#5285);
#5281 = LINE('',#5282,#5283);
#5282 = CARTESIAN_POINT('',(0.,3.2));
#5283 = VECTOR('',#5284,1.);
#5284 = DIRECTION('',(1.,0.));
#5285 = ( GEOMETRIC_REPRESENTATION_CONTEXT(2) 
PARAMETRIC_REPRESENTATION_CONTEXT() REPRESENTATION_CONTEXT('2D SPACE',''
  ) );
#5286 = ORIENTED_EDGE('',*,*,#5287,.F.);
#5287 = EDGE_CURVE('',#5288,#5255,#5290,.T.);
#5288 = VERTEX_POINT('',#5289);
#5289 = CARTESIAN_POINT('',(35.9,21.6,27.399489727694));
#5290 = SURFACE_CURVE('',#5291,(#5295,#5301),.PCURVE_S1.);
#5291 = LINE('',#5292,#5293);
#5292 = CARTESIAN_POINT('',(7.45,21.6,27.399489727694));
#5293 = VECTOR('',#5294,1.);
#5294 = DIRECTION('',(-1.,0.,0.));
#5295 = PCURVE('',#1098,#5296);
#5296 = DEFINITIONAL_REPRESENTATION('',(#5297),#5300);
#5297 = B_SPLINE_CURVE_WITH_KNOTS('',1,(#5298,#5299),.UNSPECIFIED.,.F.,
  .F.,(2,2),(-28.45,-10.45),.PIECEWISE_BEZIER_KNOTS.);
#5298 = CARTESIAN_POINT('',(24.199489727694,-35.9));
#5299 = CARTESIAN_POINT('',(24.199489727694,-17.9));
#5300 = ( GEOMETRIC_REPRESENTATION_CONTEXT(2) 
PARAMETRIC_REPRESENTATION_CONTEXT() REPRESENTATION_CONTEXT('2D SPACE',''
  ) );
#5301 = PCURVE('',#5302,#5307);
#5302 = PLANE('',#5303);
#5303 = AXIS2_PLACEMENT_3D('',#5304,#5305,#5306);
#5304 = CARTESIAN_POINT('',(14.9,18.4,27.399489727694));
#5305 = DIRECTION('',(0.,0.,1.));
#5306 = DIRECTION('',(1.,0.,0.));
#5307 = DEFINITIONAL_REPRESENTATION('',(#5308),#5311);
#5308 = B_SPLINE_CURVE_WITH_KNOTS('',1,(#5309,#5310),.UNSPECIFIED.,.F.,
  .F.,(2,2),(-28.45,-10.45),.PIECEWISE_BEZIER_KNOTS.);
#5309 = CARTESIAN_POINT('',(21.,3.2));
#5310 = CARTESIAN_POINT('',(3.,3.2));
#5311 = ( GEOMETRIC_REPRESENTATION_CONTEXT(2) 
PARAMETRIC_REPRESENTATION_CONTEXT() REPRESENTATION_CONTEXT('2D SPACE',''
  ) );
#5312 = ORIENTED_EDGE('',*,*,#5313,.T.);
#5313 = EDGE_CURVE('',#5288,#5314,#5316,.T.);
#5314 = VERTEX_POINT('',#5315);
#5315 = CARTESIAN_POINT('',(38.9,21.6,24.399489727694));
#5316 = SURFACE_CURVE('',#5317,(#5322,#5333),.PCURVE_S1.);
#5317 = CIRCLE('',#5318,3.);
#5318 = AXIS2_PLACEMENT_3D('',#5319,#5320,#5321);
#5319 = CARTESIAN_POINT('',(35.9,21.6,24.399489727694));
#5320 = DIRECTION('',(0.,1.,0.));
#5321 = DIRECTION('',(1.,0.,-0.));
#5322 = PCURVE('',#1098,#5323);
#5323 = DEFINITIONAL_REPRESENTATION('',(#5324),#5332);
#5324 = ( BOUNDED_CURVE() B_SPLINE_CURVE(2,(#5325,#5326,#5327,#5328,
#5329,#5330,#5331),.UNSPECIFIED.,.T.,.F.) B_SPLINE_CURVE_WITH_KNOTS((1,2
    ,2,2,2,1),(-2.094395102393,0.,2.094395102393,4.188790204786,
6.28318530718,8.377580409573),.UNSPECIFIED.) CURVE() 
GEOMETRIC_REPRESENTATION_ITEM() RATIONAL_B_SPLINE_CURVE((1.,0.5,1.,0.5,
1.,0.5,1.)) REPRESENTATION_ITEM('') );
#5325 = CARTESIAN_POINT('',(21.199489727694,-38.9));
#5326 = CARTESIAN_POINT('',(16.003337304988,-38.9));
#5327 = CARTESIAN_POINT('',(18.601413516341,-34.4));
#5328 = CARTESIAN_POINT('',(21.199489727694,-29.9));
#5329 = CARTESIAN_POINT('',(23.797565939048,-34.4));
#5330 = CARTESIAN_POINT('',(26.395642150401,-38.9));
#5331 = CARTESIAN_POINT('',(21.199489727694,-38.9));
#5332 = ( GEOMETRIC_REPRESENTATION_CONTEXT(2) 
PARAMETRIC_REPRESENTATION_CONTEXT() REPRESENTATION_CONTEXT('2D SPACE',''
  ) );
#5333 = PCURVE('',#5334,#5339);
#5334 = CYLINDRICAL_SURFACE('',#5335,3.);
#5335 = AXIS2_PLACEMENT_3D('',#5336,#5337,#5338);
#5336 = CARTESIAN_POINT('',(35.9,18.4,24.399489727694));
#5337 = DIRECTION('',(0.,1.,0.));
#5338 = DIRECTION('',(1.,0.,-0.));
#5339 = DEFINITIONAL_REPRESENTATION('',(#5340),#5344);
#5340 = LINE('',#5341,#5342);
#5341 = CARTESIAN_POINT('',(-6.28318530718,3.2));
#5342 = VECTOR('',#5343,1.);
#5343 = DIRECTION('',(1.,-0.));
#5344 = ( GEOMETRIC_REPRESENTATION_CONTEXT(2) 
PARAMETRIC_REPRESENTATION_CONTEXT() REPRESENTATION_CONTEXT('2D SPACE',''
  ) );
#5345 = ORIENTED_EDGE('',*,*,#5346,.F.);
#5346 = EDGE_CURVE('',#5347,#5314,#5349,.T.);
#5347 = VERTEX_POINT('',#5348);
#5348 = CARTESIAN_POINT('',(38.9,21.6,18.399489727694));
#5349 = SURFACE_CURVE('',#5350,(#5354,#5360),.PCURVE_S1.);
#5350 = LINE('',#5351,#5352);
#5351 = CARTESIAN_POINT('',(38.9,21.6,9.299744863847));
#5352 = VECTOR('',#5353,1.);
#5353 = DIRECTION('',(-0.,0.,1.));
#5354 = PCURVE('',#1098,#5355);
#5355 = DEFINITIONAL_REPRESENTATION('',(#5356),#5359);
#5356 = B_SPLINE_CURVE_WITH_KNOTS('',1,(#5357,#5358),.UNSPECIFIED.,.F.,
  .F.,(2,2),(9.099744863847,15.099744863847),.PIECEWISE_BEZIER_KNOTS.);
#5357 = CARTESIAN_POINT('',(15.199489727694,-38.9));
#5358 = CARTESIAN_POINT('',(21.199489727694,-38.9));
#5359 = ( GEOMETRIC_REPRESENTATION_CONTEXT(2) 
PARAMETRIC_REPRESENTATION_CONTEXT() REPRESENTATION_CONTEXT('2D SPACE',''
  ) );
#5360 = PCURVE('',#5361,#5366);
#5361 = PLANE('',#5362);
#5362 = AXIS2_PLACEMENT_3D('',#5363,#5364,#5365);
#5363 = CARTESIAN_POINT('',(38.9,18.4,15.399489727694));
#5364 = DIRECTION('',(1.,0.,0.));
#5365 = DIRECTION('',(0.,0.,1.));
#5366 = DEFINITIONAL_REPRESENTATION('',(#5367),#5370);
#5367 = B_SPLINE_CURVE_WITH_KNOTS('',1,(#5368,#5369),.UNSPECIFIED.,.F.,
  .F.,(2,2),(9.099744863847,15.099744863847),.PIECEWISE_BEZIER_KNOTS.);
#5368 = CARTESIAN_POINT('',(3.,-3.2));
#5369 = CARTESIAN_POINT('',(9.,-3.2));
#5370 = ( GEOMETRIC_REPRESENTATION_CONTEXT(2) 
PARAMETRIC_REPRESENTATION_CONTEXT() REPRESENTATION_CONTEXT('2D SPACE',''
  ) );
#5371 = ORIENTED_EDGE('',*,*,#5372,.T.);
#5372 = EDGE_CURVE('',#5347,#5373,#5375,.T.);
#5373 = VERTEX_POINT('',#5374);
#5374 = CARTESIAN_POINT('',(35.9,21.6,15.399489727694));
#5375 = SURFACE_CURVE('',#5376,(#5381,#5392),.PCURVE_S1.);
#5376 = CIRCLE('',#5377,3.);
#5377 = AXIS2_PLACEMENT_3D('',#5378,#5379,#5380);
#5378 = CARTESIAN_POINT('',(35.9,21.6,18.399489727694));
#5379 = DIRECTION('',(0.,1.,0.));
#5380 = DIRECTION('',(1.,0.,-0.));
#5381 = PCURVE('',#1098,#5382);
#5382 = DEFINITIONAL_REPRESENTATION('',(#5383),#5391);
#5383 = ( BOUNDED_CURVE() B_SPLINE_CURVE(2,(#5384,#5385,#5386,#5387,
#5388,#5389,#5390),.UNSPECIFIED.,.T.,.F.) B_SPLINE_CURVE_WITH_KNOTS((1,2
    ,2,2,2,1),(-2.094395102393,0.,2.094395102393,4.188790204786,
6.28318530718,8.377580409573),.UNSPECIFIED.) CURVE() 
GEOMETRIC_REPRESENTATION_ITEM() RATIONAL_B_SPLINE_CURVE((1.,0.5,1.,0.5,
1.,0.5,1.)) REPRESENTATION_ITEM('') );
#5384 = CARTESIAN_POINT('',(15.199489727694,-38.9));
#5385 = CARTESIAN_POINT('',(10.003337304988,-38.9));
#5386 = CARTESIAN_POINT('',(12.601413516341,-34.4));
#5387 = CARTESIAN_POINT('',(15.199489727694,-29.9));
#5388 = CARTESIAN_POINT('',(17.797565939048,-34.4));
#5389 = CARTESIAN_POINT('',(20.395642150401,-38.9));
#5390 = CARTESIAN_POINT('',(15.199489727694,-38.9));
#5391 = ( GEOMETRIC_REPRESENTATION_CONTEXT(2) 
PARAMETRIC_REPRESENTATION_CONTEXT() REPRESENTATION_CONTEXT('2D SPACE',''
  ) );
#5392 = PCURVE('',#5393,#5398);
#5393 = CYLINDRICAL_SURFACE('',#5394,3.);
#5394 = AXIS2_PLACEMENT_3D('',#5395,#5396,#5397);
#5395 = CARTESIAN_POINT('',(35.9,18.4,18.399489727694));
#5396 = DIRECTION('',(0.,1.,0.));
#5397 = DIRECTION('',(1.,0.,-0.));
#5398 = DEFINITIONAL_REPRESENTATION('',(#5399),#5403);
#5399 = LINE('',#5400,#5401);
#5400 = CARTESIAN_POINT('',(0.,3.2));
#5401 = VECTOR('',#5402,1.);
#5402 = DIRECTION('',(1.,0.));
#5403 = ( GEOMETRIC_REPRESENTATION_CONTEXT(2) 
PARAMETRIC_REPRESENTATION_CONTEXT() REPRESENTATION_CONTEXT('2D SPACE',''
  ) );
#5404 = ORIENTED_EDGE('',*,*,#5405,.T.);
#5405 = EDGE_CURVE('',#5373,#5194,#5406,.T.);
#5406 = SURFACE_CURVE('',#5407,(#5411,#5417),.PCURVE_S1.);
#5407 = LINE('',#5408,#5409);
#5408 = CARTESIAN_POINT('',(7.45,21.6,15.399489727694));
#5409 = VECTOR('',#5410,1.);
#5410 = DIRECTION('',(-1.,0.,0.));
#5411 = PCURVE('',#1098,#5412);
#5412 = DEFINITIONAL_REPRESENTATION('',(#5413),#5416);
#5413 = B_SPLINE_CURVE_WITH_KNOTS('',1,(#5414,#5415),.UNSPECIFIED.,.F.,
  .F.,(2,2),(-28.45,-10.45),.PIECEWISE_BEZIER_KNOTS.);
#5414 = CARTESIAN_POINT('',(12.199489727694,-35.9));
#5415 = CARTESIAN_POINT('',(12.199489727694,-17.9));
#5416 = ( GEOMETRIC_REPRESENTATION_CONTEXT(2) 
PARAMETRIC_REPRESENTATION_CONTEXT() REPRESENTATION_CONTEXT('2D SPACE',''
  ) );
#5417 = PCURVE('',#5418,#5423);
#5418 = PLANE('',#5419);
#5419 = AXIS2_PLACEMENT_3D('',#5420,#5421,#5422);
#5420 = CARTESIAN_POINT('',(14.9,18.4,15.399489727694));
#5421 = DIRECTION('',(0.,0.,1.));
#5422 = DIRECTION('',(1.,0.,0.));
#5423 = DEFINITIONAL_REPRESENTATION('',(#5424),#5427);
#5424 = B_SPLINE_CURVE_WITH_KNOTS('',1,(#5425,#5426),.UNSPECIFIED.,.F.,
  .F.,(2,2),(-28.45,-10.45),.PIECEWISE_BEZIER_KNOTS.);
#5425 = CARTESIAN_POINT('',(21.,3.2));
#5426 = CARTESIAN_POINT('',(3.,3.2));
#5427 = ( GEOMETRIC_REPRESENTATION_CONTEXT(2) 
PARAMETRIC_REPRESENTATION_CONTEXT() REPRESENTATION_CONTEXT('2D SPACE',''
  ) );
#5428 = ADVANCED_FACE('',(#5429),#1127,.T.);
#5429 = FACE_BOUND('',#5430,.F.);
#5430 = EDGE_LOOP('',(#5431,#5432,#5433,#5454));
#5431 = ORIENTED_EDGE('',*,*,#3027,.T.);
#5432 = ORIENTED_EDGE('',*,*,#1382,.T.);
#5433 = ORIENTED_EDGE('',*,*,#5434,.F.);
#5434 = EDGE_CURVE('',#1111,#1383,#5435,.T.);
#5435 = SURFACE_CURVE('',#5436,(#5440,#5447),.PCURVE_S1.);
#5436 = LINE('',#5437,#5438);
#5437 = CARTESIAN_POINT('',(0.,17.707489103831,43.929651905788));
#5438 = VECTOR('',#5439,1.);
#5439 = DIRECTION('',(1.,0.,0.));
#5440 = PCURVE('',#1127,#5441);
#5441 = DEFINITIONAL_REPRESENTATION('',(#5442),#5446);
#5442 = LINE('',#5443,#5444);
#5443 = CARTESIAN_POINT('',(-6.501320777511,0.));
#5444 = VECTOR('',#5445,1.);
#5445 = DIRECTION('',(-0.,-1.));
#5446 = ( GEOMETRIC_REPRESENTATION_CONTEXT(2) 
PARAMETRIC_REPRESENTATION_CONTEXT() REPRESENTATION_CONTEXT('2D SPACE',''
  ) );
#5447 = PCURVE('',#1155,#5448);
#5448 = DEFINITIONAL_REPRESENTATION('',(#5449),#5453);
#5449 = LINE('',#5450,#5451);
#5450 = CARTESIAN_POINT('',(0.,0.));
#5451 = VECTOR('',#5452,1.);
#5452 = DIRECTION('',(0.,-1.));
#5453 = ( GEOMETRIC_REPRESENTATION_CONTEXT(2) 
PARAMETRIC_REPRESENTATION_CONTEXT() REPRESENTATION_CONTEXT('2D SPACE',''
  ) );
#5454 = ORIENTED_EDGE('',*,*,#1110,.F.);
#5455 = ADVANCED_FACE('',(#5456),#1155,.F.);
#5456 = FACE_BOUND('',#5457,.F.);
#5457 = EDGE_LOOP('',(#5458,#5459,#5460,#5481));
#5458 = ORIENTED_EDGE('',*,*,#5434,.T.);
#5459 = ORIENTED_EDGE('',*,*,#1406,.T.);
#5460 = ORIENTED_EDGE('',*,*,#5461,.F.);
#5461 = EDGE_CURVE('',#1140,#1407,#5462,.T.);
#5462 = SURFACE_CURVE('',#5463,(#5467,#5474),.PCURVE_S1.);
#5463 = LINE('',#5464,#5465);
#5464 = CARTESIAN_POINT('',(0.,5.692616680329,41.266405625515));
#5465 = VECTOR('',#5466,1.);
#5466 = DIRECTION('',(1.,0.,0.));
#5467 = PCURVE('',#1155,#5468);
#5468 = DEFINITIONAL_REPRESENTATION('',(#5469),#5473);
#5469 = LINE('',#5470,#5471);
#5470 = CARTESIAN_POINT('',(12.306503975639,0.));
#5471 = VECTOR('',#5472,1.);
#5472 = DIRECTION('',(0.,-1.));
#5473 = ( GEOMETRIC_REPRESENTATION_CONTEXT(2) 
PARAMETRIC_REPRESENTATION_CONTEXT() REPRESENTATION_CONTEXT('2D SPACE',''
  ) );
#5474 = PCURVE('',#1183,#5475);
#5475 = DEFINITIONAL_REPRESENTATION('',(#5476),#5480);
#5476 = LINE('',#5477,#5478);
#5477 = CARTESIAN_POINT('',(0.,0.));
#5478 = VECTOR('',#5479,1.);
#5479 = DIRECTION('',(0.,-1.));
#5480 = ( GEOMETRIC_REPRESENTATION_CONTEXT(2) 
PARAMETRIC_REPRESENTATION_CONTEXT() REPRESENTATION_CONTEXT('2D SPACE',''
  ) );
#5481 = ORIENTED_EDGE('',*,*,#1139,.F.);
#5482 = ADVANCED_FACE('',(#5483),#1183,.F.);
#5483 = FACE_BOUND('',#5484,.F.);
#5484 = EDGE_LOOP('',(#5485,#5486,#5487,#5508));
#5485 = ORIENTED_EDGE('',*,*,#5461,.T.);
#5486 = ORIENTED_EDGE('',*,*,#1429,.T.);
#5487 = ORIENTED_EDGE('',*,*,#5488,.F.);
#5488 = EDGE_CURVE('',#1168,#1430,#5489,.T.);
#5489 = SURFACE_CURVE('',#5490,(#5494,#5501),.PCURVE_S1.);
#5490 = LINE('',#5491,#5492);
#5491 = CARTESIAN_POINT('',(0.,6.038872128414,39.704321388135));
#5492 = VECTOR('',#5493,1.);
#5493 = DIRECTION('',(1.,0.,0.));
#5494 = PCURVE('',#1183,#5495);
#5495 = DEFINITIONAL_REPRESENTATION('',(#5496),#5500);
#5496 = LINE('',#5497,#5498);
#5497 = CARTESIAN_POINT('',(1.6,0.));
#5498 = VECTOR('',#5499,1.);
#5499 = DIRECTION('',(0.,-1.));
#5500 = ( GEOMETRIC_REPRESENTATION_CONTEXT(2) 
PARAMETRIC_REPRESENTATION_CONTEXT() REPRESENTATION_CONTEXT('2D SPACE',''
  ) );
#5501 = PCURVE('',#1211,#5502);
#5502 = DEFINITIONAL_REPRESENTATION('',(#5503),#5507);
#5503 = LINE('',#5504,#5505);
#5504 = CARTESIAN_POINT('',(0.,0.));
#5505 = VECTOR('',#5506,1.);
#5506 = DIRECTION('',(0.,-1.));
#5507 = ( GEOMETRIC_REPRESENTATION_CONTEXT(2) 
PARAMETRIC_REPRESENTATION_CONTEXT() REPRESENTATION_CONTEXT('2D SPACE',''
  ) );
#5508 = ORIENTED_EDGE('',*,*,#1167,.F.);
#5509 = ADVANCED_FACE('',(#5510),#1211,.F.);
#5510 = FACE_BOUND('',#5511,.F.);
#5511 = EDGE_LOOP('',(#5512,#5513,#5514,#5535));
#5512 = ORIENTED_EDGE('',*,*,#5488,.T.);
#5513 = ORIENTED_EDGE('',*,*,#1452,.T.);
#5514 = ORIENTED_EDGE('',*,*,#5515,.F.);
#5515 = EDGE_CURVE('',#1196,#1453,#5516,.T.);
#5516 = SURFACE_CURVE('',#5517,(#5521,#5528),.PCURVE_S1.);
#5517 = LINE('',#5518,#5519);
#5518 = CARTESIAN_POINT('',(0.,18.053744551916,42.367567668408));
#5519 = VECTOR('',#5520,1.);
#5520 = DIRECTION('',(1.,0.,0.));
#5521 = PCURVE('',#1211,#5522);
#5522 = DEFINITIONAL_REPRESENTATION('',(#5523),#5527);
#5523 = LINE('',#5524,#5525);
#5524 = CARTESIAN_POINT('',(12.306503975639,0.));
#5525 = VECTOR('',#5526,1.);
#5526 = DIRECTION('',(0.,-1.));
#5527 = ( GEOMETRIC_REPRESENTATION_CONTEXT(2) 
PARAMETRIC_REPRESENTATION_CONTEXT() REPRESENTATION_CONTEXT('2D SPACE',''
  ) );
#5528 = PCURVE('',#1240,#5529);
#5529 = DEFINITIONAL_REPRESENTATION('',(#5530),#5534);
#5530 = LINE('',#5531,#5532);
#5531 = CARTESIAN_POINT('',(-6.501320777511,0.));
#5532 = VECTOR('',#5533,1.);
#5533 = DIRECTION('',(-0.,-1.));
#5534 = ( GEOMETRIC_REPRESENTATION_CONTEXT(2) 
PARAMETRIC_REPRESENTATION_CONTEXT() REPRESENTATION_CONTEXT('2D SPACE',''
  ) );
#5535 = ORIENTED_EDGE('',*,*,#1195,.F.);
#5536 = ADVANCED_FACE('',(#5537),#1240,.F.);
#5537 = FACE_BOUND('',#5538,.T.);
#5538 = EDGE_LOOP('',(#5539,#5560,#5561,#5562));
#5539 = ORIENTED_EDGE('',*,*,#5540,.T.);
#5540 = EDGE_CURVE('',#1224,#1476,#5541,.T.);
#5541 = SURFACE_CURVE('',#5542,(#5546,#5553),.PCURVE_S1.);
#5542 = LINE('',#5543,#5544);
#5543 = CARTESIAN_POINT('',(0.,20.,40.805483431027));
#5544 = VECTOR('',#5545,1.);
#5545 = DIRECTION('',(1.,0.,0.));
#5546 = PCURVE('',#1240,#5547);
#5547 = DEFINITIONAL_REPRESENTATION('',(#5548),#5552);
#5548 = LINE('',#5549,#5550);
#5549 = CARTESIAN_POINT('',(-4.712388980385,0.));
#5550 = VECTOR('',#5551,1.);
#5551 = DIRECTION('',(-0.,-1.));
#5552 = ( GEOMETRIC_REPRESENTATION_CONTEXT(2) 
PARAMETRIC_REPRESENTATION_CONTEXT() REPRESENTATION_CONTEXT('2D SPACE',''
  ) );
#5553 = PCURVE('',#1268,#5554);
#5554 = DEFINITIONAL_REPRESENTATION('',(#5555),#5559);
#5555 = LINE('',#5556,#5557);
#5556 = CARTESIAN_POINT('',(0.,0.));
#5557 = VECTOR('',#5558,1.);
#5558 = DIRECTION('',(0.,-1.));
#5559 = ( GEOMETRIC_REPRESENTATION_CONTEXT(2) 
PARAMETRIC_REPRESENTATION_CONTEXT() REPRESENTATION_CONTEXT('2D SPACE',''
  ) );
#5560 = ORIENTED_EDGE('',*,*,#1475,.T.);
#5561 = ORIENTED_EDGE('',*,*,#5515,.F.);
#5562 = ORIENTED_EDGE('',*,*,#1223,.F.);
#5563 = ADVANCED_FACE('',(#5564,#5590,#5772,#5954,#6136,#6318,#6500,
    #6682,#6864,#7046,#7228),#1268,.F.);
#5564 = FACE_BOUND('',#5565,.F.);
#5565 = EDGE_LOOP('',(#5566,#5567,#5568,#5589));
#5566 = ORIENTED_EDGE('',*,*,#5540,.T.);
#5567 = ORIENTED_EDGE('',*,*,#1499,.T.);
#5568 = ORIENTED_EDGE('',*,*,#5569,.F.);
#5569 = EDGE_CURVE('',#1253,#1500,#5570,.T.);
#5570 = SURFACE_CURVE('',#5571,(#5575,#5582),.PCURVE_S1.);
#5571 = LINE('',#5572,#5573);
#5572 = CARTESIAN_POINT('',(0.,20.,3.2));
#5573 = VECTOR('',#5574,1.);
#5574 = DIRECTION('',(1.,0.,0.));
#5575 = PCURVE('',#1268,#5576);
#5576 = DEFINITIONAL_REPRESENTATION('',(#5577),#5581);
#5577 = LINE('',#5578,#5579);
#5578 = CARTESIAN_POINT('',(37.605483431027,0.));
#5579 = VECTOR('',#5580,1.);
#5580 = DIRECTION('',(0.,-1.));
#5581 = ( GEOMETRIC_REPRESENTATION_CONTEXT(2) 
PARAMETRIC_REPRESENTATION_CONTEXT() REPRESENTATION_CONTEXT('2D SPACE',''
  ) );
#5582 = PCURVE('',#1297,#5583);
#5583 = DEFINITIONAL_REPRESENTATION('',(#5584),#5588);
#5584 = LINE('',#5585,#5586);
#5585 = CARTESIAN_POINT('',(-4.712388980385,0.));
#5586 = VECTOR('',#5587,1.);
#5587 = DIRECTION('',(-0.,-1.));
#5588 = ( GEOMETRIC_REPRESENTATION_CONTEXT(2) 
PARAMETRIC_REPRESENTATION_CONTEXT() REPRESENTATION_CONTEXT('2D SPACE',''
  ) );
#5589 = ORIENTED_EDGE('',*,*,#1252,.F.);
#5590 = FACE_BOUND('',#5591,.F.);
#5591 = EDGE_LOOP('',(#5592,#5618,#5639,#5663,#5684,#5708,#5729,#5753));
#5592 = ORIENTED_EDGE('',*,*,#5593,.F.);
#5593 = EDGE_CURVE('',#5594,#5596,#5598,.T.);
#5594 = VERTEX_POINT('',#5595);
#5595 = CARTESIAN_POINT('',(800.9,20.,24.399489727694));
#5596 = VERTEX_POINT('',#5597);
#5597 = CARTESIAN_POINT('',(803.9,20.,27.399489727694));
#5598 = SURFACE_CURVE('',#5599,(#5604,#5611),.PCURVE_S1.);
#5599 = CIRCLE('',#5600,3.);
#5600 = AXIS2_PLACEMENT_3D('',#5601,#5602,#5603);
#5601 = CARTESIAN_POINT('',(803.9,20.,24.399489727694));
#5602 = DIRECTION('',(0.,1.,0.));
#5603 = DIRECTION('',(-1.,0.,0.));
#5604 = PCURVE('',#1268,#5605);
#5605 = DEFINITIONAL_REPRESENTATION('',(#5606),#5610);
#5606 = CIRCLE('',#5607,3.);
#5607 = AXIS2_PLACEMENT_2D('',#5608,#5609);
#5608 = CARTESIAN_POINT('',(16.405993703333,-803.9));
#5609 = DIRECTION('',(0.,1.));
#5610 = ( GEOMETRIC_REPRESENTATION_CONTEXT(2) 
PARAMETRIC_REPRESENTATION_CONTEXT() REPRESENTATION_CONTEXT('2D SPACE',''
  ) );
#5611 = PCURVE('',#3133,#5612);
#5612 = DEFINITIONAL_REPRESENTATION('',(#5613),#5617);
#5613 = LINE('',#5614,#5615);
#5614 = CARTESIAN_POINT('',(0.,1.6));
#5615 = VECTOR('',#5616,1.);
#5616 = DIRECTION('',(1.,0.));
#5617 = ( GEOMETRIC_REPRESENTATION_CONTEXT(2) 
PARAMETRIC_REPRESENTATION_CONTEXT() REPRESENTATION_CONTEXT('2D SPACE',''
  ) );
#5618 = ORIENTED_EDGE('',*,*,#5619,.T.);
#5619 = EDGE_CURVE('',#5594,#5620,#5622,.T.);
#5620 = VERTEX_POINT('',#5621);
#5621 = CARTESIAN_POINT('',(800.9,20.,18.399489727694));
#5622 = SURFACE_CURVE('',#5623,(#5627,#5633),.PCURVE_S1.);
#5623 = LINE('',#5624,#5625);
#5624 = CARTESIAN_POINT('',(800.9,20.,28.102486579361));
#5625 = VECTOR('',#5626,1.);
#5626 = DIRECTION('',(0.,0.,-1.));
#5627 = PCURVE('',#1268,#5628);
#5628 = DEFINITIONAL_REPRESENTATION('',(#5629),#5632);
#5629 = B_SPLINE_CURVE_WITH_KNOTS('',1,(#5630,#5631),.UNSPECIFIED.,.F.,
  .F.,(2,2),(3.702996851667,9.702996851667),.PIECEWISE_BEZIER_KNOTS.);
#5630 = CARTESIAN_POINT('',(16.405993703333,-800.9));
#5631 = CARTESIAN_POINT('',(22.405993703333,-800.9));
#5632 = ( GEOMETRIC_REPRESENTATION_CONTEXT(2) 
PARAMETRIC_REPRESENTATION_CONTEXT() REPRESENTATION_CONTEXT('2D SPACE',''
  ) );
#5633 = PCURVE('',#3101,#5634);
#5634 = DEFINITIONAL_REPRESENTATION('',(#5635),#5638);
#5635 = B_SPLINE_CURVE_WITH_KNOTS('',1,(#5636,#5637),.UNSPECIFIED.,.F.,
  .F.,(2,2),(3.702996851667,9.702996851667),.PIECEWISE_BEZIER_KNOTS.);
#5636 = CARTESIAN_POINT('',(9.,-1.6));
#5637 = CARTESIAN_POINT('',(3.,-1.6));
#5638 = ( GEOMETRIC_REPRESENTATION_CONTEXT(2) 
PARAMETRIC_REPRESENTATION_CONTEXT() REPRESENTATION_CONTEXT('2D SPACE',''
  ) );
#5639 = ORIENTED_EDGE('',*,*,#5640,.F.);
#5640 = EDGE_CURVE('',#5641,#5620,#5643,.T.);
#5641 = VERTEX_POINT('',#5642);
#5642 = CARTESIAN_POINT('',(803.9,20.,15.399489727694));
#5643 = SURFACE_CURVE('',#5644,(#5649,#5656),.PCURVE_S1.);
#5644 = CIRCLE('',#5645,3.);
#5645 = AXIS2_PLACEMENT_3D('',#5646,#5647,#5648);
#5646 = CARTESIAN_POINT('',(803.9,20.,18.399489727694));
#5647 = DIRECTION('',(0.,1.,0.));
#5648 = DIRECTION('',(-1.,0.,0.));
#5649 = PCURVE('',#1268,#5650);
#5650 = DEFINITIONAL_REPRESENTATION('',(#5651),#5655);
#5651 = CIRCLE('',#5652,3.);
#5652 = AXIS2_PLACEMENT_2D('',#5653,#5654);
#5653 = CARTESIAN_POINT('',(22.405993703333,-803.9));
#5654 = DIRECTION('',(0.,1.));
#5655 = ( GEOMETRIC_REPRESENTATION_CONTEXT(2) 
PARAMETRIC_REPRESENTATION_CONTEXT() REPRESENTATION_CONTEXT('2D SPACE',''
  ) );
#5656 = PCURVE('',#3074,#5657);
#5657 = DEFINITIONAL_REPRESENTATION('',(#5658),#5662);
#5658 = LINE('',#5659,#5660);
#5659 = CARTESIAN_POINT('',(-6.28318530718,1.6));
#5660 = VECTOR('',#5661,1.);
#5661 = DIRECTION('',(1.,-0.));
#5662 = ( GEOMETRIC_REPRESENTATION_CONTEXT(2) 
PARAMETRIC_REPRESENTATION_CONTEXT() REPRESENTATION_CONTEXT('2D SPACE',''
  ) );
#5663 = ORIENTED_EDGE('',*,*,#5664,.T.);
#5664 = EDGE_CURVE('',#5641,#5665,#5667,.T.);
#5665 = VERTEX_POINT('',#5666);
#5666 = CARTESIAN_POINT('',(821.9,20.,15.399489727694));
#5667 = SURFACE_CURVE('',#5668,(#5672,#5678),.PCURVE_S1.);
#5668 = LINE('',#5669,#5670);
#5669 = CARTESIAN_POINT('',(400.45,20.,15.399489727694));
#5670 = VECTOR('',#5671,1.);
#5671 = DIRECTION('',(1.,0.,-0.));
#5672 = PCURVE('',#1268,#5673);
#5673 = DEFINITIONAL_REPRESENTATION('',(#5674),#5677);
#5674 = B_SPLINE_CURVE_WITH_KNOTS('',1,(#5675,#5676),.UNSPECIFIED.,.F.,
  .F.,(2,2),(403.45,421.45),.PIECEWISE_BEZIER_KNOTS.);
#5675 = CARTESIAN_POINT('',(25.405993703333,-803.9));
#5676 = CARTESIAN_POINT('',(25.405993703333,-821.9));
#5677 = ( GEOMETRIC_REPRESENTATION_CONTEXT(2) 
PARAMETRIC_REPRESENTATION_CONTEXT() REPRESENTATION_CONTEXT('2D SPACE',''
  ) );
#5678 = PCURVE('',#3276,#5679);
#5679 = DEFINITIONAL_REPRESENTATION('',(#5680),#5683);
#5680 = B_SPLINE_CURVE_WITH_KNOTS('',1,(#5681,#5682),.UNSPECIFIED.,.F.,
  .F.,(2,2),(403.45,421.45),.PIECEWISE_BEZIER_KNOTS.);
#5681 = CARTESIAN_POINT('',(3.,1.6));
#5682 = CARTESIAN_POINT('',(21.,1.6));
#5683 = ( GEOMETRIC_REPRESENTATION_CONTEXT(2) 
PARAMETRIC_REPRESENTATION_CONTEXT() REPRESENTATION_CONTEXT('2D SPACE',''
  ) );
#5684 = ORIENTED_EDGE('',*,*,#5685,.F.);
#5685 = EDGE_CURVE('',#5686,#5665,#5688,.T.);
#5686 = VERTEX_POINT('',#5687);
#5687 = CARTESIAN_POINT('',(824.9,20.,18.399489727694));
#5688 = SURFACE_CURVE('',#5689,(#5694,#5701),.PCURVE_S1.);
#5689 = CIRCLE('',#5690,3.);
#5690 = AXIS2_PLACEMENT_3D('',#5691,#5692,#5693);
#5691 = CARTESIAN_POINT('',(821.9,20.,18.399489727694));
#5692 = DIRECTION('',(0.,1.,0.));
#5693 = DIRECTION('',(1.,0.,-0.));
#5694 = PCURVE('',#1268,#5695);
#5695 = DEFINITIONAL_REPRESENTATION('',(#5696),#5700);
#5696 = CIRCLE('',#5697,3.);
#5697 = AXIS2_PLACEMENT_2D('',#5698,#5699);
#5698 = CARTESIAN_POINT('',(22.405993703333,-821.9));
#5699 = DIRECTION('',(0.,-1.));
#5700 = ( GEOMETRIC_REPRESENTATION_CONTEXT(2) 
PARAMETRIC_REPRESENTATION_CONTEXT() REPRESENTATION_CONTEXT('2D SPACE',''
  ) );
#5701 = PCURVE('',#3251,#5702);
#5702 = DEFINITIONAL_REPRESENTATION('',(#5703),#5707);
#5703 = LINE('',#5704,#5705);
#5704 = CARTESIAN_POINT('',(0.,1.6));
#5705 = VECTOR('',#5706,1.);
#5706 = DIRECTION('',(1.,0.));
#5707 = ( GEOMETRIC_REPRESENTATION_CONTEXT(2) 
PARAMETRIC_REPRESENTATION_CONTEXT() REPRESENTATION_CONTEXT('2D SPACE',''
  ) );
#5708 = ORIENTED_EDGE('',*,*,#5709,.F.);
#5709 = EDGE_CURVE('',#5710,#5686,#5712,.T.);
#5710 = VERTEX_POINT('',#5711);
#5711 = CARTESIAN_POINT('',(824.9,20.,24.399489727694));
#5712 = SURFACE_CURVE('',#5713,(#5717,#5723),.PCURVE_S1.);
#5713 = LINE('',#5714,#5715);
#5714 = CARTESIAN_POINT('',(824.9,20.,28.102486579361));
#5715 = VECTOR('',#5716,1.);
#5716 = DIRECTION('',(0.,0.,-1.));
#5717 = PCURVE('',#1268,#5718);
#5718 = DEFINITIONAL_REPRESENTATION('',(#5719),#5722);
#5719 = B_SPLINE_CURVE_WITH_KNOTS('',1,(#5720,#5721),.UNSPECIFIED.,.F.,
  .F.,(2,2),(3.702996851667,9.702996851667),.PIECEWISE_BEZIER_KNOTS.);
#5720 = CARTESIAN_POINT('',(16.405993703333,-824.9));
#5721 = CARTESIAN_POINT('',(22.405993703333,-824.9));
#5722 = ( GEOMETRIC_REPRESENTATION_CONTEXT(2) 
PARAMETRIC_REPRESENTATION_CONTEXT() REPRESENTATION_CONTEXT('2D SPACE',''
  ) );
#5723 = PCURVE('',#3219,#5724);
#5724 = DEFINITIONAL_REPRESENTATION('',(#5725),#5728);
#5725 = B_SPLINE_CURVE_WITH_KNOTS('',1,(#5726,#5727),.UNSPECIFIED.,.F.,
  .F.,(2,2),(3.702996851667,9.702996851667),.PIECEWISE_BEZIER_KNOTS.);
#5726 = CARTESIAN_POINT('',(9.,-1.6));
#5727 = CARTESIAN_POINT('',(3.,-1.6));
#5728 = ( GEOMETRIC_REPRESENTATION_CONTEXT(2) 
PARAMETRIC_REPRESENTATION_CONTEXT() REPRESENTATION_CONTEXT('2D SPACE',''
  ) );
#5729 = ORIENTED_EDGE('',*,*,#5730,.F.);
#5730 = EDGE_CURVE('',#5731,#5710,#5733,.T.);
#5731 = VERTEX_POINT('',#5732);
#5732 = CARTESIAN_POINT('',(821.9,20.,27.399489727694));
#5733 = SURFACE_CURVE('',#5734,(#5739,#5746),.PCURVE_S1.);
#5734 = CIRCLE('',#5735,3.);
#5735 = AXIS2_PLACEMENT_3D('',#5736,#5737,#5738);
#5736 = CARTESIAN_POINT('',(821.9,20.,24.399489727694));
#5737 = DIRECTION('',(0.,1.,0.));
#5738 = DIRECTION('',(1.,0.,-0.));
#5739 = PCURVE('',#1268,#5740);
#5740 = DEFINITIONAL_REPRESENTATION('',(#5741),#5745);
#5741 = CIRCLE('',#5742,3.);
#5742 = AXIS2_PLACEMENT_2D('',#5743,#5744);
#5743 = CARTESIAN_POINT('',(16.405993703333,-821.9));
#5744 = DIRECTION('',(0.,-1.));
#5745 = ( GEOMETRIC_REPRESENTATION_CONTEXT(2) 
PARAMETRIC_REPRESENTATION_CONTEXT() REPRESENTATION_CONTEXT('2D SPACE',''
  ) );
#5746 = PCURVE('',#3192,#5747);
#5747 = DEFINITIONAL_REPRESENTATION('',(#5748),#5752);
#5748 = LINE('',#5749,#5750);
#5749 = CARTESIAN_POINT('',(-6.28318530718,1.6));
#5750 = VECTOR('',#5751,1.);
#5751 = DIRECTION('',(1.,-0.));
#5752 = ( GEOMETRIC_REPRESENTATION_CONTEXT(2) 
PARAMETRIC_REPRESENTATION_CONTEXT() REPRESENTATION_CONTEXT('2D SPACE',''
  ) );
#5753 = ORIENTED_EDGE('',*,*,#5754,.F.);
#5754 = EDGE_CURVE('',#5596,#5731,#5755,.T.);
#5755 = SURFACE_CURVE('',#5756,(#5760,#5766),.PCURVE_S1.);
#5756 = LINE('',#5757,#5758);
#5757 = CARTESIAN_POINT('',(400.45,20.,27.399489727694));
#5758 = VECTOR('',#5759,1.);
#5759 = DIRECTION('',(1.,0.,-0.));
#5760 = PCURVE('',#1268,#5761);
#5761 = DEFINITIONAL_REPRESENTATION('',(#5762),#5765);
#5762 = B_SPLINE_CURVE_WITH_KNOTS('',1,(#5763,#5764),.UNSPECIFIED.,.F.,
  .F.,(2,2),(403.45,421.45),.PIECEWISE_BEZIER_KNOTS.);
#5763 = CARTESIAN_POINT('',(13.405993703333,-803.9));
#5764 = CARTESIAN_POINT('',(13.405993703333,-821.9));
#5765 = ( GEOMETRIC_REPRESENTATION_CONTEXT(2) 
PARAMETRIC_REPRESENTATION_CONTEXT() REPRESENTATION_CONTEXT('2D SPACE',''
  ) );
#5766 = PCURVE('',#3160,#5767);
#5767 = DEFINITIONAL_REPRESENTATION('',(#5768),#5771);
#5768 = B_SPLINE_CURVE_WITH_KNOTS('',1,(#5769,#5770),.UNSPECIFIED.,.F.,
  .F.,(2,2),(403.45,421.45),.PIECEWISE_BEZIER_KNOTS.);
#5769 = CARTESIAN_POINT('',(3.,1.6));
#5770 = CARTESIAN_POINT('',(21.,1.6));
#5771 = ( GEOMETRIC_REPRESENTATION_CONTEXT(2) 
PARAMETRIC_REPRESENTATION_CONTEXT() REPRESENTATION_CONTEXT('2D SPACE',''
  ) );
#5772 = FACE_BOUND('',#5773,.F.);
#5773 = EDGE_LOOP('',(#5774,#5800,#5821,#5845,#5866,#5890,#5911,#5935));
#5774 = ORIENTED_EDGE('',*,*,#5775,.F.);
#5775 = EDGE_CURVE('',#5776,#5778,#5780,.T.);
#5776 = VERTEX_POINT('',#5777);
#5777 = CARTESIAN_POINT('',(761.9,20.,24.399489727694));
#5778 = VERTEX_POINT('',#5779);
#5779 = CARTESIAN_POINT('',(764.9,20.,27.399489727694));
#5780 = SURFACE_CURVE('',#5781,(#5786,#5793),.PCURVE_S1.);
#5781 = CIRCLE('',#5782,3.);
#5782 = AXIS2_PLACEMENT_3D('',#5783,#5784,#5785);
#5783 = CARTESIAN_POINT('',(764.9,20.,24.399489727694));
#5784 = DIRECTION('',(0.,1.,0.));
#5785 = DIRECTION('',(-1.,0.,0.));
#5786 = PCURVE('',#1268,#5787);
#5787 = DEFINITIONAL_REPRESENTATION('',(#5788),#5792);
#5788 = CIRCLE('',#5789,3.);
#5789 = AXIS2_PLACEMENT_2D('',#5790,#5791);
#5790 = CARTESIAN_POINT('',(16.405993703333,-764.9));
#5791 = DIRECTION('',(0.,1.));
#5792 = ( GEOMETRIC_REPRESENTATION_CONTEXT(2) 
PARAMETRIC_REPRESENTATION_CONTEXT() REPRESENTATION_CONTEXT('2D SPACE',''
  ) );
#5793 = PCURVE('',#3371,#5794);
#5794 = DEFINITIONAL_REPRESENTATION('',(#5795),#5799);
#5795 = LINE('',#5796,#5797);
#5796 = CARTESIAN_POINT('',(0.,1.6));
#5797 = VECTOR('',#5798,1.);
#5798 = DIRECTION('',(1.,0.));
#5799 = ( GEOMETRIC_REPRESENTATION_CONTEXT(2) 
PARAMETRIC_REPRESENTATION_CONTEXT() REPRESENTATION_CONTEXT('2D SPACE',''
  ) );
#5800 = ORIENTED_EDGE('',*,*,#5801,.T.);
#5801 = EDGE_CURVE('',#5776,#5802,#5804,.T.);
#5802 = VERTEX_POINT('',#5803);
#5803 = CARTESIAN_POINT('',(761.9,20.,18.399489727694));
#5804 = SURFACE_CURVE('',#5805,(#5809,#5815),.PCURVE_S1.);
#5805 = LINE('',#5806,#5807);
#5806 = CARTESIAN_POINT('',(761.9,20.,28.102486579361));
#5807 = VECTOR('',#5808,1.);
#5808 = DIRECTION('',(0.,0.,-1.));
#5809 = PCURVE('',#1268,#5810);
#5810 = DEFINITIONAL_REPRESENTATION('',(#5811),#5814);
#5811 = B_SPLINE_CURVE_WITH_KNOTS('',1,(#5812,#5813),.UNSPECIFIED.,.F.,
  .F.,(2,2),(3.702996851667,9.702996851667),.PIECEWISE_BEZIER_KNOTS.);
#5812 = CARTESIAN_POINT('',(16.405993703333,-761.9));
#5813 = CARTESIAN_POINT('',(22.405993703333,-761.9));
#5814 = ( GEOMETRIC_REPRESENTATION_CONTEXT(2) 
PARAMETRIC_REPRESENTATION_CONTEXT() REPRESENTATION_CONTEXT('2D SPACE',''
  ) );
#5815 = PCURVE('',#3339,#5816);
#5816 = DEFINITIONAL_REPRESENTATION('',(#5817),#5820);
#5817 = B_SPLINE_CURVE_WITH_KNOTS('',1,(#5818,#5819),.UNSPECIFIED.,.F.,
  .F.,(2,2),(3.702996851667,9.702996851667),.PIECEWISE_BEZIER_KNOTS.);
#5818 = CARTESIAN_POINT('',(9.,-1.6));
#5819 = CARTESIAN_POINT('',(3.,-1.6));
#5820 = ( GEOMETRIC_REPRESENTATION_CONTEXT(2) 
PARAMETRIC_REPRESENTATION_CONTEXT() REPRESENTATION_CONTEXT('2D SPACE',''
  ) );
#5821 = ORIENTED_EDGE('',*,*,#5822,.F.);
#5822 = EDGE_CURVE('',#5823,#5802,#5825,.T.);
#5823 = VERTEX_POINT('',#5824);
#5824 = CARTESIAN_POINT('',(764.9,20.,15.399489727694));
#5825 = SURFACE_CURVE('',#5826,(#5831,#5838),.PCURVE_S1.);
#5826 = CIRCLE('',#5827,3.);
#5827 = AXIS2_PLACEMENT_3D('',#5828,#5829,#5830);
#5828 = CARTESIAN_POINT('',(764.9,20.,18.399489727694));
#5829 = DIRECTION('',(0.,1.,0.));
#5830 = DIRECTION('',(-1.,0.,0.));
#5831 = PCURVE('',#1268,#5832);
#5832 = DEFINITIONAL_REPRESENTATION('',(#5833),#5837);
#5833 = CIRCLE('',#5834,3.);
#5834 = AXIS2_PLACEMENT_2D('',#5835,#5836);
#5835 = CARTESIAN_POINT('',(22.405993703333,-764.9));
#5836 = DIRECTION('',(0.,1.));
#5837 = ( GEOMETRIC_REPRESENTATION_CONTEXT(2) 
PARAMETRIC_REPRESENTATION_CONTEXT() REPRESENTATION_CONTEXT('2D SPACE',''
  ) );
#5838 = PCURVE('',#3312,#5839);
#5839 = DEFINITIONAL_REPRESENTATION('',(#5840),#5844);
#5840 = LINE('',#5841,#5842);
#5841 = CARTESIAN_POINT('',(-6.28318530718,1.6));
#5842 = VECTOR('',#5843,1.);
#5843 = DIRECTION('',(1.,-0.));
#5844 = ( GEOMETRIC_REPRESENTATION_CONTEXT(2) 
PARAMETRIC_REPRESENTATION_CONTEXT() REPRESENTATION_CONTEXT('2D SPACE',''
  ) );
#5845 = ORIENTED_EDGE('',*,*,#5846,.T.);
#5846 = EDGE_CURVE('',#5823,#5847,#5849,.T.);
#5847 = VERTEX_POINT('',#5848);
#5848 = CARTESIAN_POINT('',(782.9,20.,15.399489727694));
#5849 = SURFACE_CURVE('',#5850,(#5854,#5860),.PCURVE_S1.);
#5850 = LINE('',#5851,#5852);
#5851 = CARTESIAN_POINT('',(380.95,20.,15.399489727694));
#5852 = VECTOR('',#5853,1.);
#5853 = DIRECTION('',(1.,0.,-0.));
#5854 = PCURVE('',#1268,#5855);
#5855 = DEFINITIONAL_REPRESENTATION('',(#5856),#5859);
#5856 = B_SPLINE_CURVE_WITH_KNOTS('',1,(#5857,#5858),.UNSPECIFIED.,.F.,
  .F.,(2,2),(383.95,401.95),.PIECEWISE_BEZIER_KNOTS.);
#5857 = CARTESIAN_POINT('',(25.405993703333,-764.9));
#5858 = CARTESIAN_POINT('',(25.405993703333,-782.9));
#5859 = ( GEOMETRIC_REPRESENTATION_CONTEXT(2) 
PARAMETRIC_REPRESENTATION_CONTEXT() REPRESENTATION_CONTEXT('2D SPACE',''
  ) );
#5860 = PCURVE('',#3514,#5861);
#5861 = DEFINITIONAL_REPRESENTATION('',(#5862),#5865);
#5862 = B_SPLINE_CURVE_WITH_KNOTS('',1,(#5863,#5864),.UNSPECIFIED.,.F.,
  .F.,(2,2),(383.95,401.95),.PIECEWISE_BEZIER_KNOTS.);
#5863 = CARTESIAN_POINT('',(3.,1.6));
#5864 = CARTESIAN_POINT('',(21.,1.6));
#5865 = ( GEOMETRIC_REPRESENTATION_CONTEXT(2) 
PARAMETRIC_REPRESENTATION_CONTEXT() REPRESENTATION_CONTEXT('2D SPACE',''
  ) );
#5866 = ORIENTED_EDGE('',*,*,#5867,.F.);
#5867 = EDGE_CURVE('',#5868,#5847,#5870,.T.);
#5868 = VERTEX_POINT('',#5869);
#5869 = CARTESIAN_POINT('',(785.9,20.,18.399489727694));
#5870 = SURFACE_CURVE('',#5871,(#5876,#5883),.PCURVE_S1.);
#5871 = CIRCLE('',#5872,3.);
#5872 = AXIS2_PLACEMENT_3D('',#5873,#5874,#5875);
#5873 = CARTESIAN_POINT('',(782.9,20.,18.399489727694));
#5874 = DIRECTION('',(0.,1.,0.));
#5875 = DIRECTION('',(1.,0.,-0.));
#5876 = PCURVE('',#1268,#5877);
#5877 = DEFINITIONAL_REPRESENTATION('',(#5878),#5882);
#5878 = CIRCLE('',#5879,3.);
#5879 = AXIS2_PLACEMENT_2D('',#5880,#5881);
#5880 = CARTESIAN_POINT('',(22.405993703333,-782.9));
#5881 = DIRECTION('',(0.,-1.));
#5882 = ( GEOMETRIC_REPRESENTATION_CONTEXT(2) 
PARAMETRIC_REPRESENTATION_CONTEXT() REPRESENTATION_CONTEXT('2D SPACE',''
  ) );
#5883 = PCURVE('',#3489,#5884);
#5884 = DEFINITIONAL_REPRESENTATION('',(#5885),#5889);
#5885 = LINE('',#5886,#5887);
#5886 = CARTESIAN_POINT('',(0.,1.6));
#5887 = VECTOR('',#5888,1.);
#5888 = DIRECTION('',(1.,0.));
#5889 = ( GEOMETRIC_REPRESENTATION_CONTEXT(2) 
PARAMETRIC_REPRESENTATION_CONTEXT() REPRESENTATION_CONTEXT('2D SPACE',''
  ) );
#5890 = ORIENTED_EDGE('',*,*,#5891,.F.);
#5891 = EDGE_CURVE('',#5892,#5868,#5894,.T.);
#5892 = VERTEX_POINT('',#5893);
#5893 = CARTESIAN_POINT('',(785.9,20.,24.399489727694));
#5894 = SURFACE_CURVE('',#5895,(#5899,#5905),.PCURVE_S1.);
#5895 = LINE('',#5896,#5897);
#5896 = CARTESIAN_POINT('',(785.9,20.,28.102486579361));
#5897 = VECTOR('',#5898,1.);
#5898 = DIRECTION('',(0.,0.,-1.));
#5899 = PCURVE('',#1268,#5900);
#5900 = DEFINITIONAL_REPRESENTATION('',(#5901),#5904);
#5901 = B_SPLINE_CURVE_WITH_KNOTS('',1,(#5902,#5903),.UNSPECIFIED.,.F.,
  .F.,(2,2),(3.702996851667,9.702996851667),.PIECEWISE_BEZIER_KNOTS.);
#5902 = CARTESIAN_POINT('',(16.405993703333,-785.9));
#5903 = CARTESIAN_POINT('',(22.405993703333,-785.9));
#5904 = ( GEOMETRIC_REPRESENTATION_CONTEXT(2) 
PARAMETRIC_REPRESENTATION_CONTEXT() REPRESENTATION_CONTEXT('2D SPACE',''
  ) );
#5905 = PCURVE('',#3457,#5906);
#5906 = DEFINITIONAL_REPRESENTATION('',(#5907),#5910);
#5907 = B_SPLINE_CURVE_WITH_KNOTS('',1,(#5908,#5909),.UNSPECIFIED.,.F.,
  .F.,(2,2),(3.702996851667,9.702996851667),.PIECEWISE_BEZIER_KNOTS.);
#5908 = CARTESIAN_POINT('',(9.,-1.6));
#5909 = CARTESIAN_POINT('',(3.,-1.6));
#5910 = ( GEOMETRIC_REPRESENTATION_CONTEXT(2) 
PARAMETRIC_REPRESENTATION_CONTEXT() REPRESENTATION_CONTEXT('2D SPACE',''
  ) );
#5911 = ORIENTED_EDGE('',*,*,#5912,.F.);
#5912 = EDGE_CURVE('',#5913,#5892,#5915,.T.);
#5913 = VERTEX_POINT('',#5914);
#5914 = CARTESIAN_POINT('',(782.9,20.,27.399489727694));
#5915 = SURFACE_CURVE('',#5916,(#5921,#5928),.PCURVE_S1.);
#5916 = CIRCLE('',#5917,3.);
#5917 = AXIS2_PLACEMENT_3D('',#5918,#5919,#5920);
#5918 = CARTESIAN_POINT('',(782.9,20.,24.399489727694));
#5919 = DIRECTION('',(0.,1.,0.));
#5920 = DIRECTION('',(1.,0.,-0.));
#5921 = PCURVE('',#1268,#5922);
#5922 = DEFINITIONAL_REPRESENTATION('',(#5923),#5927);
#5923 = CIRCLE('',#5924,3.);
#5924 = AXIS2_PLACEMENT_2D('',#5925,#5926);
#5925 = CARTESIAN_POINT('',(16.405993703333,-782.9));
#5926 = DIRECTION('',(0.,-1.));
#5927 = ( GEOMETRIC_REPRESENTATION_CONTEXT(2) 
PARAMETRIC_REPRESENTATION_CONTEXT() REPRESENTATION_CONTEXT('2D SPACE',''
  ) );
#5928 = PCURVE('',#3430,#5929);
#5929 = DEFINITIONAL_REPRESENTATION('',(#5930),#5934);
#5930 = LINE('',#5931,#5932);
#5931 = CARTESIAN_POINT('',(-6.28318530718,1.6));
#5932 = VECTOR('',#5933,1.);
#5933 = DIRECTION('',(1.,-0.));
#5934 = ( GEOMETRIC_REPRESENTATION_CONTEXT(2) 
PARAMETRIC_REPRESENTATION_CONTEXT() REPRESENTATION_CONTEXT('2D SPACE',''
  ) );
#5935 = ORIENTED_EDGE('',*,*,#5936,.F.);
#5936 = EDGE_CURVE('',#5778,#5913,#5937,.T.);
#5937 = SURFACE_CURVE('',#5938,(#5942,#5948),.PCURVE_S1.);
#5938 = LINE('',#5939,#5940);
#5939 = CARTESIAN_POINT('',(380.95,20.,27.399489727694));
#5940 = VECTOR('',#5941,1.);
#5941 = DIRECTION('',(1.,0.,-0.));
#5942 = PCURVE('',#1268,#5943);
#5943 = DEFINITIONAL_REPRESENTATION('',(#5944),#5947);
#5944 = B_SPLINE_CURVE_WITH_KNOTS('',1,(#5945,#5946),.UNSPECIFIED.,.F.,
  .F.,(2,2),(383.95,401.95),.PIECEWISE_BEZIER_KNOTS.);
#5945 = CARTESIAN_POINT('',(13.405993703333,-764.9));
#5946 = CARTESIAN_POINT('',(13.405993703333,-782.9));
#5947 = ( GEOMETRIC_REPRESENTATION_CONTEXT(2) 
PARAMETRIC_REPRESENTATION_CONTEXT() REPRESENTATION_CONTEXT('2D SPACE',''
  ) );
#5948 = PCURVE('',#3398,#5949);
#5949 = DEFINITIONAL_REPRESENTATION('',(#5950),#5953);
#5950 = B_SPLINE_CURVE_WITH_KNOTS('',1,(#5951,#5952),.UNSPECIFIED.,.F.,
  .F.,(2,2),(383.95,401.95),.PIECEWISE_BEZIER_KNOTS.);
#5951 = CARTESIAN_POINT('',(3.,1.6));
#5952 = CARTESIAN_POINT('',(21.,1.6));
#5953 = ( GEOMETRIC_REPRESENTATION_CONTEXT(2) 
PARAMETRIC_REPRESENTATION_CONTEXT() REPRESENTATION_CONTEXT('2D SPACE',''
  ) );
#5954 = FACE_BOUND('',#5955,.F.);
#5955 = EDGE_LOOP('',(#5956,#5982,#6003,#6027,#6048,#6072,#6093,#6117));
#5956 = ORIENTED_EDGE('',*,*,#5957,.F.);
#5957 = EDGE_CURVE('',#5958,#5960,#5962,.T.);
#5958 = VERTEX_POINT('',#5959);
#5959 = CARTESIAN_POINT('',(660.75714285714,20.,24.399489727694));
#5960 = VERTEX_POINT('',#5961);
#5961 = CARTESIAN_POINT('',(663.75714285714,20.,27.399489727694));
#5962 = SURFACE_CURVE('',#5963,(#5968,#5975),.PCURVE_S1.);
#5963 = CIRCLE('',#5964,3.);
#5964 = AXIS2_PLACEMENT_3D('',#5965,#5966,#5967);
#5965 = CARTESIAN_POINT('',(663.75714285714,20.,24.399489727694));
#5966 = DIRECTION('',(0.,1.,0.));
#5967 = DIRECTION('',(-1.,0.,0.));
#5968 = PCURVE('',#1268,#5969);
#5969 = DEFINITIONAL_REPRESENTATION('',(#5970),#5974);
#5970 = CIRCLE('',#5971,3.);
#5971 = AXIS2_PLACEMENT_2D('',#5972,#5973);
#5972 = CARTESIAN_POINT('',(16.405993703333,-663.7571428571));
#5973 = DIRECTION('',(0.,1.));
#5974 = ( GEOMETRIC_REPRESENTATION_CONTEXT(2) 
PARAMETRIC_REPRESENTATION_CONTEXT() REPRESENTATION_CONTEXT('2D SPACE',''
  ) );
#5975 = PCURVE('',#3609,#5976);
#5976 = DEFINITIONAL_REPRESENTATION('',(#5977),#5981);
#5977 = LINE('',#5978,#5979);
#5978 = CARTESIAN_POINT('',(0.,1.6));
#5979 = VECTOR('',#5980,1.);
#5980 = DIRECTION('',(1.,0.));
#5981 = ( GEOMETRIC_REPRESENTATION_CONTEXT(2) 
PARAMETRIC_REPRESENTATION_CONTEXT() REPRESENTATION_CONTEXT('2D SPACE',''
  ) );
#5982 = ORIENTED_EDGE('',*,*,#5983,.T.);
#5983 = EDGE_CURVE('',#5958,#5984,#5986,.T.);
#5984 = VERTEX_POINT('',#5985);
#5985 = CARTESIAN_POINT('',(660.75714285714,20.,18.399489727694));
#5986 = SURFACE_CURVE('',#5987,(#5991,#5997),.PCURVE_S1.);
#5987 = LINE('',#5988,#5989);
#5988 = CARTESIAN_POINT('',(660.75714285714,20.,28.102486579361));
#5989 = VECTOR('',#5990,1.);
#5990 = DIRECTION('',(0.,0.,-1.));
#5991 = PCURVE('',#1268,#5992);
#5992 = DEFINITIONAL_REPRESENTATION('',(#5993),#5996);
#5993 = B_SPLINE_CURVE_WITH_KNOTS('',1,(#5994,#5995),.UNSPECIFIED.,.F.,
  .F.,(2,2),(3.702996851667,9.702996851667),.PIECEWISE_BEZIER_KNOTS.);
#5994 = CARTESIAN_POINT('',(16.405993703333,-660.7571428571));
#5995 = CARTESIAN_POINT('',(22.405993703333,-660.7571428571));
#5996 = ( GEOMETRIC_REPRESENTATION_CONTEXT(2) 
PARAMETRIC_REPRESENTATION_CONTEXT() REPRESENTATION_CONTEXT('2D SPACE',''
  ) );
#5997 = PCURVE('',#3577,#5998);
#5998 = DEFINITIONAL_REPRESENTATION('',(#5999),#6002);
#5999 = B_SPLINE_CURVE_WITH_KNOTS('',1,(#6000,#6001),.UNSPECIFIED.,.F.,
  .F.,(2,2),(3.702996851667,9.702996851667),.PIECEWISE_BEZIER_KNOTS.);
#6000 = CARTESIAN_POINT('',(9.,-1.6));
#6001 = CARTESIAN_POINT('',(3.,-1.6));
#6002 = ( GEOMETRIC_REPRESENTATION_CONTEXT(2) 
PARAMETRIC_REPRESENTATION_CONTEXT() REPRESENTATION_CONTEXT('2D SPACE',''
  ) );
#6003 = ORIENTED_EDGE('',*,*,#6004,.F.);
#6004 = EDGE_CURVE('',#6005,#5984,#6007,.T.);
#6005 = VERTEX_POINT('',#6006);
#6006 = CARTESIAN_POINT('',(663.75714285714,20.,15.399489727694));
#6007 = SURFACE_CURVE('',#6008,(#6013,#6020),.PCURVE_S1.);
#6008 = CIRCLE('',#6009,3.);
#6009 = AXIS2_PLACEMENT_3D('',#6010,#6011,#6012);
#6010 = CARTESIAN_POINT('',(663.75714285714,20.,18.399489727694));
#6011 = DIRECTION('',(0.,1.,0.));
#6012 = DIRECTION('',(-1.,0.,0.));
#6013 = PCURVE('',#1268,#6014);
#6014 = DEFINITIONAL_REPRESENTATION('',(#6015),#6019);
#6015 = CIRCLE('',#6016,3.);
#6016 = AXIS2_PLACEMENT_2D('',#6017,#6018);
#6017 = CARTESIAN_POINT('',(22.405993703333,-663.7571428571));
#6018 = DIRECTION('',(0.,1.));
#6019 = ( GEOMETRIC_REPRESENTATION_CONTEXT(2) 
PARAMETRIC_REPRESENTATION_CONTEXT() REPRESENTATION_CONTEXT('2D SPACE',''
  ) );
#6020 = PCURVE('',#3550,#6021);
#6021 = DEFINITIONAL_REPRESENTATION('',(#6022),#6026);
#6022 = LINE('',#6023,#6024);
#6023 = CARTESIAN_POINT('',(-6.28318530718,1.6));
#6024 = VECTOR('',#6025,1.);
#6025 = DIRECTION('',(1.,-0.));
#6026 = ( GEOMETRIC_REPRESENTATION_CONTEXT(2) 
PARAMETRIC_REPRESENTATION_CONTEXT() REPRESENTATION_CONTEXT('2D SPACE',''
  ) );
#6027 = ORIENTED_EDGE('',*,*,#6028,.T.);
#6028 = EDGE_CURVE('',#6005,#6029,#6031,.T.);
#6029 = VERTEX_POINT('',#6030);
#6030 = CARTESIAN_POINT('',(681.75714285714,20.,15.399489727694));
#6031 = SURFACE_CURVE('',#6032,(#6036,#6042),.PCURVE_S1.);
#6032 = LINE('',#6033,#6034);
#6033 = CARTESIAN_POINT('',(330.37857142857,20.,15.399489727694));
#6034 = VECTOR('',#6035,1.);
#6035 = DIRECTION('',(1.,0.,-0.));
#6036 = PCURVE('',#1268,#6037);
#6037 = DEFINITIONAL_REPRESENTATION('',(#6038),#6041);
#6038 = B_SPLINE_CURVE_WITH_KNOTS('',1,(#6039,#6040),.UNSPECIFIED.,.F.,
  .F.,(2,2),(333.37857142857,351.37857142857),.PIECEWISE_BEZIER_KNOTS.);
#6039 = CARTESIAN_POINT('',(25.405993703333,-663.7571428571));
#6040 = CARTESIAN_POINT('',(25.405993703333,-681.7571428571));
#6041 = ( GEOMETRIC_REPRESENTATION_CONTEXT(2) 
PARAMETRIC_REPRESENTATION_CONTEXT() REPRESENTATION_CONTEXT('2D SPACE',''
  ) );
#6042 = PCURVE('',#3752,#6043);
#6043 = DEFINITIONAL_REPRESENTATION('',(#6044),#6047);
#6044 = B_SPLINE_CURVE_WITH_KNOTS('',1,(#6045,#6046),.UNSPECIFIED.,.F.,
  .F.,(2,2),(333.37857142857,351.37857142857),.PIECEWISE_BEZIER_KNOTS.);
#6045 = CARTESIAN_POINT('',(3.,1.6));
#6046 = CARTESIAN_POINT('',(21.,1.6));
#6047 = ( GEOMETRIC_REPRESENTATION_CONTEXT(2) 
PARAMETRIC_REPRESENTATION_CONTEXT() REPRESENTATION_CONTEXT('2D SPACE',''
  ) );
#6048 = ORIENTED_EDGE('',*,*,#6049,.F.);
#6049 = EDGE_CURVE('',#6050,#6029,#6052,.T.);
#6050 = VERTEX_POINT('',#6051);
#6051 = CARTESIAN_POINT('',(684.75714285714,20.,18.399489727694));
#6052 = SURFACE_CURVE('',#6053,(#6058,#6065),.PCURVE_S1.);
#6053 = CIRCLE('',#6054,3.);
#6054 = AXIS2_PLACEMENT_3D('',#6055,#6056,#6057);
#6055 = CARTESIAN_POINT('',(681.75714285714,20.,18.399489727694));
#6056 = DIRECTION('',(0.,1.,0.));
#6057 = DIRECTION('',(1.,0.,-0.));
#6058 = PCURVE('',#1268,#6059);
#6059 = DEFINITIONAL_REPRESENTATION('',(#6060),#6064);
#6060 = CIRCLE('',#6061,3.);
#6061 = AXIS2_PLACEMENT_2D('',#6062,#6063);
#6062 = CARTESIAN_POINT('',(22.405993703333,-681.7571428571));
#6063 = DIRECTION('',(0.,-1.));
#6064 = ( GEOMETRIC_REPRESENTATION_CONTEXT(2) 
PARAMETRIC_REPRESENTATION_CONTEXT() REPRESENTATION_CONTEXT('2D SPACE',''
  ) );
#6065 = PCURVE('',#3727,#6066);
#6066 = DEFINITIONAL_REPRESENTATION('',(#6067),#6071);
#6067 = LINE('',#6068,#6069);
#6068 = CARTESIAN_POINT('',(0.,1.6));
#6069 = VECTOR('',#6070,1.);
#6070 = DIRECTION('',(1.,0.));
#6071 = ( GEOMETRIC_REPRESENTATION_CONTEXT(2) 
PARAMETRIC_REPRESENTATION_CONTEXT() REPRESENTATION_CONTEXT('2D SPACE',''
  ) );
#6072 = ORIENTED_EDGE('',*,*,#6073,.F.);
#6073 = EDGE_CURVE('',#6074,#6050,#6076,.T.);
#6074 = VERTEX_POINT('',#6075);
#6075 = CARTESIAN_POINT('',(684.75714285714,20.,24.399489727694));
#6076 = SURFACE_CURVE('',#6077,(#6081,#6087),.PCURVE_S1.);
#6077 = LINE('',#6078,#6079);
#6078 = CARTESIAN_POINT('',(684.75714285714,20.,28.102486579361));
#6079 = VECTOR('',#6080,1.);
#6080 = DIRECTION('',(0.,0.,-1.));
#6081 = PCURVE('',#1268,#6082);
#6082 = DEFINITIONAL_REPRESENTATION('',(#6083),#6086);
#6083 = B_SPLINE_CURVE_WITH_KNOTS('',1,(#6084,#6085),.UNSPECIFIED.,.F.,
  .F.,(2,2),(3.702996851667,9.702996851667),.PIECEWISE_BEZIER_KNOTS.);
#6084 = CARTESIAN_POINT('',(16.405993703333,-684.7571428571));
#6085 = CARTESIAN_POINT('',(22.405993703333,-684.7571428571));
#6086 = ( GEOMETRIC_REPRESENTATION_CONTEXT(2) 
PARAMETRIC_REPRESENTATION_CONTEXT() REPRESENTATION_CONTEXT('2D SPACE',''
  ) );
#6087 = PCURVE('',#3695,#6088);
#6088 = DEFINITIONAL_REPRESENTATION('',(#6089),#6092);
#6089 = B_SPLINE_CURVE_WITH_KNOTS('',1,(#6090,#6091),.UNSPECIFIED.,.F.,
  .F.,(2,2),(3.702996851667,9.702996851667),.PIECEWISE_BEZIER_KNOTS.);
#6090 = CARTESIAN_POINT('',(9.,-1.6));
#6091 = CARTESIAN_POINT('',(3.,-1.6));
#6092 = ( GEOMETRIC_REPRESENTATION_CONTEXT(2) 
PARAMETRIC_REPRESENTATION_CONTEXT() REPRESENTATION_CONTEXT('2D SPACE',''
  ) );
#6093 = ORIENTED_EDGE('',*,*,#6094,.F.);
#6094 = EDGE_CURVE('',#6095,#6074,#6097,.T.);
#6095 = VERTEX_POINT('',#6096);
#6096 = CARTESIAN_POINT('',(681.75714285714,20.,27.399489727694));
#6097 = SURFACE_CURVE('',#6098,(#6103,#6110),.PCURVE_S1.);
#6098 = CIRCLE('',#6099,3.);
#6099 = AXIS2_PLACEMENT_3D('',#6100,#6101,#6102);
#6100 = CARTESIAN_POINT('',(681.75714285714,20.,24.399489727694));
#6101 = DIRECTION('',(0.,1.,0.));
#6102 = DIRECTION('',(1.,0.,-0.));
#6103 = PCURVE('',#1268,#6104);
#6104 = DEFINITIONAL_REPRESENTATION('',(#6105),#6109);
#6105 = CIRCLE('',#6106,3.);
#6106 = AXIS2_PLACEMENT_2D('',#6107,#6108);
#6107 = CARTESIAN_POINT('',(16.405993703333,-681.7571428571));
#6108 = DIRECTION('',(0.,-1.));
#6109 = ( GEOMETRIC_REPRESENTATION_CONTEXT(2) 
PARAMETRIC_REPRESENTATION_CONTEXT() REPRESENTATION_CONTEXT('2D SPACE',''
  ) );
#6110 = PCURVE('',#3668,#6111);
#6111 = DEFINITIONAL_REPRESENTATION('',(#6112),#6116);
#6112 = LINE('',#6113,#6114);
#6113 = CARTESIAN_POINT('',(-6.28318530718,1.6));
#6114 = VECTOR('',#6115,1.);
#6115 = DIRECTION('',(1.,-0.));
#6116 = ( GEOMETRIC_REPRESENTATION_CONTEXT(2) 
PARAMETRIC_REPRESENTATION_CONTEXT() REPRESENTATION_CONTEXT('2D SPACE',''
  ) );
#6117 = ORIENTED_EDGE('',*,*,#6118,.F.);
#6118 = EDGE_CURVE('',#5960,#6095,#6119,.T.);
#6119 = SURFACE_CURVE('',#6120,(#6124,#6130),.PCURVE_S1.);
#6120 = LINE('',#6121,#6122);
#6121 = CARTESIAN_POINT('',(330.37857142857,20.,27.399489727694));
#6122 = VECTOR('',#6123,1.);
#6123 = DIRECTION('',(1.,0.,-0.));
#6124 = PCURVE('',#1268,#6125);
#6125 = DEFINITIONAL_REPRESENTATION('',(#6126),#6129);
#6126 = B_SPLINE_CURVE_WITH_KNOTS('',1,(#6127,#6128),.UNSPECIFIED.,.F.,
  .F.,(2,2),(333.37857142857,351.37857142857),.PIECEWISE_BEZIER_KNOTS.);
#6127 = CARTESIAN_POINT('',(13.405993703333,-663.7571428571));
#6128 = CARTESIAN_POINT('',(13.405993703333,-681.7571428571));
#6129 = ( GEOMETRIC_REPRESENTATION_CONTEXT(2) 
PARAMETRIC_REPRESENTATION_CONTEXT() REPRESENTATION_CONTEXT('2D SPACE',''
  ) );
#6130 = PCURVE('',#3636,#6131);
#6131 = DEFINITIONAL_REPRESENTATION('',(#6132),#6135);
#6132 = B_SPLINE_CURVE_WITH_KNOTS('',1,(#6133,#6134),.UNSPECIFIED.,.F.,
  .F.,(2,2),(333.37857142857,351.37857142857),.PIECEWISE_BEZIER_KNOTS.);
#6133 = CARTESIAN_POINT('',(3.,1.6));
#6134 = CARTESIAN_POINT('',(21.,1.6));
#6135 = ( GEOMETRIC_REPRESENTATION_CONTEXT(2) 
PARAMETRIC_REPRESENTATION_CONTEXT() REPRESENTATION_CONTEXT('2D SPACE',''
  ) );
#6136 = FACE_BOUND('',#6137,.F.);
#6137 = EDGE_LOOP('',(#6138,#6164,#6185,#6209,#6230,#6254,#6275,#6299));
#6138 = ORIENTED_EDGE('',*,*,#6139,.F.);
#6139 = EDGE_CURVE('',#6140,#6142,#6144,.T.);
#6140 = VERTEX_POINT('',#6141);
#6141 = CARTESIAN_POINT('',(559.61428571428,20.,24.399489727694));
#6142 = VERTEX_POINT('',#6143);
#6143 = CARTESIAN_POINT('',(562.61428571428,20.,27.399489727694));
#6144 = SURFACE_CURVE('',#6145,(#6150,#6157),.PCURVE_S1.);
#6145 = CIRCLE('',#6146,3.);
#6146 = AXIS2_PLACEMENT_3D('',#6147,#6148,#6149);
#6147 = CARTESIAN_POINT('',(562.61428571428,20.,24.399489727694));
#6148 = DIRECTION('',(0.,1.,0.));
#6149 = DIRECTION('',(-1.,0.,0.));
#6150 = PCURVE('',#1268,#6151);
#6151 = DEFINITIONAL_REPRESENTATION('',(#6152),#6156);
#6152 = CIRCLE('',#6153,3.);
#6153 = AXIS2_PLACEMENT_2D('',#6154,#6155);
#6154 = CARTESIAN_POINT('',(16.405993703333,-562.6142857142));
#6155 = DIRECTION('',(0.,1.));
#6156 = ( GEOMETRIC_REPRESENTATION_CONTEXT(2) 
PARAMETRIC_REPRESENTATION_CONTEXT() REPRESENTATION_CONTEXT('2D SPACE',''
  ) );
#6157 = PCURVE('',#3847,#6158);
#6158 = DEFINITIONAL_REPRESENTATION('',(#6159),#6163);
#6159 = LINE('',#6160,#6161);
#6160 = CARTESIAN_POINT('',(0.,1.6));
#6161 = VECTOR('',#6162,1.);
#6162 = DIRECTION('',(1.,0.));
#6163 = ( GEOMETRIC_REPRESENTATION_CONTEXT(2) 
PARAMETRIC_REPRESENTATION_CONTEXT() REPRESENTATION_CONTEXT('2D SPACE',''
  ) );
#6164 = ORIENTED_EDGE('',*,*,#6165,.T.);
#6165 = EDGE_CURVE('',#6140,#6166,#6168,.T.);
#6166 = VERTEX_POINT('',#6167);
#6167 = CARTESIAN_POINT('',(559.61428571428,20.,18.399489727694));
#6168 = SURFACE_CURVE('',#6169,(#6173,#6179),.PCURVE_S1.);
#6169 = LINE('',#6170,#6171);
#6170 = CARTESIAN_POINT('',(559.61428571428,20.,28.102486579361));
#6171 = VECTOR('',#6172,1.);
#6172 = DIRECTION('',(0.,0.,-1.));
#6173 = PCURVE('',#1268,#6174);
#6174 = DEFINITIONAL_REPRESENTATION('',(#6175),#6178);
#6175 = B_SPLINE_CURVE_WITH_KNOTS('',1,(#6176,#6177),.UNSPECIFIED.,.F.,
  .F.,(2,2),(3.702996851667,9.702996851667),.PIECEWISE_BEZIER_KNOTS.);
#6176 = CARTESIAN_POINT('',(16.405993703333,-559.6142857142));
#6177 = CARTESIAN_POINT('',(22.405993703333,-559.6142857142));
#6178 = ( GEOMETRIC_REPRESENTATION_CONTEXT(2) 
PARAMETRIC_REPRESENTATION_CONTEXT() REPRESENTATION_CONTEXT('2D SPACE',''
  ) );
#6179 = PCURVE('',#3815,#6180);
#6180 = DEFINITIONAL_REPRESENTATION('',(#6181),#6184);
#6181 = B_SPLINE_CURVE_WITH_KNOTS('',1,(#6182,#6183),.UNSPECIFIED.,.F.,
  .F.,(2,2),(3.702996851667,9.702996851667),.PIECEWISE_BEZIER_KNOTS.);
#6182 = CARTESIAN_POINT('',(9.,-1.6));
#6183 = CARTESIAN_POINT('',(3.,-1.6));
#6184 = ( GEOMETRIC_REPRESENTATION_CONTEXT(2) 
PARAMETRIC_REPRESENTATION_CONTEXT() REPRESENTATION_CONTEXT('2D SPACE',''
  ) );
#6185 = ORIENTED_EDGE('',*,*,#6186,.F.);
#6186 = EDGE_CURVE('',#6187,#6166,#6189,.T.);
#6187 = VERTEX_POINT('',#6188);
#6188 = CARTESIAN_POINT('',(562.61428571428,20.,15.399489727694));
#6189 = SURFACE_CURVE('',#6190,(#6195,#6202),.PCURVE_S1.);
#6190 = CIRCLE('',#6191,3.);
#6191 = AXIS2_PLACEMENT_3D('',#6192,#6193,#6194);
#6192 = CARTESIAN_POINT('',(562.61428571428,20.,18.399489727694));
#6193 = DIRECTION('',(0.,1.,0.));
#6194 = DIRECTION('',(-1.,0.,0.));
#6195 = PCURVE('',#1268,#6196);
#6196 = DEFINITIONAL_REPRESENTATION('',(#6197),#6201);
#6197 = CIRCLE('',#6198,3.);
#6198 = AXIS2_PLACEMENT_2D('',#6199,#6200);
#6199 = CARTESIAN_POINT('',(22.405993703333,-562.6142857142));
#6200 = DIRECTION('',(0.,1.));
#6201 = ( GEOMETRIC_REPRESENTATION_CONTEXT(2) 
PARAMETRIC_REPRESENTATION_CONTEXT() REPRESENTATION_CONTEXT('2D SPACE',''
  ) );
#6202 = PCURVE('',#3788,#6203);
#6203 = DEFINITIONAL_REPRESENTATION('',(#6204),#6208);
#6204 = LINE('',#6205,#6206);
#6205 = CARTESIAN_POINT('',(-6.28318530718,1.6));
#6206 = VECTOR('',#6207,1.);
#6207 = DIRECTION('',(1.,-0.));
#6208 = ( GEOMETRIC_REPRESENTATION_CONTEXT(2) 
PARAMETRIC_REPRESENTATION_CONTEXT() REPRESENTATION_CONTEXT('2D SPACE',''
  ) );
#6209 = ORIENTED_EDGE('',*,*,#6210,.T.);
#6210 = EDGE_CURVE('',#6187,#6211,#6213,.T.);
#6211 = VERTEX_POINT('',#6212);
#6212 = CARTESIAN_POINT('',(580.61428571428,20.,15.399489727694));
#6213 = SURFACE_CURVE('',#6214,(#6218,#6224),.PCURVE_S1.);
#6214 = LINE('',#6215,#6216);
#6215 = CARTESIAN_POINT('',(279.80714285714,20.,15.399489727694));
#6216 = VECTOR('',#6217,1.);
#6217 = DIRECTION('',(1.,0.,-0.));
#6218 = PCURVE('',#1268,#6219);
#6219 = DEFINITIONAL_REPRESENTATION('',(#6220),#6223);
#6220 = B_SPLINE_CURVE_WITH_KNOTS('',1,(#6221,#6222),.UNSPECIFIED.,.F.,
  .F.,(2,2),(282.80714285714,300.80714285714),.PIECEWISE_BEZIER_KNOTS.);
#6221 = CARTESIAN_POINT('',(25.405993703333,-562.6142857142));
#6222 = CARTESIAN_POINT('',(25.405993703333,-580.6142857142));
#6223 = ( GEOMETRIC_REPRESENTATION_CONTEXT(2) 
PARAMETRIC_REPRESENTATION_CONTEXT() REPRESENTATION_CONTEXT('2D SPACE',''
  ) );
#6224 = PCURVE('',#3990,#6225);
#6225 = DEFINITIONAL_REPRESENTATION('',(#6226),#6229);
#6226 = B_SPLINE_CURVE_WITH_KNOTS('',1,(#6227,#6228),.UNSPECIFIED.,.F.,
  .F.,(2,2),(282.80714285714,300.80714285714),.PIECEWISE_BEZIER_KNOTS.);
#6227 = CARTESIAN_POINT('',(3.,1.6));
#6228 = CARTESIAN_POINT('',(21.,1.6));
#6229 = ( GEOMETRIC_REPRESENTATION_CONTEXT(2) 
PARAMETRIC_REPRESENTATION_CONTEXT() REPRESENTATION_CONTEXT('2D SPACE',''
  ) );
#6230 = ORIENTED_EDGE('',*,*,#6231,.F.);
#6231 = EDGE_CURVE('',#6232,#6211,#6234,.T.);
#6232 = VERTEX_POINT('',#6233);
#6233 = CARTESIAN_POINT('',(583.61428571428,20.,18.399489727694));
#6234 = SURFACE_CURVE('',#6235,(#6240,#6247),.PCURVE_S1.);
#6235 = CIRCLE('',#6236,3.);
#6236 = AXIS2_PLACEMENT_3D('',#6237,#6238,#6239);
#6237 = CARTESIAN_POINT('',(580.61428571428,20.,18.399489727694));
#6238 = DIRECTION('',(0.,1.,0.));
#6239 = DIRECTION('',(1.,0.,-0.));
#6240 = PCURVE('',#1268,#6241);
#6241 = DEFINITIONAL_REPRESENTATION('',(#6242),#6246);
#6242 = CIRCLE('',#6243,3.);
#6243 = AXIS2_PLACEMENT_2D('',#6244,#6245);
#6244 = CARTESIAN_POINT('',(22.405993703333,-580.6142857142));
#6245 = DIRECTION('',(0.,-1.));
#6246 = ( GEOMETRIC_REPRESENTATION_CONTEXT(2) 
PARAMETRIC_REPRESENTATION_CONTEXT() REPRESENTATION_CONTEXT('2D SPACE',''
  ) );
#6247 = PCURVE('',#3965,#6248);
#6248 = DEFINITIONAL_REPRESENTATION('',(#6249),#6253);
#6249 = LINE('',#6250,#6251);
#6250 = CARTESIAN_POINT('',(0.,1.6));
#6251 = VECTOR('',#6252,1.);
#6252 = DIRECTION('',(1.,0.));
#6253 = ( GEOMETRIC_REPRESENTATION_CONTEXT(2) 
PARAMETRIC_REPRESENTATION_CONTEXT() REPRESENTATION_CONTEXT('2D SPACE',''
  ) );
#6254 = ORIENTED_EDGE('',*,*,#6255,.F.);
#6255 = EDGE_CURVE('',#6256,#6232,#6258,.T.);
#6256 = VERTEX_POINT('',#6257);
#6257 = CARTESIAN_POINT('',(583.61428571428,20.,24.399489727694));
#6258 = SURFACE_CURVE('',#6259,(#6263,#6269),.PCURVE_S1.);
#6259 = LINE('',#6260,#6261);
#6260 = CARTESIAN_POINT('',(583.61428571428,20.,28.102486579361));
#6261 = VECTOR('',#6262,1.);
#6262 = DIRECTION('',(0.,0.,-1.));
#6263 = PCURVE('',#1268,#6264);
#6264 = DEFINITIONAL_REPRESENTATION('',(#6265),#6268);
#6265 = B_SPLINE_CURVE_WITH_KNOTS('',1,(#6266,#6267),.UNSPECIFIED.,.F.,
  .F.,(2,2),(3.702996851667,9.702996851667),.PIECEWISE_BEZIER_KNOTS.);
#6266 = CARTESIAN_POINT('',(16.405993703333,-583.6142857142));
#6267 = CARTESIAN_POINT('',(22.405993703333,-583.6142857142));
#6268 = ( GEOMETRIC_REPRESENTATION_CONTEXT(2) 
PARAMETRIC_REPRESENTATION_CONTEXT() REPRESENTATION_CONTEXT('2D SPACE',''
  ) );
#6269 = PCURVE('',#3933,#6270);
#6270 = DEFINITIONAL_REPRESENTATION('',(#6271),#6274);
#6271 = B_SPLINE_CURVE_WITH_KNOTS('',1,(#6272,#6273),.UNSPECIFIED.,.F.,
  .F.,(2,2),(3.702996851667,9.702996851667),.PIECEWISE_BEZIER_KNOTS.);
#6272 = CARTESIAN_POINT('',(9.,-1.6));
#6273 = CARTESIAN_POINT('',(3.,-1.6));
#6274 = ( GEOMETRIC_REPRESENTATION_CONTEXT(2) 
PARAMETRIC_REPRESENTATION_CONTEXT() REPRESENTATION_CONTEXT('2D SPACE',''
  ) );
#6275 = ORIENTED_EDGE('',*,*,#6276,.F.);
#6276 = EDGE_CURVE('',#6277,#6256,#6279,.T.);
#6277 = VERTEX_POINT('',#6278);
#6278 = CARTESIAN_POINT('',(580.61428571428,20.,27.399489727694));
#6279 = SURFACE_CURVE('',#6280,(#6285,#6292),.PCURVE_S1.);
#6280 = CIRCLE('',#6281,3.);
#6281 = AXIS2_PLACEMENT_3D('',#6282,#6283,#6284);
#6282 = CARTESIAN_POINT('',(580.61428571428,20.,24.399489727694));
#6283 = DIRECTION('',(0.,1.,0.));
#6284 = DIRECTION('',(1.,0.,-0.));
#6285 = PCURVE('',#1268,#6286);
#6286 = DEFINITIONAL_REPRESENTATION('',(#6287),#6291);
#6287 = CIRCLE('',#6288,3.);
#6288 = AXIS2_PLACEMENT_2D('',#6289,#6290);
#6289 = CARTESIAN_POINT('',(16.405993703333,-580.6142857142));
#6290 = DIRECTION('',(0.,-1.));
#6291 = ( GEOMETRIC_REPRESENTATION_CONTEXT(2) 
PARAMETRIC_REPRESENTATION_CONTEXT() REPRESENTATION_CONTEXT('2D SPACE',''
  ) );
#6292 = PCURVE('',#3906,#6293);
#6293 = DEFINITIONAL_REPRESENTATION('',(#6294),#6298);
#6294 = LINE('',#6295,#6296);
#6295 = CARTESIAN_POINT('',(-6.28318530718,1.6));
#6296 = VECTOR('',#6297,1.);
#6297 = DIRECTION('',(1.,-0.));
#6298 = ( GEOMETRIC_REPRESENTATION_CONTEXT(2) 
PARAMETRIC_REPRESENTATION_CONTEXT() REPRESENTATION_CONTEXT('2D SPACE',''
  ) );
#6299 = ORIENTED_EDGE('',*,*,#6300,.F.);
#6300 = EDGE_CURVE('',#6142,#6277,#6301,.T.);
#6301 = SURFACE_CURVE('',#6302,(#6306,#6312),.PCURVE_S1.);
#6302 = LINE('',#6303,#6304);
#6303 = CARTESIAN_POINT('',(279.80714285714,20.,27.399489727694));
#6304 = VECTOR('',#6305,1.);
#6305 = DIRECTION('',(1.,0.,-0.));
#6306 = PCURVE('',#1268,#6307);
#6307 = DEFINITIONAL_REPRESENTATION('',(#6308),#6311);
#6308 = B_SPLINE_CURVE_WITH_KNOTS('',1,(#6309,#6310),.UNSPECIFIED.,.F.,
  .F.,(2,2),(282.80714285714,300.80714285714),.PIECEWISE_BEZIER_KNOTS.);
#6309 = CARTESIAN_POINT('',(13.405993703333,-562.6142857142));
#6310 = CARTESIAN_POINT('',(13.405993703333,-580.6142857142));
#6311 = ( GEOMETRIC_REPRESENTATION_CONTEXT(2) 
PARAMETRIC_REPRESENTATION_CONTEXT() REPRESENTATION_CONTEXT('2D SPACE',''
  ) );
#6312 = PCURVE('',#3874,#6313);
#6313 = DEFINITIONAL_REPRESENTATION('',(#6314),#6317);
#6314 = B_SPLINE_CURVE_WITH_KNOTS('',1,(#6315,#6316),.UNSPECIFIED.,.F.,
  .F.,(2,2),(282.80714285714,300.80714285714),.PIECEWISE_BEZIER_KNOTS.);
#6315 = CARTESIAN_POINT('',(3.,1.6));
#6316 = CARTESIAN_POINT('',(21.,1.6));
#6317 = ( GEOMETRIC_REPRESENTATION_CONTEXT(2) 
PARAMETRIC_REPRESENTATION_CONTEXT() REPRESENTATION_CONTEXT('2D SPACE',''
  ) );
#6318 = FACE_BOUND('',#6319,.F.);
#6319 = EDGE_LOOP('',(#6320,#6346,#6367,#6391,#6412,#6436,#6457,#6481));
#6320 = ORIENTED_EDGE('',*,*,#6321,.F.);
#6321 = EDGE_CURVE('',#6322,#6324,#6326,.T.);
#6322 = VERTEX_POINT('',#6323);
#6323 = CARTESIAN_POINT('',(458.47142857142,20.,24.399489727694));
#6324 = VERTEX_POINT('',#6325);
#6325 = CARTESIAN_POINT('',(461.47142857142,20.,27.399489727694));
#6326 = SURFACE_CURVE('',#6327,(#6332,#6339),.PCURVE_S1.);
#6327 = CIRCLE('',#6328,3.);
#6328 = AXIS2_PLACEMENT_3D('',#6329,#6330,#6331);
#6329 = CARTESIAN_POINT('',(461.47142857142,20.,24.399489727694));
#6330 = DIRECTION('',(0.,1.,0.));
#6331 = DIRECTION('',(-1.,0.,0.));
#6332 = PCURVE('',#1268,#6333);
#6333 = DEFINITIONAL_REPRESENTATION('',(#6334),#6338);
#6334 = CIRCLE('',#6335,3.);
#6335 = AXIS2_PLACEMENT_2D('',#6336,#6337);
#6336 = CARTESIAN_POINT('',(16.405993703333,-461.4714285714));
#6337 = DIRECTION('',(0.,1.));
#6338 = ( GEOMETRIC_REPRESENTATION_CONTEXT(2) 
PARAMETRIC_REPRESENTATION_CONTEXT() REPRESENTATION_CONTEXT('2D SPACE',''
  ) );
#6339 = PCURVE('',#4085,#6340);
#6340 = DEFINITIONAL_REPRESENTATION('',(#6341),#6345);
#6341 = LINE('',#6342,#6343);
#6342 = CARTESIAN_POINT('',(0.,1.6));
#6343 = VECTOR('',#6344,1.);
#6344 = DIRECTION('',(1.,0.));
#6345 = ( GEOMETRIC_REPRESENTATION_CONTEXT(2) 
PARAMETRIC_REPRESENTATION_CONTEXT() REPRESENTATION_CONTEXT('2D SPACE',''
  ) );
#6346 = ORIENTED_EDGE('',*,*,#6347,.T.);
#6347 = EDGE_CURVE('',#6322,#6348,#6350,.T.);
#6348 = VERTEX_POINT('',#6349);
#6349 = CARTESIAN_POINT('',(458.47142857142,20.,18.399489727694));
#6350 = SURFACE_CURVE('',#6351,(#6355,#6361),.PCURVE_S1.);
#6351 = LINE('',#6352,#6353);
#6352 = CARTESIAN_POINT('',(458.47142857142,20.,28.102486579361));
#6353 = VECTOR('',#6354,1.);
#6354 = DIRECTION('',(0.,0.,-1.));
#6355 = PCURVE('',#1268,#6356);
#6356 = DEFINITIONAL_REPRESENTATION('',(#6357),#6360);
#6357 = B_SPLINE_CURVE_WITH_KNOTS('',1,(#6358,#6359),.UNSPECIFIED.,.F.,
  .F.,(2,2),(3.702996851667,9.702996851667),.PIECEWISE_BEZIER_KNOTS.);
#6358 = CARTESIAN_POINT('',(16.405993703333,-458.4714285714));
#6359 = CARTESIAN_POINT('',(22.405993703333,-458.4714285714));
#6360 = ( GEOMETRIC_REPRESENTATION_CONTEXT(2) 
PARAMETRIC_REPRESENTATION_CONTEXT() REPRESENTATION_CONTEXT('2D SPACE',''
  ) );
#6361 = PCURVE('',#4053,#6362);
#6362 = DEFINITIONAL_REPRESENTATION('',(#6363),#6366);
#6363 = B_SPLINE_CURVE_WITH_KNOTS('',1,(#6364,#6365),.UNSPECIFIED.,.F.,
  .F.,(2,2),(3.702996851667,9.702996851667),.PIECEWISE_BEZIER_KNOTS.);
#6364 = CARTESIAN_POINT('',(9.,-1.6));
#6365 = CARTESIAN_POINT('',(3.,-1.6));
#6366 = ( GEOMETRIC_REPRESENTATION_CONTEXT(2) 
PARAMETRIC_REPRESENTATION_CONTEXT() REPRESENTATION_CONTEXT('2D SPACE',''
  ) );
#6367 = ORIENTED_EDGE('',*,*,#6368,.F.);
#6368 = EDGE_CURVE('',#6369,#6348,#6371,.T.);
#6369 = VERTEX_POINT('',#6370);
#6370 = CARTESIAN_POINT('',(461.47142857142,20.,15.399489727694));
#6371 = SURFACE_CURVE('',#6372,(#6377,#6384),.PCURVE_S1.);
#6372 = CIRCLE('',#6373,3.);
#6373 = AXIS2_PLACEMENT_3D('',#6374,#6375,#6376);
#6374 = CARTESIAN_POINT('',(461.47142857142,20.,18.399489727694));
#6375 = DIRECTION('',(0.,1.,0.));
#6376 = DIRECTION('',(-1.,0.,0.));
#6377 = PCURVE('',#1268,#6378);
#6378 = DEFINITIONAL_REPRESENTATION('',(#6379),#6383);
#6379 = CIRCLE('',#6380,3.);
#6380 = AXIS2_PLACEMENT_2D('',#6381,#6382);
#6381 = CARTESIAN_POINT('',(22.405993703333,-461.4714285714));
#6382 = DIRECTION('',(0.,1.));
#6383 = ( GEOMETRIC_REPRESENTATION_CONTEXT(2) 
PARAMETRIC_REPRESENTATION_CONTEXT() REPRESENTATION_CONTEXT('2D SPACE',''
  ) );
#6384 = PCURVE('',#4026,#6385);
#6385 = DEFINITIONAL_REPRESENTATION('',(#6386),#6390);
#6386 = LINE('',#6387,#6388);
#6387 = CARTESIAN_POINT('',(-6.28318530718,1.6));
#6388 = VECTOR('',#6389,1.);
#6389 = DIRECTION('',(1.,-0.));
#6390 = ( GEOMETRIC_REPRESENTATION_CONTEXT(2) 
PARAMETRIC_REPRESENTATION_CONTEXT() REPRESENTATION_CONTEXT('2D SPACE',''
  ) );
#6391 = ORIENTED_EDGE('',*,*,#6392,.T.);
#6392 = EDGE_CURVE('',#6369,#6393,#6395,.T.);
#6393 = VERTEX_POINT('',#6394);
#6394 = CARTESIAN_POINT('',(479.47142857142,20.,15.399489727694));
#6395 = SURFACE_CURVE('',#6396,(#6400,#6406),.PCURVE_S1.);
#6396 = LINE('',#6397,#6398);
#6397 = CARTESIAN_POINT('',(229.23571428571,20.,15.399489727694));
#6398 = VECTOR('',#6399,1.);
#6399 = DIRECTION('',(1.,0.,-0.));
#6400 = PCURVE('',#1268,#6401);
#6401 = DEFINITIONAL_REPRESENTATION('',(#6402),#6405);
#6402 = B_SPLINE_CURVE_WITH_KNOTS('',1,(#6403,#6404),.UNSPECIFIED.,.F.,
  .F.,(2,2),(232.23571428571,250.23571428571),.PIECEWISE_BEZIER_KNOTS.);
#6403 = CARTESIAN_POINT('',(25.405993703333,-461.4714285714));
#6404 = CARTESIAN_POINT('',(25.405993703333,-479.4714285714));
#6405 = ( GEOMETRIC_REPRESENTATION_CONTEXT(2) 
PARAMETRIC_REPRESENTATION_CONTEXT() REPRESENTATION_CONTEXT('2D SPACE',''
  ) );
#6406 = PCURVE('',#4228,#6407);
#6407 = DEFINITIONAL_REPRESENTATION('',(#6408),#6411);
#6408 = B_SPLINE_CURVE_WITH_KNOTS('',1,(#6409,#6410),.UNSPECIFIED.,.F.,
  .F.,(2,2),(232.23571428571,250.23571428571),.PIECEWISE_BEZIER_KNOTS.);
#6409 = CARTESIAN_POINT('',(3.,1.6));
#6410 = CARTESIAN_POINT('',(21.,1.6));
#6411 = ( GEOMETRIC_REPRESENTATION_CONTEXT(2) 
PARAMETRIC_REPRESENTATION_CONTEXT() REPRESENTATION_CONTEXT('2D SPACE',''
  ) );
#6412 = ORIENTED_EDGE('',*,*,#6413,.F.);
#6413 = EDGE_CURVE('',#6414,#6393,#6416,.T.);
#6414 = VERTEX_POINT('',#6415);
#6415 = CARTESIAN_POINT('',(482.47142857142,20.,18.399489727694));
#6416 = SURFACE_CURVE('',#6417,(#6422,#6429),.PCURVE_S1.);
#6417 = CIRCLE('',#6418,3.);
#6418 = AXIS2_PLACEMENT_3D('',#6419,#6420,#6421);
#6419 = CARTESIAN_POINT('',(479.47142857142,20.,18.399489727694));
#6420 = DIRECTION('',(0.,1.,0.));
#6421 = DIRECTION('',(1.,0.,-0.));
#6422 = PCURVE('',#1268,#6423);
#6423 = DEFINITIONAL_REPRESENTATION('',(#6424),#6428);
#6424 = CIRCLE('',#6425,3.);
#6425 = AXIS2_PLACEMENT_2D('',#6426,#6427);
#6426 = CARTESIAN_POINT('',(22.405993703333,-479.4714285714));
#6427 = DIRECTION('',(0.,-1.));
#6428 = ( GEOMETRIC_REPRESENTATION_CONTEXT(2) 
PARAMETRIC_REPRESENTATION_CONTEXT() REPRESENTATION_CONTEXT('2D SPACE',''
  ) );
#6429 = PCURVE('',#4203,#6430);
#6430 = DEFINITIONAL_REPRESENTATION('',(#6431),#6435);
#6431 = LINE('',#6432,#6433);
#6432 = CARTESIAN_POINT('',(0.,1.6));
#6433 = VECTOR('',#6434,1.);
#6434 = DIRECTION('',(1.,0.));
#6435 = ( GEOMETRIC_REPRESENTATION_CONTEXT(2) 
PARAMETRIC_REPRESENTATION_CONTEXT() REPRESENTATION_CONTEXT('2D SPACE',''
  ) );
#6436 = ORIENTED_EDGE('',*,*,#6437,.F.);
#6437 = EDGE_CURVE('',#6438,#6414,#6440,.T.);
#6438 = VERTEX_POINT('',#6439);
#6439 = CARTESIAN_POINT('',(482.47142857142,20.,24.399489727694));
#6440 = SURFACE_CURVE('',#6441,(#6445,#6451),.PCURVE_S1.);
#6441 = LINE('',#6442,#6443);
#6442 = CARTESIAN_POINT('',(482.47142857142,20.,28.102486579361));
#6443 = VECTOR('',#6444,1.);
#6444 = DIRECTION('',(0.,0.,-1.));
#6445 = PCURVE('',#1268,#6446);
#6446 = DEFINITIONAL_REPRESENTATION('',(#6447),#6450);
#6447 = B_SPLINE_CURVE_WITH_KNOTS('',1,(#6448,#6449),.UNSPECIFIED.,.F.,
  .F.,(2,2),(3.702996851667,9.702996851667),.PIECEWISE_BEZIER_KNOTS.);
#6448 = CARTESIAN_POINT('',(16.405993703333,-482.4714285714));
#6449 = CARTESIAN_POINT('',(22.405993703333,-482.4714285714));
#6450 = ( GEOMETRIC_REPRESENTATION_CONTEXT(2) 
PARAMETRIC_REPRESENTATION_CONTEXT() REPRESENTATION_CONTEXT('2D SPACE',''
  ) );
#6451 = PCURVE('',#4171,#6452);
#6452 = DEFINITIONAL_REPRESENTATION('',(#6453),#6456);
#6453 = B_SPLINE_CURVE_WITH_KNOTS('',1,(#6454,#6455),.UNSPECIFIED.,.F.,
  .F.,(2,2),(3.702996851667,9.702996851667),.PIECEWISE_BEZIER_KNOTS.);
#6454 = CARTESIAN_POINT('',(9.,-1.6));
#6455 = CARTESIAN_POINT('',(3.,-1.6));
#6456 = ( GEOMETRIC_REPRESENTATION_CONTEXT(2) 
PARAMETRIC_REPRESENTATION_CONTEXT() REPRESENTATION_CONTEXT('2D SPACE',''
  ) );
#6457 = ORIENTED_EDGE('',*,*,#6458,.F.);
#6458 = EDGE_CURVE('',#6459,#6438,#6461,.T.);
#6459 = VERTEX_POINT('',#6460);
#6460 = CARTESIAN_POINT('',(479.47142857142,20.,27.399489727694));
#6461 = SURFACE_CURVE('',#6462,(#6467,#6474),.PCURVE_S1.);
#6462 = CIRCLE('',#6463,3.);
#6463 = AXIS2_PLACEMENT_3D('',#6464,#6465,#6466);
#6464 = CARTESIAN_POINT('',(479.47142857142,20.,24.399489727694));
#6465 = DIRECTION('',(0.,1.,0.));
#6466 = DIRECTION('',(1.,0.,-0.));
#6467 = PCURVE('',#1268,#6468);
#6468 = DEFINITIONAL_REPRESENTATION('',(#6469),#6473);
#6469 = CIRCLE('',#6470,3.);
#6470 = AXIS2_PLACEMENT_2D('',#6471,#6472);
#6471 = CARTESIAN_POINT('',(16.405993703333,-479.4714285714));
#6472 = DIRECTION('',(0.,-1.));
#6473 = ( GEOMETRIC_REPRESENTATION_CONTEXT(2) 
PARAMETRIC_REPRESENTATION_CONTEXT() REPRESENTATION_CONTEXT('2D SPACE',''
  ) );
#6474 = PCURVE('',#4144,#6475);
#6475 = DEFINITIONAL_REPRESENTATION('',(#6476),#6480);
#6476 = LINE('',#6477,#6478);
#6477 = CARTESIAN_POINT('',(-6.28318530718,1.6));
#6478 = VECTOR('',#6479,1.);
#6479 = DIRECTION('',(1.,-0.));
#6480 = ( GEOMETRIC_REPRESENTATION_CONTEXT(2) 
PARAMETRIC_REPRESENTATION_CONTEXT() REPRESENTATION_CONTEXT('2D SPACE',''
  ) );
#6481 = ORIENTED_EDGE('',*,*,#6482,.F.);
#6482 = EDGE_CURVE('',#6324,#6459,#6483,.T.);
#6483 = SURFACE_CURVE('',#6484,(#6488,#6494),.PCURVE_S1.);
#6484 = LINE('',#6485,#6486);
#6485 = CARTESIAN_POINT('',(229.23571428571,20.,27.399489727694));
#6486 = VECTOR('',#6487,1.);
#6487 = DIRECTION('',(1.,0.,-0.));
#6488 = PCURVE('',#1268,#6489);
#6489 = DEFINITIONAL_REPRESENTATION('',(#6490),#6493);
#6490 = B_SPLINE_CURVE_WITH_KNOTS('',1,(#6491,#6492),.UNSPECIFIED.,.F.,
  .F.,(2,2),(232.23571428571,250.23571428571),.PIECEWISE_BEZIER_KNOTS.);
#6491 = CARTESIAN_POINT('',(13.405993703333,-461.4714285714));
#6492 = CARTESIAN_POINT('',(13.405993703333,-479.4714285714));
#6493 = ( GEOMETRIC_REPRESENTATION_CONTEXT(2) 
PARAMETRIC_REPRESENTATION_CONTEXT() REPRESENTATION_CONTEXT('2D SPACE',''
  ) );
#6494 = PCURVE('',#4112,#6495);
#6495 = DEFINITIONAL_REPRESENTATION('',(#6496),#6499);
#6496 = B_SPLINE_CURVE_WITH_KNOTS('',1,(#6497,#6498),.UNSPECIFIED.,.F.,
  .F.,(2,2),(232.23571428571,250.23571428571),.PIECEWISE_BEZIER_KNOTS.);
#6497 = CARTESIAN_POINT('',(3.,1.6));
#6498 = CARTESIAN_POINT('',(21.,1.6));
#6499 = ( GEOMETRIC_REPRESENTATION_CONTEXT(2) 
PARAMETRIC_REPRESENTATION_CONTEXT() REPRESENTATION_CONTEXT('2D SPACE',''
  ) );
#6500 = FACE_BOUND('',#6501,.F.);
#6501 = EDGE_LOOP('',(#6502,#6528,#6549,#6573,#6594,#6618,#6639,#6663));
#6502 = ORIENTED_EDGE('',*,*,#6503,.F.);
#6503 = EDGE_CURVE('',#6504,#6506,#6508,.T.);
#6504 = VERTEX_POINT('',#6505);
#6505 = CARTESIAN_POINT('',(357.32857142857,20.,24.399489727694));
#6506 = VERTEX_POINT('',#6507);
#6507 = CARTESIAN_POINT('',(360.32857142857,20.,27.399489727694));
#6508 = SURFACE_CURVE('',#6509,(#6514,#6521),.PCURVE_S1.);
#6509 = CIRCLE('',#6510,3.);
#6510 = AXIS2_PLACEMENT_3D('',#6511,#6512,#6513);
#6511 = CARTESIAN_POINT('',(360.32857142857,20.,24.399489727694));
#6512 = DIRECTION('',(0.,1.,0.));
#6513 = DIRECTION('',(-1.,0.,0.));
#6514 = PCURVE('',#1268,#6515);
#6515 = DEFINITIONAL_REPRESENTATION('',(#6516),#6520);
#6516 = CIRCLE('',#6517,3.);
#6517 = AXIS2_PLACEMENT_2D('',#6518,#6519);
#6518 = CARTESIAN_POINT('',(16.405993703333,-360.3285714285));
#6519 = DIRECTION('',(0.,1.));
#6520 = ( GEOMETRIC_REPRESENTATION_CONTEXT(2) 
PARAMETRIC_REPRESENTATION_CONTEXT() REPRESENTATION_CONTEXT('2D SPACE',''
  ) );
#6521 = PCURVE('',#4323,#6522);
#6522 = DEFINITIONAL_REPRESENTATION('',(#6523),#6527);
#6523 = LINE('',#6524,#6525);
#6524 = CARTESIAN_POINT('',(0.,1.6));
#6525 = VECTOR('',#6526,1.);
#6526 = DIRECTION('',(1.,0.));
#6527 = ( GEOMETRIC_REPRESENTATION_CONTEXT(2) 
PARAMETRIC_REPRESENTATION_CONTEXT() REPRESENTATION_CONTEXT('2D SPACE',''
  ) );
#6528 = ORIENTED_EDGE('',*,*,#6529,.T.);
#6529 = EDGE_CURVE('',#6504,#6530,#6532,.T.);
#6530 = VERTEX_POINT('',#6531);
#6531 = CARTESIAN_POINT('',(357.32857142857,20.,18.399489727694));
#6532 = SURFACE_CURVE('',#6533,(#6537,#6543),.PCURVE_S1.);
#6533 = LINE('',#6534,#6535);
#6534 = CARTESIAN_POINT('',(357.32857142857,20.,28.102486579361));
#6535 = VECTOR('',#6536,1.);
#6536 = DIRECTION('',(0.,0.,-1.));
#6537 = PCURVE('',#1268,#6538);
#6538 = DEFINITIONAL_REPRESENTATION('',(#6539),#6542);
#6539 = B_SPLINE_CURVE_WITH_KNOTS('',1,(#6540,#6541),.UNSPECIFIED.,.F.,
  .F.,(2,2),(3.702996851667,9.702996851667),.PIECEWISE_BEZIER_KNOTS.);
#6540 = CARTESIAN_POINT('',(16.405993703333,-357.3285714285));
#6541 = CARTESIAN_POINT('',(22.405993703333,-357.3285714285));
#6542 = ( GEOMETRIC_REPRESENTATION_CONTEXT(2) 
PARAMETRIC_REPRESENTATION_CONTEXT() REPRESENTATION_CONTEXT('2D SPACE',''
  ) );
#6543 = PCURVE('',#4291,#6544);
#6544 = DEFINITIONAL_REPRESENTATION('',(#6545),#6548);
#6545 = B_SPLINE_CURVE_WITH_KNOTS('',1,(#6546,#6547),.UNSPECIFIED.,.F.,
  .F.,(2,2),(3.702996851667,9.702996851667),.PIECEWISE_BEZIER_KNOTS.);
#6546 = CARTESIAN_POINT('',(9.,-1.6));
#6547 = CARTESIAN_POINT('',(3.,-1.6));
#6548 = ( GEOMETRIC_REPRESENTATION_CONTEXT(2) 
PARAMETRIC_REPRESENTATION_CONTEXT() REPRESENTATION_CONTEXT('2D SPACE',''
  ) );
#6549 = ORIENTED_EDGE('',*,*,#6550,.F.);
#6550 = EDGE_CURVE('',#6551,#6530,#6553,.T.);
#6551 = VERTEX_POINT('',#6552);
#6552 = CARTESIAN_POINT('',(360.32857142857,20.,15.399489727694));
#6553 = SURFACE_CURVE('',#6554,(#6559,#6566),.PCURVE_S1.);
#6554 = CIRCLE('',#6555,3.);
#6555 = AXIS2_PLACEMENT_3D('',#6556,#6557,#6558);
#6556 = CARTESIAN_POINT('',(360.32857142857,20.,18.399489727694));
#6557 = DIRECTION('',(0.,1.,0.));
#6558 = DIRECTION('',(-1.,0.,0.));
#6559 = PCURVE('',#1268,#6560);
#6560 = DEFINITIONAL_REPRESENTATION('',(#6561),#6565);
#6561 = CIRCLE('',#6562,3.);
#6562 = AXIS2_PLACEMENT_2D('',#6563,#6564);
#6563 = CARTESIAN_POINT('',(22.405993703333,-360.3285714285));
#6564 = DIRECTION('',(0.,1.));
#6565 = ( GEOMETRIC_REPRESENTATION_CONTEXT(2) 
PARAMETRIC_REPRESENTATION_CONTEXT() REPRESENTATION_CONTEXT('2D SPACE',''
  ) );
#6566 = PCURVE('',#4264,#6567);
#6567 = DEFINITIONAL_REPRESENTATION('',(#6568),#6572);
#6568 = LINE('',#6569,#6570);
#6569 = CARTESIAN_POINT('',(-6.28318530718,1.6));
#6570 = VECTOR('',#6571,1.);
#6571 = DIRECTION('',(1.,-0.));
#6572 = ( GEOMETRIC_REPRESENTATION_CONTEXT(2) 
PARAMETRIC_REPRESENTATION_CONTEXT() REPRESENTATION_CONTEXT('2D SPACE',''
  ) );
#6573 = ORIENTED_EDGE('',*,*,#6574,.T.);
#6574 = EDGE_CURVE('',#6551,#6575,#6577,.T.);
#6575 = VERTEX_POINT('',#6576);
#6576 = CARTESIAN_POINT('',(378.32857142857,20.,15.399489727694));
#6577 = SURFACE_CURVE('',#6578,(#6582,#6588),.PCURVE_S1.);
#6578 = LINE('',#6579,#6580);
#6579 = CARTESIAN_POINT('',(178.66428571428,20.,15.399489727694));
#6580 = VECTOR('',#6581,1.);
#6581 = DIRECTION('',(1.,0.,-0.));
#6582 = PCURVE('',#1268,#6583);
#6583 = DEFINITIONAL_REPRESENTATION('',(#6584),#6587);
#6584 = B_SPLINE_CURVE_WITH_KNOTS('',1,(#6585,#6586),.UNSPECIFIED.,.F.,
  .F.,(2,2),(181.66428571428,199.66428571428),.PIECEWISE_BEZIER_KNOTS.);
#6585 = CARTESIAN_POINT('',(25.405993703333,-360.3285714285));
#6586 = CARTESIAN_POINT('',(25.405993703333,-378.3285714285));
#6587 = ( GEOMETRIC_REPRESENTATION_CONTEXT(2) 
PARAMETRIC_REPRESENTATION_CONTEXT() REPRESENTATION_CONTEXT('2D SPACE',''
  ) );
#6588 = PCURVE('',#4466,#6589);
#6589 = DEFINITIONAL_REPRESENTATION('',(#6590),#6593);
#6590 = B_SPLINE_CURVE_WITH_KNOTS('',1,(#6591,#6592),.UNSPECIFIED.,.F.,
  .F.,(2,2),(181.66428571428,199.66428571428),.PIECEWISE_BEZIER_KNOTS.);
#6591 = CARTESIAN_POINT('',(3.,1.6));
#6592 = CARTESIAN_POINT('',(21.,1.6));
#6593 = ( GEOMETRIC_REPRESENTATION_CONTEXT(2) 
PARAMETRIC_REPRESENTATION_CONTEXT() REPRESENTATION_CONTEXT('2D SPACE',''
  ) );
#6594 = ORIENTED_EDGE('',*,*,#6595,.F.);
#6595 = EDGE_CURVE('',#6596,#6575,#6598,.T.);
#6596 = VERTEX_POINT('',#6597);
#6597 = CARTESIAN_POINT('',(381.32857142857,20.,18.399489727694));
#6598 = SURFACE_CURVE('',#6599,(#6604,#6611),.PCURVE_S1.);
#6599 = CIRCLE('',#6600,3.);
#6600 = AXIS2_PLACEMENT_3D('',#6601,#6602,#6603);
#6601 = CARTESIAN_POINT('',(378.32857142857,20.,18.399489727694));
#6602 = DIRECTION('',(0.,1.,0.));
#6603 = DIRECTION('',(1.,0.,-0.));
#6604 = PCURVE('',#1268,#6605);
#6605 = DEFINITIONAL_REPRESENTATION('',(#6606),#6610);
#6606 = CIRCLE('',#6607,3.);
#6607 = AXIS2_PLACEMENT_2D('',#6608,#6609);
#6608 = CARTESIAN_POINT('',(22.405993703333,-378.3285714285));
#6609 = DIRECTION('',(0.,-1.));
#6610 = ( GEOMETRIC_REPRESENTATION_CONTEXT(2) 
PARAMETRIC_REPRESENTATION_CONTEXT() REPRESENTATION_CONTEXT('2D SPACE',''
  ) );
#6611 = PCURVE('',#4441,#6612);
#6612 = DEFINITIONAL_REPRESENTATION('',(#6613),#6617);
#6613 = LINE('',#6614,#6615);
#6614 = CARTESIAN_POINT('',(0.,1.6));
#6615 = VECTOR('',#6616,1.);
#6616 = DIRECTION('',(1.,0.));
#6617 = ( GEOMETRIC_REPRESENTATION_CONTEXT(2) 
PARAMETRIC_REPRESENTATION_CONTEXT() REPRESENTATION_CONTEXT('2D SPACE',''
  ) );
#6618 = ORIENTED_EDGE('',*,*,#6619,.F.);
#6619 = EDGE_CURVE('',#6620,#6596,#6622,.T.);
#6620 = VERTEX_POINT('',#6621);
#6621 = CARTESIAN_POINT('',(381.32857142857,20.,24.399489727694));
#6622 = SURFACE_CURVE('',#6623,(#6627,#6633),.PCURVE_S1.);
#6623 = LINE('',#6624,#6625);
#6624 = CARTESIAN_POINT('',(381.32857142857,20.,28.102486579361));
#6625 = VECTOR('',#6626,1.);
#6626 = DIRECTION('',(0.,0.,-1.));
#6627 = PCURVE('',#1268,#6628);
#6628 = DEFINITIONAL_REPRESENTATION('',(#6629),#6632);
#6629 = B_SPLINE_CURVE_WITH_KNOTS('',1,(#6630,#6631),.UNSPECIFIED.,.F.,
  .F.,(2,2),(3.702996851667,9.702996851667),.PIECEWISE_BEZIER_KNOTS.);
#6630 = CARTESIAN_POINT('',(16.405993703333,-381.3285714285));
#6631 = CARTESIAN_POINT('',(22.405993703333,-381.3285714285));
#6632 = ( GEOMETRIC_REPRESENTATION_CONTEXT(2) 
PARAMETRIC_REPRESENTATION_CONTEXT() REPRESENTATION_CONTEXT('2D SPACE',''
  ) );
#6633 = PCURVE('',#4409,#6634);
#6634 = DEFINITIONAL_REPRESENTATION('',(#6635),#6638);
#6635 = B_SPLINE_CURVE_WITH_KNOTS('',1,(#6636,#6637),.UNSPECIFIED.,.F.,
  .F.,(2,2),(3.702996851667,9.702996851667),.PIECEWISE_BEZIER_KNOTS.);
#6636 = CARTESIAN_POINT('',(9.,-1.6));
#6637 = CARTESIAN_POINT('',(3.,-1.6));
#6638 = ( GEOMETRIC_REPRESENTATION_CONTEXT(2) 
PARAMETRIC_REPRESENTATION_CONTEXT() REPRESENTATION_CONTEXT('2D SPACE',''
  ) );
#6639 = ORIENTED_EDGE('',*,*,#6640,.F.);
#6640 = EDGE_CURVE('',#6641,#6620,#6643,.T.);
#6641 = VERTEX_POINT('',#6642);
#6642 = CARTESIAN_POINT('',(378.32857142857,20.,27.399489727694));
#6643 = SURFACE_CURVE('',#6644,(#6649,#6656),.PCURVE_S1.);
#6644 = CIRCLE('',#6645,3.);
#6645 = AXIS2_PLACEMENT_3D('',#6646,#6647,#6648);
#6646 = CARTESIAN_POINT('',(378.32857142857,20.,24.399489727694));
#6647 = DIRECTION('',(0.,1.,0.));
#6648 = DIRECTION('',(1.,0.,-0.));
#6649 = PCURVE('',#1268,#6650);
#6650 = DEFINITIONAL_REPRESENTATION('',(#6651),#6655);
#6651 = CIRCLE('',#6652,3.);
#6652 = AXIS2_PLACEMENT_2D('',#6653,#6654);
#6653 = CARTESIAN_POINT('',(16.405993703333,-378.3285714285));
#6654 = DIRECTION('',(0.,-1.));
#6655 = ( GEOMETRIC_REPRESENTATION_CONTEXT(2) 
PARAMETRIC_REPRESENTATION_CONTEXT() REPRESENTATION_CONTEXT('2D SPACE',''
  ) );
#6656 = PCURVE('',#4382,#6657);
#6657 = DEFINITIONAL_REPRESENTATION('',(#6658),#6662);
#6658 = LINE('',#6659,#6660);
#6659 = CARTESIAN_POINT('',(-6.28318530718,1.6));
#6660 = VECTOR('',#6661,1.);
#6661 = DIRECTION('',(1.,-0.));
#6662 = ( GEOMETRIC_REPRESENTATION_CONTEXT(2) 
PARAMETRIC_REPRESENTATION_CONTEXT() REPRESENTATION_CONTEXT('2D SPACE',''
  ) );
#6663 = ORIENTED_EDGE('',*,*,#6664,.F.);
#6664 = EDGE_CURVE('',#6506,#6641,#6665,.T.);
#6665 = SURFACE_CURVE('',#6666,(#6670,#6676),.PCURVE_S1.);
#6666 = LINE('',#6667,#6668);
#6667 = CARTESIAN_POINT('',(178.66428571428,20.,27.399489727694));
#6668 = VECTOR('',#6669,1.);
#6669 = DIRECTION('',(1.,0.,-0.));
#6670 = PCURVE('',#1268,#6671);
#6671 = DEFINITIONAL_REPRESENTATION('',(#6672),#6675);
#6672 = B_SPLINE_CURVE_WITH_KNOTS('',1,(#6673,#6674),.UNSPECIFIED.,.F.,
  .F.,(2,2),(181.66428571428,199.66428571428),.PIECEWISE_BEZIER_KNOTS.);
#6673 = CARTESIAN_POINT('',(13.405993703333,-360.3285714285));
#6674 = CARTESIAN_POINT('',(13.405993703333,-378.3285714285));
#6675 = ( GEOMETRIC_REPRESENTATION_CONTEXT(2) 
PARAMETRIC_REPRESENTATION_CONTEXT() REPRESENTATION_CONTEXT('2D SPACE',''
  ) );
#6676 = PCURVE('',#4350,#6677);
#6677 = DEFINITIONAL_REPRESENTATION('',(#6678),#6681);
#6678 = B_SPLINE_CURVE_WITH_KNOTS('',1,(#6679,#6680),.UNSPECIFIED.,.F.,
  .F.,(2,2),(181.66428571428,199.66428571428),.PIECEWISE_BEZIER_KNOTS.);
#6679 = CARTESIAN_POINT('',(3.,1.6));
#6680 = CARTESIAN_POINT('',(21.,1.6));
#6681 = ( GEOMETRIC_REPRESENTATION_CONTEXT(2) 
PARAMETRIC_REPRESENTATION_CONTEXT() REPRESENTATION_CONTEXT('2D SPACE',''
  ) );
#6682 = FACE_BOUND('',#6683,.F.);
#6683 = EDGE_LOOP('',(#6684,#6710,#6731,#6755,#6776,#6800,#6821,#6845));
#6684 = ORIENTED_EDGE('',*,*,#6685,.F.);
#6685 = EDGE_CURVE('',#6686,#6688,#6690,.T.);
#6686 = VERTEX_POINT('',#6687);
#6687 = CARTESIAN_POINT('',(256.18571428571,20.,24.399489727694));
#6688 = VERTEX_POINT('',#6689);
#6689 = CARTESIAN_POINT('',(259.18571428571,20.,27.399489727694));
#6690 = SURFACE_CURVE('',#6691,(#6696,#6703),.PCURVE_S1.);
#6691 = CIRCLE('',#6692,3.);
#6692 = AXIS2_PLACEMENT_3D('',#6693,#6694,#6695);
#6693 = CARTESIAN_POINT('',(259.18571428571,20.,24.399489727694));
#6694 = DIRECTION('',(0.,1.,0.));
#6695 = DIRECTION('',(-1.,0.,0.));
#6696 = PCURVE('',#1268,#6697);
#6697 = DEFINITIONAL_REPRESENTATION('',(#6698),#6702);
#6698 = CIRCLE('',#6699,3.);
#6699 = AXIS2_PLACEMENT_2D('',#6700,#6701);
#6700 = CARTESIAN_POINT('',(16.405993703333,-259.1857142857));
#6701 = DIRECTION('',(0.,1.));
#6702 = ( GEOMETRIC_REPRESENTATION_CONTEXT(2) 
PARAMETRIC_REPRESENTATION_CONTEXT() REPRESENTATION_CONTEXT('2D SPACE',''
  ) );
#6703 = PCURVE('',#4561,#6704);
#6704 = DEFINITIONAL_REPRESENTATION('',(#6705),#6709);
#6705 = LINE('',#6706,#6707);
#6706 = CARTESIAN_POINT('',(0.,1.6));
#6707 = VECTOR('',#6708,1.);
#6708 = DIRECTION('',(1.,0.));
#6709 = ( GEOMETRIC_REPRESENTATION_CONTEXT(2) 
PARAMETRIC_REPRESENTATION_CONTEXT() REPRESENTATION_CONTEXT('2D SPACE',''
  ) );
#6710 = ORIENTED_EDGE('',*,*,#6711,.T.);
#6711 = EDGE_CURVE('',#6686,#6712,#6714,.T.);
#6712 = VERTEX_POINT('',#6713);
#6713 = CARTESIAN_POINT('',(256.18571428571,20.,18.399489727694));
#6714 = SURFACE_CURVE('',#6715,(#6719,#6725),.PCURVE_S1.);
#6715 = LINE('',#6716,#6717);
#6716 = CARTESIAN_POINT('',(256.18571428571,20.,28.102486579361));
#6717 = VECTOR('',#6718,1.);
#6718 = DIRECTION('',(0.,0.,-1.));
#6719 = PCURVE('',#1268,#6720);
#6720 = DEFINITIONAL_REPRESENTATION('',(#6721),#6724);
#6721 = B_SPLINE_CURVE_WITH_KNOTS('',1,(#6722,#6723),.UNSPECIFIED.,.F.,
  .F.,(2,2),(3.702996851667,9.702996851667),.PIECEWISE_BEZIER_KNOTS.);
#6722 = CARTESIAN_POINT('',(16.405993703333,-256.1857142857));
#6723 = CARTESIAN_POINT('',(22.405993703333,-256.1857142857));
#6724 = ( GEOMETRIC_REPRESENTATION_CONTEXT(2) 
PARAMETRIC_REPRESENTATION_CONTEXT() REPRESENTATION_CONTEXT('2D SPACE',''
  ) );
#6725 = PCURVE('',#4529,#6726);
#6726 = DEFINITIONAL_REPRESENTATION('',(#6727),#6730);
#6727 = B_SPLINE_CURVE_WITH_KNOTS('',1,(#6728,#6729),.UNSPECIFIED.,.F.,
  .F.,(2,2),(3.702996851667,9.702996851667),.PIECEWISE_BEZIER_KNOTS.);
#6728 = CARTESIAN_POINT('',(9.,-1.6));
#6729 = CARTESIAN_POINT('',(3.,-1.6));
#6730 = ( GEOMETRIC_REPRESENTATION_CONTEXT(2) 
PARAMETRIC_REPRESENTATION_CONTEXT() REPRESENTATION_CONTEXT('2D SPACE',''
  ) );
#6731 = ORIENTED_EDGE('',*,*,#6732,.F.);
#6732 = EDGE_CURVE('',#6733,#6712,#6735,.T.);
#6733 = VERTEX_POINT('',#6734);
#6734 = CARTESIAN_POINT('',(259.18571428571,20.,15.399489727694));
#6735 = SURFACE_CURVE('',#6736,(#6741,#6748),.PCURVE_S1.);
#6736 = CIRCLE('',#6737,3.);
#6737 = AXIS2_PLACEMENT_3D('',#6738,#6739,#6740);
#6738 = CARTESIAN_POINT('',(259.18571428571,20.,18.399489727694));
#6739 = DIRECTION('',(0.,1.,0.));
#6740 = DIRECTION('',(-1.,0.,0.));
#6741 = PCURVE('',#1268,#6742);
#6742 = DEFINITIONAL_REPRESENTATION('',(#6743),#6747);
#6743 = CIRCLE('',#6744,3.);
#6744 = AXIS2_PLACEMENT_2D('',#6745,#6746);
#6745 = CARTESIAN_POINT('',(22.405993703333,-259.1857142857));
#6746 = DIRECTION('',(0.,1.));
#6747 = ( GEOMETRIC_REPRESENTATION_CONTEXT(2) 
PARAMETRIC_REPRESENTATION_CONTEXT() REPRESENTATION_CONTEXT('2D SPACE',''
  ) );
#6748 = PCURVE('',#4502,#6749);
#6749 = DEFINITIONAL_REPRESENTATION('',(#6750),#6754);
#6750 = LINE('',#6751,#6752);
#6751 = CARTESIAN_POINT('',(-6.28318530718,1.6));
#6752 = VECTOR('',#6753,1.);
#6753 = DIRECTION('',(1.,-0.));
#6754 = ( GEOMETRIC_REPRESENTATION_CONTEXT(2) 
PARAMETRIC_REPRESENTATION_CONTEXT() REPRESENTATION_CONTEXT('2D SPACE',''
  ) );
#6755 = ORIENTED_EDGE('',*,*,#6756,.T.);
#6756 = EDGE_CURVE('',#6733,#6757,#6759,.T.);
#6757 = VERTEX_POINT('',#6758);
#6758 = CARTESIAN_POINT('',(277.18571428571,20.,15.399489727694));
#6759 = SURFACE_CURVE('',#6760,(#6764,#6770),.PCURVE_S1.);
#6760 = LINE('',#6761,#6762);
#6761 = CARTESIAN_POINT('',(128.09285714285,20.,15.399489727694));
#6762 = VECTOR('',#6763,1.);
#6763 = DIRECTION('',(1.,0.,-0.));
#6764 = PCURVE('',#1268,#6765);
#6765 = DEFINITIONAL_REPRESENTATION('',(#6766),#6769);
#6766 = B_SPLINE_CURVE_WITH_KNOTS('',1,(#6767,#6768),.UNSPECIFIED.,.F.,
  .F.,(2,2),(131.09285714285,149.09285714285),.PIECEWISE_BEZIER_KNOTS.);
#6767 = CARTESIAN_POINT('',(25.405993703333,-259.1857142857));
#6768 = CARTESIAN_POINT('',(25.405993703333,-277.1857142857));
#6769 = ( GEOMETRIC_REPRESENTATION_CONTEXT(2) 
PARAMETRIC_REPRESENTATION_CONTEXT() REPRESENTATION_CONTEXT('2D SPACE',''
  ) );
#6770 = PCURVE('',#4704,#6771);
#6771 = DEFINITIONAL_REPRESENTATION('',(#6772),#6775);
#6772 = B_SPLINE_CURVE_WITH_KNOTS('',1,(#6773,#6774),.UNSPECIFIED.,.F.,
  .F.,(2,2),(131.09285714285,149.09285714285),.PIECEWISE_BEZIER_KNOTS.);
#6773 = CARTESIAN_POINT('',(3.,1.6));
#6774 = CARTESIAN_POINT('',(21.,1.6));
#6775 = ( GEOMETRIC_REPRESENTATION_CONTEXT(2) 
PARAMETRIC_REPRESENTATION_CONTEXT() REPRESENTATION_CONTEXT('2D SPACE',''
  ) );
#6776 = ORIENTED_EDGE('',*,*,#6777,.F.);
#6777 = EDGE_CURVE('',#6778,#6757,#6780,.T.);
#6778 = VERTEX_POINT('',#6779);
#6779 = CARTESIAN_POINT('',(280.18571428571,20.,18.399489727694));
#6780 = SURFACE_CURVE('',#6781,(#6786,#6793),.PCURVE_S1.);
#6781 = CIRCLE('',#6782,3.);
#6782 = AXIS2_PLACEMENT_3D('',#6783,#6784,#6785);
#6783 = CARTESIAN_POINT('',(277.18571428571,20.,18.399489727694));
#6784 = DIRECTION('',(0.,1.,0.));
#6785 = DIRECTION('',(1.,0.,-0.));
#6786 = PCURVE('',#1268,#6787);
#6787 = DEFINITIONAL_REPRESENTATION('',(#6788),#6792);
#6788 = CIRCLE('',#6789,3.);
#6789 = AXIS2_PLACEMENT_2D('',#6790,#6791);
#6790 = CARTESIAN_POINT('',(22.405993703333,-277.1857142857));
#6791 = DIRECTION('',(0.,-1.));
#6792 = ( GEOMETRIC_REPRESENTATION_CONTEXT(2) 
PARAMETRIC_REPRESENTATION_CONTEXT() REPRESENTATION_CONTEXT('2D SPACE',''
  ) );
#6793 = PCURVE('',#4679,#6794);
#6794 = DEFINITIONAL_REPRESENTATION('',(#6795),#6799);
#6795 = LINE('',#6796,#6797);
#6796 = CARTESIAN_POINT('',(0.,1.6));
#6797 = VECTOR('',#6798,1.);
#6798 = DIRECTION('',(1.,0.));
#6799 = ( GEOMETRIC_REPRESENTATION_CONTEXT(2) 
PARAMETRIC_REPRESENTATION_CONTEXT() REPRESENTATION_CONTEXT('2D SPACE',''
  ) );
#6800 = ORIENTED_EDGE('',*,*,#6801,.F.);
#6801 = EDGE_CURVE('',#6802,#6778,#6804,.T.);
#6802 = VERTEX_POINT('',#6803);
#6803 = CARTESIAN_POINT('',(280.18571428571,20.,24.399489727694));
#6804 = SURFACE_CURVE('',#6805,(#6809,#6815),.PCURVE_S1.);
#6805 = LINE('',#6806,#6807);
#6806 = CARTESIAN_POINT('',(280.18571428571,20.,28.102486579361));
#6807 = VECTOR('',#6808,1.);
#6808 = DIRECTION('',(0.,0.,-1.));
#6809 = PCURVE('',#1268,#6810);
#6810 = DEFINITIONAL_REPRESENTATION('',(#6811),#6814);
#6811 = B_SPLINE_CURVE_WITH_KNOTS('',1,(#6812,#6813),.UNSPECIFIED.,.F.,
  .F.,(2,2),(3.702996851667,9.702996851667),.PIECEWISE_BEZIER_KNOTS.);
#6812 = CARTESIAN_POINT('',(16.405993703333,-280.1857142857));
#6813 = CARTESIAN_POINT('',(22.405993703333,-280.1857142857));
#6814 = ( GEOMETRIC_REPRESENTATION_CONTEXT(2) 
PARAMETRIC_REPRESENTATION_CONTEXT() REPRESENTATION_CONTEXT('2D SPACE',''
  ) );
#6815 = PCURVE('',#4647,#6816);
#6816 = DEFINITIONAL_REPRESENTATION('',(#6817),#6820);
#6817 = B_SPLINE_CURVE_WITH_KNOTS('',1,(#6818,#6819),.UNSPECIFIED.,.F.,
  .F.,(2,2),(3.702996851667,9.702996851667),.PIECEWISE_BEZIER_KNOTS.);
#6818 = CARTESIAN_POINT('',(9.,-1.6));
#6819 = CARTESIAN_POINT('',(3.,-1.6));
#6820 = ( GEOMETRIC_REPRESENTATION_CONTEXT(2) 
PARAMETRIC_REPRESENTATION_CONTEXT() REPRESENTATION_CONTEXT('2D SPACE',''
  ) );
#6821 = ORIENTED_EDGE('',*,*,#6822,.F.);
#6822 = EDGE_CURVE('',#6823,#6802,#6825,.T.);
#6823 = VERTEX_POINT('',#6824);
#6824 = CARTESIAN_POINT('',(277.18571428571,20.,27.399489727694));
#6825 = SURFACE_CURVE('',#6826,(#6831,#6838),.PCURVE_S1.);
#6826 = CIRCLE('',#6827,3.);
#6827 = AXIS2_PLACEMENT_3D('',#6828,#6829,#6830);
#6828 = CARTESIAN_POINT('',(277.18571428571,20.,24.399489727694));
#6829 = DIRECTION('',(0.,1.,0.));
#6830 = DIRECTION('',(1.,0.,-0.));
#6831 = PCURVE('',#1268,#6832);
#6832 = DEFINITIONAL_REPRESENTATION('',(#6833),#6837);
#6833 = CIRCLE('',#6834,3.);
#6834 = AXIS2_PLACEMENT_2D('',#6835,#6836);
#6835 = CARTESIAN_POINT('',(16.405993703333,-277.1857142857));
#6836 = DIRECTION('',(0.,-1.));
#6837 = ( GEOMETRIC_REPRESENTATION_CONTEXT(2) 
PARAMETRIC_REPRESENTATION_CONTEXT() REPRESENTATION_CONTEXT('2D SPACE',''
  ) );
#6838 = PCURVE('',#4620,#6839);
#6839 = DEFINITIONAL_REPRESENTATION('',(#6840),#6844);
#6840 = LINE('',#6841,#6842);
#6841 = CARTESIAN_POINT('',(-6.28318530718,1.6));
#6842 = VECTOR('',#6843,1.);
#6843 = DIRECTION('',(1.,-0.));
#6844 = ( GEOMETRIC_REPRESENTATION_CONTEXT(2) 
PARAMETRIC_REPRESENTATION_CONTEXT() REPRESENTATION_CONTEXT('2D SPACE',''
  ) );
#6845 = ORIENTED_EDGE('',*,*,#6846,.F.);
#6846 = EDGE_CURVE('',#6688,#6823,#6847,.T.);
#6847 = SURFACE_CURVE('',#6848,(#6852,#6858),.PCURVE_S1.);
#6848 = LINE('',#6849,#6850);
#6849 = CARTESIAN_POINT('',(128.09285714285,20.,27.399489727694));
#6850 = VECTOR('',#6851,1.);
#6851 = DIRECTION('',(1.,0.,-0.));
#6852 = PCURVE('',#1268,#6853);
#6853 = DEFINITIONAL_REPRESENTATION('',(#6854),#6857);
#6854 = B_SPLINE_CURVE_WITH_KNOTS('',1,(#6855,#6856),.UNSPECIFIED.,.F.,
  .F.,(2,2),(131.09285714285,149.09285714285),.PIECEWISE_BEZIER_KNOTS.);
#6855 = CARTESIAN_POINT('',(13.405993703333,-259.1857142857));
#6856 = CARTESIAN_POINT('',(13.405993703333,-277.1857142857));
#6857 = ( GEOMETRIC_REPRESENTATION_CONTEXT(2) 
PARAMETRIC_REPRESENTATION_CONTEXT() REPRESENTATION_CONTEXT('2D SPACE',''
  ) );
#6858 = PCURVE('',#4588,#6859);
#6859 = DEFINITIONAL_REPRESENTATION('',(#6860),#6863);
#6860 = B_SPLINE_CURVE_WITH_KNOTS('',1,(#6861,#6862),.UNSPECIFIED.,.F.,
  .F.,(2,2),(131.09285714285,149.09285714285),.PIECEWISE_BEZIER_KNOTS.);
#6861 = CARTESIAN_POINT('',(3.,1.6));
#6862 = CARTESIAN_POINT('',(21.,1.6));
#6863 = ( GEOMETRIC_REPRESENTATION_CONTEXT(2) 
PARAMETRIC_REPRESENTATION_CONTEXT() REPRESENTATION_CONTEXT('2D SPACE',''
  ) );
#6864 = FACE_BOUND('',#6865,.F.);
#6865 = EDGE_LOOP('',(#6866,#6892,#6913,#6937,#6958,#6982,#7003,#7027));
#6866 = ORIENTED_EDGE('',*,*,#6867,.F.);
#6867 = EDGE_CURVE('',#6868,#6870,#6872,.T.);
#6868 = VERTEX_POINT('',#6869);
#6869 = CARTESIAN_POINT('',(155.04285714285,20.,24.399489727694));
#6870 = VERTEX_POINT('',#6871);
#6871 = CARTESIAN_POINT('',(158.04285714285,20.,27.399489727694));
#6872 = SURFACE_CURVE('',#6873,(#6878,#6885),.PCURVE_S1.);
#6873 = CIRCLE('',#6874,3.);
#6874 = AXIS2_PLACEMENT_3D('',#6875,#6876,#6877);
#6875 = CARTESIAN_POINT('',(158.04285714285,20.,24.399489727694));
#6876 = DIRECTION('',(0.,1.,0.));
#6877 = DIRECTION('',(-1.,0.,0.));
#6878 = PCURVE('',#1268,#6879);
#6879 = DEFINITIONAL_REPRESENTATION('',(#6880),#6884);
#6880 = CIRCLE('',#6881,3.);
#6881 = AXIS2_PLACEMENT_2D('',#6882,#6883);
#6882 = CARTESIAN_POINT('',(16.405993703333,-158.0428571428));
#6883 = DIRECTION('',(0.,1.));
#6884 = ( GEOMETRIC_REPRESENTATION_CONTEXT(2) 
PARAMETRIC_REPRESENTATION_CONTEXT() REPRESENTATION_CONTEXT('2D SPACE',''
  ) );
#6885 = PCURVE('',#4799,#6886);
#6886 = DEFINITIONAL_REPRESENTATION('',(#6887),#6891);
#6887 = LINE('',#6888,#6889);
#6888 = CARTESIAN_POINT('',(0.,1.6));
#6889 = VECTOR('',#6890,1.);
#6890 = DIRECTION('',(1.,0.));
#6891 = ( GEOMETRIC_REPRESENTATION_CONTEXT(2) 
PARAMETRIC_REPRESENTATION_CONTEXT() REPRESENTATION_CONTEXT('2D SPACE',''
  ) );
#6892 = ORIENTED_EDGE('',*,*,#6893,.T.);
#6893 = EDGE_CURVE('',#6868,#6894,#6896,.T.);
#6894 = VERTEX_POINT('',#6895);
#6895 = CARTESIAN_POINT('',(155.04285714285,20.,18.399489727694));
#6896 = SURFACE_CURVE('',#6897,(#6901,#6907),.PCURVE_S1.);
#6897 = LINE('',#6898,#6899);
#6898 = CARTESIAN_POINT('',(155.04285714285,20.,28.102486579361));
#6899 = VECTOR('',#6900,1.);
#6900 = DIRECTION('',(0.,0.,-1.));
#6901 = PCURVE('',#1268,#6902);
#6902 = DEFINITIONAL_REPRESENTATION('',(#6903),#6906);
#6903 = B_SPLINE_CURVE_WITH_KNOTS('',1,(#6904,#6905),.UNSPECIFIED.,.F.,
  .F.,(2,2),(3.702996851667,9.702996851667),.PIECEWISE_BEZIER_KNOTS.);
#6904 = CARTESIAN_POINT('',(16.405993703333,-155.0428571428));
#6905 = CARTESIAN_POINT('',(22.405993703333,-155.0428571428));
#6906 = ( GEOMETRIC_REPRESENTATION_CONTEXT(2) 
PARAMETRIC_REPRESENTATION_CONTEXT() REPRESENTATION_CONTEXT('2D SPACE',''
  ) );
#6907 = PCURVE('',#4767,#6908);
#6908 = DEFINITIONAL_REPRESENTATION('',(#6909),#6912);
#6909 = B_SPLINE_CURVE_WITH_KNOTS('',1,(#6910,#6911),.UNSPECIFIED.,.F.,
  .F.,(2,2),(3.702996851667,9.702996851667),.PIECEWISE_BEZIER_KNOTS.);
#6910 = CARTESIAN_POINT('',(9.,-1.6));
#6911 = CARTESIAN_POINT('',(3.,-1.6));
#6912 = ( GEOMETRIC_REPRESENTATION_CONTEXT(2) 
PARAMETRIC_REPRESENTATION_CONTEXT() REPRESENTATION_CONTEXT('2D SPACE',''
  ) );
#6913 = ORIENTED_EDGE('',*,*,#6914,.F.);
#6914 = EDGE_CURVE('',#6915,#6894,#6917,.T.);
#6915 = VERTEX_POINT('',#6916);
#6916 = CARTESIAN_POINT('',(158.04285714285,20.,15.399489727694));
#6917 = SURFACE_CURVE('',#6918,(#6923,#6930),.PCURVE_S1.);
#6918 = CIRCLE('',#6919,3.);
#6919 = AXIS2_PLACEMENT_3D('',#6920,#6921,#6922);
#6920 = CARTESIAN_POINT('',(158.04285714285,20.,18.399489727694));
#6921 = DIRECTION('',(0.,1.,0.));
#6922 = DIRECTION('',(-1.,0.,0.));
#6923 = PCURVE('',#1268,#6924);
#6924 = DEFINITIONAL_REPRESENTATION('',(#6925),#6929);
#6925 = CIRCLE('',#6926,3.);
#6926 = AXIS2_PLACEMENT_2D('',#6927,#6928);
#6927 = CARTESIAN_POINT('',(22.405993703333,-158.0428571428));
#6928 = DIRECTION('',(0.,1.));
#6929 = ( GEOMETRIC_REPRESENTATION_CONTEXT(2) 
PARAMETRIC_REPRESENTATION_CONTEXT() REPRESENTATION_CONTEXT('2D SPACE',''
  ) );
#6930 = PCURVE('',#4740,#6931);
#6931 = DEFINITIONAL_REPRESENTATION('',(#6932),#6936);
#6932 = LINE('',#6933,#6934);
#6933 = CARTESIAN_POINT('',(-6.28318530718,1.6));
#6934 = VECTOR('',#6935,1.);
#6935 = DIRECTION('',(1.,-0.));
#6936 = ( GEOMETRIC_REPRESENTATION_CONTEXT(2) 
PARAMETRIC_REPRESENTATION_CONTEXT() REPRESENTATION_CONTEXT('2D SPACE',''
  ) );
#6937 = ORIENTED_EDGE('',*,*,#6938,.T.);
#6938 = EDGE_CURVE('',#6915,#6939,#6941,.T.);
#6939 = VERTEX_POINT('',#6940);
#6940 = CARTESIAN_POINT('',(176.04285714285,20.,15.399489727694));
#6941 = SURFACE_CURVE('',#6942,(#6946,#6952),.PCURVE_S1.);
#6942 = LINE('',#6943,#6944);
#6943 = CARTESIAN_POINT('',(77.521428571429,20.,15.399489727694));
#6944 = VECTOR('',#6945,1.);
#6945 = DIRECTION('',(1.,0.,-0.));
#6946 = PCURVE('',#1268,#6947);
#6947 = DEFINITIONAL_REPRESENTATION('',(#6948),#6951);
#6948 = B_SPLINE_CURVE_WITH_KNOTS('',1,(#6949,#6950),.UNSPECIFIED.,.F.,
  .F.,(2,2),(80.521428571429,98.521428571429),.PIECEWISE_BEZIER_KNOTS.);
#6949 = CARTESIAN_POINT('',(25.405993703333,-158.0428571428));
#6950 = CARTESIAN_POINT('',(25.405993703333,-176.0428571428));
#6951 = ( GEOMETRIC_REPRESENTATION_CONTEXT(2) 
PARAMETRIC_REPRESENTATION_CONTEXT() REPRESENTATION_CONTEXT('2D SPACE',''
  ) );
#6952 = PCURVE('',#4942,#6953);
#6953 = DEFINITIONAL_REPRESENTATION('',(#6954),#6957);
#6954 = B_SPLINE_CURVE_WITH_KNOTS('',1,(#6955,#6956),.UNSPECIFIED.,.F.,
  .F.,(2,2),(80.521428571429,98.521428571429),.PIECEWISE_BEZIER_KNOTS.);
#6955 = CARTESIAN_POINT('',(3.,1.6));
#6956 = CARTESIAN_POINT('',(21.,1.6));
#6957 = ( GEOMETRIC_REPRESENTATION_CONTEXT(2) 
PARAMETRIC_REPRESENTATION_CONTEXT() REPRESENTATION_CONTEXT('2D SPACE',''
  ) );
#6958 = ORIENTED_EDGE('',*,*,#6959,.F.);
#6959 = EDGE_CURVE('',#6960,#6939,#6962,.T.);
#6960 = VERTEX_POINT('',#6961);
#6961 = CARTESIAN_POINT('',(179.04285714285,20.,18.399489727694));
#6962 = SURFACE_CURVE('',#6963,(#6968,#6975),.PCURVE_S1.);
#6963 = CIRCLE('',#6964,3.);
#6964 = AXIS2_PLACEMENT_3D('',#6965,#6966,#6967);
#6965 = CARTESIAN_POINT('',(176.04285714285,20.,18.399489727694));
#6966 = DIRECTION('',(0.,1.,0.));
#6967 = DIRECTION('',(1.,0.,-0.));
#6968 = PCURVE('',#1268,#6969);
#6969 = DEFINITIONAL_REPRESENTATION('',(#6970),#6974);
#6970 = CIRCLE('',#6971,3.);
#6971 = AXIS2_PLACEMENT_2D('',#6972,#6973);
#6972 = CARTESIAN_POINT('',(22.405993703333,-176.0428571428));
#6973 = DIRECTION('',(0.,-1.));
#6974 = ( GEOMETRIC_REPRESENTATION_CONTEXT(2) 
PARAMETRIC_REPRESENTATION_CONTEXT() REPRESENTATION_CONTEXT('2D SPACE',''
  ) );
#6975 = PCURVE('',#4917,#6976);
#6976 = DEFINITIONAL_REPRESENTATION('',(#6977),#6981);
#6977 = LINE('',#6978,#6979);
#6978 = CARTESIAN_POINT('',(0.,1.6));
#6979 = VECTOR('',#6980,1.);
#6980 = DIRECTION('',(1.,0.));
#6981 = ( GEOMETRIC_REPRESENTATION_CONTEXT(2) 
PARAMETRIC_REPRESENTATION_CONTEXT() REPRESENTATION_CONTEXT('2D SPACE',''
  ) );
#6982 = ORIENTED_EDGE('',*,*,#6983,.F.);
#6983 = EDGE_CURVE('',#6984,#6960,#6986,.T.);
#6984 = VERTEX_POINT('',#6985);
#6985 = CARTESIAN_POINT('',(179.04285714285,20.,24.399489727694));
#6986 = SURFACE_CURVE('',#6987,(#6991,#6997),.PCURVE_S1.);
#6987 = LINE('',#6988,#6989);
#6988 = CARTESIAN_POINT('',(179.04285714285,20.,28.102486579361));
#6989 = VECTOR('',#6990,1.);
#6990 = DIRECTION('',(0.,0.,-1.));
#6991 = PCURVE('',#1268,#6992);
#6992 = DEFINITIONAL_REPRESENTATION('',(#6993),#6996);
#6993 = B_SPLINE_CURVE_WITH_KNOTS('',1,(#6994,#6995),.UNSPECIFIED.,.F.,
  .F.,(2,2),(3.702996851667,9.702996851667),.PIECEWISE_BEZIER_KNOTS.);
#6994 = CARTESIAN_POINT('',(16.405993703333,-179.0428571428));
#6995 = CARTESIAN_POINT('',(22.405993703333,-179.0428571428));
#6996 = ( GEOMETRIC_REPRESENTATION_CONTEXT(2) 
PARAMETRIC_REPRESENTATION_CONTEXT() REPRESENTATION_CONTEXT('2D SPACE',''
  ) );
#6997 = PCURVE('',#4885,#6998);
#6998 = DEFINITIONAL_REPRESENTATION('',(#6999),#7002);
#6999 = B_SPLINE_CURVE_WITH_KNOTS('',1,(#7000,#7001),.UNSPECIFIED.,.F.,
  .F.,(2,2),(3.702996851667,9.702996851667),.PIECEWISE_BEZIER_KNOTS.);
#7000 = CARTESIAN_POINT('',(9.,-1.6));
#7001 = CARTESIAN_POINT('',(3.,-1.6));
#7002 = ( GEOMETRIC_REPRESENTATION_CONTEXT(2) 
PARAMETRIC_REPRESENTATION_CONTEXT() REPRESENTATION_CONTEXT('2D SPACE',''
  ) );
#7003 = ORIENTED_EDGE('',*,*,#7004,.F.);
#7004 = EDGE_CURVE('',#7005,#6984,#7007,.T.);
#7005 = VERTEX_POINT('',#7006);
#7006 = CARTESIAN_POINT('',(176.04285714285,20.,27.399489727694));
#7007 = SURFACE_CURVE('',#7008,(#7013,#7020),.PCURVE_S1.);
#7008 = CIRCLE('',#7009,3.);
#7009 = AXIS2_PLACEMENT_3D('',#7010,#7011,#7012);
#7010 = CARTESIAN_POINT('',(176.04285714285,20.,24.399489727694));
#7011 = DIRECTION('',(0.,1.,0.));
#7012 = DIRECTION('',(1.,0.,-0.));
#7013 = PCURVE('',#1268,#7014);
#7014 = DEFINITIONAL_REPRESENTATION('',(#7015),#7019);
#7015 = CIRCLE('',#7016,3.);
#7016 = AXIS2_PLACEMENT_2D('',#7017,#7018);
#7017 = CARTESIAN_POINT('',(16.405993703333,-176.0428571428));
#7018 = DIRECTION('',(0.,-1.));
#7019 = ( GEOMETRIC_REPRESENTATION_CONTEXT(2) 
PARAMETRIC_REPRESENTATION_CONTEXT() REPRESENTATION_CONTEXT('2D SPACE',''
  ) );
#7020 = PCURVE('',#4858,#7021);
#7021 = DEFINITIONAL_REPRESENTATION('',(#7022),#7026);
#7022 = LINE('',#7023,#7024);
#7023 = CARTESIAN_POINT('',(-6.28318530718,1.6));
#7024 = VECTOR('',#7025,1.);
#7025 = DIRECTION('',(1.,-0.));
#7026 = ( GEOMETRIC_REPRESENTATION_CONTEXT(2) 
PARAMETRIC_REPRESENTATION_CONTEXT() REPRESENTATION_CONTEXT('2D SPACE',''
  ) );
#7027 = ORIENTED_EDGE('',*,*,#7028,.F.);
#7028 = EDGE_CURVE('',#6870,#7005,#7029,.T.);
#7029 = SURFACE_CURVE('',#7030,(#7034,#7040),.PCURVE_S1.);
#7030 = LINE('',#7031,#7032);
#7031 = CARTESIAN_POINT('',(77.521428571429,20.,27.399489727694));
#7032 = VECTOR('',#7033,1.);
#7033 = DIRECTION('',(1.,0.,-0.));
#7034 = PCURVE('',#1268,#7035);
#7035 = DEFINITIONAL_REPRESENTATION('',(#7036),#7039);
#7036 = B_SPLINE_CURVE_WITH_KNOTS('',1,(#7037,#7038),.UNSPECIFIED.,.F.,
  .F.,(2,2),(80.521428571429,98.521428571429),.PIECEWISE_BEZIER_KNOTS.);
#7037 = CARTESIAN_POINT('',(13.405993703333,-158.0428571428));
#7038 = CARTESIAN_POINT('',(13.405993703333,-176.0428571428));
#7039 = ( GEOMETRIC_REPRESENTATION_CONTEXT(2) 
PARAMETRIC_REPRESENTATION_CONTEXT() REPRESENTATION_CONTEXT('2D SPACE',''
  ) );
#7040 = PCURVE('',#4826,#7041);
#7041 = DEFINITIONAL_REPRESENTATION('',(#7042),#7045);
#7042 = B_SPLINE_CURVE_WITH_KNOTS('',1,(#7043,#7044),.UNSPECIFIED.,.F.,
  .F.,(2,2),(80.521428571429,98.521428571429),.PIECEWISE_BEZIER_KNOTS.);
#7043 = CARTESIAN_POINT('',(3.,1.6));
#7044 = CARTESIAN_POINT('',(21.,1.6));
#7045 = ( GEOMETRIC_REPRESENTATION_CONTEXT(2) 
PARAMETRIC_REPRESENTATION_CONTEXT() REPRESENTATION_CONTEXT('2D SPACE',''
  ) );
#7046 = FACE_BOUND('',#7047,.F.);
#7047 = EDGE_LOOP('',(#7048,#7074,#7095,#7119,#7140,#7164,#7185,#7209));
#7048 = ORIENTED_EDGE('',*,*,#7049,.F.);
#7049 = EDGE_CURVE('',#7050,#7052,#7054,.T.);
#7050 = VERTEX_POINT('',#7051);
#7051 = CARTESIAN_POINT('',(53.9,20.,24.399489727694));
#7052 = VERTEX_POINT('',#7053);
#7053 = CARTESIAN_POINT('',(56.9,20.,27.399489727694));
#7054 = SURFACE_CURVE('',#7055,(#7060,#7067),.PCURVE_S1.);
#7055 = CIRCLE('',#7056,3.);
#7056 = AXIS2_PLACEMENT_3D('',#7057,#7058,#7059);
#7057 = CARTESIAN_POINT('',(56.9,20.,24.399489727694));
#7058 = DIRECTION('',(0.,1.,0.));
#7059 = DIRECTION('',(-1.,0.,0.));
#7060 = PCURVE('',#1268,#7061);
#7061 = DEFINITIONAL_REPRESENTATION('',(#7062),#7066);
#7062 = CIRCLE('',#7063,3.);
#7063 = AXIS2_PLACEMENT_2D('',#7064,#7065);
#7064 = CARTESIAN_POINT('',(16.405993703333,-56.9));
#7065 = DIRECTION('',(0.,1.));
#7066 = ( GEOMETRIC_REPRESENTATION_CONTEXT(2) 
PARAMETRIC_REPRESENTATION_CONTEXT() REPRESENTATION_CONTEXT('2D SPACE',''
  ) );
#7067 = PCURVE('',#5037,#7068);
#7068 = DEFINITIONAL_REPRESENTATION('',(#7069),#7073);
#7069 = LINE('',#7070,#7071);
#7070 = CARTESIAN_POINT('',(0.,1.6));
#7071 = VECTOR('',#7072,1.);
#7072 = DIRECTION('',(1.,0.));
#7073 = ( GEOMETRIC_REPRESENTATION_CONTEXT(2) 
PARAMETRIC_REPRESENTATION_CONTEXT() REPRESENTATION_CONTEXT('2D SPACE',''
  ) );
#7074 = ORIENTED_EDGE('',*,*,#7075,.T.);
#7075 = EDGE_CURVE('',#7050,#7076,#7078,.T.);
#7076 = VERTEX_POINT('',#7077);
#7077 = CARTESIAN_POINT('',(53.9,20.,18.399489727694));
#7078 = SURFACE_CURVE('',#7079,(#7083,#7089),.PCURVE_S1.);
#7079 = LINE('',#7080,#7081);
#7080 = CARTESIAN_POINT('',(53.9,20.,28.102486579361));
#7081 = VECTOR('',#7082,1.);
#7082 = DIRECTION('',(0.,0.,-1.));
#7083 = PCURVE('',#1268,#7084);
#7084 = DEFINITIONAL_REPRESENTATION('',(#7085),#7088);
#7085 = B_SPLINE_CURVE_WITH_KNOTS('',1,(#7086,#7087),.UNSPECIFIED.,.F.,
  .F.,(2,2),(3.702996851667,9.702996851667),.PIECEWISE_BEZIER_KNOTS.);
#7086 = CARTESIAN_POINT('',(16.405993703333,-53.9));
#7087 = CARTESIAN_POINT('',(22.405993703333,-53.9));
#7088 = ( GEOMETRIC_REPRESENTATION_CONTEXT(2) 
PARAMETRIC_REPRESENTATION_CONTEXT() REPRESENTATION_CONTEXT('2D SPACE',''
  ) );
#7089 = PCURVE('',#5005,#7090);
#7090 = DEFINITIONAL_REPRESENTATION('',(#7091),#7094);
#7091 = B_SPLINE_CURVE_WITH_KNOTS('',1,(#7092,#7093),.UNSPECIFIED.,.F.,
  .F.,(2,2),(3.702996851667,9.702996851667),.PIECEWISE_BEZIER_KNOTS.);
#7092 = CARTESIAN_POINT('',(9.,-1.6));
#7093 = CARTESIAN_POINT('',(3.,-1.6));
#7094 = ( GEOMETRIC_REPRESENTATION_CONTEXT(2) 
PARAMETRIC_REPRESENTATION_CONTEXT() REPRESENTATION_CONTEXT('2D SPACE',''
  ) );
#7095 = ORIENTED_EDGE('',*,*,#7096,.F.);
#7096 = EDGE_CURVE('',#7097,#7076,#7099,.T.);
#7097 = VERTEX_POINT('',#7098);
#7098 = CARTESIAN_POINT('',(56.9,20.,15.399489727694));
#7099 = SURFACE_CURVE('',#7100,(#7105,#7112),.PCURVE_S1.);
#7100 = CIRCLE('',#7101,3.);
#7101 = AXIS2_PLACEMENT_3D('',#7102,#7103,#7104);
#7102 = CARTESIAN_POINT('',(56.9,20.,18.399489727694));
#7103 = DIRECTION('',(0.,1.,0.));
#7104 = DIRECTION('',(-1.,0.,0.));
#7105 = PCURVE('',#1268,#7106);
#7106 = DEFINITIONAL_REPRESENTATION('',(#7107),#7111);
#7107 = CIRCLE('',#7108,3.);
#7108 = AXIS2_PLACEMENT_2D('',#7109,#7110);
#7109 = CARTESIAN_POINT('',(22.405993703333,-56.9));
#7110 = DIRECTION('',(0.,1.));
#7111 = ( GEOMETRIC_REPRESENTATION_CONTEXT(2) 
PARAMETRIC_REPRESENTATION_CONTEXT() REPRESENTATION_CONTEXT('2D SPACE',''
  ) );
#7112 = PCURVE('',#4978,#7113);
#7113 = DEFINITIONAL_REPRESENTATION('',(#7114),#7118);
#7114 = LINE('',#7115,#7116);
#7115 = CARTESIAN_POINT('',(-6.28318530718,1.6));
#7116 = VECTOR('',#7117,1.);
#7117 = DIRECTION('',(1.,-0.));
#7118 = ( GEOMETRIC_REPRESENTATION_CONTEXT(2) 
PARAMETRIC_REPRESENTATION_CONTEXT() REPRESENTATION_CONTEXT('2D SPACE',''
  ) );
#7119 = ORIENTED_EDGE('',*,*,#7120,.T.);
#7120 = EDGE_CURVE('',#7097,#7121,#7123,.T.);
#7121 = VERTEX_POINT('',#7122);
#7122 = CARTESIAN_POINT('',(74.9,20.,15.399489727694));
#7123 = SURFACE_CURVE('',#7124,(#7128,#7134),.PCURVE_S1.);
#7124 = LINE('',#7125,#7126);
#7125 = CARTESIAN_POINT('',(26.95,20.,15.399489727694));
#7126 = VECTOR('',#7127,1.);
#7127 = DIRECTION('',(1.,0.,-0.));
#7128 = PCURVE('',#1268,#7129);
#7129 = DEFINITIONAL_REPRESENTATION('',(#7130),#7133);
#7130 = B_SPLINE_CURVE_WITH_KNOTS('',1,(#7131,#7132),.UNSPECIFIED.,.F.,
  .F.,(2,2),(29.95,47.95),.PIECEWISE_BEZIER_KNOTS.);
#7131 = CARTESIAN_POINT('',(25.405993703333,-56.9));
#7132 = CARTESIAN_POINT('',(25.405993703333,-74.9));
#7133 = ( GEOMETRIC_REPRESENTATION_CONTEXT(2) 
PARAMETRIC_REPRESENTATION_CONTEXT() REPRESENTATION_CONTEXT('2D SPACE',''
  ) );
#7134 = PCURVE('',#5180,#7135);
#7135 = DEFINITIONAL_REPRESENTATION('',(#7136),#7139);
#7136 = B_SPLINE_CURVE_WITH_KNOTS('',1,(#7137,#7138),.UNSPECIFIED.,.F.,
  .F.,(2,2),(29.95,47.95),.PIECEWISE_BEZIER_KNOTS.);
#7137 = CARTESIAN_POINT('',(3.,1.6));
#7138 = CARTESIAN_POINT('',(21.,1.6));
#7139 = ( GEOMETRIC_REPRESENTATION_CONTEXT(2) 
PARAMETRIC_REPRESENTATION_CONTEXT() REPRESENTATION_CONTEXT('2D SPACE',''
  ) );
#7140 = ORIENTED_EDGE('',*,*,#7141,.F.);
#7141 = EDGE_CURVE('',#7142,#7121,#7144,.T.);
#7142 = VERTEX_POINT('',#7143);
#7143 = CARTESIAN_POINT('',(77.9,20.,18.399489727694));
#7144 = SURFACE_CURVE('',#7145,(#7150,#7157),.PCURVE_S1.);
#7145 = CIRCLE('',#7146,3.);
#7146 = AXIS2_PLACEMENT_3D('',#7147,#7148,#7149);
#7147 = CARTESIAN_POINT('',(74.9,20.,18.399489727694));
#7148 = DIRECTION('',(0.,1.,0.));
#7149 = DIRECTION('',(1.,0.,-0.));
#7150 = PCURVE('',#1268,#7151);
#7151 = DEFINITIONAL_REPRESENTATION('',(#7152),#7156);
#7152 = CIRCLE('',#7153,3.);
#7153 = AXIS2_PLACEMENT_2D('',#7154,#7155);
#7154 = CARTESIAN_POINT('',(22.405993703333,-74.9));
#7155 = DIRECTION('',(0.,-1.));
#7156 = ( GEOMETRIC_REPRESENTATION_CONTEXT(2) 
PARAMETRIC_REPRESENTATION_CONTEXT() REPRESENTATION_CONTEXT('2D SPACE',''
  ) );
#7157 = PCURVE('',#5155,#7158);
#7158 = DEFINITIONAL_REPRESENTATION('',(#7159),#7163);
#7159 = LINE('',#7160,#7161);
#7160 = CARTESIAN_POINT('',(0.,1.6));
#7161 = VECTOR('',#7162,1.);
#7162 = DIRECTION('',(1.,0.));
#7163 = ( GEOMETRIC_REPRESENTATION_CONTEXT(2) 
PARAMETRIC_REPRESENTATION_CONTEXT() REPRESENTATION_CONTEXT('2D SPACE',''
  ) );
#7164 = ORIENTED_EDGE('',*,*,#7165,.F.);
#7165 = EDGE_CURVE('',#7166,#7142,#7168,.T.);
#7166 = VERTEX_POINT('',#7167);
#7167 = CARTESIAN_POINT('',(77.9,20.,24.399489727694));
#7168 = SURFACE_CURVE('',#7169,(#7173,#7179),.PCURVE_S1.);
#7169 = LINE('',#7170,#7171);
#7170 = CARTESIAN_POINT('',(77.9,20.,28.102486579361));
#7171 = VECTOR('',#7172,1.);
#7172 = DIRECTION('',(0.,0.,-1.));
#7173 = PCURVE('',#1268,#7174);
#7174 = DEFINITIONAL_REPRESENTATION('',(#7175),#7178);
#7175 = B_SPLINE_CURVE_WITH_KNOTS('',1,(#7176,#7177),.UNSPECIFIED.,.F.,
  .F.,(2,2),(3.702996851667,9.702996851667),.PIECEWISE_BEZIER_KNOTS.);
#7176 = CARTESIAN_POINT('',(16.405993703333,-77.9));
#7177 = CARTESIAN_POINT('',(22.405993703333,-77.9));
#7178 = ( GEOMETRIC_REPRESENTATION_CONTEXT(2) 
PARAMETRIC_REPRESENTATION_CONTEXT() REPRESENTATION_CONTEXT('2D SPACE',''
  ) );
#7179 = PCURVE('',#5123,#7180);
#7180 = DEFINITIONAL_REPRESENTATION('',(#7181),#7184);
#7181 = B_SPLINE_CURVE_WITH_KNOTS('',1,(#7182,#7183),.UNSPECIFIED.,.F.,
  .F.,(2,2),(3.702996851667,9.702996851667),.PIECEWISE_BEZIER_KNOTS.);
#7182 = CARTESIAN_POINT('',(9.,-1.6));
#7183 = CARTESIAN_POINT('',(3.,-1.6));
#7184 = ( GEOMETRIC_REPRESENTATION_CONTEXT(2) 
PARAMETRIC_REPRESENTATION_CONTEXT() REPRESENTATION_CONTEXT('2D SPACE',''
  ) );
#7185 = ORIENTED_EDGE('',*,*,#7186,.F.);
#7186 = EDGE_CURVE('',#7187,#7166,#7189,.T.);
#7187 = VERTEX_POINT('',#7188);
#7188 = CARTESIAN_POINT('',(74.9,20.,27.399489727694));
#7189 = SURFACE_CURVE('',#7190,(#7195,#7202),.PCURVE_S1.);
#7190 = CIRCLE('',#7191,3.);
#7191 = AXIS2_PLACEMENT_3D('',#7192,#7193,#7194);
#7192 = CARTESIAN_POINT('',(74.9,20.,24.399489727694));
#7193 = DIRECTION('',(0.,1.,0.));
#7194 = DIRECTION('',(1.,0.,-0.));
#7195 = PCURVE('',#1268,#7196);
#7196 = DEFINITIONAL_REPRESENTATION('',(#7197),#7201);
#7197 = CIRCLE('',#7198,3.);
#7198 = AXIS2_PLACEMENT_2D('',#7199,#7200);
#7199 = CARTESIAN_POINT('',(16.405993703333,-74.9));
#7200 = DIRECTION('',(0.,-1.));
#7201 = ( GEOMETRIC_REPRESENTATION_CONTEXT(2) 
PARAMETRIC_REPRESENTATION_CONTEXT() REPRESENTATION_CONTEXT('2D SPACE',''
  ) );
#7202 = PCURVE('',#5096,#7203);
#7203 = DEFINITIONAL_REPRESENTATION('',(#7204),#7208);
#7204 = LINE('',#7205,#7206);
#7205 = CARTESIAN_POINT('',(-6.28318530718,1.6));
#7206 = VECTOR('',#7207,1.);
#7207 = DIRECTION('',(1.,-0.));
#7208 = ( GEOMETRIC_REPRESENTATION_CONTEXT(2) 
PARAMETRIC_REPRESENTATION_CONTEXT() REPRESENTATION_CONTEXT('2D SPACE',''
  ) );
#7209 = ORIENTED_EDGE('',*,*,#7210,.F.);
#7210 = EDGE_CURVE('',#7052,#7187,#7211,.T.);
#7211 = SURFACE_CURVE('',#7212,(#7216,#7222),.PCURVE_S1.);
#7212 = LINE('',#7213,#7214);
#7213 = CARTESIAN_POINT('',(26.95,20.,27.399489727694));
#7214 = VECTOR('',#7215,1.);
#7215 = DIRECTION('',(1.,0.,-0.));
#7216 = PCURVE('',#1268,#7217);
#7217 = DEFINITIONAL_REPRESENTATION('',(#7218),#7221);
#7218 = B_SPLINE_CURVE_WITH_KNOTS('',1,(#7219,#7220),.UNSPECIFIED.,.F.,
  .F.,(2,2),(29.95,47.95),.PIECEWISE_BEZIER_KNOTS.);
#7219 = CARTESIAN_POINT('',(13.405993703333,-56.9));
#7220 = CARTESIAN_POINT('',(13.405993703333,-74.9));
#7221 = ( GEOMETRIC_REPRESENTATION_CONTEXT(2) 
PARAMETRIC_REPRESENTATION_CONTEXT() REPRESENTATION_CONTEXT('2D SPACE',''
  ) );
#7222 = PCURVE('',#5064,#7223);
#7223 = DEFINITIONAL_REPRESENTATION('',(#7224),#7227);
#7224 = B_SPLINE_CURVE_WITH_KNOTS('',1,(#7225,#7226),.UNSPECIFIED.,.F.,
  .F.,(2,2),(29.95,47.95),.PIECEWISE_BEZIER_KNOTS.);
#7225 = CARTESIAN_POINT('',(3.,1.6));
#7226 = CARTESIAN_POINT('',(21.,1.6));
#7227 = ( GEOMETRIC_REPRESENTATION_CONTEXT(2) 
PARAMETRIC_REPRESENTATION_CONTEXT() REPRESENTATION_CONTEXT('2D SPACE',''
  ) );
#7228 = FACE_BOUND('',#7229,.F.);
#7229 = EDGE_LOOP('',(#7230,#7256,#7277,#7301,#7322,#7346,#7367,#7391));
#7230 = ORIENTED_EDGE('',*,*,#7231,.F.);
#7231 = EDGE_CURVE('',#7232,#7234,#7236,.T.);
#7232 = VERTEX_POINT('',#7233);
#7233 = CARTESIAN_POINT('',(14.9,20.,24.399489727694));
#7234 = VERTEX_POINT('',#7235);
#7235 = CARTESIAN_POINT('',(17.9,20.,27.399489727694));
#7236 = SURFACE_CURVE('',#7237,(#7242,#7249),.PCURVE_S1.);
#7237 = CIRCLE('',#7238,3.);
#7238 = AXIS2_PLACEMENT_3D('',#7239,#7240,#7241);
#7239 = CARTESIAN_POINT('',(17.9,20.,24.399489727694));
#7240 = DIRECTION('',(0.,1.,0.));
#7241 = DIRECTION('',(-1.,0.,0.));
#7242 = PCURVE('',#1268,#7243);
#7243 = DEFINITIONAL_REPRESENTATION('',(#7244),#7248);
#7244 = CIRCLE('',#7245,3.);
#7245 = AXIS2_PLACEMENT_2D('',#7246,#7247);
#7246 = CARTESIAN_POINT('',(16.405993703333,-17.9));
#7247 = DIRECTION('',(0.,1.));
#7248 = ( GEOMETRIC_REPRESENTATION_CONTEXT(2) 
PARAMETRIC_REPRESENTATION_CONTEXT() REPRESENTATION_CONTEXT('2D SPACE',''
  ) );
#7249 = PCURVE('',#5275,#7250);
#7250 = DEFINITIONAL_REPRESENTATION('',(#7251),#7255);
#7251 = LINE('',#7252,#7253);
#7252 = CARTESIAN_POINT('',(0.,1.6));
#7253 = VECTOR('',#7254,1.);
#7254 = DIRECTION('',(1.,0.));
#7255 = ( GEOMETRIC_REPRESENTATION_CONTEXT(2) 
PARAMETRIC_REPRESENTATION_CONTEXT() REPRESENTATION_CONTEXT('2D SPACE',''
  ) );
#7256 = ORIENTED_EDGE('',*,*,#7257,.T.);
#7257 = EDGE_CURVE('',#7232,#7258,#7260,.T.);
#7258 = VERTEX_POINT('',#7259);
#7259 = CARTESIAN_POINT('',(14.9,20.,18.399489727694));
#7260 = SURFACE_CURVE('',#7261,(#7265,#7271),.PCURVE_S1.);
#7261 = LINE('',#7262,#7263);
#7262 = CARTESIAN_POINT('',(14.9,20.,28.102486579361));
#7263 = VECTOR('',#7264,1.);
#7264 = DIRECTION('',(0.,0.,-1.));
#7265 = PCURVE('',#1268,#7266);
#7266 = DEFINITIONAL_REPRESENTATION('',(#7267),#7270);
#7267 = B_SPLINE_CURVE_WITH_KNOTS('',1,(#7268,#7269),.UNSPECIFIED.,.F.,
  .F.,(2,2),(3.702996851667,9.702996851667),.PIECEWISE_BEZIER_KNOTS.);
#7268 = CARTESIAN_POINT('',(16.405993703333,-14.9));
#7269 = CARTESIAN_POINT('',(22.405993703333,-14.9));
#7270 = ( GEOMETRIC_REPRESENTATION_CONTEXT(2) 
PARAMETRIC_REPRESENTATION_CONTEXT() REPRESENTATION_CONTEXT('2D SPACE',''
  ) );
#7271 = PCURVE('',#5243,#7272);
#7272 = DEFINITIONAL_REPRESENTATION('',(#7273),#7276);
#7273 = B_SPLINE_CURVE_WITH_KNOTS('',1,(#7274,#7275),.UNSPECIFIED.,.F.,
  .F.,(2,2),(3.702996851667,9.702996851667),.PIECEWISE_BEZIER_KNOTS.);
#7274 = CARTESIAN_POINT('',(9.,-1.6));
#7275 = CARTESIAN_POINT('',(3.,-1.6));
#7276 = ( GEOMETRIC_REPRESENTATION_CONTEXT(2) 
PARAMETRIC_REPRESENTATION_CONTEXT() REPRESENTATION_CONTEXT('2D SPACE',''
  ) );
#7277 = ORIENTED_EDGE('',*,*,#7278,.F.);
#7278 = EDGE_CURVE('',#7279,#7258,#7281,.T.);
#7279 = VERTEX_POINT('',#7280);
#7280 = CARTESIAN_POINT('',(17.9,20.,15.399489727694));
#7281 = SURFACE_CURVE('',#7282,(#7287,#7294),.PCURVE_S1.);
#7282 = CIRCLE('',#7283,3.);
#7283 = AXIS2_PLACEMENT_3D('',#7284,#7285,#7286);
#7284 = CARTESIAN_POINT('',(17.9,20.,18.399489727694));
#7285 = DIRECTION('',(0.,1.,0.));
#7286 = DIRECTION('',(-1.,0.,0.));
#7287 = PCURVE('',#1268,#7288);
#7288 = DEFINITIONAL_REPRESENTATION('',(#7289),#7293);
#7289 = CIRCLE('',#7290,3.);
#7290 = AXIS2_PLACEMENT_2D('',#7291,#7292);
#7291 = CARTESIAN_POINT('',(22.405993703333,-17.9));
#7292 = DIRECTION('',(0.,1.));
#7293 = ( GEOMETRIC_REPRESENTATION_CONTEXT(2) 
PARAMETRIC_REPRESENTATION_CONTEXT() REPRESENTATION_CONTEXT('2D SPACE',''
  ) );
#7294 = PCURVE('',#5216,#7295);
#7295 = DEFINITIONAL_REPRESENTATION('',(#7296),#7300);
#7296 = LINE('',#7297,#7298);
#7297 = CARTESIAN_POINT('',(-6.28318530718,1.6));
#7298 = VECTOR('',#7299,1.);
#7299 = DIRECTION('',(1.,-0.));
#7300 = ( GEOMETRIC_REPRESENTATION_CONTEXT(2) 
PARAMETRIC_REPRESENTATION_CONTEXT() REPRESENTATION_CONTEXT('2D SPACE',''
  ) );
#7301 = ORIENTED_EDGE('',*,*,#7302,.T.);
#7302 = EDGE_CURVE('',#7279,#7303,#7305,.T.);
#7303 = VERTEX_POINT('',#7304);
#7304 = CARTESIAN_POINT('',(35.9,20.,15.399489727694));
#7305 = SURFACE_CURVE('',#7306,(#7310,#7316),.PCURVE_S1.);
#7306 = LINE('',#7307,#7308);
#7307 = CARTESIAN_POINT('',(7.45,20.,15.399489727694));
#7308 = VECTOR('',#7309,1.);
#7309 = DIRECTION('',(1.,0.,-0.));
#7310 = PCURVE('',#1268,#7311);
#7311 = DEFINITIONAL_REPRESENTATION('',(#7312),#7315);
#7312 = B_SPLINE_CURVE_WITH_KNOTS('',1,(#7313,#7314),.UNSPECIFIED.,.F.,
  .F.,(2,2),(10.45,28.45),.PIECEWISE_BEZIER_KNOTS.);
#7313 = CARTESIAN_POINT('',(25.405993703333,-17.9));
#7314 = CARTESIAN_POINT('',(25.405993703333,-35.9));
#7315 = ( GEOMETRIC_REPRESENTATION_CONTEXT(2) 
PARAMETRIC_REPRESENTATION_CONTEXT() REPRESENTATION_CONTEXT('2D SPACE',''
  ) );
#7316 = PCURVE('',#5418,#7317);
#7317 = DEFINITIONAL_REPRESENTATION('',(#7318),#7321);
#7318 = B_SPLINE_CURVE_WITH_KNOTS('',1,(#7319,#7320),.UNSPECIFIED.,.F.,
  .F.,(2,2),(10.45,28.45),.PIECEWISE_BEZIER_KNOTS.);
#7319 = CARTESIAN_POINT('',(3.,1.6));
#7320 = CARTESIAN_POINT('',(21.,1.6));
#7321 = ( GEOMETRIC_REPRESENTATION_CONTEXT(2) 
PARAMETRIC_REPRESENTATION_CONTEXT() REPRESENTATION_CONTEXT('2D SPACE',''
  ) );
#7322 = ORIENTED_EDGE('',*,*,#7323,.F.);
#7323 = EDGE_CURVE('',#7324,#7303,#7326,.T.);
#7324 = VERTEX_POINT('',#7325);
#7325 = CARTESIAN_POINT('',(38.9,20.,18.399489727694));
#7326 = SURFACE_CURVE('',#7327,(#7332,#7339),.PCURVE_S1.);
#7327 = CIRCLE('',#7328,3.);
#7328 = AXIS2_PLACEMENT_3D('',#7329,#7330,#7331);
#7329 = CARTESIAN_POINT('',(35.9,20.,18.399489727694));
#7330 = DIRECTION('',(0.,1.,0.));
#7331 = DIRECTION('',(1.,0.,-0.));
#7332 = PCURVE('',#1268,#7333);
#7333 = DEFINITIONAL_REPRESENTATION('',(#7334),#7338);
#7334 = CIRCLE('',#7335,3.);
#7335 = AXIS2_PLACEMENT_2D('',#7336,#7337);
#7336 = CARTESIAN_POINT('',(22.405993703333,-35.9));
#7337 = DIRECTION('',(0.,-1.));
#7338 = ( GEOMETRIC_REPRESENTATION_CONTEXT(2) 
PARAMETRIC_REPRESENTATION_CONTEXT() REPRESENTATION_CONTEXT('2D SPACE',''
  ) );
#7339 = PCURVE('',#5393,#7340);
#7340 = DEFINITIONAL_REPRESENTATION('',(#7341),#7345);
#7341 = LINE('',#7342,#7343);
#7342 = CARTESIAN_POINT('',(0.,1.6));
#7343 = VECTOR('',#7344,1.);
#7344 = DIRECTION('',(1.,0.));
#7345 = ( GEOMETRIC_REPRESENTATION_CONTEXT(2) 
PARAMETRIC_REPRESENTATION_CONTEXT() REPRESENTATION_CONTEXT('2D SPACE',''
  ) );
#7346 = ORIENTED_EDGE('',*,*,#7347,.F.);
#7347 = EDGE_CURVE('',#7348,#7324,#7350,.T.);
#7348 = VERTEX_POINT('',#7349);
#7349 = CARTESIAN_POINT('',(38.9,20.,24.399489727694));
#7350 = SURFACE_CURVE('',#7351,(#7355,#7361),.PCURVE_S1.);
#7351 = LINE('',#7352,#7353);
#7352 = CARTESIAN_POINT('',(38.9,20.,28.102486579361));
#7353 = VECTOR('',#7354,1.);
#7354 = DIRECTION('',(0.,0.,-1.));
#7355 = PCURVE('',#1268,#7356);
#7356 = DEFINITIONAL_REPRESENTATION('',(#7357),#7360);
#7357 = B_SPLINE_CURVE_WITH_KNOTS('',1,(#7358,#7359),.UNSPECIFIED.,.F.,
  .F.,(2,2),(3.702996851667,9.702996851667),.PIECEWISE_BEZIER_KNOTS.);
#7358 = CARTESIAN_POINT('',(16.405993703333,-38.9));
#7359 = CARTESIAN_POINT('',(22.405993703333,-38.9));
#7360 = ( GEOMETRIC_REPRESENTATION_CONTEXT(2) 
PARAMETRIC_REPRESENTATION_CONTEXT() REPRESENTATION_CONTEXT('2D SPACE',''
  ) );
#7361 = PCURVE('',#5361,#7362);
#7362 = DEFINITIONAL_REPRESENTATION('',(#7363),#7366);
#7363 = B_SPLINE_CURVE_WITH_KNOTS('',1,(#7364,#7365),.UNSPECIFIED.,.F.,
  .F.,(2,2),(3.702996851667,9.702996851667),.PIECEWISE_BEZIER_KNOTS.);
#7364 = CARTESIAN_POINT('',(9.,-1.6));
#7365 = CARTESIAN_POINT('',(3.,-1.6));
#7366 = ( GEOMETRIC_REPRESENTATION_CONTEXT(2) 
PARAMETRIC_REPRESENTATION_CONTEXT() REPRESENTATION_CONTEXT('2D SPACE',''
  ) );
#7367 = ORIENTED_EDGE('',*,*,#7368,.F.);
#7368 = EDGE_CURVE('',#7369,#7348,#7371,.T.);
#7369 = VERTEX_POINT('',#7370);
#7370 = CARTESIAN_POINT('',(35.9,20.,27.399489727694));
#7371 = SURFACE_CURVE('',#7372,(#7377,#7384),.PCURVE_S1.);
#7372 = CIRCLE('',#7373,3.);
#7373 = AXIS2_PLACEMENT_3D('',#7374,#7375,#7376);
#7374 = CARTESIAN_POINT('',(35.9,20.,24.399489727694));
#7375 = DIRECTION('',(0.,1.,0.));
#7376 = DIRECTION('',(1.,0.,-0.));
#7377 = PCURVE('',#1268,#7378);
#7378 = DEFINITIONAL_REPRESENTATION('',(#7379),#7383);
#7379 = CIRCLE('',#7380,3.);
#7380 = AXIS2_PLACEMENT_2D('',#7381,#7382);
#7381 = CARTESIAN_POINT('',(16.405993703333,-35.9));
#7382 = DIRECTION('',(0.,-1.));
#7383 = ( GEOMETRIC_REPRESENTATION_CONTEXT(2) 
PARAMETRIC_REPRESENTATION_CONTEXT() REPRESENTATION_CONTEXT('2D SPACE',''
  ) );
#7384 = PCURVE('',#5334,#7385);
#7385 = DEFINITIONAL_REPRESENTATION('',(#7386),#7390);
#7386 = LINE('',#7387,#7388);
#7387 = CARTESIAN_POINT('',(-6.28318530718,1.6));
#7388 = VECTOR('',#7389,1.);
#7389 = DIRECTION('',(1.,-0.));
#7390 = ( GEOMETRIC_REPRESENTATION_CONTEXT(2) 
PARAMETRIC_REPRESENTATION_CONTEXT() REPRESENTATION_CONTEXT('2D SPACE',''
  ) );
#7391 = ORIENTED_EDGE('',*,*,#7392,.F.);
#7392 = EDGE_CURVE('',#7234,#7369,#7393,.T.);
#7393 = SURFACE_CURVE('',#7394,(#7398,#7404),.PCURVE_S1.);
#7394 = LINE('',#7395,#7396);
#7395 = CARTESIAN_POINT('',(7.45,20.,27.399489727694));
#7396 = VECTOR('',#7397,1.);
#7397 = DIRECTION('',(1.,0.,-0.));
#7398 = PCURVE('',#1268,#7399);
#7399 = DEFINITIONAL_REPRESENTATION('',(#7400),#7403);
#7400 = B_SPLINE_CURVE_WITH_KNOTS('',1,(#7401,#7402),.UNSPECIFIED.,.F.,
  .F.,(2,2),(10.45,28.45),.PIECEWISE_BEZIER_KNOTS.);
#7401 = CARTESIAN_POINT('',(13.405993703333,-17.9));
#7402 = CARTESIAN_POINT('',(13.405993703333,-35.9));
#7403 = ( GEOMETRIC_REPRESENTATION_CONTEXT(2) 
PARAMETRIC_REPRESENTATION_CONTEXT() REPRESENTATION_CONTEXT('2D SPACE',''
  ) );
#7404 = PCURVE('',#5302,#7405);
#7405 = DEFINITIONAL_REPRESENTATION('',(#7406),#7409);
#7406 = B_SPLINE_CURVE_WITH_KNOTS('',1,(#7407,#7408),.UNSPECIFIED.,.F.,
  .F.,(2,2),(10.45,28.45),.PIECEWISE_BEZIER_KNOTS.);
#7407 = CARTESIAN_POINT('',(3.,1.6));
#7408 = CARTESIAN_POINT('',(21.,1.6));
#7409 = ( GEOMETRIC_REPRESENTATION_CONTEXT(2) 
PARAMETRIC_REPRESENTATION_CONTEXT() REPRESENTATION_CONTEXT('2D SPACE',''
  ) );
#7410 = ADVANCED_FACE('',(#7411),#1297,.F.);
#7411 = FACE_BOUND('',#7412,.T.);
#7412 = EDGE_LOOP('',(#7413,#7414,#7415,#7416));
#7413 = ORIENTED_EDGE('',*,*,#2956,.T.);
#7414 = ORIENTED_EDGE('',*,*,#1522,.T.);
#7415 = ORIENTED_EDGE('',*,*,#5569,.F.);
#7416 = ORIENTED_EDGE('',*,*,#1280,.F.);
#7417 = ADVANCED_FACE('',(#7418),#3074,.F.);
#7418 = FACE_BOUND('',#7419,.T.);
#7419 = EDGE_LOOP('',(#7420,#7441,#7442,#7463));
#7420 = ORIENTED_EDGE('',*,*,#7421,.F.);
#7421 = EDGE_CURVE('',#5620,#3054,#7422,.T.);
#7422 = SURFACE_CURVE('',#7423,(#7427,#7434),.PCURVE_S1.);
#7423 = LINE('',#7424,#7425);
#7424 = CARTESIAN_POINT('',(800.9,18.4,18.399489727694));
#7425 = VECTOR('',#7426,1.);
#7426 = DIRECTION('',(0.,1.,0.));
#7427 = PCURVE('',#3074,#7428);
#7428 = DEFINITIONAL_REPRESENTATION('',(#7429),#7433);
#7429 = LINE('',#7430,#7431);
#7430 = CARTESIAN_POINT('',(-0.,0.));
#7431 = VECTOR('',#7432,1.);
#7432 = DIRECTION('',(-0.,1.));
#7433 = ( GEOMETRIC_REPRESENTATION_CONTEXT(2) 
PARAMETRIC_REPRESENTATION_CONTEXT() REPRESENTATION_CONTEXT('2D SPACE',''
  ) );
#7434 = PCURVE('',#3101,#7435);
#7435 = DEFINITIONAL_REPRESENTATION('',(#7436),#7440);
#7436 = LINE('',#7437,#7438);
#7437 = CARTESIAN_POINT('',(3.,0.));
#7438 = VECTOR('',#7439,1.);
#7439 = DIRECTION('',(0.,-1.));
#7440 = ( GEOMETRIC_REPRESENTATION_CONTEXT(2) 
PARAMETRIC_REPRESENTATION_CONTEXT() REPRESENTATION_CONTEXT('2D SPACE',''
  ) );
#7441 = ORIENTED_EDGE('',*,*,#5640,.F.);
#7442 = ORIENTED_EDGE('',*,*,#7443,.T.);
#7443 = EDGE_CURVE('',#5641,#3052,#7444,.T.);
#7444 = SURFACE_CURVE('',#7445,(#7449,#7456),.PCURVE_S1.);
#7445 = LINE('',#7446,#7447);
#7446 = CARTESIAN_POINT('',(803.9,18.4,15.399489727694));
#7447 = VECTOR('',#7448,1.);
#7448 = DIRECTION('',(0.,1.,0.));
#7449 = PCURVE('',#3074,#7450);
#7450 = DEFINITIONAL_REPRESENTATION('',(#7451),#7455);
#7451 = LINE('',#7452,#7453);
#7452 = CARTESIAN_POINT('',(-1.570796326795,0.));
#7453 = VECTOR('',#7454,1.);
#7454 = DIRECTION('',(-0.,1.));
#7455 = ( GEOMETRIC_REPRESENTATION_CONTEXT(2) 
PARAMETRIC_REPRESENTATION_CONTEXT() REPRESENTATION_CONTEXT('2D SPACE',''
  ) );
#7456 = PCURVE('',#3276,#7457);
#7457 = DEFINITIONAL_REPRESENTATION('',(#7458),#7462);
#7458 = LINE('',#7459,#7460);
#7459 = CARTESIAN_POINT('',(3.,0.));
#7460 = VECTOR('',#7461,1.);
#7461 = DIRECTION('',(0.,1.));
#7462 = ( GEOMETRIC_REPRESENTATION_CONTEXT(2) 
PARAMETRIC_REPRESENTATION_CONTEXT() REPRESENTATION_CONTEXT('2D SPACE',''
  ) );
#7463 = ORIENTED_EDGE('',*,*,#3051,.T.);
#7464 = ADVANCED_FACE('',(#7465),#3276,.T.);
#7465 = FACE_BOUND('',#7466,.T.);
#7466 = EDGE_LOOP('',(#7467,#7468,#7469,#7470));
#7467 = ORIENTED_EDGE('',*,*,#3263,.T.);
#7468 = ORIENTED_EDGE('',*,*,#7443,.F.);
#7469 = ORIENTED_EDGE('',*,*,#5664,.T.);
#7470 = ORIENTED_EDGE('',*,*,#7471,.T.);
#7471 = EDGE_CURVE('',#5665,#3231,#7472,.T.);
#7472 = SURFACE_CURVE('',#7473,(#7477,#7484),.PCURVE_S1.);
#7473 = LINE('',#7474,#7475);
#7474 = CARTESIAN_POINT('',(821.9,18.4,15.399489727694));
#7475 = VECTOR('',#7476,1.);
#7476 = DIRECTION('',(0.,1.,0.));
#7477 = PCURVE('',#3276,#7478);
#7478 = DEFINITIONAL_REPRESENTATION('',(#7479),#7483);
#7479 = LINE('',#7480,#7481);
#7480 = CARTESIAN_POINT('',(21.,0.));
#7481 = VECTOR('',#7482,1.);
#7482 = DIRECTION('',(0.,1.));
#7483 = ( GEOMETRIC_REPRESENTATION_CONTEXT(2) 
PARAMETRIC_REPRESENTATION_CONTEXT() REPRESENTATION_CONTEXT('2D SPACE',''
  ) );
#7484 = PCURVE('',#3251,#7485);
#7485 = DEFINITIONAL_REPRESENTATION('',(#7486),#7490);
#7486 = LINE('',#7487,#7488);
#7487 = CARTESIAN_POINT('',(1.570796326795,0.));
#7488 = VECTOR('',#7489,1.);
#7489 = DIRECTION('',(0.,1.));
#7490 = ( GEOMETRIC_REPRESENTATION_CONTEXT(2) 
PARAMETRIC_REPRESENTATION_CONTEXT() REPRESENTATION_CONTEXT('2D SPACE',''
  ) );
#7491 = ADVANCED_FACE('',(#7492),#3251,.F.);
#7492 = FACE_BOUND('',#7493,.F.);
#7493 = EDGE_LOOP('',(#7494,#7515,#7516,#7517));
#7494 = ORIENTED_EDGE('',*,*,#7495,.F.);
#7495 = EDGE_CURVE('',#5686,#3205,#7496,.T.);
#7496 = SURFACE_CURVE('',#7497,(#7501,#7508),.PCURVE_S1.);
#7497 = LINE('',#7498,#7499);
#7498 = CARTESIAN_POINT('',(824.9,18.4,18.399489727694));
#7499 = VECTOR('',#7500,1.);
#7500 = DIRECTION('',(0.,1.,0.));
#7501 = PCURVE('',#3251,#7502);
#7502 = DEFINITIONAL_REPRESENTATION('',(#7503),#7507);
#7503 = LINE('',#7504,#7505);
#7504 = CARTESIAN_POINT('',(0.,0.));
#7505 = VECTOR('',#7506,1.);
#7506 = DIRECTION('',(0.,1.));
#7507 = ( GEOMETRIC_REPRESENTATION_CONTEXT(2) 
PARAMETRIC_REPRESENTATION_CONTEXT() REPRESENTATION_CONTEXT('2D SPACE',''
  ) );
#7508 = PCURVE('',#3219,#7509);
#7509 = DEFINITIONAL_REPRESENTATION('',(#7510),#7514);
#7510 = LINE('',#7511,#7512);
#7511 = CARTESIAN_POINT('',(3.,0.));
#7512 = VECTOR('',#7513,1.);
#7513 = DIRECTION('',(0.,-1.));
#7514 = ( GEOMETRIC_REPRESENTATION_CONTEXT(2) 
PARAMETRIC_REPRESENTATION_CONTEXT() REPRESENTATION_CONTEXT('2D SPACE',''
  ) );
#7515 = ORIENTED_EDGE('',*,*,#5685,.T.);
#7516 = ORIENTED_EDGE('',*,*,#7471,.T.);
#7517 = ORIENTED_EDGE('',*,*,#3230,.F.);
#7518 = ADVANCED_FACE('',(#7519),#3219,.F.);
#7519 = FACE_BOUND('',#7520,.F.);
#7520 = EDGE_LOOP('',(#7521,#7522,#7523,#7524));
#7521 = ORIENTED_EDGE('',*,*,#5709,.T.);
#7522 = ORIENTED_EDGE('',*,*,#7495,.T.);
#7523 = ORIENTED_EDGE('',*,*,#3204,.T.);
#7524 = ORIENTED_EDGE('',*,*,#7525,.F.);
#7525 = EDGE_CURVE('',#5710,#3172,#7526,.T.);
#7526 = SURFACE_CURVE('',#7527,(#7531,#7538),.PCURVE_S1.);
#7527 = LINE('',#7528,#7529);
#7528 = CARTESIAN_POINT('',(824.9,18.4,24.399489727694));
#7529 = VECTOR('',#7530,1.);
#7530 = DIRECTION('',(0.,1.,0.));
#7531 = PCURVE('',#3219,#7532);
#7532 = DEFINITIONAL_REPRESENTATION('',(#7533),#7537);
#7533 = LINE('',#7534,#7535);
#7534 = CARTESIAN_POINT('',(9.,0.));
#7535 = VECTOR('',#7536,1.);
#7536 = DIRECTION('',(0.,-1.));
#7537 = ( GEOMETRIC_REPRESENTATION_CONTEXT(2) 
PARAMETRIC_REPRESENTATION_CONTEXT() REPRESENTATION_CONTEXT('2D SPACE',''
  ) );
#7538 = PCURVE('',#3192,#7539);
#7539 = DEFINITIONAL_REPRESENTATION('',(#7540),#7544);
#7540 = LINE('',#7541,#7542);
#7541 = CARTESIAN_POINT('',(-0.,0.));
#7542 = VECTOR('',#7543,1.);
#7543 = DIRECTION('',(-0.,1.));
#7544 = ( GEOMETRIC_REPRESENTATION_CONTEXT(2) 
PARAMETRIC_REPRESENTATION_CONTEXT() REPRESENTATION_CONTEXT('2D SPACE',''
  ) );
#7545 = ADVANCED_FACE('',(#7546),#3192,.F.);
#7546 = FACE_BOUND('',#7547,.T.);
#7547 = EDGE_LOOP('',(#7548,#7549,#7550,#7571));
#7548 = ORIENTED_EDGE('',*,*,#7525,.F.);
#7549 = ORIENTED_EDGE('',*,*,#5730,.F.);
#7550 = ORIENTED_EDGE('',*,*,#7551,.T.);
#7551 = EDGE_CURVE('',#5731,#3146,#7552,.T.);
#7552 = SURFACE_CURVE('',#7553,(#7557,#7564),.PCURVE_S1.);
#7553 = LINE('',#7554,#7555);
#7554 = CARTESIAN_POINT('',(821.9,18.4,27.399489727694));
#7555 = VECTOR('',#7556,1.);
#7556 = DIRECTION('',(0.,1.,0.));
#7557 = PCURVE('',#3192,#7558);
#7558 = DEFINITIONAL_REPRESENTATION('',(#7559),#7563);
#7559 = LINE('',#7560,#7561);
#7560 = CARTESIAN_POINT('',(-1.570796326795,0.));
#7561 = VECTOR('',#7562,1.);
#7562 = DIRECTION('',(-0.,1.));
#7563 = ( GEOMETRIC_REPRESENTATION_CONTEXT(2) 
PARAMETRIC_REPRESENTATION_CONTEXT() REPRESENTATION_CONTEXT('2D SPACE',''
  ) );
#7564 = PCURVE('',#3160,#7565);
#7565 = DEFINITIONAL_REPRESENTATION('',(#7566),#7570);
#7566 = LINE('',#7567,#7568);
#7567 = CARTESIAN_POINT('',(21.,0.));
#7568 = VECTOR('',#7569,1.);
#7569 = DIRECTION('',(0.,1.));
#7570 = ( GEOMETRIC_REPRESENTATION_CONTEXT(2) 
PARAMETRIC_REPRESENTATION_CONTEXT() REPRESENTATION_CONTEXT('2D SPACE',''
  ) );
#7571 = ORIENTED_EDGE('',*,*,#3171,.T.);
#7572 = ADVANCED_FACE('',(#7573),#3160,.F.);
#7573 = FACE_BOUND('',#7574,.F.);
#7574 = EDGE_LOOP('',(#7575,#7576,#7597,#7598));
#7575 = ORIENTED_EDGE('',*,*,#3145,.T.);
#7576 = ORIENTED_EDGE('',*,*,#7577,.F.);
#7577 = EDGE_CURVE('',#5596,#3113,#7578,.T.);
#7578 = SURFACE_CURVE('',#7579,(#7583,#7590),.PCURVE_S1.);
#7579 = LINE('',#7580,#7581);
#7580 = CARTESIAN_POINT('',(803.9,18.4,27.399489727694));
#7581 = VECTOR('',#7582,1.);
#7582 = DIRECTION('',(0.,1.,0.));
#7583 = PCURVE('',#3160,#7584);
#7584 = DEFINITIONAL_REPRESENTATION('',(#7585),#7589);
#7585 = LINE('',#7586,#7587);
#7586 = CARTESIAN_POINT('',(3.,0.));
#7587 = VECTOR('',#7588,1.);
#7588 = DIRECTION('',(0.,1.));
#7589 = ( GEOMETRIC_REPRESENTATION_CONTEXT(2) 
PARAMETRIC_REPRESENTATION_CONTEXT() REPRESENTATION_CONTEXT('2D SPACE',''
  ) );
#7590 = PCURVE('',#3133,#7591);
#7591 = DEFINITIONAL_REPRESENTATION('',(#7592),#7596);
#7592 = LINE('',#7593,#7594);
#7593 = CARTESIAN_POINT('',(1.570796326795,0.));
#7594 = VECTOR('',#7595,1.);
#7595 = DIRECTION('',(0.,1.));
#7596 = ( GEOMETRIC_REPRESENTATION_CONTEXT(2) 
PARAMETRIC_REPRESENTATION_CONTEXT() REPRESENTATION_CONTEXT('2D SPACE',''
  ) );
#7597 = ORIENTED_EDGE('',*,*,#5754,.T.);
#7598 = ORIENTED_EDGE('',*,*,#7551,.T.);
#7599 = ADVANCED_FACE('',(#7600),#3133,.F.);
#7600 = FACE_BOUND('',#7601,.F.);
#7601 = EDGE_LOOP('',(#7602,#7623,#7624,#7625));
#7602 = ORIENTED_EDGE('',*,*,#7603,.F.);
#7603 = EDGE_CURVE('',#5594,#3087,#7604,.T.);
#7604 = SURFACE_CURVE('',#7605,(#7609,#7616),.PCURVE_S1.);
#7605 = LINE('',#7606,#7607);
#7606 = CARTESIAN_POINT('',(800.9,18.4,24.399489727694));
#7607 = VECTOR('',#7608,1.);
#7608 = DIRECTION('',(0.,1.,0.));
#7609 = PCURVE('',#3133,#7610);
#7610 = DEFINITIONAL_REPRESENTATION('',(#7611),#7615);
#7611 = LINE('',#7612,#7613);
#7612 = CARTESIAN_POINT('',(0.,0.));
#7613 = VECTOR('',#7614,1.);
#7614 = DIRECTION('',(0.,1.));
#7615 = ( GEOMETRIC_REPRESENTATION_CONTEXT(2) 
PARAMETRIC_REPRESENTATION_CONTEXT() REPRESENTATION_CONTEXT('2D SPACE',''
  ) );
#7616 = PCURVE('',#3101,#7617);
#7617 = DEFINITIONAL_REPRESENTATION('',(#7618),#7622);
#7618 = LINE('',#7619,#7620);
#7619 = CARTESIAN_POINT('',(9.,0.));
#7620 = VECTOR('',#7621,1.);
#7621 = DIRECTION('',(0.,-1.));
#7622 = ( GEOMETRIC_REPRESENTATION_CONTEXT(2) 
PARAMETRIC_REPRESENTATION_CONTEXT() REPRESENTATION_CONTEXT('2D SPACE',''
  ) );
#7623 = ORIENTED_EDGE('',*,*,#5593,.T.);
#7624 = ORIENTED_EDGE('',*,*,#7577,.T.);
#7625 = ORIENTED_EDGE('',*,*,#3112,.F.);
#7626 = ADVANCED_FACE('',(#7627),#3101,.T.);
#7627 = FACE_BOUND('',#7628,.T.);
#7628 = EDGE_LOOP('',(#7629,#7630,#7631,#7632));
#7629 = ORIENTED_EDGE('',*,*,#5619,.T.);
#7630 = ORIENTED_EDGE('',*,*,#7421,.T.);
#7631 = ORIENTED_EDGE('',*,*,#3086,.T.);
#7632 = ORIENTED_EDGE('',*,*,#7603,.F.);
#7633 = ADVANCED_FACE('',(#7634),#3312,.F.);
#7634 = FACE_BOUND('',#7635,.T.);
#7635 = EDGE_LOOP('',(#7636,#7657,#7658,#7679));
#7636 = ORIENTED_EDGE('',*,*,#7637,.F.);
#7637 = EDGE_CURVE('',#5802,#3292,#7638,.T.);
#7638 = SURFACE_CURVE('',#7639,(#7643,#7650),.PCURVE_S1.);
#7639 = LINE('',#7640,#7641);
#7640 = CARTESIAN_POINT('',(761.9,18.4,18.399489727694));
#7641 = VECTOR('',#7642,1.);
#7642 = DIRECTION('',(0.,1.,0.));
#7643 = PCURVE('',#3312,#7644);
#7644 = DEFINITIONAL_REPRESENTATION('',(#7645),#7649);
#7645 = LINE('',#7646,#7647);
#7646 = CARTESIAN_POINT('',(-0.,0.));
#7647 = VECTOR('',#7648,1.);
#7648 = DIRECTION('',(-0.,1.));
#7649 = ( GEOMETRIC_REPRESENTATION_CONTEXT(2) 
PARAMETRIC_REPRESENTATION_CONTEXT() REPRESENTATION_CONTEXT('2D SPACE',''
  ) );
#7650 = PCURVE('',#3339,#7651);
#7651 = DEFINITIONAL_REPRESENTATION('',(#7652),#7656);
#7652 = LINE('',#7653,#7654);
#7653 = CARTESIAN_POINT('',(3.,0.));
#7654 = VECTOR('',#7655,1.);
#7655 = DIRECTION('',(0.,-1.));
#7656 = ( GEOMETRIC_REPRESENTATION_CONTEXT(2) 
PARAMETRIC_REPRESENTATION_CONTEXT() REPRESENTATION_CONTEXT('2D SPACE',''
  ) );
#7657 = ORIENTED_EDGE('',*,*,#5822,.F.);
#7658 = ORIENTED_EDGE('',*,*,#7659,.T.);
#7659 = EDGE_CURVE('',#5823,#3290,#7660,.T.);
#7660 = SURFACE_CURVE('',#7661,(#7665,#7672),.PCURVE_S1.);
#7661 = LINE('',#7662,#7663);
#7662 = CARTESIAN_POINT('',(764.9,18.4,15.399489727694));
#7663 = VECTOR('',#7664,1.);
#7664 = DIRECTION('',(0.,1.,0.));
#7665 = PCURVE('',#3312,#7666);
#7666 = DEFINITIONAL_REPRESENTATION('',(#7667),#7671);
#7667 = LINE('',#7668,#7669);
#7668 = CARTESIAN_POINT('',(-1.570796326795,0.));
#7669 = VECTOR('',#7670,1.);
#7670 = DIRECTION('',(-0.,1.));
#7671 = ( GEOMETRIC_REPRESENTATION_CONTEXT(2) 
PARAMETRIC_REPRESENTATION_CONTEXT() REPRESENTATION_CONTEXT('2D SPACE',''
  ) );
#7672 = PCURVE('',#3514,#7673);
#7673 = DEFINITIONAL_REPRESENTATION('',(#7674),#7678);
#7674 = LINE('',#7675,#7676);
#7675 = CARTESIAN_POINT('',(3.,0.));
#7676 = VECTOR('',#7677,1.);
#7677 = DIRECTION('',(0.,1.));
#7678 = ( GEOMETRIC_REPRESENTATION_CONTEXT(2) 
PARAMETRIC_REPRESENTATION_CONTEXT() REPRESENTATION_CONTEXT('2D SPACE',''
  ) );
#7679 = ORIENTED_EDGE('',*,*,#3289,.T.);
#7680 = ADVANCED_FACE('',(#7681),#3514,.T.);
#7681 = FACE_BOUND('',#7682,.T.);
#7682 = EDGE_LOOP('',(#7683,#7684,#7685,#7686));
#7683 = ORIENTED_EDGE('',*,*,#3501,.T.);
#7684 = ORIENTED_EDGE('',*,*,#7659,.F.);
#7685 = ORIENTED_EDGE('',*,*,#5846,.T.);
#7686 = ORIENTED_EDGE('',*,*,#7687,.T.);
#7687 = EDGE_CURVE('',#5847,#3469,#7688,.T.);
#7688 = SURFACE_CURVE('',#7689,(#7693,#7700),.PCURVE_S1.);
#7689 = LINE('',#7690,#7691);
#7690 = CARTESIAN_POINT('',(782.9,18.4,15.399489727694));
#7691 = VECTOR('',#7692,1.);
#7692 = DIRECTION('',(0.,1.,0.));
#7693 = PCURVE('',#3514,#7694);
#7694 = DEFINITIONAL_REPRESENTATION('',(#7695),#7699);
#7695 = LINE('',#7696,#7697);
#7696 = CARTESIAN_POINT('',(21.,0.));
#7697 = VECTOR('',#7698,1.);
#7698 = DIRECTION('',(0.,1.));
#7699 = ( GEOMETRIC_REPRESENTATION_CONTEXT(2) 
PARAMETRIC_REPRESENTATION_CONTEXT() REPRESENTATION_CONTEXT('2D SPACE',''
  ) );
#7700 = PCURVE('',#3489,#7701);
#7701 = DEFINITIONAL_REPRESENTATION('',(#7702),#7706);
#7702 = LINE('',#7703,#7704);
#7703 = CARTESIAN_POINT('',(1.570796326795,0.));
#7704 = VECTOR('',#7705,1.);
#7705 = DIRECTION('',(0.,1.));
#7706 = ( GEOMETRIC_REPRESENTATION_CONTEXT(2) 
PARAMETRIC_REPRESENTATION_CONTEXT() REPRESENTATION_CONTEXT('2D SPACE',''
  ) );
#7707 = ADVANCED_FACE('',(#7708),#3339,.T.);
#7708 = FACE_BOUND('',#7709,.T.);
#7709 = EDGE_LOOP('',(#7710,#7711,#7712,#7713));
#7710 = ORIENTED_EDGE('',*,*,#5801,.T.);
#7711 = ORIENTED_EDGE('',*,*,#7637,.T.);
#7712 = ORIENTED_EDGE('',*,*,#3324,.T.);
#7713 = ORIENTED_EDGE('',*,*,#7714,.F.);
#7714 = EDGE_CURVE('',#5776,#3325,#7715,.T.);
#7715 = SURFACE_CURVE('',#7716,(#7720,#7727),.PCURVE_S1.);
#7716 = LINE('',#7717,#7718);
#7717 = CARTESIAN_POINT('',(761.9,18.4,24.399489727694));
#7718 = VECTOR('',#7719,1.);
#7719 = DIRECTION('',(0.,1.,0.));
#7720 = PCURVE('',#3339,#7721);
#7721 = DEFINITIONAL_REPRESENTATION('',(#7722),#7726);
#7722 = LINE('',#7723,#7724);
#7723 = CARTESIAN_POINT('',(9.,0.));
#7724 = VECTOR('',#7725,1.);
#7725 = DIRECTION('',(0.,-1.));
#7726 = ( GEOMETRIC_REPRESENTATION_CONTEXT(2) 
PARAMETRIC_REPRESENTATION_CONTEXT() REPRESENTATION_CONTEXT('2D SPACE',''
  ) );
#7727 = PCURVE('',#3371,#7728);
#7728 = DEFINITIONAL_REPRESENTATION('',(#7729),#7733);
#7729 = LINE('',#7730,#7731);
#7730 = CARTESIAN_POINT('',(0.,0.));
#7731 = VECTOR('',#7732,1.);
#7732 = DIRECTION('',(0.,1.));
#7733 = ( GEOMETRIC_REPRESENTATION_CONTEXT(2) 
PARAMETRIC_REPRESENTATION_CONTEXT() REPRESENTATION_CONTEXT('2D SPACE',''
  ) );
#7734 = ADVANCED_FACE('',(#7735),#3489,.F.);
#7735 = FACE_BOUND('',#7736,.F.);
#7736 = EDGE_LOOP('',(#7737,#7758,#7759,#7760));
#7737 = ORIENTED_EDGE('',*,*,#7738,.F.);
#7738 = EDGE_CURVE('',#5868,#3443,#7739,.T.);
#7739 = SURFACE_CURVE('',#7740,(#7744,#7751),.PCURVE_S1.);
#7740 = LINE('',#7741,#7742);
#7741 = CARTESIAN_POINT('',(785.9,18.4,18.399489727694));
#7742 = VECTOR('',#7743,1.);
#7743 = DIRECTION('',(0.,1.,0.));
#7744 = PCURVE('',#3489,#7745);
#7745 = DEFINITIONAL_REPRESENTATION('',(#7746),#7750);
#7746 = LINE('',#7747,#7748);
#7747 = CARTESIAN_POINT('',(0.,0.));
#7748 = VECTOR('',#7749,1.);
#7749 = DIRECTION('',(0.,1.));
#7750 = ( GEOMETRIC_REPRESENTATION_CONTEXT(2) 
PARAMETRIC_REPRESENTATION_CONTEXT() REPRESENTATION_CONTEXT('2D SPACE',''
  ) );
#7751 = PCURVE('',#3457,#7752);
#7752 = DEFINITIONAL_REPRESENTATION('',(#7753),#7757);
#7753 = LINE('',#7754,#7755);
#7754 = CARTESIAN_POINT('',(3.,0.));
#7755 = VECTOR('',#7756,1.);
#7756 = DIRECTION('',(0.,-1.));
#7757 = ( GEOMETRIC_REPRESENTATION_CONTEXT(2) 
PARAMETRIC_REPRESENTATION_CONTEXT() REPRESENTATION_CONTEXT('2D SPACE',''
  ) );
#7758 = ORIENTED_EDGE('',*,*,#5867,.T.);
#7759 = ORIENTED_EDGE('',*,*,#7687,.T.);
#7760 = ORIENTED_EDGE('',*,*,#3468,.F.);
#7761 = ADVANCED_FACE('',(#7762),#3371,.F.);
#7762 = FACE_BOUND('',#7763,.F.);
#7763 = EDGE_LOOP('',(#7764,#7765,#7766,#7787));
#7764 = ORIENTED_EDGE('',*,*,#7714,.F.);
#7765 = ORIENTED_EDGE('',*,*,#5775,.T.);
#7766 = ORIENTED_EDGE('',*,*,#7767,.T.);
#7767 = EDGE_CURVE('',#5778,#3351,#7768,.T.);
#7768 = SURFACE_CURVE('',#7769,(#7773,#7780),.PCURVE_S1.);
#7769 = LINE('',#7770,#7771);
#7770 = CARTESIAN_POINT('',(764.9,18.4,27.399489727694));
#7771 = VECTOR('',#7772,1.);
#7772 = DIRECTION('',(0.,1.,0.));
#7773 = PCURVE('',#3371,#7774);
#7774 = DEFINITIONAL_REPRESENTATION('',(#7775),#7779);
#7775 = LINE('',#7776,#7777);
#7776 = CARTESIAN_POINT('',(1.570796326795,0.));
#7777 = VECTOR('',#7778,1.);
#7778 = DIRECTION('',(0.,1.));
#7779 = ( GEOMETRIC_REPRESENTATION_CONTEXT(2) 
PARAMETRIC_REPRESENTATION_CONTEXT() REPRESENTATION_CONTEXT('2D SPACE',''
  ) );
#7780 = PCURVE('',#3398,#7781);
#7781 = DEFINITIONAL_REPRESENTATION('',(#7782),#7786);
#7782 = LINE('',#7783,#7784);
#7783 = CARTESIAN_POINT('',(3.,0.));
#7784 = VECTOR('',#7785,1.);
#7785 = DIRECTION('',(0.,1.));
#7786 = ( GEOMETRIC_REPRESENTATION_CONTEXT(2) 
PARAMETRIC_REPRESENTATION_CONTEXT() REPRESENTATION_CONTEXT('2D SPACE',''
  ) );
#7787 = ORIENTED_EDGE('',*,*,#3350,.F.);
#7788 = ADVANCED_FACE('',(#7789),#3457,.F.);
#7789 = FACE_BOUND('',#7790,.F.);
#7790 = EDGE_LOOP('',(#7791,#7792,#7793,#7794));
#7791 = ORIENTED_EDGE('',*,*,#5891,.T.);
#7792 = ORIENTED_EDGE('',*,*,#7738,.T.);
#7793 = ORIENTED_EDGE('',*,*,#3442,.T.);
#7794 = ORIENTED_EDGE('',*,*,#7795,.F.);
#7795 = EDGE_CURVE('',#5892,#3410,#7796,.T.);
#7796 = SURFACE_CURVE('',#7797,(#7801,#7808),.PCURVE_S1.);
#7797 = LINE('',#7798,#7799);
#7798 = CARTESIAN_POINT('',(785.9,18.4,24.399489727694));
#7799 = VECTOR('',#7800,1.);
#7800 = DIRECTION('',(0.,1.,0.));
#7801 = PCURVE('',#3457,#7802);
#7802 = DEFINITIONAL_REPRESENTATION('',(#7803),#7807);
#7803 = LINE('',#7804,#7805);
#7804 = CARTESIAN_POINT('',(9.,0.));
#7805 = VECTOR('',#7806,1.);
#7806 = DIRECTION('',(0.,-1.));
#7807 = ( GEOMETRIC_REPRESENTATION_CONTEXT(2) 
PARAMETRIC_REPRESENTATION_CONTEXT() REPRESENTATION_CONTEXT('2D SPACE',''
  ) );
#7808 = PCURVE('',#3430,#7809);
#7809 = DEFINITIONAL_REPRESENTATION('',(#7810),#7814);
#7810 = LINE('',#7811,#7812);
#7811 = CARTESIAN_POINT('',(-0.,0.));
#7812 = VECTOR('',#7813,1.);
#7813 = DIRECTION('',(-0.,1.));
#7814 = ( GEOMETRIC_REPRESENTATION_CONTEXT(2) 
PARAMETRIC_REPRESENTATION_CONTEXT() REPRESENTATION_CONTEXT('2D SPACE',''
  ) );
#7815 = ADVANCED_FACE('',(#7816),#3398,.F.);
#7816 = FACE_BOUND('',#7817,.F.);
#7817 = EDGE_LOOP('',(#7818,#7819,#7820,#7821));
#7818 = ORIENTED_EDGE('',*,*,#3383,.T.);
#7819 = ORIENTED_EDGE('',*,*,#7767,.F.);
#7820 = ORIENTED_EDGE('',*,*,#5936,.T.);
#7821 = ORIENTED_EDGE('',*,*,#7822,.T.);
#7822 = EDGE_CURVE('',#5913,#3384,#7823,.T.);
#7823 = SURFACE_CURVE('',#7824,(#7828,#7835),.PCURVE_S1.);
#7824 = LINE('',#7825,#7826);
#7825 = CARTESIAN_POINT('',(782.9,18.4,27.399489727694));
#7826 = VECTOR('',#7827,1.);
#7827 = DIRECTION('',(0.,1.,0.));
#7828 = PCURVE('',#3398,#7829);
#7829 = DEFINITIONAL_REPRESENTATION('',(#7830),#7834);
#7830 = LINE('',#7831,#7832);
#7831 = CARTESIAN_POINT('',(21.,0.));
#7832 = VECTOR('',#7833,1.);
#7833 = DIRECTION('',(0.,1.));
#7834 = ( GEOMETRIC_REPRESENTATION_CONTEXT(2) 
PARAMETRIC_REPRESENTATION_CONTEXT() REPRESENTATION_CONTEXT('2D SPACE',''
  ) );
#7835 = PCURVE('',#3430,#7836);
#7836 = DEFINITIONAL_REPRESENTATION('',(#7837),#7841);
#7837 = LINE('',#7838,#7839);
#7838 = CARTESIAN_POINT('',(-1.570796326795,0.));
#7839 = VECTOR('',#7840,1.);
#7840 = DIRECTION('',(-0.,1.));
#7841 = ( GEOMETRIC_REPRESENTATION_CONTEXT(2) 
PARAMETRIC_REPRESENTATION_CONTEXT() REPRESENTATION_CONTEXT('2D SPACE',''
  ) );
#7842 = ADVANCED_FACE('',(#7843),#3430,.F.);
#7843 = FACE_BOUND('',#7844,.T.);
#7844 = EDGE_LOOP('',(#7845,#7846,#7847,#7848));
#7845 = ORIENTED_EDGE('',*,*,#7795,.F.);
#7846 = ORIENTED_EDGE('',*,*,#5912,.F.);
#7847 = ORIENTED_EDGE('',*,*,#7822,.T.);
#7848 = ORIENTED_EDGE('',*,*,#3409,.T.);
#7849 = ADVANCED_FACE('',(#7850),#3550,.F.);
#7850 = FACE_BOUND('',#7851,.T.);
#7851 = EDGE_LOOP('',(#7852,#7873,#7874,#7895));
#7852 = ORIENTED_EDGE('',*,*,#7853,.F.);
#7853 = EDGE_CURVE('',#5984,#3530,#7854,.T.);
#7854 = SURFACE_CURVE('',#7855,(#7859,#7866),.PCURVE_S1.);
#7855 = LINE('',#7856,#7857);
#7856 = CARTESIAN_POINT('',(660.75714285714,18.4,18.399489727694));
#7857 = VECTOR('',#7858,1.);
#7858 = DIRECTION('',(0.,1.,0.));
#7859 = PCURVE('',#3550,#7860);
#7860 = DEFINITIONAL_REPRESENTATION('',(#7861),#7865);
#7861 = LINE('',#7862,#7863);
#7862 = CARTESIAN_POINT('',(-0.,0.));
#7863 = VECTOR('',#7864,1.);
#7864 = DIRECTION('',(-0.,1.));
#7865 = ( GEOMETRIC_REPRESENTATION_CONTEXT(2) 
PARAMETRIC_REPRESENTATION_CONTEXT() REPRESENTATION_CONTEXT('2D SPACE',''
  ) );
#7866 = PCURVE('',#3577,#7867);
#7867 = DEFINITIONAL_REPRESENTATION('',(#7868),#7872);
#7868 = LINE('',#7869,#7870);
#7869 = CARTESIAN_POINT('',(3.,0.));
#7870 = VECTOR('',#7871,1.);
#7871 = DIRECTION('',(0.,-1.));
#7872 = ( GEOMETRIC_REPRESENTATION_CONTEXT(2) 
PARAMETRIC_REPRESENTATION_CONTEXT() REPRESENTATION_CONTEXT('2D SPACE',''
  ) );
#7873 = ORIENTED_EDGE('',*,*,#6004,.F.);
#7874 = ORIENTED_EDGE('',*,*,#7875,.T.);
#7875 = EDGE_CURVE('',#6005,#3528,#7876,.T.);
#7876 = SURFACE_CURVE('',#7877,(#7881,#7888),.PCURVE_S1.);
#7877 = LINE('',#7878,#7879);
#7878 = CARTESIAN_POINT('',(663.75714285714,18.4,15.399489727694));
#7879 = VECTOR('',#7880,1.);
#7880 = DIRECTION('',(0.,1.,0.));
#7881 = PCURVE('',#3550,#7882);
#7882 = DEFINITIONAL_REPRESENTATION('',(#7883),#7887);
#7883 = LINE('',#7884,#7885);
#7884 = CARTESIAN_POINT('',(-1.570796326795,0.));
#7885 = VECTOR('',#7886,1.);
#7886 = DIRECTION('',(-0.,1.));
#7887 = ( GEOMETRIC_REPRESENTATION_CONTEXT(2) 
PARAMETRIC_REPRESENTATION_CONTEXT() REPRESENTATION_CONTEXT('2D SPACE',''
  ) );
#7888 = PCURVE('',#3752,#7889);
#7889 = DEFINITIONAL_REPRESENTATION('',(#7890),#7894);
#7890 = LINE('',#7891,#7892);
#7891 = CARTESIAN_POINT('',(3.,0.));
#7892 = VECTOR('',#7893,1.);
#7893 = DIRECTION('',(0.,1.));
#7894 = ( GEOMETRIC_REPRESENTATION_CONTEXT(2) 
PARAMETRIC_REPRESENTATION_CONTEXT() REPRESENTATION_CONTEXT('2D SPACE',''
  ) );
#7895 = ORIENTED_EDGE('',*,*,#3527,.T.);
#7896 = ADVANCED_FACE('',(#7897),#3752,.T.);
#7897 = FACE_BOUND('',#7898,.T.);
#7898 = EDGE_LOOP('',(#7899,#7900,#7901,#7902));
#7899 = ORIENTED_EDGE('',*,*,#3739,.T.);
#7900 = ORIENTED_EDGE('',*,*,#7875,.F.);
#7901 = ORIENTED_EDGE('',*,*,#6028,.T.);
#7902 = ORIENTED_EDGE('',*,*,#7903,.T.);
#7903 = EDGE_CURVE('',#6029,#3707,#7904,.T.);
#7904 = SURFACE_CURVE('',#7905,(#7909,#7916),.PCURVE_S1.);
#7905 = LINE('',#7906,#7907);
#7906 = CARTESIAN_POINT('',(681.75714285714,18.4,15.399489727694));
#7907 = VECTOR('',#7908,1.);
#7908 = DIRECTION('',(0.,1.,0.));
#7909 = PCURVE('',#3752,#7910);
#7910 = DEFINITIONAL_REPRESENTATION('',(#7911),#7915);
#7911 = LINE('',#7912,#7913);
#7912 = CARTESIAN_POINT('',(21.,0.));
#7913 = VECTOR('',#7914,1.);
#7914 = DIRECTION('',(0.,1.));
#7915 = ( GEOMETRIC_REPRESENTATION_CONTEXT(2) 
PARAMETRIC_REPRESENTATION_CONTEXT() REPRESENTATION_CONTEXT('2D SPACE',''
  ) );
#7916 = PCURVE('',#3727,#7917);
#7917 = DEFINITIONAL_REPRESENTATION('',(#7918),#7922);
#7918 = LINE('',#7919,#7920);
#7919 = CARTESIAN_POINT('',(1.570796326795,0.));
#7920 = VECTOR('',#7921,1.);
#7921 = DIRECTION('',(0.,1.));
#7922 = ( GEOMETRIC_REPRESENTATION_CONTEXT(2) 
PARAMETRIC_REPRESENTATION_CONTEXT() REPRESENTATION_CONTEXT('2D SPACE',''
  ) );
#7923 = ADVANCED_FACE('',(#7924),#3577,.T.);
#7924 = FACE_BOUND('',#7925,.T.);
#7925 = EDGE_LOOP('',(#7926,#7927,#7928,#7929));
#7926 = ORIENTED_EDGE('',*,*,#5983,.T.);
#7927 = ORIENTED_EDGE('',*,*,#7853,.T.);
#7928 = ORIENTED_EDGE('',*,*,#3562,.T.);
#7929 = ORIENTED_EDGE('',*,*,#7930,.F.);
#7930 = EDGE_CURVE('',#5958,#3563,#7931,.T.);
#7931 = SURFACE_CURVE('',#7932,(#7936,#7943),.PCURVE_S1.);
#7932 = LINE('',#7933,#7934);
#7933 = CARTESIAN_POINT('',(660.75714285714,18.4,24.399489727694));
#7934 = VECTOR('',#7935,1.);
#7935 = DIRECTION('',(0.,1.,0.));
#7936 = PCURVE('',#3577,#7937);
#7937 = DEFINITIONAL_REPRESENTATION('',(#7938),#7942);
#7938 = LINE('',#7939,#7940);
#7939 = CARTESIAN_POINT('',(9.,0.));
#7940 = VECTOR('',#7941,1.);
#7941 = DIRECTION('',(0.,-1.));
#7942 = ( GEOMETRIC_REPRESENTATION_CONTEXT(2) 
PARAMETRIC_REPRESENTATION_CONTEXT() REPRESENTATION_CONTEXT('2D SPACE',''
  ) );
#7943 = PCURVE('',#3609,#7944);
#7944 = DEFINITIONAL_REPRESENTATION('',(#7945),#7949);
#7945 = LINE('',#7946,#7947);
#7946 = CARTESIAN_POINT('',(0.,0.));
#7947 = VECTOR('',#7948,1.);
#7948 = DIRECTION('',(0.,1.));
#7949 = ( GEOMETRIC_REPRESENTATION_CONTEXT(2) 
PARAMETRIC_REPRESENTATION_CONTEXT() REPRESENTATION_CONTEXT('2D SPACE',''
  ) );
#7950 = ADVANCED_FACE('',(#7951),#3727,.F.);
#7951 = FACE_BOUND('',#7952,.F.);
#7952 = EDGE_LOOP('',(#7953,#7974,#7975,#7976));
#7953 = ORIENTED_EDGE('',*,*,#7954,.F.);
#7954 = EDGE_CURVE('',#6050,#3681,#7955,.T.);
#7955 = SURFACE_CURVE('',#7956,(#7960,#7967),.PCURVE_S1.);
#7956 = LINE('',#7957,#7958);
#7957 = CARTESIAN_POINT('',(684.75714285714,18.4,18.399489727694));
#7958 = VECTOR('',#7959,1.);
#7959 = DIRECTION('',(0.,1.,0.));
#7960 = PCURVE('',#3727,#7961);
#7961 = DEFINITIONAL_REPRESENTATION('',(#7962),#7966);
#7962 = LINE('',#7963,#7964);
#7963 = CARTESIAN_POINT('',(0.,0.));
#7964 = VECTOR('',#7965,1.);
#7965 = DIRECTION('',(0.,1.));
#7966 = ( GEOMETRIC_REPRESENTATION_CONTEXT(2) 
PARAMETRIC_REPRESENTATION_CONTEXT() REPRESENTATION_CONTEXT('2D SPACE',''
  ) );
#7967 = PCURVE('',#3695,#7968);
#7968 = DEFINITIONAL_REPRESENTATION('',(#7969),#7973);
#7969 = LINE('',#7970,#7971);
#7970 = CARTESIAN_POINT('',(3.,0.));
#7971 = VECTOR('',#7972,1.);
#7972 = DIRECTION('',(0.,-1.));
#7973 = ( GEOMETRIC_REPRESENTATION_CONTEXT(2) 
PARAMETRIC_REPRESENTATION_CONTEXT() REPRESENTATION_CONTEXT('2D SPACE',''
  ) );
#7974 = ORIENTED_EDGE('',*,*,#6049,.T.);
#7975 = ORIENTED_EDGE('',*,*,#7903,.T.);
#7976 = ORIENTED_EDGE('',*,*,#3706,.F.);
#7977 = ADVANCED_FACE('',(#7978),#3609,.F.);
#7978 = FACE_BOUND('',#7979,.F.);
#7979 = EDGE_LOOP('',(#7980,#7981,#7982,#8003));
#7980 = ORIENTED_EDGE('',*,*,#7930,.F.);
#7981 = ORIENTED_EDGE('',*,*,#5957,.T.);
#7982 = ORIENTED_EDGE('',*,*,#7983,.T.);
#7983 = EDGE_CURVE('',#5960,#3589,#7984,.T.);
#7984 = SURFACE_CURVE('',#7985,(#7989,#7996),.PCURVE_S1.);
#7985 = LINE('',#7986,#7987);
#7986 = CARTESIAN_POINT('',(663.75714285714,18.4,27.399489727694));
#7987 = VECTOR('',#7988,1.);
#7988 = DIRECTION('',(0.,1.,0.));
#7989 = PCURVE('',#3609,#7990);
#7990 = DEFINITIONAL_REPRESENTATION('',(#7991),#7995);
#7991 = LINE('',#7992,#7993);
#7992 = CARTESIAN_POINT('',(1.570796326795,0.));
#7993 = VECTOR('',#7994,1.);
#7994 = DIRECTION('',(0.,1.));
#7995 = ( GEOMETRIC_REPRESENTATION_CONTEXT(2) 
PARAMETRIC_REPRESENTATION_CONTEXT() REPRESENTATION_CONTEXT('2D SPACE',''
  ) );
#7996 = PCURVE('',#3636,#7997);
#7997 = DEFINITIONAL_REPRESENTATION('',(#7998),#8002);
#7998 = LINE('',#7999,#8000);
#7999 = CARTESIAN_POINT('',(3.,0.));
#8000 = VECTOR('',#8001,1.);
#8001 = DIRECTION('',(0.,1.));
#8002 = ( GEOMETRIC_REPRESENTATION_CONTEXT(2) 
PARAMETRIC_REPRESENTATION_CONTEXT() REPRESENTATION_CONTEXT('2D SPACE',''
  ) );
#8003 = ORIENTED_EDGE('',*,*,#3588,.F.);
#8004 = ADVANCED_FACE('',(#8005),#3695,.F.);
#8005 = FACE_BOUND('',#8006,.F.);
#8006 = EDGE_LOOP('',(#8007,#8008,#8009,#8010));
#8007 = ORIENTED_EDGE('',*,*,#6073,.T.);
#8008 = ORIENTED_EDGE('',*,*,#7954,.T.);
#8009 = ORIENTED_EDGE('',*,*,#3680,.T.);
#8010 = ORIENTED_EDGE('',*,*,#8011,.F.);
#8011 = EDGE_CURVE('',#6074,#3648,#8012,.T.);
#8012 = SURFACE_CURVE('',#8013,(#8017,#8024),.PCURVE_S1.);
#8013 = LINE('',#8014,#8015);
#8014 = CARTESIAN_POINT('',(684.75714285714,18.4,24.399489727694));
#8015 = VECTOR('',#8016,1.);
#8016 = DIRECTION('',(0.,1.,0.));
#8017 = PCURVE('',#3695,#8018);
#8018 = DEFINITIONAL_REPRESENTATION('',(#8019),#8023);
#8019 = LINE('',#8020,#8021);
#8020 = CARTESIAN_POINT('',(9.,0.));
#8021 = VECTOR('',#8022,1.);
#8022 = DIRECTION('',(0.,-1.));
#8023 = ( GEOMETRIC_REPRESENTATION_CONTEXT(2) 
PARAMETRIC_REPRESENTATION_CONTEXT() REPRESENTATION_CONTEXT('2D SPACE',''
  ) );
#8024 = PCURVE('',#3668,#8025);
#8025 = DEFINITIONAL_REPRESENTATION('',(#8026),#8030);
#8026 = LINE('',#8027,#8028);
#8027 = CARTESIAN_POINT('',(-0.,0.));
#8028 = VECTOR('',#8029,1.);
#8029 = DIRECTION('',(-0.,1.));
#8030 = ( GEOMETRIC_REPRESENTATION_CONTEXT(2) 
PARAMETRIC_REPRESENTATION_CONTEXT() REPRESENTATION_CONTEXT('2D SPACE',''
  ) );
#8031 = ADVANCED_FACE('',(#8032),#3636,.F.);
#8032 = FACE_BOUND('',#8033,.F.);
#8033 = EDGE_LOOP('',(#8034,#8035,#8036,#8037));
#8034 = ORIENTED_EDGE('',*,*,#3621,.T.);
#8035 = ORIENTED_EDGE('',*,*,#7983,.F.);
#8036 = ORIENTED_EDGE('',*,*,#6118,.T.);
#8037 = ORIENTED_EDGE('',*,*,#8038,.T.);
#8038 = EDGE_CURVE('',#6095,#3622,#8039,.T.);
#8039 = SURFACE_CURVE('',#8040,(#8044,#8051),.PCURVE_S1.);
#8040 = LINE('',#8041,#8042);
#8041 = CARTESIAN_POINT('',(681.75714285714,18.4,27.399489727694));
#8042 = VECTOR('',#8043,1.);
#8043 = DIRECTION('',(0.,1.,0.));
#8044 = PCURVE('',#3636,#8045);
#8045 = DEFINITIONAL_REPRESENTATION('',(#8046),#8050);
#8046 = LINE('',#8047,#8048);
#8047 = CARTESIAN_POINT('',(21.,0.));
#8048 = VECTOR('',#8049,1.);
#8049 = DIRECTION('',(0.,1.));
#8050 = ( GEOMETRIC_REPRESENTATION_CONTEXT(2) 
PARAMETRIC_REPRESENTATION_CONTEXT() REPRESENTATION_CONTEXT('2D SPACE',''
  ) );
#8051 = PCURVE('',#3668,#8052);
#8052 = DEFINITIONAL_REPRESENTATION('',(#8053),#8057);
#8053 = LINE('',#8054,#8055);
#8054 = CARTESIAN_POINT('',(-1.570796326795,0.));
#8055 = VECTOR('',#8056,1.);
#8056 = DIRECTION('',(-0.,1.));
#8057 = ( GEOMETRIC_REPRESENTATION_CONTEXT(2) 
PARAMETRIC_REPRESENTATION_CONTEXT() REPRESENTATION_CONTEXT('2D SPACE',''
  ) );
#8058 = ADVANCED_FACE('',(#8059),#3668,.F.);
#8059 = FACE_BOUND('',#8060,.T.);
#8060 = EDGE_LOOP('',(#8061,#8062,#8063,#8064));
#8061 = ORIENTED_EDGE('',*,*,#8011,.F.);
#8062 = ORIENTED_EDGE('',*,*,#6094,.F.);
#8063 = ORIENTED_EDGE('',*,*,#8038,.T.);
#8064 = ORIENTED_EDGE('',*,*,#3647,.T.);
#8065 = ADVANCED_FACE('',(#8066),#3788,.F.);
#8066 = FACE_BOUND('',#8067,.T.);
#8067 = EDGE_LOOP('',(#8068,#8089,#8090,#8111));
#8068 = ORIENTED_EDGE('',*,*,#8069,.F.);
#8069 = EDGE_CURVE('',#6166,#3768,#8070,.T.);
#8070 = SURFACE_CURVE('',#8071,(#8075,#8082),.PCURVE_S1.);
#8071 = LINE('',#8072,#8073);
#8072 = CARTESIAN_POINT('',(559.61428571428,18.4,18.399489727694));
#8073 = VECTOR('',#8074,1.);
#8074 = DIRECTION('',(0.,1.,0.));
#8075 = PCURVE('',#3788,#8076);
#8076 = DEFINITIONAL_REPRESENTATION('',(#8077),#8081);
#8077 = LINE('',#8078,#8079);
#8078 = CARTESIAN_POINT('',(-0.,0.));
#8079 = VECTOR('',#8080,1.);
#8080 = DIRECTION('',(-0.,1.));
#8081 = ( GEOMETRIC_REPRESENTATION_CONTEXT(2) 
PARAMETRIC_REPRESENTATION_CONTEXT() REPRESENTATION_CONTEXT('2D SPACE',''
  ) );
#8082 = PCURVE('',#3815,#8083);
#8083 = DEFINITIONAL_REPRESENTATION('',(#8084),#8088);
#8084 = LINE('',#8085,#8086);
#8085 = CARTESIAN_POINT('',(3.,0.));
#8086 = VECTOR('',#8087,1.);
#8087 = DIRECTION('',(0.,-1.));
#8088 = ( GEOMETRIC_REPRESENTATION_CONTEXT(2) 
PARAMETRIC_REPRESENTATION_CONTEXT() REPRESENTATION_CONTEXT('2D SPACE',''
  ) );
#8089 = ORIENTED_EDGE('',*,*,#6186,.F.);
#8090 = ORIENTED_EDGE('',*,*,#8091,.T.);
#8091 = EDGE_CURVE('',#6187,#3766,#8092,.T.);
#8092 = SURFACE_CURVE('',#8093,(#8097,#8104),.PCURVE_S1.);
#8093 = LINE('',#8094,#8095);
#8094 = CARTESIAN_POINT('',(562.61428571428,18.4,15.399489727694));
#8095 = VECTOR('',#8096,1.);
#8096 = DIRECTION('',(0.,1.,0.));
#8097 = PCURVE('',#3788,#8098);
#8098 = DEFINITIONAL_REPRESENTATION('',(#8099),#8103);
#8099 = LINE('',#8100,#8101);
#8100 = CARTESIAN_POINT('',(-1.570796326795,0.));
#8101 = VECTOR('',#8102,1.);
#8102 = DIRECTION('',(-0.,1.));
#8103 = ( GEOMETRIC_REPRESENTATION_CONTEXT(2) 
PARAMETRIC_REPRESENTATION_CONTEXT() REPRESENTATION_CONTEXT('2D SPACE',''
  ) );
#8104 = PCURVE('',#3990,#8105);
#8105 = DEFINITIONAL_REPRESENTATION('',(#8106),#8110);
#8106 = LINE('',#8107,#8108);
#8107 = CARTESIAN_POINT('',(3.,0.));
#8108 = VECTOR('',#8109,1.);
#8109 = DIRECTION('',(0.,1.));
#8110 = ( GEOMETRIC_REPRESENTATION_CONTEXT(2) 
PARAMETRIC_REPRESENTATION_CONTEXT() REPRESENTATION_CONTEXT('2D SPACE',''
  ) );
#8111 = ORIENTED_EDGE('',*,*,#3765,.T.);
#8112 = ADVANCED_FACE('',(#8113),#3990,.T.);
#8113 = FACE_BOUND('',#8114,.T.);
#8114 = EDGE_LOOP('',(#8115,#8116,#8117,#8118));
#8115 = ORIENTED_EDGE('',*,*,#3977,.T.);
#8116 = ORIENTED_EDGE('',*,*,#8091,.F.);
#8117 = ORIENTED_EDGE('',*,*,#6210,.T.);
#8118 = ORIENTED_EDGE('',*,*,#8119,.T.);
#8119 = EDGE_CURVE('',#6211,#3945,#8120,.T.);
#8120 = SURFACE_CURVE('',#8121,(#8125,#8132),.PCURVE_S1.);
#8121 = LINE('',#8122,#8123);
#8122 = CARTESIAN_POINT('',(580.61428571428,18.4,15.399489727694));
#8123 = VECTOR('',#8124,1.);
#8124 = DIRECTION('',(0.,1.,0.));
#8125 = PCURVE('',#3990,#8126);
#8126 = DEFINITIONAL_REPRESENTATION('',(#8127),#8131);
#8127 = LINE('',#8128,#8129);
#8128 = CARTESIAN_POINT('',(21.,0.));
#8129 = VECTOR('',#8130,1.);
#8130 = DIRECTION('',(0.,1.));
#8131 = ( GEOMETRIC_REPRESENTATION_CONTEXT(2) 
PARAMETRIC_REPRESENTATION_CONTEXT() REPRESENTATION_CONTEXT('2D SPACE',''
  ) );
#8132 = PCURVE('',#3965,#8133);
#8133 = DEFINITIONAL_REPRESENTATION('',(#8134),#8138);
#8134 = LINE('',#8135,#8136);
#8135 = CARTESIAN_POINT('',(1.570796326795,0.));
#8136 = VECTOR('',#8137,1.);
#8137 = DIRECTION('',(0.,1.));
#8138 = ( GEOMETRIC_REPRESENTATION_CONTEXT(2) 
PARAMETRIC_REPRESENTATION_CONTEXT() REPRESENTATION_CONTEXT('2D SPACE',''
  ) );
#8139 = ADVANCED_FACE('',(#8140),#3815,.T.);
#8140 = FACE_BOUND('',#8141,.T.);
#8141 = EDGE_LOOP('',(#8142,#8143,#8144,#8145));
#8142 = ORIENTED_EDGE('',*,*,#6165,.T.);
#8143 = ORIENTED_EDGE('',*,*,#8069,.T.);
#8144 = ORIENTED_EDGE('',*,*,#3800,.T.);
#8145 = ORIENTED_EDGE('',*,*,#8146,.F.);
#8146 = EDGE_CURVE('',#6140,#3801,#8147,.T.);
#8147 = SURFACE_CURVE('',#8148,(#8152,#8159),.PCURVE_S1.);
#8148 = LINE('',#8149,#8150);
#8149 = CARTESIAN_POINT('',(559.61428571428,18.4,24.399489727694));
#8150 = VECTOR('',#8151,1.);
#8151 = DIRECTION('',(0.,1.,0.));
#8152 = PCURVE('',#3815,#8153);
#8153 = DEFINITIONAL_REPRESENTATION('',(#8154),#8158);
#8154 = LINE('',#8155,#8156);
#8155 = CARTESIAN_POINT('',(9.,0.));
#8156 = VECTOR('',#8157,1.);
#8157 = DIRECTION('',(0.,-1.));
#8158 = ( GEOMETRIC_REPRESENTATION_CONTEXT(2) 
PARAMETRIC_REPRESENTATION_CONTEXT() REPRESENTATION_CONTEXT('2D SPACE',''
  ) );
#8159 = PCURVE('',#3847,#8160);
#8160 = DEFINITIONAL_REPRESENTATION('',(#8161),#8165);
#8161 = LINE('',#8162,#8163);
#8162 = CARTESIAN_POINT('',(0.,0.));
#8163 = VECTOR('',#8164,1.);
#8164 = DIRECTION('',(0.,1.));
#8165 = ( GEOMETRIC_REPRESENTATION_CONTEXT(2) 
PARAMETRIC_REPRESENTATION_CONTEXT() REPRESENTATION_CONTEXT('2D SPACE',''
  ) );
#8166 = ADVANCED_FACE('',(#8167),#3965,.F.);
#8167 = FACE_BOUND('',#8168,.F.);
#8168 = EDGE_LOOP('',(#8169,#8190,#8191,#8192));
#8169 = ORIENTED_EDGE('',*,*,#8170,.F.);
#8170 = EDGE_CURVE('',#6232,#3919,#8171,.T.);
#8171 = SURFACE_CURVE('',#8172,(#8176,#8183),.PCURVE_S1.);
#8172 = LINE('',#8173,#8174);
#8173 = CARTESIAN_POINT('',(583.61428571428,18.4,18.399489727694));
#8174 = VECTOR('',#8175,1.);
#8175 = DIRECTION('',(0.,1.,0.));
#8176 = PCURVE('',#3965,#8177);
#8177 = DEFINITIONAL_REPRESENTATION('',(#8178),#8182);
#8178 = LINE('',#8179,#8180);
#8179 = CARTESIAN_POINT('',(0.,0.));
#8180 = VECTOR('',#8181,1.);
#8181 = DIRECTION('',(0.,1.));
#8182 = ( GEOMETRIC_REPRESENTATION_CONTEXT(2) 
PARAMETRIC_REPRESENTATION_CONTEXT() REPRESENTATION_CONTEXT('2D SPACE',''
  ) );
#8183 = PCURVE('',#3933,#8184);
#8184 = DEFINITIONAL_REPRESENTATION('',(#8185),#8189);
#8185 = LINE('',#8186,#8187);
#8186 = CARTESIAN_POINT('',(3.,0.));
#8187 = VECTOR('',#8188,1.);
#8188 = DIRECTION('',(0.,-1.));
#8189 = ( GEOMETRIC_REPRESENTATION_CONTEXT(2) 
PARAMETRIC_REPRESENTATION_CONTEXT() REPRESENTATION_CONTEXT('2D SPACE',''
  ) );
#8190 = ORIENTED_EDGE('',*,*,#6231,.T.);
#8191 = ORIENTED_EDGE('',*,*,#8119,.T.);
#8192 = ORIENTED_EDGE('',*,*,#3944,.F.);
#8193 = ADVANCED_FACE('',(#8194),#3847,.F.);
#8194 = FACE_BOUND('',#8195,.F.);
#8195 = EDGE_LOOP('',(#8196,#8197,#8198,#8219));
#8196 = ORIENTED_EDGE('',*,*,#8146,.F.);
#8197 = ORIENTED_EDGE('',*,*,#6139,.T.);
#8198 = ORIENTED_EDGE('',*,*,#8199,.T.);
#8199 = EDGE_CURVE('',#6142,#3827,#8200,.T.);
#8200 = SURFACE_CURVE('',#8201,(#8205,#8212),.PCURVE_S1.);
#8201 = LINE('',#8202,#8203);
#8202 = CARTESIAN_POINT('',(562.61428571428,18.4,27.399489727694));
#8203 = VECTOR('',#8204,1.);
#8204 = DIRECTION('',(0.,1.,0.));
#8205 = PCURVE('',#3847,#8206);
#8206 = DEFINITIONAL_REPRESENTATION('',(#8207),#8211);
#8207 = LINE('',#8208,#8209);
#8208 = CARTESIAN_POINT('',(1.570796326795,0.));
#8209 = VECTOR('',#8210,1.);
#8210 = DIRECTION('',(0.,1.));
#8211 = ( GEOMETRIC_REPRESENTATION_CONTEXT(2) 
PARAMETRIC_REPRESENTATION_CONTEXT() REPRESENTATION_CONTEXT('2D SPACE',''
  ) );
#8212 = PCURVE('',#3874,#8213);
#8213 = DEFINITIONAL_REPRESENTATION('',(#8214),#8218);
#8214 = LINE('',#8215,#8216);
#8215 = CARTESIAN_POINT('',(3.,0.));
#8216 = VECTOR('',#8217,1.);
#8217 = DIRECTION('',(0.,1.));
#8218 = ( GEOMETRIC_REPRESENTATION_CONTEXT(2) 
PARAMETRIC_REPRESENTATION_CONTEXT() REPRESENTATION_CONTEXT('2D SPACE',''
  ) );
#8219 = ORIENTED_EDGE('',*,*,#3826,.F.);
#8220 = ADVANCED_FACE('',(#8221),#3933,.F.);
#8221 = FACE_BOUND('',#8222,.F.);
#8222 = EDGE_LOOP('',(#8223,#8224,#8225,#8226));
#8223 = ORIENTED_EDGE('',*,*,#6255,.T.);
#8224 = ORIENTED_EDGE('',*,*,#8170,.T.);
#8225 = ORIENTED_EDGE('',*,*,#3918,.T.);
#8226 = ORIENTED_EDGE('',*,*,#8227,.F.);
#8227 = EDGE_CURVE('',#6256,#3886,#8228,.T.);
#8228 = SURFACE_CURVE('',#8229,(#8233,#8240),.PCURVE_S1.);
#8229 = LINE('',#8230,#8231);
#8230 = CARTESIAN_POINT('',(583.61428571428,18.4,24.399489727694));
#8231 = VECTOR('',#8232,1.);
#8232 = DIRECTION('',(0.,1.,0.));
#8233 = PCURVE('',#3933,#8234);
#8234 = DEFINITIONAL_REPRESENTATION('',(#8235),#8239);
#8235 = LINE('',#8236,#8237);
#8236 = CARTESIAN_POINT('',(9.,0.));
#8237 = VECTOR('',#8238,1.);
#8238 = DIRECTION('',(0.,-1.));
#8239 = ( GEOMETRIC_REPRESENTATION_CONTEXT(2) 
PARAMETRIC_REPRESENTATION_CONTEXT() REPRESENTATION_CONTEXT('2D SPACE',''
  ) );
#8240 = PCURVE('',#3906,#8241);
#8241 = DEFINITIONAL_REPRESENTATION('',(#8242),#8246);
#8242 = LINE('',#8243,#8244);
#8243 = CARTESIAN_POINT('',(-0.,0.));
#8244 = VECTOR('',#8245,1.);
#8245 = DIRECTION('',(-0.,1.));
#8246 = ( GEOMETRIC_REPRESENTATION_CONTEXT(2) 
PARAMETRIC_REPRESENTATION_CONTEXT() REPRESENTATION_CONTEXT('2D SPACE',''
  ) );
#8247 = ADVANCED_FACE('',(#8248),#3874,.F.);
#8248 = FACE_BOUND('',#8249,.F.);
#8249 = EDGE_LOOP('',(#8250,#8251,#8252,#8253));
#8250 = ORIENTED_EDGE('',*,*,#3859,.T.);
#8251 = ORIENTED_EDGE('',*,*,#8199,.F.);
#8252 = ORIENTED_EDGE('',*,*,#6300,.T.);
#8253 = ORIENTED_EDGE('',*,*,#8254,.T.);
#8254 = EDGE_CURVE('',#6277,#3860,#8255,.T.);
#8255 = SURFACE_CURVE('',#8256,(#8260,#8267),.PCURVE_S1.);
#8256 = LINE('',#8257,#8258);
#8257 = CARTESIAN_POINT('',(580.61428571428,18.4,27.399489727694));
#8258 = VECTOR('',#8259,1.);
#8259 = DIRECTION('',(0.,1.,0.));
#8260 = PCURVE('',#3874,#8261);
#8261 = DEFINITIONAL_REPRESENTATION('',(#8262),#8266);
#8262 = LINE('',#8263,#8264);
#8263 = CARTESIAN_POINT('',(21.,0.));
#8264 = VECTOR('',#8265,1.);
#8265 = DIRECTION('',(0.,1.));
#8266 = ( GEOMETRIC_REPRESENTATION_CONTEXT(2) 
PARAMETRIC_REPRESENTATION_CONTEXT() REPRESENTATION_CONTEXT('2D SPACE',''
  ) );
#8267 = PCURVE('',#3906,#8268);
#8268 = DEFINITIONAL_REPRESENTATION('',(#8269),#8273);
#8269 = LINE('',#8270,#8271);
#8270 = CARTESIAN_POINT('',(-1.570796326795,0.));
#8271 = VECTOR('',#8272,1.);
#8272 = DIRECTION('',(-0.,1.));
#8273 = ( GEOMETRIC_REPRESENTATION_CONTEXT(2) 
PARAMETRIC_REPRESENTATION_CONTEXT() REPRESENTATION_CONTEXT('2D SPACE',''
  ) );
#8274 = ADVANCED_FACE('',(#8275),#3906,.F.);
#8275 = FACE_BOUND('',#8276,.T.);
#8276 = EDGE_LOOP('',(#8277,#8278,#8279,#8280));
#8277 = ORIENTED_EDGE('',*,*,#8227,.F.);
#8278 = ORIENTED_EDGE('',*,*,#6276,.F.);
#8279 = ORIENTED_EDGE('',*,*,#8254,.T.);
#8280 = ORIENTED_EDGE('',*,*,#3885,.T.);
#8281 = ADVANCED_FACE('',(#8282),#4026,.F.);
#8282 = FACE_BOUND('',#8283,.T.);
#8283 = EDGE_LOOP('',(#8284,#8305,#8306,#8327));
#8284 = ORIENTED_EDGE('',*,*,#8285,.F.);
#8285 = EDGE_CURVE('',#6348,#4006,#8286,.T.);
#8286 = SURFACE_CURVE('',#8287,(#8291,#8298),.PCURVE_S1.);
#8287 = LINE('',#8288,#8289);
#8288 = CARTESIAN_POINT('',(458.47142857142,18.4,18.399489727694));
#8289 = VECTOR('',#8290,1.);
#8290 = DIRECTION('',(0.,1.,0.));
#8291 = PCURVE('',#4026,#8292);
#8292 = DEFINITIONAL_REPRESENTATION('',(#8293),#8297);
#8293 = LINE('',#8294,#8295);
#8294 = CARTESIAN_POINT('',(-0.,0.));
#8295 = VECTOR('',#8296,1.);
#8296 = DIRECTION('',(-0.,1.));
#8297 = ( GEOMETRIC_REPRESENTATION_CONTEXT(2) 
PARAMETRIC_REPRESENTATION_CONTEXT() REPRESENTATION_CONTEXT('2D SPACE',''
  ) );
#8298 = PCURVE('',#4053,#8299);
#8299 = DEFINITIONAL_REPRESENTATION('',(#8300),#8304);
#8300 = LINE('',#8301,#8302);
#8301 = CARTESIAN_POINT('',(3.,0.));
#8302 = VECTOR('',#8303,1.);
#8303 = DIRECTION('',(0.,-1.));
#8304 = ( GEOMETRIC_REPRESENTATION_CONTEXT(2) 
PARAMETRIC_REPRESENTATION_CONTEXT() REPRESENTATION_CONTEXT('2D SPACE',''
  ) );
#8305 = ORIENTED_EDGE('',*,*,#6368,.F.);
#8306 = ORIENTED_EDGE('',*,*,#8307,.T.);
#8307 = EDGE_CURVE('',#6369,#4004,#8308,.T.);
#8308 = SURFACE_CURVE('',#8309,(#8313,#8320),.PCURVE_S1.);
#8309 = LINE('',#8310,#8311);
#8310 = CARTESIAN_POINT('',(461.47142857142,18.4,15.399489727694));
#8311 = VECTOR('',#8312,1.);
#8312 = DIRECTION('',(0.,1.,0.));
#8313 = PCURVE('',#4026,#8314);
#8314 = DEFINITIONAL_REPRESENTATION('',(#8315),#8319);
#8315 = LINE('',#8316,#8317);
#8316 = CARTESIAN_POINT('',(-1.570796326795,0.));
#8317 = VECTOR('',#8318,1.);
#8318 = DIRECTION('',(-0.,1.));
#8319 = ( GEOMETRIC_REPRESENTATION_CONTEXT(2) 
PARAMETRIC_REPRESENTATION_CONTEXT() REPRESENTATION_CONTEXT('2D SPACE',''
  ) );
#8320 = PCURVE('',#4228,#8321);
#8321 = DEFINITIONAL_REPRESENTATION('',(#8322),#8326);
#8322 = LINE('',#8323,#8324);
#8323 = CARTESIAN_POINT('',(3.,0.));
#8324 = VECTOR('',#8325,1.);
#8325 = DIRECTION('',(0.,1.));
#8326 = ( GEOMETRIC_REPRESENTATION_CONTEXT(2) 
PARAMETRIC_REPRESENTATION_CONTEXT() REPRESENTATION_CONTEXT('2D SPACE',''
  ) );
#8327 = ORIENTED_EDGE('',*,*,#4003,.T.);
#8328 = ADVANCED_FACE('',(#8329),#4228,.T.);
#8329 = FACE_BOUND('',#8330,.T.);
#8330 = EDGE_LOOP('',(#8331,#8332,#8333,#8334));
#8331 = ORIENTED_EDGE('',*,*,#4215,.T.);
#8332 = ORIENTED_EDGE('',*,*,#8307,.F.);
#8333 = ORIENTED_EDGE('',*,*,#6392,.T.);
#8334 = ORIENTED_EDGE('',*,*,#8335,.T.);
#8335 = EDGE_CURVE('',#6393,#4183,#8336,.T.);
#8336 = SURFACE_CURVE('',#8337,(#8341,#8348),.PCURVE_S1.);
#8337 = LINE('',#8338,#8339);
#8338 = CARTESIAN_POINT('',(479.47142857142,18.4,15.399489727694));
#8339 = VECTOR('',#8340,1.);
#8340 = DIRECTION('',(0.,1.,0.));
#8341 = PCURVE('',#4228,#8342);
#8342 = DEFINITIONAL_REPRESENTATION('',(#8343),#8347);
#8343 = LINE('',#8344,#8345);
#8344 = CARTESIAN_POINT('',(21.,0.));
#8345 = VECTOR('',#8346,1.);
#8346 = DIRECTION('',(0.,1.));
#8347 = ( GEOMETRIC_REPRESENTATION_CONTEXT(2) 
PARAMETRIC_REPRESENTATION_CONTEXT() REPRESENTATION_CONTEXT('2D SPACE',''
  ) );
#8348 = PCURVE('',#4203,#8349);
#8349 = DEFINITIONAL_REPRESENTATION('',(#8350),#8354);
#8350 = LINE('',#8351,#8352);
#8351 = CARTESIAN_POINT('',(1.570796326795,0.));
#8352 = VECTOR('',#8353,1.);
#8353 = DIRECTION('',(0.,1.));
#8354 = ( GEOMETRIC_REPRESENTATION_CONTEXT(2) 
PARAMETRIC_REPRESENTATION_CONTEXT() REPRESENTATION_CONTEXT('2D SPACE',''
  ) );
#8355 = ADVANCED_FACE('',(#8356),#4053,.T.);
#8356 = FACE_BOUND('',#8357,.T.);
#8357 = EDGE_LOOP('',(#8358,#8359,#8360,#8361));
#8358 = ORIENTED_EDGE('',*,*,#6347,.T.);
#8359 = ORIENTED_EDGE('',*,*,#8285,.T.);
#8360 = ORIENTED_EDGE('',*,*,#4038,.T.);
#8361 = ORIENTED_EDGE('',*,*,#8362,.F.);
#8362 = EDGE_CURVE('',#6322,#4039,#8363,.T.);
#8363 = SURFACE_CURVE('',#8364,(#8368,#8375),.PCURVE_S1.);
#8364 = LINE('',#8365,#8366);
#8365 = CARTESIAN_POINT('',(458.47142857142,18.4,24.399489727694));
#8366 = VECTOR('',#8367,1.);
#8367 = DIRECTION('',(0.,1.,0.));
#8368 = PCURVE('',#4053,#8369);
#8369 = DEFINITIONAL_REPRESENTATION('',(#8370),#8374);
#8370 = LINE('',#8371,#8372);
#8371 = CARTESIAN_POINT('',(9.,0.));
#8372 = VECTOR('',#8373,1.);
#8373 = DIRECTION('',(0.,-1.));
#8374 = ( GEOMETRIC_REPRESENTATION_CONTEXT(2) 
PARAMETRIC_REPRESENTATION_CONTEXT() REPRESENTATION_CONTEXT('2D SPACE',''
  ) );
#8375 = PCURVE('',#4085,#8376);
#8376 = DEFINITIONAL_REPRESENTATION('',(#8377),#8381);
#8377 = LINE('',#8378,#8379);
#8378 = CARTESIAN_POINT('',(0.,0.));
#8379 = VECTOR('',#8380,1.);
#8380 = DIRECTION('',(0.,1.));
#8381 = ( GEOMETRIC_REPRESENTATION_CONTEXT(2) 
PARAMETRIC_REPRESENTATION_CONTEXT() REPRESENTATION_CONTEXT('2D SPACE',''
  ) );
#8382 = ADVANCED_FACE('',(#8383),#4203,.F.);
#8383 = FACE_BOUND('',#8384,.F.);
#8384 = EDGE_LOOP('',(#8385,#8406,#8407,#8408));
#8385 = ORIENTED_EDGE('',*,*,#8386,.F.);
#8386 = EDGE_CURVE('',#6414,#4157,#8387,.T.);
#8387 = SURFACE_CURVE('',#8388,(#8392,#8399),.PCURVE_S1.);
#8388 = LINE('',#8389,#8390);
#8389 = CARTESIAN_POINT('',(482.47142857142,18.4,18.399489727694));
#8390 = VECTOR('',#8391,1.);
#8391 = DIRECTION('',(0.,1.,0.));
#8392 = PCURVE('',#4203,#8393);
#8393 = DEFINITIONAL_REPRESENTATION('',(#8394),#8398);
#8394 = LINE('',#8395,#8396);
#8395 = CARTESIAN_POINT('',(0.,0.));
#8396 = VECTOR('',#8397,1.);
#8397 = DIRECTION('',(0.,1.));
#8398 = ( GEOMETRIC_REPRESENTATION_CONTEXT(2) 
PARAMETRIC_REPRESENTATION_CONTEXT() REPRESENTATION_CONTEXT('2D SPACE',''
  ) );
#8399 = PCURVE('',#4171,#8400);
#8400 = DEFINITIONAL_REPRESENTATION('',(#8401),#8405);
#8401 = LINE('',#8402,#8403);
#8402 = CARTESIAN_POINT('',(3.,0.));
#8403 = VECTOR('',#8404,1.);
#8404 = DIRECTION('',(0.,-1.));
#8405 = ( GEOMETRIC_REPRESENTATION_CONTEXT(2) 
PARAMETRIC_REPRESENTATION_CONTEXT() REPRESENTATION_CONTEXT('2D SPACE',''
  ) );
#8406 = ORIENTED_EDGE('',*,*,#6413,.T.);
#8407 = ORIENTED_EDGE('',*,*,#8335,.T.);
#8408 = ORIENTED_EDGE('',*,*,#4182,.F.);
#8409 = ADVANCED_FACE('',(#8410),#4085,.F.);
#8410 = FACE_BOUND('',#8411,.F.);
#8411 = EDGE_LOOP('',(#8412,#8413,#8414,#8435));
#8412 = ORIENTED_EDGE('',*,*,#8362,.F.);
#8413 = ORIENTED_EDGE('',*,*,#6321,.T.);
#8414 = ORIENTED_EDGE('',*,*,#8415,.T.);
#8415 = EDGE_CURVE('',#6324,#4065,#8416,.T.);
#8416 = SURFACE_CURVE('',#8417,(#8421,#8428),.PCURVE_S1.);
#8417 = LINE('',#8418,#8419);
#8418 = CARTESIAN_POINT('',(461.47142857142,18.4,27.399489727694));
#8419 = VECTOR('',#8420,1.);
#8420 = DIRECTION('',(0.,1.,0.));
#8421 = PCURVE('',#4085,#8422);
#8422 = DEFINITIONAL_REPRESENTATION('',(#8423),#8427);
#8423 = LINE('',#8424,#8425);
#8424 = CARTESIAN_POINT('',(1.570796326795,0.));
#8425 = VECTOR('',#8426,1.);
#8426 = DIRECTION('',(0.,1.));
#8427 = ( GEOMETRIC_REPRESENTATION_CONTEXT(2) 
PARAMETRIC_REPRESENTATION_CONTEXT() REPRESENTATION_CONTEXT('2D SPACE',''
  ) );
#8428 = PCURVE('',#4112,#8429);
#8429 = DEFINITIONAL_REPRESENTATION('',(#8430),#8434);
#8430 = LINE('',#8431,#8432);
#8431 = CARTESIAN_POINT('',(3.,0.));
#8432 = VECTOR('',#8433,1.);
#8433 = DIRECTION('',(0.,1.));
#8434 = ( GEOMETRIC_REPRESENTATION_CONTEXT(2) 
PARAMETRIC_REPRESENTATION_CONTEXT() REPRESENTATION_CONTEXT('2D SPACE',''
  ) );
#8435 = ORIENTED_EDGE('',*,*,#4064,.F.);
#8436 = ADVANCED_FACE('',(#8437),#4171,.F.);
#8437 = FACE_BOUND('',#8438,.F.);
#8438 = EDGE_LOOP('',(#8439,#8440,#8441,#8442));
#8439 = ORIENTED_EDGE('',*,*,#6437,.T.);
#8440 = ORIENTED_EDGE('',*,*,#8386,.T.);
#8441 = ORIENTED_EDGE('',*,*,#4156,.T.);
#8442 = ORIENTED_EDGE('',*,*,#8443,.F.);
#8443 = EDGE_CURVE('',#6438,#4124,#8444,.T.);
#8444 = SURFACE_CURVE('',#8445,(#8449,#8456),.PCURVE_S1.);
#8445 = LINE('',#8446,#8447);
#8446 = CARTESIAN_POINT('',(482.47142857142,18.4,24.399489727694));
#8447 = VECTOR('',#8448,1.);
#8448 = DIRECTION('',(0.,1.,0.));
#8449 = PCURVE('',#4171,#8450);
#8450 = DEFINITIONAL_REPRESENTATION('',(#8451),#8455);
#8451 = LINE('',#8452,#8453);
#8452 = CARTESIAN_POINT('',(9.,0.));
#8453 = VECTOR('',#8454,1.);
#8454 = DIRECTION('',(0.,-1.));
#8455 = ( GEOMETRIC_REPRESENTATION_CONTEXT(2) 
PARAMETRIC_REPRESENTATION_CONTEXT() REPRESENTATION_CONTEXT('2D SPACE',''
  ) );
#8456 = PCURVE('',#4144,#8457);
#8457 = DEFINITIONAL_REPRESENTATION('',(#8458),#8462);
#8458 = LINE('',#8459,#8460);
#8459 = CARTESIAN_POINT('',(-0.,0.));
#8460 = VECTOR('',#8461,1.);
#8461 = DIRECTION('',(-0.,1.));
#8462 = ( GEOMETRIC_REPRESENTATION_CONTEXT(2) 
PARAMETRIC_REPRESENTATION_CONTEXT() REPRESENTATION_CONTEXT('2D SPACE',''
  ) );
#8463 = ADVANCED_FACE('',(#8464),#4112,.F.);
#8464 = FACE_BOUND('',#8465,.F.);
#8465 = EDGE_LOOP('',(#8466,#8467,#8468,#8469));
#8466 = ORIENTED_EDGE('',*,*,#4097,.T.);
#8467 = ORIENTED_EDGE('',*,*,#8415,.F.);
#8468 = ORIENTED_EDGE('',*,*,#6482,.T.);
#8469 = ORIENTED_EDGE('',*,*,#8470,.T.);
#8470 = EDGE_CURVE('',#6459,#4098,#8471,.T.);
#8471 = SURFACE_CURVE('',#8472,(#8476,#8483),.PCURVE_S1.);
#8472 = LINE('',#8473,#8474);
#8473 = CARTESIAN_POINT('',(479.47142857142,18.4,27.399489727694));
#8474 = VECTOR('',#8475,1.);
#8475 = DIRECTION('',(0.,1.,0.));
#8476 = PCURVE('',#4112,#8477);
#8477 = DEFINITIONAL_REPRESENTATION('',(#8478),#8482);
#8478 = LINE('',#8479,#8480);
#8479 = CARTESIAN_POINT('',(21.,0.));
#8480 = VECTOR('',#8481,1.);
#8481 = DIRECTION('',(0.,1.));
#8482 = ( GEOMETRIC_REPRESENTATION_CONTEXT(2) 
PARAMETRIC_REPRESENTATION_CONTEXT() REPRESENTATION_CONTEXT('2D SPACE',''
  ) );
#8483 = PCURVE('',#4144,#8484);
#8484 = DEFINITIONAL_REPRESENTATION('',(#8485),#8489);
#8485 = LINE('',#8486,#8487);
#8486 = CARTESIAN_POINT('',(-1.570796326795,0.));
#8487 = VECTOR('',#8488,1.);
#8488 = DIRECTION('',(-0.,1.));
#8489 = ( GEOMETRIC_REPRESENTATION_CONTEXT(2) 
PARAMETRIC_REPRESENTATION_CONTEXT() REPRESENTATION_CONTEXT('2D SPACE',''
  ) );
#8490 = ADVANCED_FACE('',(#8491),#4144,.F.);
#8491 = FACE_BOUND('',#8492,.T.);
#8492 = EDGE_LOOP('',(#8493,#8494,#8495,#8496));
#8493 = ORIENTED_EDGE('',*,*,#8443,.F.);
#8494 = ORIENTED_EDGE('',*,*,#6458,.F.);
#8495 = ORIENTED_EDGE('',*,*,#8470,.T.);
#8496 = ORIENTED_EDGE('',*,*,#4123,.T.);
#8497 = ADVANCED_FACE('',(#8498),#4264,.F.);
#8498 = FACE_BOUND('',#8499,.T.);
#8499 = EDGE_LOOP('',(#8500,#8521,#8522,#8543));
#8500 = ORIENTED_EDGE('',*,*,#8501,.F.);
#8501 = EDGE_CURVE('',#6530,#4244,#8502,.T.);
#8502 = SURFACE_CURVE('',#8503,(#8507,#8514),.PCURVE_S1.);
#8503 = LINE('',#8504,#8505);
#8504 = CARTESIAN_POINT('',(357.32857142857,18.4,18.399489727694));
#8505 = VECTOR('',#8506,1.);
#8506 = DIRECTION('',(0.,1.,0.));
#8507 = PCURVE('',#4264,#8508);
#8508 = DEFINITIONAL_REPRESENTATION('',(#8509),#8513);
#8509 = LINE('',#8510,#8511);
#8510 = CARTESIAN_POINT('',(-0.,0.));
#8511 = VECTOR('',#8512,1.);
#8512 = DIRECTION('',(-0.,1.));
#8513 = ( GEOMETRIC_REPRESENTATION_CONTEXT(2) 
PARAMETRIC_REPRESENTATION_CONTEXT() REPRESENTATION_CONTEXT('2D SPACE',''
  ) );
#8514 = PCURVE('',#4291,#8515);
#8515 = DEFINITIONAL_REPRESENTATION('',(#8516),#8520);
#8516 = LINE('',#8517,#8518);
#8517 = CARTESIAN_POINT('',(3.,0.));
#8518 = VECTOR('',#8519,1.);
#8519 = DIRECTION('',(0.,-1.));
#8520 = ( GEOMETRIC_REPRESENTATION_CONTEXT(2) 
PARAMETRIC_REPRESENTATION_CONTEXT() REPRESENTATION_CONTEXT('2D SPACE',''
  ) );
#8521 = ORIENTED_EDGE('',*,*,#6550,.F.);
#8522 = ORIENTED_EDGE('',*,*,#8523,.T.);
#8523 = EDGE_CURVE('',#6551,#4242,#8524,.T.);
#8524 = SURFACE_CURVE('',#8525,(#8529,#8536),.PCURVE_S1.);
#8525 = LINE('',#8526,#8527);
#8526 = CARTESIAN_POINT('',(360.32857142857,18.4,15.399489727694));
#8527 = VECTOR('',#8528,1.);
#8528 = DIRECTION('',(0.,1.,0.));
#8529 = PCURVE('',#4264,#8530);
#8530 = DEFINITIONAL_REPRESENTATION('',(#8531),#8535);
#8531 = LINE('',#8532,#8533);
#8532 = CARTESIAN_POINT('',(-1.570796326795,0.));
#8533 = VECTOR('',#8534,1.);
#8534 = DIRECTION('',(-0.,1.));
#8535 = ( GEOMETRIC_REPRESENTATION_CONTEXT(2) 
PARAMETRIC_REPRESENTATION_CONTEXT() REPRESENTATION_CONTEXT('2D SPACE',''
  ) );
#8536 = PCURVE('',#4466,#8537);
#8537 = DEFINITIONAL_REPRESENTATION('',(#8538),#8542);
#8538 = LINE('',#8539,#8540);
#8539 = CARTESIAN_POINT('',(3.,0.));
#8540 = VECTOR('',#8541,1.);
#8541 = DIRECTION('',(0.,1.));
#8542 = ( GEOMETRIC_REPRESENTATION_CONTEXT(2) 
PARAMETRIC_REPRESENTATION_CONTEXT() REPRESENTATION_CONTEXT('2D SPACE',''
  ) );
#8543 = ORIENTED_EDGE('',*,*,#4241,.T.);
#8544 = ADVANCED_FACE('',(#8545),#4466,.T.);
#8545 = FACE_BOUND('',#8546,.T.);
#8546 = EDGE_LOOP('',(#8547,#8548,#8549,#8550));
#8547 = ORIENTED_EDGE('',*,*,#4453,.T.);
#8548 = ORIENTED_EDGE('',*,*,#8523,.F.);
#8549 = ORIENTED_EDGE('',*,*,#6574,.T.);
#8550 = ORIENTED_EDGE('',*,*,#8551,.T.);
#8551 = EDGE_CURVE('',#6575,#4421,#8552,.T.);
#8552 = SURFACE_CURVE('',#8553,(#8557,#8564),.PCURVE_S1.);
#8553 = LINE('',#8554,#8555);
#8554 = CARTESIAN_POINT('',(378.32857142857,18.4,15.399489727694));
#8555 = VECTOR('',#8556,1.);
#8556 = DIRECTION('',(0.,1.,0.));
#8557 = PCURVE('',#4466,#8558);
#8558 = DEFINITIONAL_REPRESENTATION('',(#8559),#8563);
#8559 = LINE('',#8560,#8561);
#8560 = CARTESIAN_POINT('',(21.,0.));
#8561 = VECTOR('',#8562,1.);
#8562 = DIRECTION('',(0.,1.));
#8563 = ( GEOMETRIC_REPRESENTATION_CONTEXT(2) 
PARAMETRIC_REPRESENTATION_CONTEXT() REPRESENTATION_CONTEXT('2D SPACE',''
  ) );
#8564 = PCURVE('',#4441,#8565);
#8565 = DEFINITIONAL_REPRESENTATION('',(#8566),#8570);
#8566 = LINE('',#8567,#8568);
#8567 = CARTESIAN_POINT('',(1.570796326795,0.));
#8568 = VECTOR('',#8569,1.);
#8569 = DIRECTION('',(0.,1.));
#8570 = ( GEOMETRIC_REPRESENTATION_CONTEXT(2) 
PARAMETRIC_REPRESENTATION_CONTEXT() REPRESENTATION_CONTEXT('2D SPACE',''
  ) );
#8571 = ADVANCED_FACE('',(#8572),#4291,.T.);
#8572 = FACE_BOUND('',#8573,.T.);
#8573 = EDGE_LOOP('',(#8574,#8575,#8576,#8577));
#8574 = ORIENTED_EDGE('',*,*,#6529,.T.);
#8575 = ORIENTED_EDGE('',*,*,#8501,.T.);
#8576 = ORIENTED_EDGE('',*,*,#4276,.T.);
#8577 = ORIENTED_EDGE('',*,*,#8578,.F.);
#8578 = EDGE_CURVE('',#6504,#4277,#8579,.T.);
#8579 = SURFACE_CURVE('',#8580,(#8584,#8591),.PCURVE_S1.);
#8580 = LINE('',#8581,#8582);
#8581 = CARTESIAN_POINT('',(357.32857142857,18.4,24.399489727694));
#8582 = VECTOR('',#8583,1.);
#8583 = DIRECTION('',(0.,1.,0.));
#8584 = PCURVE('',#4291,#8585);
#8585 = DEFINITIONAL_REPRESENTATION('',(#8586),#8590);
#8586 = LINE('',#8587,#8588);
#8587 = CARTESIAN_POINT('',(9.,0.));
#8588 = VECTOR('',#8589,1.);
#8589 = DIRECTION('',(0.,-1.));
#8590 = ( GEOMETRIC_REPRESENTATION_CONTEXT(2) 
PARAMETRIC_REPRESENTATION_CONTEXT() REPRESENTATION_CONTEXT('2D SPACE',''
  ) );
#8591 = PCURVE('',#4323,#8592);
#8592 = DEFINITIONAL_REPRESENTATION('',(#8593),#8597);
#8593 = LINE('',#8594,#8595);
#8594 = CARTESIAN_POINT('',(0.,0.));
#8595 = VECTOR('',#8596,1.);
#8596 = DIRECTION('',(0.,1.));
#8597 = ( GEOMETRIC_REPRESENTATION_CONTEXT(2) 
PARAMETRIC_REPRESENTATION_CONTEXT() REPRESENTATION_CONTEXT('2D SPACE',''
  ) );
#8598 = ADVANCED_FACE('',(#8599),#4441,.F.);
#8599 = FACE_BOUND('',#8600,.F.);
#8600 = EDGE_LOOP('',(#8601,#8622,#8623,#8624));
#8601 = ORIENTED_EDGE('',*,*,#8602,.F.);
#8602 = EDGE_CURVE('',#6596,#4395,#8603,.T.);
#8603 = SURFACE_CURVE('',#8604,(#8608,#8615),.PCURVE_S1.);
#8604 = LINE('',#8605,#8606);
#8605 = CARTESIAN_POINT('',(381.32857142857,18.4,18.399489727694));
#8606 = VECTOR('',#8607,1.);
#8607 = DIRECTION('',(0.,1.,0.));
#8608 = PCURVE('',#4441,#8609);
#8609 = DEFINITIONAL_REPRESENTATION('',(#8610),#8614);
#8610 = LINE('',#8611,#8612);
#8611 = CARTESIAN_POINT('',(0.,0.));
#8612 = VECTOR('',#8613,1.);
#8613 = DIRECTION('',(0.,1.));
#8614 = ( GEOMETRIC_REPRESENTATION_CONTEXT(2) 
PARAMETRIC_REPRESENTATION_CONTEXT() REPRESENTATION_CONTEXT('2D SPACE',''
  ) );
#8615 = PCURVE('',#4409,#8616);
#8616 = DEFINITIONAL_REPRESENTATION('',(#8617),#8621);
#8617 = LINE('',#8618,#8619);
#8618 = CARTESIAN_POINT('',(3.,0.));
#8619 = VECTOR('',#8620,1.);
#8620 = DIRECTION('',(0.,-1.));
#8621 = ( GEOMETRIC_REPRESENTATION_CONTEXT(2) 
PARAMETRIC_REPRESENTATION_CONTEXT() REPRESENTATION_CONTEXT('2D SPACE',''
  ) );
#8622 = ORIENTED_EDGE('',*,*,#6595,.T.);
#8623 = ORIENTED_EDGE('',*,*,#8551,.T.);
#8624 = ORIENTED_EDGE('',*,*,#4420,.F.);
#8625 = ADVANCED_FACE('',(#8626),#4323,.F.);
#8626 = FACE_BOUND('',#8627,.F.);
#8627 = EDGE_LOOP('',(#8628,#8629,#8630,#8651));
#8628 = ORIENTED_EDGE('',*,*,#8578,.F.);
#8629 = ORIENTED_EDGE('',*,*,#6503,.T.);
#8630 = ORIENTED_EDGE('',*,*,#8631,.T.);
#8631 = EDGE_CURVE('',#6506,#4303,#8632,.T.);
#8632 = SURFACE_CURVE('',#8633,(#8637,#8644),.PCURVE_S1.);
#8633 = LINE('',#8634,#8635);
#8634 = CARTESIAN_POINT('',(360.32857142857,18.4,27.399489727694));
#8635 = VECTOR('',#8636,1.);
#8636 = DIRECTION('',(0.,1.,0.));
#8637 = PCURVE('',#4323,#8638);
#8638 = DEFINITIONAL_REPRESENTATION('',(#8639),#8643);
#8639 = LINE('',#8640,#8641);
#8640 = CARTESIAN_POINT('',(1.570796326795,0.));
#8641 = VECTOR('',#8642,1.);
#8642 = DIRECTION('',(0.,1.));
#8643 = ( GEOMETRIC_REPRESENTATION_CONTEXT(2) 
PARAMETRIC_REPRESENTATION_CONTEXT() REPRESENTATION_CONTEXT('2D SPACE',''
  ) );
#8644 = PCURVE('',#4350,#8645);
#8645 = DEFINITIONAL_REPRESENTATION('',(#8646),#8650);
#8646 = LINE('',#8647,#8648);
#8647 = CARTESIAN_POINT('',(3.,0.));
#8648 = VECTOR('',#8649,1.);
#8649 = DIRECTION('',(0.,1.));
#8650 = ( GEOMETRIC_REPRESENTATION_CONTEXT(2) 
PARAMETRIC_REPRESENTATION_CONTEXT() REPRESENTATION_CONTEXT('2D SPACE',''
  ) );
#8651 = ORIENTED_EDGE('',*,*,#4302,.F.);
#8652 = ADVANCED_FACE('',(#8653),#4409,.F.);
#8653 = FACE_BOUND('',#8654,.F.);
#8654 = EDGE_LOOP('',(#8655,#8656,#8657,#8658));
#8655 = ORIENTED_EDGE('',*,*,#6619,.T.);
#8656 = ORIENTED_EDGE('',*,*,#8602,.T.);
#8657 = ORIENTED_EDGE('',*,*,#4394,.T.);
#8658 = ORIENTED_EDGE('',*,*,#8659,.F.);
#8659 = EDGE_CURVE('',#6620,#4362,#8660,.T.);
#8660 = SURFACE_CURVE('',#8661,(#8665,#8672),.PCURVE_S1.);
#8661 = LINE('',#8662,#8663);
#8662 = CARTESIAN_POINT('',(381.32857142857,18.4,24.399489727694));
#8663 = VECTOR('',#8664,1.);
#8664 = DIRECTION('',(0.,1.,0.));
#8665 = PCURVE('',#4409,#8666);
#8666 = DEFINITIONAL_REPRESENTATION('',(#8667),#8671);
#8667 = LINE('',#8668,#8669);
#8668 = CARTESIAN_POINT('',(9.,0.));
#8669 = VECTOR('',#8670,1.);
#8670 = DIRECTION('',(0.,-1.));
#8671 = ( GEOMETRIC_REPRESENTATION_CONTEXT(2) 
PARAMETRIC_REPRESENTATION_CONTEXT() REPRESENTATION_CONTEXT('2D SPACE',''
  ) );
#8672 = PCURVE('',#4382,#8673);
#8673 = DEFINITIONAL_REPRESENTATION('',(#8674),#8678);
#8674 = LINE('',#8675,#8676);
#8675 = CARTESIAN_POINT('',(-0.,0.));
#8676 = VECTOR('',#8677,1.);
#8677 = DIRECTION('',(-0.,1.));
#8678 = ( GEOMETRIC_REPRESENTATION_CONTEXT(2) 
PARAMETRIC_REPRESENTATION_CONTEXT() REPRESENTATION_CONTEXT('2D SPACE',''
  ) );
#8679 = ADVANCED_FACE('',(#8680),#4350,.F.);
#8680 = FACE_BOUND('',#8681,.F.);
#8681 = EDGE_LOOP('',(#8682,#8683,#8684,#8685));
#8682 = ORIENTED_EDGE('',*,*,#4335,.T.);
#8683 = ORIENTED_EDGE('',*,*,#8631,.F.);
#8684 = ORIENTED_EDGE('',*,*,#6664,.T.);
#8685 = ORIENTED_EDGE('',*,*,#8686,.T.);
#8686 = EDGE_CURVE('',#6641,#4336,#8687,.T.);
#8687 = SURFACE_CURVE('',#8688,(#8692,#8699),.PCURVE_S1.);
#8688 = LINE('',#8689,#8690);
#8689 = CARTESIAN_POINT('',(378.32857142857,18.4,27.399489727694));
#8690 = VECTOR('',#8691,1.);
#8691 = DIRECTION('',(0.,1.,0.));
#8692 = PCURVE('',#4350,#8693);
#8693 = DEFINITIONAL_REPRESENTATION('',(#8694),#8698);
#8694 = LINE('',#8695,#8696);
#8695 = CARTESIAN_POINT('',(21.,0.));
#8696 = VECTOR('',#8697,1.);
#8697 = DIRECTION('',(0.,1.));
#8698 = ( GEOMETRIC_REPRESENTATION_CONTEXT(2) 
PARAMETRIC_REPRESENTATION_CONTEXT() REPRESENTATION_CONTEXT('2D SPACE',''
  ) );
#8699 = PCURVE('',#4382,#8700);
#8700 = DEFINITIONAL_REPRESENTATION('',(#8701),#8705);
#8701 = LINE('',#8702,#8703);
#8702 = CARTESIAN_POINT('',(-1.570796326795,0.));
#8703 = VECTOR('',#8704,1.);
#8704 = DIRECTION('',(-0.,1.));
#8705 = ( GEOMETRIC_REPRESENTATION_CONTEXT(2) 
PARAMETRIC_REPRESENTATION_CONTEXT() REPRESENTATION_CONTEXT('2D SPACE',''
  ) );
#8706 = ADVANCED_FACE('',(#8707),#4382,.F.);
#8707 = FACE_BOUND('',#8708,.T.);
#8708 = EDGE_LOOP('',(#8709,#8710,#8711,#8712));
#8709 = ORIENTED_EDGE('',*,*,#8659,.F.);
#8710 = ORIENTED_EDGE('',*,*,#6640,.F.);
#8711 = ORIENTED_EDGE('',*,*,#8686,.T.);
#8712 = ORIENTED_EDGE('',*,*,#4361,.T.);
#8713 = ADVANCED_FACE('',(#8714),#4502,.F.);
#8714 = FACE_BOUND('',#8715,.T.);
#8715 = EDGE_LOOP('',(#8716,#8737,#8738,#8759));
#8716 = ORIENTED_EDGE('',*,*,#8717,.F.);
#8717 = EDGE_CURVE('',#6712,#4482,#8718,.T.);
#8718 = SURFACE_CURVE('',#8719,(#8723,#8730),.PCURVE_S1.);
#8719 = LINE('',#8720,#8721);
#8720 = CARTESIAN_POINT('',(256.18571428571,18.4,18.399489727694));
#8721 = VECTOR('',#8722,1.);
#8722 = DIRECTION('',(0.,1.,0.));
#8723 = PCURVE('',#4502,#8724);
#8724 = DEFINITIONAL_REPRESENTATION('',(#8725),#8729);
#8725 = LINE('',#8726,#8727);
#8726 = CARTESIAN_POINT('',(-0.,0.));
#8727 = VECTOR('',#8728,1.);
#8728 = DIRECTION('',(-0.,1.));
#8729 = ( GEOMETRIC_REPRESENTATION_CONTEXT(2) 
PARAMETRIC_REPRESENTATION_CONTEXT() REPRESENTATION_CONTEXT('2D SPACE',''
  ) );
#8730 = PCURVE('',#4529,#8731);
#8731 = DEFINITIONAL_REPRESENTATION('',(#8732),#8736);
#8732 = LINE('',#8733,#8734);
#8733 = CARTESIAN_POINT('',(3.,0.));
#8734 = VECTOR('',#8735,1.);
#8735 = DIRECTION('',(0.,-1.));
#8736 = ( GEOMETRIC_REPRESENTATION_CONTEXT(2) 
PARAMETRIC_REPRESENTATION_CONTEXT() REPRESENTATION_CONTEXT('2D SPACE',''
  ) );
#8737 = ORIENTED_EDGE('',*,*,#6732,.F.);
#8738 = ORIENTED_EDGE('',*,*,#8739,.T.);
#8739 = EDGE_CURVE('',#6733,#4480,#8740,.T.);
#8740 = SURFACE_CURVE('',#8741,(#8745,#8752),.PCURVE_S1.);
#8741 = LINE('',#8742,#8743);
#8742 = CARTESIAN_POINT('',(259.18571428571,18.4,15.399489727694));
#8743 = VECTOR('',#8744,1.);
#8744 = DIRECTION('',(0.,1.,0.));
#8745 = PCURVE('',#4502,#8746);
#8746 = DEFINITIONAL_REPRESENTATION('',(#8747),#8751);
#8747 = LINE('',#8748,#8749);
#8748 = CARTESIAN_POINT('',(-1.570796326795,0.));
#8749 = VECTOR('',#8750,1.);
#8750 = DIRECTION('',(-0.,1.));
#8751 = ( GEOMETRIC_REPRESENTATION_CONTEXT(2) 
PARAMETRIC_REPRESENTATION_CONTEXT() REPRESENTATION_CONTEXT('2D SPACE',''
  ) );
#8752 = PCURVE('',#4704,#8753);
#8753 = DEFINITIONAL_REPRESENTATION('',(#8754),#8758);
#8754 = LINE('',#8755,#8756);
#8755 = CARTESIAN_POINT('',(3.,0.));
#8756 = VECTOR('',#8757,1.);
#8757 = DIRECTION('',(0.,1.));
#8758 = ( GEOMETRIC_REPRESENTATION_CONTEXT(2) 
PARAMETRIC_REPRESENTATION_CONTEXT() REPRESENTATION_CONTEXT('2D SPACE',''
  ) );
#8759 = ORIENTED_EDGE('',*,*,#4479,.T.);
#8760 = ADVANCED_FACE('',(#8761),#4704,.T.);
#8761 = FACE_BOUND('',#8762,.T.);
#8762 = EDGE_LOOP('',(#8763,#8764,#8765,#8766));
#8763 = ORIENTED_EDGE('',*,*,#4691,.T.);
#8764 = ORIENTED_EDGE('',*,*,#8739,.F.);
#8765 = ORIENTED_EDGE('',*,*,#6756,.T.);
#8766 = ORIENTED_EDGE('',*,*,#8767,.T.);
#8767 = EDGE_CURVE('',#6757,#4659,#8768,.T.);
#8768 = SURFACE_CURVE('',#8769,(#8773,#8780),.PCURVE_S1.);
#8769 = LINE('',#8770,#8771);
#8770 = CARTESIAN_POINT('',(277.18571428571,18.4,15.399489727694));
#8771 = VECTOR('',#8772,1.);
#8772 = DIRECTION('',(0.,1.,0.));
#8773 = PCURVE('',#4704,#8774);
#8774 = DEFINITIONAL_REPRESENTATION('',(#8775),#8779);
#8775 = LINE('',#8776,#8777);
#8776 = CARTESIAN_POINT('',(21.,0.));
#8777 = VECTOR('',#8778,1.);
#8778 = DIRECTION('',(0.,1.));
#8779 = ( GEOMETRIC_REPRESENTATION_CONTEXT(2) 
PARAMETRIC_REPRESENTATION_CONTEXT() REPRESENTATION_CONTEXT('2D SPACE',''
  ) );
#8780 = PCURVE('',#4679,#8781);
#8781 = DEFINITIONAL_REPRESENTATION('',(#8782),#8786);
#8782 = LINE('',#8783,#8784);
#8783 = CARTESIAN_POINT('',(1.570796326795,0.));
#8784 = VECTOR('',#8785,1.);
#8785 = DIRECTION('',(0.,1.));
#8786 = ( GEOMETRIC_REPRESENTATION_CONTEXT(2) 
PARAMETRIC_REPRESENTATION_CONTEXT() REPRESENTATION_CONTEXT('2D SPACE',''
  ) );
#8787 = ADVANCED_FACE('',(#8788),#4529,.T.);
#8788 = FACE_BOUND('',#8789,.T.);
#8789 = EDGE_LOOP('',(#8790,#8791,#8792,#8793));
#8790 = ORIENTED_EDGE('',*,*,#6711,.T.);
#8791 = ORIENTED_EDGE('',*,*,#8717,.T.);
#8792 = ORIENTED_EDGE('',*,*,#4514,.T.);
#8793 = ORIENTED_EDGE('',*,*,#8794,.F.);
#8794 = EDGE_CURVE('',#6686,#4515,#8795,.T.);
#8795 = SURFACE_CURVE('',#8796,(#8800,#8807),.PCURVE_S1.);
#8796 = LINE('',#8797,#8798);
#8797 = CARTESIAN_POINT('',(256.18571428571,18.4,24.399489727694));
#8798 = VECTOR('',#8799,1.);
#8799 = DIRECTION('',(0.,1.,0.));
#8800 = PCURVE('',#4529,#8801);
#8801 = DEFINITIONAL_REPRESENTATION('',(#8802),#8806);
#8802 = LINE('',#8803,#8804);
#8803 = CARTESIAN_POINT('',(9.,0.));
#8804 = VECTOR('',#8805,1.);
#8805 = DIRECTION('',(0.,-1.));
#8806 = ( GEOMETRIC_REPRESENTATION_CONTEXT(2) 
PARAMETRIC_REPRESENTATION_CONTEXT() REPRESENTATION_CONTEXT('2D SPACE',''
  ) );
#8807 = PCURVE('',#4561,#8808);
#8808 = DEFINITIONAL_REPRESENTATION('',(#8809),#8813);
#8809 = LINE('',#8810,#8811);
#8810 = CARTESIAN_POINT('',(0.,0.));
#8811 = VECTOR('',#8812,1.);
#8812 = DIRECTION('',(0.,1.));
#8813 = ( GEOMETRIC_REPRESENTATION_CONTEXT(2) 
PARAMETRIC_REPRESENTATION_CONTEXT() REPRESENTATION_CONTEXT('2D SPACE',''
  ) );
#8814 = ADVANCED_FACE('',(#8815),#4679,.F.);
#8815 = FACE_BOUND('',#8816,.F.);
#8816 = EDGE_LOOP('',(#8817,#8838,#8839,#8840));
#8817 = ORIENTED_EDGE('',*,*,#8818,.F.);
#8818 = EDGE_CURVE('',#6778,#4633,#8819,.T.);
#8819 = SURFACE_CURVE('',#8820,(#8824,#8831),.PCURVE_S1.);
#8820 = LINE('',#8821,#8822);
#8821 = CARTESIAN_POINT('',(280.18571428571,18.4,18.399489727694));
#8822 = VECTOR('',#8823,1.);
#8823 = DIRECTION('',(0.,1.,0.));
#8824 = PCURVE('',#4679,#8825);
#8825 = DEFINITIONAL_REPRESENTATION('',(#8826),#8830);
#8826 = LINE('',#8827,#8828);
#8827 = CARTESIAN_POINT('',(0.,0.));
#8828 = VECTOR('',#8829,1.);
#8829 = DIRECTION('',(0.,1.));
#8830 = ( GEOMETRIC_REPRESENTATION_CONTEXT(2) 
PARAMETRIC_REPRESENTATION_CONTEXT() REPRESENTATION_CONTEXT('2D SPACE',''
  ) );
#8831 = PCURVE('',#4647,#8832);
#8832 = DEFINITIONAL_REPRESENTATION('',(#8833),#8837);
#8833 = LINE('',#8834,#8835);
#8834 = CARTESIAN_POINT('',(3.,0.));
#8835 = VECTOR('',#8836,1.);
#8836 = DIRECTION('',(0.,-1.));
#8837 = ( GEOMETRIC_REPRESENTATION_CONTEXT(2) 
PARAMETRIC_REPRESENTATION_CONTEXT() REPRESENTATION_CONTEXT('2D SPACE',''
  ) );
#8838 = ORIENTED_EDGE('',*,*,#6777,.T.);
#8839 = ORIENTED_EDGE('',*,*,#8767,.T.);
#8840 = ORIENTED_EDGE('',*,*,#4658,.F.);
#8841 = ADVANCED_FACE('',(#8842),#4561,.F.);
#8842 = FACE_BOUND('',#8843,.F.);
#8843 = EDGE_LOOP('',(#8844,#8845,#8846,#8867));
#8844 = ORIENTED_EDGE('',*,*,#8794,.F.);
#8845 = ORIENTED_EDGE('',*,*,#6685,.T.);
#8846 = ORIENTED_EDGE('',*,*,#8847,.T.);
#8847 = EDGE_CURVE('',#6688,#4541,#8848,.T.);
#8848 = SURFACE_CURVE('',#8849,(#8853,#8860),.PCURVE_S1.);
#8849 = LINE('',#8850,#8851);
#8850 = CARTESIAN_POINT('',(259.18571428571,18.4,27.399489727694));
#8851 = VECTOR('',#8852,1.);
#8852 = DIRECTION('',(0.,1.,0.));
#8853 = PCURVE('',#4561,#8854);
#8854 = DEFINITIONAL_REPRESENTATION('',(#8855),#8859);
#8855 = LINE('',#8856,#8857);
#8856 = CARTESIAN_POINT('',(1.570796326795,0.));
#8857 = VECTOR('',#8858,1.);
#8858 = DIRECTION('',(0.,1.));
#8859 = ( GEOMETRIC_REPRESENTATION_CONTEXT(2) 
PARAMETRIC_REPRESENTATION_CONTEXT() REPRESENTATION_CONTEXT('2D SPACE',''
  ) );
#8860 = PCURVE('',#4588,#8861);
#8861 = DEFINITIONAL_REPRESENTATION('',(#8862),#8866);
#8862 = LINE('',#8863,#8864);
#8863 = CARTESIAN_POINT('',(3.,0.));
#8864 = VECTOR('',#8865,1.);
#8865 = DIRECTION('',(0.,1.));
#8866 = ( GEOMETRIC_REPRESENTATION_CONTEXT(2) 
PARAMETRIC_REPRESENTATION_CONTEXT() REPRESENTATION_CONTEXT('2D SPACE',''
  ) );
#8867 = ORIENTED_EDGE('',*,*,#4540,.F.);
#8868 = ADVANCED_FACE('',(#8869),#4647,.F.);
#8869 = FACE_BOUND('',#8870,.F.);
#8870 = EDGE_LOOP('',(#8871,#8872,#8873,#8874));
#8871 = ORIENTED_EDGE('',*,*,#6801,.T.);
#8872 = ORIENTED_EDGE('',*,*,#8818,.T.);
#8873 = ORIENTED_EDGE('',*,*,#4632,.T.);
#8874 = ORIENTED_EDGE('',*,*,#8875,.F.);
#8875 = EDGE_CURVE('',#6802,#4600,#8876,.T.);
#8876 = SURFACE_CURVE('',#8877,(#8881,#8888),.PCURVE_S1.);
#8877 = LINE('',#8878,#8879);
#8878 = CARTESIAN_POINT('',(280.18571428571,18.4,24.399489727694));
#8879 = VECTOR('',#8880,1.);
#8880 = DIRECTION('',(0.,1.,0.));
#8881 = PCURVE('',#4647,#8882);
#8882 = DEFINITIONAL_REPRESENTATION('',(#8883),#8887);
#8883 = LINE('',#8884,#8885);
#8884 = CARTESIAN_POINT('',(9.,0.));
#8885 = VECTOR('',#8886,1.);
#8886 = DIRECTION('',(0.,-1.));
#8887 = ( GEOMETRIC_REPRESENTATION_CONTEXT(2) 
PARAMETRIC_REPRESENTATION_CONTEXT() REPRESENTATION_CONTEXT('2D SPACE',''
  ) );
#8888 = PCURVE('',#4620,#8889);
#8889 = DEFINITIONAL_REPRESENTATION('',(#8890),#8894);
#8890 = LINE('',#8891,#8892);
#8891 = CARTESIAN_POINT('',(-0.,0.));
#8892 = VECTOR('',#8893,1.);
#8893 = DIRECTION('',(-0.,1.));
#8894 = ( GEOMETRIC_REPRESENTATION_CONTEXT(2) 
PARAMETRIC_REPRESENTATION_CONTEXT() REPRESENTATION_CONTEXT('2D SPACE',''
  ) );
#8895 = ADVANCED_FACE('',(#8896),#4588,.F.);
#8896 = FACE_BOUND('',#8897,.F.);
#8897 = EDGE_LOOP('',(#8898,#8899,#8900,#8901));
#8898 = ORIENTED_EDGE('',*,*,#4573,.T.);
#8899 = ORIENTED_EDGE('',*,*,#8847,.F.);
#8900 = ORIENTED_EDGE('',*,*,#6846,.T.);
#8901 = ORIENTED_EDGE('',*,*,#8902,.T.);
#8902 = EDGE_CURVE('',#6823,#4574,#8903,.T.);
#8903 = SURFACE_CURVE('',#8904,(#8908,#8915),.PCURVE_S1.);
#8904 = LINE('',#8905,#8906);
#8905 = CARTESIAN_POINT('',(277.18571428571,18.4,27.399489727694));
#8906 = VECTOR('',#8907,1.);
#8907 = DIRECTION('',(0.,1.,0.));
#8908 = PCURVE('',#4588,#8909);
#8909 = DEFINITIONAL_REPRESENTATION('',(#8910),#8914);
#8910 = LINE('',#8911,#8912);
#8911 = CARTESIAN_POINT('',(21.,0.));
#8912 = VECTOR('',#8913,1.);
#8913 = DIRECTION('',(0.,1.));
#8914 = ( GEOMETRIC_REPRESENTATION_CONTEXT(2) 
PARAMETRIC_REPRESENTATION_CONTEXT() REPRESENTATION_CONTEXT('2D SPACE',''
  ) );
#8915 = PCURVE('',#4620,#8916);
#8916 = DEFINITIONAL_REPRESENTATION('',(#8917),#8921);
#8917 = LINE('',#8918,#8919);
#8918 = CARTESIAN_POINT('',(-1.570796326795,0.));
#8919 = VECTOR('',#8920,1.);
#8920 = DIRECTION('',(-0.,1.));
#8921 = ( GEOMETRIC_REPRESENTATION_CONTEXT(2) 
PARAMETRIC_REPRESENTATION_CONTEXT() REPRESENTATION_CONTEXT('2D SPACE',''
  ) );
#8922 = ADVANCED_FACE('',(#8923),#4620,.F.);
#8923 = FACE_BOUND('',#8924,.T.);
#8924 = EDGE_LOOP('',(#8925,#8926,#8927,#8928));
#8925 = ORIENTED_EDGE('',*,*,#8875,.F.);
#8926 = ORIENTED_EDGE('',*,*,#6822,.F.);
#8927 = ORIENTED_EDGE('',*,*,#8902,.T.);
#8928 = ORIENTED_EDGE('',*,*,#4599,.T.);
#8929 = ADVANCED_FACE('',(#8930),#4740,.F.);
#8930 = FACE_BOUND('',#8931,.T.);
#8931 = EDGE_LOOP('',(#8932,#8953,#8954,#8975));
#8932 = ORIENTED_EDGE('',*,*,#8933,.F.);
#8933 = EDGE_CURVE('',#6894,#4720,#8934,.T.);
#8934 = SURFACE_CURVE('',#8935,(#8939,#8946),.PCURVE_S1.);
#8935 = LINE('',#8936,#8937);
#8936 = CARTESIAN_POINT('',(155.04285714285,18.4,18.399489727694));
#8937 = VECTOR('',#8938,1.);
#8938 = DIRECTION('',(0.,1.,0.));
#8939 = PCURVE('',#4740,#8940);
#8940 = DEFINITIONAL_REPRESENTATION('',(#8941),#8945);
#8941 = LINE('',#8942,#8943);
#8942 = CARTESIAN_POINT('',(-0.,0.));
#8943 = VECTOR('',#8944,1.);
#8944 = DIRECTION('',(-0.,1.));
#8945 = ( GEOMETRIC_REPRESENTATION_CONTEXT(2) 
PARAMETRIC_REPRESENTATION_CONTEXT() REPRESENTATION_CONTEXT('2D SPACE',''
  ) );
#8946 = PCURVE('',#4767,#8947);
#8947 = DEFINITIONAL_REPRESENTATION('',(#8948),#8952);
#8948 = LINE('',#8949,#8950);
#8949 = CARTESIAN_POINT('',(3.,0.));
#8950 = VECTOR('',#8951,1.);
#8951 = DIRECTION('',(0.,-1.));
#8952 = ( GEOMETRIC_REPRESENTATION_CONTEXT(2) 
PARAMETRIC_REPRESENTATION_CONTEXT() REPRESENTATION_CONTEXT('2D SPACE',''
  ) );
#8953 = ORIENTED_EDGE('',*,*,#6914,.F.);
#8954 = ORIENTED_EDGE('',*,*,#8955,.T.);
#8955 = EDGE_CURVE('',#6915,#4718,#8956,.T.);
#8956 = SURFACE_CURVE('',#8957,(#8961,#8968),.PCURVE_S1.);
#8957 = LINE('',#8958,#8959);
#8958 = CARTESIAN_POINT('',(158.04285714285,18.4,15.399489727694));
#8959 = VECTOR('',#8960,1.);
#8960 = DIRECTION('',(0.,1.,0.));
#8961 = PCURVE('',#4740,#8962);
#8962 = DEFINITIONAL_REPRESENTATION('',(#8963),#8967);
#8963 = LINE('',#8964,#8965);
#8964 = CARTESIAN_POINT('',(-1.570796326795,0.));
#8965 = VECTOR('',#8966,1.);
#8966 = DIRECTION('',(-0.,1.));
#8967 = ( GEOMETRIC_REPRESENTATION_CONTEXT(2) 
PARAMETRIC_REPRESENTATION_CONTEXT() REPRESENTATION_CONTEXT('2D SPACE',''
  ) );
#8968 = PCURVE('',#4942,#8969);
#8969 = DEFINITIONAL_REPRESENTATION('',(#8970),#8974);
#8970 = LINE('',#8971,#8972);
#8971 = CARTESIAN_POINT('',(3.,0.));
#8972 = VECTOR('',#8973,1.);
#8973 = DIRECTION('',(0.,1.));
#8974 = ( GEOMETRIC_REPRESENTATION_CONTEXT(2) 
PARAMETRIC_REPRESENTATION_CONTEXT() REPRESENTATION_CONTEXT('2D SPACE',''
  ) );
#8975 = ORIENTED_EDGE('',*,*,#4717,.T.);
#8976 = ADVANCED_FACE('',(#8977),#4942,.T.);
#8977 = FACE_BOUND('',#8978,.T.);
#8978 = EDGE_LOOP('',(#8979,#8980,#8981,#8982));
#8979 = ORIENTED_EDGE('',*,*,#4929,.T.);
#8980 = ORIENTED_EDGE('',*,*,#8955,.F.);
#8981 = ORIENTED_EDGE('',*,*,#6938,.T.);
#8982 = ORIENTED_EDGE('',*,*,#8983,.T.);
#8983 = EDGE_CURVE('',#6939,#4897,#8984,.T.);
#8984 = SURFACE_CURVE('',#8985,(#8989,#8996),.PCURVE_S1.);
#8985 = LINE('',#8986,#8987);
#8986 = CARTESIAN_POINT('',(176.04285714285,18.4,15.399489727694));
#8987 = VECTOR('',#8988,1.);
#8988 = DIRECTION('',(0.,1.,0.));
#8989 = PCURVE('',#4942,#8990);
#8990 = DEFINITIONAL_REPRESENTATION('',(#8991),#8995);
#8991 = LINE('',#8992,#8993);
#8992 = CARTESIAN_POINT('',(21.,0.));
#8993 = VECTOR('',#8994,1.);
#8994 = DIRECTION('',(0.,1.));
#8995 = ( GEOMETRIC_REPRESENTATION_CONTEXT(2) 
PARAMETRIC_REPRESENTATION_CONTEXT() REPRESENTATION_CONTEXT('2D SPACE',''
  ) );
#8996 = PCURVE('',#4917,#8997);
#8997 = DEFINITIONAL_REPRESENTATION('',(#8998),#9002);
#8998 = LINE('',#8999,#9000);
#8999 = CARTESIAN_POINT('',(1.570796326795,0.));
#9000 = VECTOR('',#9001,1.);
#9001 = DIRECTION('',(0.,1.));
#9002 = ( GEOMETRIC_REPRESENTATION_CONTEXT(2) 
PARAMETRIC_REPRESENTATION_CONTEXT() REPRESENTATION_CONTEXT('2D SPACE',''
  ) );
#9003 = ADVANCED_FACE('',(#9004),#4767,.T.);
#9004 = FACE_BOUND('',#9005,.T.);
#9005 = EDGE_LOOP('',(#9006,#9007,#9008,#9009));
#9006 = ORIENTED_EDGE('',*,*,#6893,.T.);
#9007 = ORIENTED_EDGE('',*,*,#8933,.T.);
#9008 = ORIENTED_EDGE('',*,*,#4752,.T.);
#9009 = ORIENTED_EDGE('',*,*,#9010,.F.);
#9010 = EDGE_CURVE('',#6868,#4753,#9011,.T.);
#9011 = SURFACE_CURVE('',#9012,(#9016,#9023),.PCURVE_S1.);
#9012 = LINE('',#9013,#9014);
#9013 = CARTESIAN_POINT('',(155.04285714285,18.4,24.399489727694));
#9014 = VECTOR('',#9015,1.);
#9015 = DIRECTION('',(0.,1.,0.));
#9016 = PCURVE('',#4767,#9017);
#9017 = DEFINITIONAL_REPRESENTATION('',(#9018),#9022);
#9018 = LINE('',#9019,#9020);
#9019 = CARTESIAN_POINT('',(9.,0.));
#9020 = VECTOR('',#9021,1.);
#9021 = DIRECTION('',(0.,-1.));
#9022 = ( GEOMETRIC_REPRESENTATION_CONTEXT(2) 
PARAMETRIC_REPRESENTATION_CONTEXT() REPRESENTATION_CONTEXT('2D SPACE',''
  ) );
#9023 = PCURVE('',#4799,#9024);
#9024 = DEFINITIONAL_REPRESENTATION('',(#9025),#9029);
#9025 = LINE('',#9026,#9027);
#9026 = CARTESIAN_POINT('',(0.,0.));
#9027 = VECTOR('',#9028,1.);
#9028 = DIRECTION('',(0.,1.));
#9029 = ( GEOMETRIC_REPRESENTATION_CONTEXT(2) 
PARAMETRIC_REPRESENTATION_CONTEXT() REPRESENTATION_CONTEXT('2D SPACE',''
  ) );
#9030 = ADVANCED_FACE('',(#9031),#4917,.F.);
#9031 = FACE_BOUND('',#9032,.F.);
#9032 = EDGE_LOOP('',(#9033,#9054,#9055,#9056));
#9033 = ORIENTED_EDGE('',*,*,#9034,.F.);
#9034 = EDGE_CURVE('',#6960,#4871,#9035,.T.);
#9035 = SURFACE_CURVE('',#9036,(#9040,#9047),.PCURVE_S1.);
#9036 = LINE('',#9037,#9038);
#9037 = CARTESIAN_POINT('',(179.04285714285,18.4,18.399489727694));
#9038 = VECTOR('',#9039,1.);
#9039 = DIRECTION('',(0.,1.,0.));
#9040 = PCURVE('',#4917,#9041);
#9041 = DEFINITIONAL_REPRESENTATION('',(#9042),#9046);
#9042 = LINE('',#9043,#9044);
#9043 = CARTESIAN_POINT('',(0.,0.));
#9044 = VECTOR('',#9045,1.);
#9045 = DIRECTION('',(0.,1.));
#9046 = ( GEOMETRIC_REPRESENTATION_CONTEXT(2) 
PARAMETRIC_REPRESENTATION_CONTEXT() REPRESENTATION_CONTEXT('2D SPACE',''
  ) );
#9047 = PCURVE('',#4885,#9048);
#9048 = DEFINITIONAL_REPRESENTATION('',(#9049),#9053);
#9049 = LINE('',#9050,#9051);
#9050 = CARTESIAN_POINT('',(3.,0.));
#9051 = VECTOR('',#9052,1.);
#9052 = DIRECTION('',(0.,-1.));
#9053 = ( GEOMETRIC_REPRESENTATION_CONTEXT(2) 
PARAMETRIC_REPRESENTATION_CONTEXT() REPRESENTATION_CONTEXT('2D SPACE',''
  ) );
#9054 = ORIENTED_EDGE('',*,*,#6959,.T.);
#9055 = ORIENTED_EDGE('',*,*,#8983,.T.);
#9056 = ORIENTED_EDGE('',*,*,#4896,.F.);
#9057 = ADVANCED_FACE('',(#9058),#4799,.F.);
#9058 = FACE_BOUND('',#9059,.F.);
#9059 = EDGE_LOOP('',(#9060,#9061,#9062,#9083));
#9060 = ORIENTED_EDGE('',*,*,#9010,.F.);
#9061 = ORIENTED_EDGE('',*,*,#6867,.T.);
#9062 = ORIENTED_EDGE('',*,*,#9063,.T.);
#9063 = EDGE_CURVE('',#6870,#4779,#9064,.T.);
#9064 = SURFACE_CURVE('',#9065,(#9069,#9076),.PCURVE_S1.);
#9065 = LINE('',#9066,#9067);
#9066 = CARTESIAN_POINT('',(158.04285714285,18.4,27.399489727694));
#9067 = VECTOR('',#9068,1.);
#9068 = DIRECTION('',(0.,1.,0.));
#9069 = PCURVE('',#4799,#9070);
#9070 = DEFINITIONAL_REPRESENTATION('',(#9071),#9075);
#9071 = LINE('',#9072,#9073);
#9072 = CARTESIAN_POINT('',(1.570796326795,0.));
#9073 = VECTOR('',#9074,1.);
#9074 = DIRECTION('',(0.,1.));
#9075 = ( GEOMETRIC_REPRESENTATION_CONTEXT(2) 
PARAMETRIC_REPRESENTATION_CONTEXT() REPRESENTATION_CONTEXT('2D SPACE',''
  ) );
#9076 = PCURVE('',#4826,#9077);
#9077 = DEFINITIONAL_REPRESENTATION('',(#9078),#9082);
#9078 = LINE('',#9079,#9080);
#9079 = CARTESIAN_POINT('',(3.,0.));
#9080 = VECTOR('',#9081,1.);
#9081 = DIRECTION('',(0.,1.));
#9082 = ( GEOMETRIC_REPRESENTATION_CONTEXT(2) 
PARAMETRIC_REPRESENTATION_CONTEXT() REPRESENTATION_CONTEXT('2D SPACE',''
  ) );
#9083 = ORIENTED_EDGE('',*,*,#4778,.F.);
#9084 = ADVANCED_FACE('',(#9085),#4885,.F.);
#9085 = FACE_BOUND('',#9086,.F.);
#9086 = EDGE_LOOP('',(#9087,#9088,#9089,#9090));
#9087 = ORIENTED_EDGE('',*,*,#6983,.T.);
#9088 = ORIENTED_EDGE('',*,*,#9034,.T.);
#9089 = ORIENTED_EDGE('',*,*,#4870,.T.);
#9090 = ORIENTED_EDGE('',*,*,#9091,.F.);
#9091 = EDGE_CURVE('',#6984,#4838,#9092,.T.);
#9092 = SURFACE_CURVE('',#9093,(#9097,#9104),.PCURVE_S1.);
#9093 = LINE('',#9094,#9095);
#9094 = CARTESIAN_POINT('',(179.04285714285,18.4,24.399489727694));
#9095 = VECTOR('',#9096,1.);
#9096 = DIRECTION('',(0.,1.,0.));
#9097 = PCURVE('',#4885,#9098);
#9098 = DEFINITIONAL_REPRESENTATION('',(#9099),#9103);
#9099 = LINE('',#9100,#9101);
#9100 = CARTESIAN_POINT('',(9.,0.));
#9101 = VECTOR('',#9102,1.);
#9102 = DIRECTION('',(0.,-1.));
#9103 = ( GEOMETRIC_REPRESENTATION_CONTEXT(2) 
PARAMETRIC_REPRESENTATION_CONTEXT() REPRESENTATION_CONTEXT('2D SPACE',''
  ) );
#9104 = PCURVE('',#4858,#9105);
#9105 = DEFINITIONAL_REPRESENTATION('',(#9106),#9110);
#9106 = LINE('',#9107,#9108);
#9107 = CARTESIAN_POINT('',(-0.,0.));
#9108 = VECTOR('',#9109,1.);
#9109 = DIRECTION('',(-0.,1.));
#9110 = ( GEOMETRIC_REPRESENTATION_CONTEXT(2) 
PARAMETRIC_REPRESENTATION_CONTEXT() REPRESENTATION_CONTEXT('2D SPACE',''
  ) );
#9111 = ADVANCED_FACE('',(#9112),#4826,.F.);
#9112 = FACE_BOUND('',#9113,.F.);
#9113 = EDGE_LOOP('',(#9114,#9115,#9116,#9117));
#9114 = ORIENTED_EDGE('',*,*,#4811,.T.);
#9115 = ORIENTED_EDGE('',*,*,#9063,.F.);
#9116 = ORIENTED_EDGE('',*,*,#7028,.T.);
#9117 = ORIENTED_EDGE('',*,*,#9118,.T.);
#9118 = EDGE_CURVE('',#7005,#4812,#9119,.T.);
#9119 = SURFACE_CURVE('',#9120,(#9124,#9131),.PCURVE_S1.);
#9120 = LINE('',#9121,#9122);
#9121 = CARTESIAN_POINT('',(176.04285714285,18.4,27.399489727694));
#9122 = VECTOR('',#9123,1.);
#9123 = DIRECTION('',(0.,1.,0.));
#9124 = PCURVE('',#4826,#9125);
#9125 = DEFINITIONAL_REPRESENTATION('',(#9126),#9130);
#9126 = LINE('',#9127,#9128);
#9127 = CARTESIAN_POINT('',(21.,0.));
#9128 = VECTOR('',#9129,1.);
#9129 = DIRECTION('',(0.,1.));
#9130 = ( GEOMETRIC_REPRESENTATION_CONTEXT(2) 
PARAMETRIC_REPRESENTATION_CONTEXT() REPRESENTATION_CONTEXT('2D SPACE',''
  ) );
#9131 = PCURVE('',#4858,#9132);
#9132 = DEFINITIONAL_REPRESENTATION('',(#9133),#9137);
#9133 = LINE('',#9134,#9135);
#9134 = CARTESIAN_POINT('',(-1.570796326795,0.));
#9135 = VECTOR('',#9136,1.);
#9136 = DIRECTION('',(-0.,1.));
#9137 = ( GEOMETRIC_REPRESENTATION_CONTEXT(2) 
PARAMETRIC_REPRESENTATION_CONTEXT() REPRESENTATION_CONTEXT('2D SPACE',''
  ) );
#9138 = ADVANCED_FACE('',(#9139),#4858,.F.);
#9139 = FACE_BOUND('',#9140,.T.);
#9140 = EDGE_LOOP('',(#9141,#9142,#9143,#9144));
#9141 = ORIENTED_EDGE('',*,*,#9091,.F.);
#9142 = ORIENTED_EDGE('',*,*,#7004,.F.);
#9143 = ORIENTED_EDGE('',*,*,#9118,.T.);
#9144 = ORIENTED_EDGE('',*,*,#4837,.T.);
#9145 = ADVANCED_FACE('',(#9146),#4978,.F.);
#9146 = FACE_BOUND('',#9147,.T.);
#9147 = EDGE_LOOP('',(#9148,#9169,#9170,#9191));
#9148 = ORIENTED_EDGE('',*,*,#9149,.F.);
#9149 = EDGE_CURVE('',#7076,#4958,#9150,.T.);
#9150 = SURFACE_CURVE('',#9151,(#9155,#9162),.PCURVE_S1.);
#9151 = LINE('',#9152,#9153);
#9152 = CARTESIAN_POINT('',(53.9,18.4,18.399489727694));
#9153 = VECTOR('',#9154,1.);
#9154 = DIRECTION('',(0.,1.,0.));
#9155 = PCURVE('',#4978,#9156);
#9156 = DEFINITIONAL_REPRESENTATION('',(#9157),#9161);
#9157 = LINE('',#9158,#9159);
#9158 = CARTESIAN_POINT('',(-0.,0.));
#9159 = VECTOR('',#9160,1.);
#9160 = DIRECTION('',(-0.,1.));
#9161 = ( GEOMETRIC_REPRESENTATION_CONTEXT(2) 
PARAMETRIC_REPRESENTATION_CONTEXT() REPRESENTATION_CONTEXT('2D SPACE',''
  ) );
#9162 = PCURVE('',#5005,#9163);
#9163 = DEFINITIONAL_REPRESENTATION('',(#9164),#9168);
#9164 = LINE('',#9165,#9166);
#9165 = CARTESIAN_POINT('',(3.,0.));
#9166 = VECTOR('',#9167,1.);
#9167 = DIRECTION('',(0.,-1.));
#9168 = ( GEOMETRIC_REPRESENTATION_CONTEXT(2) 
PARAMETRIC_REPRESENTATION_CONTEXT() REPRESENTATION_CONTEXT('2D SPACE',''
  ) );
#9169 = ORIENTED_EDGE('',*,*,#7096,.F.);
#9170 = ORIENTED_EDGE('',*,*,#9171,.T.);
#9171 = EDGE_CURVE('',#7097,#4956,#9172,.T.);
#9172 = SURFACE_CURVE('',#9173,(#9177,#9184),.PCURVE_S1.);
#9173 = LINE('',#9174,#9175);
#9174 = CARTESIAN_POINT('',(56.9,18.4,15.399489727694));
#9175 = VECTOR('',#9176,1.);
#9176 = DIRECTION('',(0.,1.,0.));
#9177 = PCURVE('',#4978,#9178);
#9178 = DEFINITIONAL_REPRESENTATION('',(#9179),#9183);
#9179 = LINE('',#9180,#9181);
#9180 = CARTESIAN_POINT('',(-1.570796326795,0.));
#9181 = VECTOR('',#9182,1.);
#9182 = DIRECTION('',(-0.,1.));
#9183 = ( GEOMETRIC_REPRESENTATION_CONTEXT(2) 
PARAMETRIC_REPRESENTATION_CONTEXT() REPRESENTATION_CONTEXT('2D SPACE',''
  ) );
#9184 = PCURVE('',#5180,#9185);
#9185 = DEFINITIONAL_REPRESENTATION('',(#9186),#9190);
#9186 = LINE('',#9187,#9188);
#9187 = CARTESIAN_POINT('',(3.,0.));
#9188 = VECTOR('',#9189,1.);
#9189 = DIRECTION('',(0.,1.));
#9190 = ( GEOMETRIC_REPRESENTATION_CONTEXT(2) 
PARAMETRIC_REPRESENTATION_CONTEXT() REPRESENTATION_CONTEXT('2D SPACE',''
  ) );
#9191 = ORIENTED_EDGE('',*,*,#4955,.T.);
#9192 = ADVANCED_FACE('',(#9193),#5180,.T.);
#9193 = FACE_BOUND('',#9194,.T.);
#9194 = EDGE_LOOP('',(#9195,#9196,#9197,#9198));
#9195 = ORIENTED_EDGE('',*,*,#5167,.T.);
#9196 = ORIENTED_EDGE('',*,*,#9171,.F.);
#9197 = ORIENTED_EDGE('',*,*,#7120,.T.);
#9198 = ORIENTED_EDGE('',*,*,#9199,.T.);
#9199 = EDGE_CURVE('',#7121,#5135,#9200,.T.);
#9200 = SURFACE_CURVE('',#9201,(#9205,#9212),.PCURVE_S1.);
#9201 = LINE('',#9202,#9203);
#9202 = CARTESIAN_POINT('',(74.9,18.4,15.399489727694));
#9203 = VECTOR('',#9204,1.);
#9204 = DIRECTION('',(0.,1.,0.));
#9205 = PCURVE('',#5180,#9206);
#9206 = DEFINITIONAL_REPRESENTATION('',(#9207),#9211);
#9207 = LINE('',#9208,#9209);
#9208 = CARTESIAN_POINT('',(21.,0.));
#9209 = VECTOR('',#9210,1.);
#9210 = DIRECTION('',(0.,1.));
#9211 = ( GEOMETRIC_REPRESENTATION_CONTEXT(2) 
PARAMETRIC_REPRESENTATION_CONTEXT() REPRESENTATION_CONTEXT('2D SPACE',''
  ) );
#9212 = PCURVE('',#5155,#9213);
#9213 = DEFINITIONAL_REPRESENTATION('',(#9214),#9218);
#9214 = LINE('',#9215,#9216);
#9215 = CARTESIAN_POINT('',(1.570796326795,0.));
#9216 = VECTOR('',#9217,1.);
#9217 = DIRECTION('',(0.,1.));
#9218 = ( GEOMETRIC_REPRESENTATION_CONTEXT(2) 
PARAMETRIC_REPRESENTATION_CONTEXT() REPRESENTATION_CONTEXT('2D SPACE',''
  ) );
#9219 = ADVANCED_FACE('',(#9220),#5005,.T.);
#9220 = FACE_BOUND('',#9221,.T.);
#9221 = EDGE_LOOP('',(#9222,#9223,#9224,#9225));
#9222 = ORIENTED_EDGE('',*,*,#7075,.T.);
#9223 = ORIENTED_EDGE('',*,*,#9149,.T.);
#9224 = ORIENTED_EDGE('',*,*,#4990,.T.);
#9225 = ORIENTED_EDGE('',*,*,#9226,.F.);
#9226 = EDGE_CURVE('',#7050,#4991,#9227,.T.);
#9227 = SURFACE_CURVE('',#9228,(#9232,#9239),.PCURVE_S1.);
#9228 = LINE('',#9229,#9230);
#9229 = CARTESIAN_POINT('',(53.9,18.4,24.399489727694));
#9230 = VECTOR('',#9231,1.);
#9231 = DIRECTION('',(0.,1.,0.));
#9232 = PCURVE('',#5005,#9233);
#9233 = DEFINITIONAL_REPRESENTATION('',(#9234),#9238);
#9234 = LINE('',#9235,#9236);
#9235 = CARTESIAN_POINT('',(9.,0.));
#9236 = VECTOR('',#9237,1.);
#9237 = DIRECTION('',(0.,-1.));
#9238 = ( GEOMETRIC_REPRESENTATION_CONTEXT(2) 
PARAMETRIC_REPRESENTATION_CONTEXT() REPRESENTATION_CONTEXT('2D SPACE',''
  ) );
#9239 = PCURVE('',#5037,#9240);
#9240 = DEFINITIONAL_REPRESENTATION('',(#9241),#9245);
#9241 = LINE('',#9242,#9243);
#9242 = CARTESIAN_POINT('',(0.,0.));
#9243 = VECTOR('',#9244,1.);
#9244 = DIRECTION('',(0.,1.));
#9245 = ( GEOMETRIC_REPRESENTATION_CONTEXT(2) 
PARAMETRIC_REPRESENTATION_CONTEXT() REPRESENTATION_CONTEXT('2D SPACE',''
  ) );
#9246 = ADVANCED_FACE('',(#9247),#5155,.F.);
#9247 = FACE_BOUND('',#9248,.F.);
#9248 = EDGE_LOOP('',(#9249,#9270,#9271,#9272));
#9249 = ORIENTED_EDGE('',*,*,#9250,.F.);
#9250 = EDGE_CURVE('',#7142,#5109,#9251,.T.);
#9251 = SURFACE_CURVE('',#9252,(#9256,#9263),.PCURVE_S1.);
#9252 = LINE('',#9253,#9254);
#9253 = CARTESIAN_POINT('',(77.9,18.4,18.399489727694));
#9254 = VECTOR('',#9255,1.);
#9255 = DIRECTION('',(0.,1.,0.));
#9256 = PCURVE('',#5155,#9257);
#9257 = DEFINITIONAL_REPRESENTATION('',(#9258),#9262);
#9258 = LINE('',#9259,#9260);
#9259 = CARTESIAN_POINT('',(0.,0.));
#9260 = VECTOR('',#9261,1.);
#9261 = DIRECTION('',(0.,1.));
#9262 = ( GEOMETRIC_REPRESENTATION_CONTEXT(2) 
PARAMETRIC_REPRESENTATION_CONTEXT() REPRESENTATION_CONTEXT('2D SPACE',''
  ) );
#9263 = PCURVE('',#5123,#9264);
#9264 = DEFINITIONAL_REPRESENTATION('',(#9265),#9269);
#9265 = LINE('',#9266,#9267);
#9266 = CARTESIAN_POINT('',(3.,0.));
#9267 = VECTOR('',#9268,1.);
#9268 = DIRECTION('',(0.,-1.));
#9269 = ( GEOMETRIC_REPRESENTATION_CONTEXT(2) 
PARAMETRIC_REPRESENTATION_CONTEXT() REPRESENTATION_CONTEXT('2D SPACE',''
  ) );
#9270 = ORIENTED_EDGE('',*,*,#7141,.T.);
#9271 = ORIENTED_EDGE('',*,*,#9199,.T.);
#9272 = ORIENTED_EDGE('',*,*,#5134,.F.);
#9273 = ADVANCED_FACE('',(#9274),#5037,.F.);
#9274 = FACE_BOUND('',#9275,.F.);
#9275 = EDGE_LOOP('',(#9276,#9277,#9278,#9299));
#9276 = ORIENTED_EDGE('',*,*,#9226,.F.);
#9277 = ORIENTED_EDGE('',*,*,#7049,.T.);
#9278 = ORIENTED_EDGE('',*,*,#9279,.T.);
#9279 = EDGE_CURVE('',#7052,#5017,#9280,.T.);
#9280 = SURFACE_CURVE('',#9281,(#9285,#9292),.PCURVE_S1.);
#9281 = LINE('',#9282,#9283);
#9282 = CARTESIAN_POINT('',(56.9,18.4,27.399489727694));
#9283 = VECTOR('',#9284,1.);
#9284 = DIRECTION('',(0.,1.,0.));
#9285 = PCURVE('',#5037,#9286);
#9286 = DEFINITIONAL_REPRESENTATION('',(#9287),#9291);
#9287 = LINE('',#9288,#9289);
#9288 = CARTESIAN_POINT('',(1.570796326795,0.));
#9289 = VECTOR('',#9290,1.);
#9290 = DIRECTION('',(0.,1.));
#9291 = ( GEOMETRIC_REPRESENTATION_CONTEXT(2) 
PARAMETRIC_REPRESENTATION_CONTEXT() REPRESENTATION_CONTEXT('2D SPACE',''
  ) );
#9292 = PCURVE('',#5064,#9293);
#9293 = DEFINITIONAL_REPRESENTATION('',(#9294),#9298);
#9294 = LINE('',#9295,#9296);
#9295 = CARTESIAN_POINT('',(3.,0.));
#9296 = VECTOR('',#9297,1.);
#9297 = DIRECTION('',(0.,1.));
#9298 = ( GEOMETRIC_REPRESENTATION_CONTEXT(2) 
PARAMETRIC_REPRESENTATION_CONTEXT() REPRESENTATION_CONTEXT('2D SPACE',''
  ) );
#9299 = ORIENTED_EDGE('',*,*,#5016,.F.);
#9300 = ADVANCED_FACE('',(#9301),#5123,.F.);
#9301 = FACE_BOUND('',#9302,.F.);
#9302 = EDGE_LOOP('',(#9303,#9304,#9305,#9306));
#9303 = ORIENTED_EDGE('',*,*,#7165,.T.);
#9304 = ORIENTED_EDGE('',*,*,#9250,.T.);
#9305 = ORIENTED_EDGE('',*,*,#5108,.T.);
#9306 = ORIENTED_EDGE('',*,*,#9307,.F.);
#9307 = EDGE_CURVE('',#7166,#5076,#9308,.T.);
#9308 = SURFACE_CURVE('',#9309,(#9313,#9320),.PCURVE_S1.);
#9309 = LINE('',#9310,#9311);
#9310 = CARTESIAN_POINT('',(77.9,18.4,24.399489727694));
#9311 = VECTOR('',#9312,1.);
#9312 = DIRECTION('',(0.,1.,0.));
#9313 = PCURVE('',#5123,#9314);
#9314 = DEFINITIONAL_REPRESENTATION('',(#9315),#9319);
#9315 = LINE('',#9316,#9317);
#9316 = CARTESIAN_POINT('',(9.,0.));
#9317 = VECTOR('',#9318,1.);
#9318 = DIRECTION('',(0.,-1.));
#9319 = ( GEOMETRIC_REPRESENTATION_CONTEXT(2) 
PARAMETRIC_REPRESENTATION_CONTEXT() REPRESENTATION_CONTEXT('2D SPACE',''
  ) );
#9320 = PCURVE('',#5096,#9321);
#9321 = DEFINITIONAL_REPRESENTATION('',(#9322),#9326);
#9322 = LINE('',#9323,#9324);
#9323 = CARTESIAN_POINT('',(-0.,0.));
#9324 = VECTOR('',#9325,1.);
#9325 = DIRECTION('',(-0.,1.));
#9326 = ( GEOMETRIC_REPRESENTATION_CONTEXT(2) 
PARAMETRIC_REPRESENTATION_CONTEXT() REPRESENTATION_CONTEXT('2D SPACE',''
  ) );
#9327 = ADVANCED_FACE('',(#9328),#5064,.F.);
#9328 = FACE_BOUND('',#9329,.F.);
#9329 = EDGE_LOOP('',(#9330,#9331,#9332,#9333));
#9330 = ORIENTED_EDGE('',*,*,#5049,.T.);
#9331 = ORIENTED_EDGE('',*,*,#9279,.F.);
#9332 = ORIENTED_EDGE('',*,*,#7210,.T.);
#9333 = ORIENTED_EDGE('',*,*,#9334,.T.);
#9334 = EDGE_CURVE('',#7187,#5050,#9335,.T.);
#9335 = SURFACE_CURVE('',#9336,(#9340,#9347),.PCURVE_S1.);
#9336 = LINE('',#9337,#9338);
#9337 = CARTESIAN_POINT('',(74.9,18.4,27.399489727694));
#9338 = VECTOR('',#9339,1.);
#9339 = DIRECTION('',(0.,1.,0.));
#9340 = PCURVE('',#5064,#9341);
#9341 = DEFINITIONAL_REPRESENTATION('',(#9342),#9346);
#9342 = LINE('',#9343,#9344);
#9343 = CARTESIAN_POINT('',(21.,0.));
#9344 = VECTOR('',#9345,1.);
#9345 = DIRECTION('',(0.,1.));
#9346 = ( GEOMETRIC_REPRESENTATION_CONTEXT(2) 
PARAMETRIC_REPRESENTATION_CONTEXT() REPRESENTATION_CONTEXT('2D SPACE',''
  ) );
#9347 = PCURVE('',#5096,#9348);
#9348 = DEFINITIONAL_REPRESENTATION('',(#9349),#9353);
#9349 = LINE('',#9350,#9351);
#9350 = CARTESIAN_POINT('',(-1.570796326795,0.));
#9351 = VECTOR('',#9352,1.);
#9352 = DIRECTION('',(-0.,1.));
#9353 = ( GEOMETRIC_REPRESENTATION_CONTEXT(2) 
PARAMETRIC_REPRESENTATION_CONTEXT() REPRESENTATION_CONTEXT('2D SPACE',''
  ) );
#9354 = ADVANCED_FACE('',(#9355),#5096,.F.);
#9355 = FACE_BOUND('',#9356,.T.);
#9356 = EDGE_LOOP('',(#9357,#9358,#9359,#9360));
#9357 = ORIENTED_EDGE('',*,*,#9307,.F.);
#9358 = ORIENTED_EDGE('',*,*,#7186,.F.);
#9359 = ORIENTED_EDGE('',*,*,#9334,.T.);
#9360 = ORIENTED_EDGE('',*,*,#5075,.T.);
#9361 = ADVANCED_FACE('',(#9362),#5216,.F.);
#9362 = FACE_BOUND('',#9363,.T.);
#9363 = EDGE_LOOP('',(#9364,#9385,#9386,#9407));
#9364 = ORIENTED_EDGE('',*,*,#9365,.F.);
#9365 = EDGE_CURVE('',#7258,#5196,#9366,.T.);
#9366 = SURFACE_CURVE('',#9367,(#9371,#9378),.PCURVE_S1.);
#9367 = LINE('',#9368,#9369);
#9368 = CARTESIAN_POINT('',(14.9,18.4,18.399489727694));
#9369 = VECTOR('',#9370,1.);
#9370 = DIRECTION('',(0.,1.,0.));
#9371 = PCURVE('',#5216,#9372);
#9372 = DEFINITIONAL_REPRESENTATION('',(#9373),#9377);
#9373 = LINE('',#9374,#9375);
#9374 = CARTESIAN_POINT('',(-0.,0.));
#9375 = VECTOR('',#9376,1.);
#9376 = DIRECTION('',(-0.,1.));
#9377 = ( GEOMETRIC_REPRESENTATION_CONTEXT(2) 
PARAMETRIC_REPRESENTATION_CONTEXT() REPRESENTATION_CONTEXT('2D SPACE',''
  ) );
#9378 = PCURVE('',#5243,#9379);
#9379 = DEFINITIONAL_REPRESENTATION('',(#9380),#9384);
#9380 = LINE('',#9381,#9382);
#9381 = CARTESIAN_POINT('',(3.,0.));
#9382 = VECTOR('',#9383,1.);
#9383 = DIRECTION('',(0.,-1.));
#9384 = ( GEOMETRIC_REPRESENTATION_CONTEXT(2) 
PARAMETRIC_REPRESENTATION_CONTEXT() REPRESENTATION_CONTEXT('2D SPACE',''
  ) );
#9385 = ORIENTED_EDGE('',*,*,#7278,.F.);
#9386 = ORIENTED_EDGE('',*,*,#9387,.T.);
#9387 = EDGE_CURVE('',#7279,#5194,#9388,.T.);
#9388 = SURFACE_CURVE('',#9389,(#9393,#9400),.PCURVE_S1.);
#9389 = LINE('',#9390,#9391);
#9390 = CARTESIAN_POINT('',(17.9,18.4,15.399489727694));
#9391 = VECTOR('',#9392,1.);
#9392 = DIRECTION('',(0.,1.,0.));
#9393 = PCURVE('',#5216,#9394);
#9394 = DEFINITIONAL_REPRESENTATION('',(#9395),#9399);
#9395 = LINE('',#9396,#9397);
#9396 = CARTESIAN_POINT('',(-1.570796326795,0.));
#9397 = VECTOR('',#9398,1.);
#9398 = DIRECTION('',(-0.,1.));
#9399 = ( GEOMETRIC_REPRESENTATION_CONTEXT(2) 
PARAMETRIC_REPRESENTATION_CONTEXT() REPRESENTATION_CONTEXT('2D SPACE',''
  ) );
#9400 = PCURVE('',#5418,#9401);
#9401 = DEFINITIONAL_REPRESENTATION('',(#9402),#9406);
#9402 = LINE('',#9403,#9404);
#9403 = CARTESIAN_POINT('',(3.,0.));
#9404 = VECTOR('',#9405,1.);
#9405 = DIRECTION('',(0.,1.));
#9406 = ( GEOMETRIC_REPRESENTATION_CONTEXT(2) 
PARAMETRIC_REPRESENTATION_CONTEXT() REPRESENTATION_CONTEXT('2D SPACE',''
  ) );
#9407 = ORIENTED_EDGE('',*,*,#5193,.T.);
#9408 = ADVANCED_FACE('',(#9409),#5418,.T.);
#9409 = FACE_BOUND('',#9410,.T.);
#9410 = EDGE_LOOP('',(#9411,#9412,#9413,#9414));
#9411 = ORIENTED_EDGE('',*,*,#5405,.T.);
#9412 = ORIENTED_EDGE('',*,*,#9387,.F.);
#9413 = ORIENTED_EDGE('',*,*,#7302,.T.);
#9414 = ORIENTED_EDGE('',*,*,#9415,.T.);
#9415 = EDGE_CURVE('',#7303,#5373,#9416,.T.);
#9416 = SURFACE_CURVE('',#9417,(#9421,#9428),.PCURVE_S1.);
#9417 = LINE('',#9418,#9419);
#9418 = CARTESIAN_POINT('',(35.9,18.4,15.399489727694));
#9419 = VECTOR('',#9420,1.);
#9420 = DIRECTION('',(0.,1.,0.));
#9421 = PCURVE('',#5418,#9422);
#9422 = DEFINITIONAL_REPRESENTATION('',(#9423),#9427);
#9423 = LINE('',#9424,#9425);
#9424 = CARTESIAN_POINT('',(21.,0.));
#9425 = VECTOR('',#9426,1.);
#9426 = DIRECTION('',(0.,1.));
#9427 = ( GEOMETRIC_REPRESENTATION_CONTEXT(2) 
PARAMETRIC_REPRESENTATION_CONTEXT() REPRESENTATION_CONTEXT('2D SPACE',''
  ) );
#9428 = PCURVE('',#5393,#9429);
#9429 = DEFINITIONAL_REPRESENTATION('',(#9430),#9434);
#9430 = LINE('',#9431,#9432);
#9431 = CARTESIAN_POINT('',(1.570796326795,0.));
#9432 = VECTOR('',#9433,1.);
#9433 = DIRECTION('',(0.,1.));
#9434 = ( GEOMETRIC_REPRESENTATION_CONTEXT(2) 
PARAMETRIC_REPRESENTATION_CONTEXT() REPRESENTATION_CONTEXT('2D SPACE',''
  ) );
#9435 = ADVANCED_FACE('',(#9436),#5243,.T.);
#9436 = FACE_BOUND('',#9437,.T.);
#9437 = EDGE_LOOP('',(#9438,#9439,#9440,#9441));
#9438 = ORIENTED_EDGE('',*,*,#7257,.T.);
#9439 = ORIENTED_EDGE('',*,*,#9365,.T.);
#9440 = ORIENTED_EDGE('',*,*,#5228,.T.);
#9441 = ORIENTED_EDGE('',*,*,#9442,.F.);
#9442 = EDGE_CURVE('',#7232,#5229,#9443,.T.);
#9443 = SURFACE_CURVE('',#9444,(#9448,#9455),.PCURVE_S1.);
#9444 = LINE('',#9445,#9446);
#9445 = CARTESIAN_POINT('',(14.9,18.4,24.399489727694));
#9446 = VECTOR('',#9447,1.);
#9447 = DIRECTION('',(0.,1.,0.));
#9448 = PCURVE('',#5243,#9449);
#9449 = DEFINITIONAL_REPRESENTATION('',(#9450),#9454);
#9450 = LINE('',#9451,#9452);
#9451 = CARTESIAN_POINT('',(9.,0.));
#9452 = VECTOR('',#9453,1.);
#9453 = DIRECTION('',(0.,-1.));
#9454 = ( GEOMETRIC_REPRESENTATION_CONTEXT(2) 
PARAMETRIC_REPRESENTATION_CONTEXT() REPRESENTATION_CONTEXT('2D SPACE',''
  ) );
#9455 = PCURVE('',#5275,#9456);
#9456 = DEFINITIONAL_REPRESENTATION('',(#9457),#9461);
#9457 = LINE('',#9458,#9459);
#9458 = CARTESIAN_POINT('',(0.,0.));
#9459 = VECTOR('',#9460,1.);
#9460 = DIRECTION('',(0.,1.));
#9461 = ( GEOMETRIC_REPRESENTATION_CONTEXT(2) 
PARAMETRIC_REPRESENTATION_CONTEXT() REPRESENTATION_CONTEXT('2D SPACE',''
  ) );
#9462 = ADVANCED_FACE('',(#9463),#5393,.F.);
#9463 = FACE_BOUND('',#9464,.F.);
#9464 = EDGE_LOOP('',(#9465,#9486,#9487,#9488));
#9465 = ORIENTED_EDGE('',*,*,#9466,.F.);
#9466 = EDGE_CURVE('',#7324,#5347,#9467,.T.);
#9467 = SURFACE_CURVE('',#9468,(#9472,#9479),.PCURVE_S1.);
#9468 = LINE('',#9469,#9470);
#9469 = CARTESIAN_POINT('',(38.9,18.4,18.399489727694));
#9470 = VECTOR('',#9471,1.);
#9471 = DIRECTION('',(0.,1.,0.));
#9472 = PCURVE('',#5393,#9473);
#9473 = DEFINITIONAL_REPRESENTATION('',(#9474),#9478);
#9474 = LINE('',#9475,#9476);
#9475 = CARTESIAN_POINT('',(0.,0.));
#9476 = VECTOR('',#9477,1.);
#9477 = DIRECTION('',(0.,1.));
#9478 = ( GEOMETRIC_REPRESENTATION_CONTEXT(2) 
PARAMETRIC_REPRESENTATION_CONTEXT() REPRESENTATION_CONTEXT('2D SPACE',''
  ) );
#9479 = PCURVE('',#5361,#9480);
#9480 = DEFINITIONAL_REPRESENTATION('',(#9481),#9485);
#9481 = LINE('',#9482,#9483);
#9482 = CARTESIAN_POINT('',(3.,0.));
#9483 = VECTOR('',#9484,1.);
#9484 = DIRECTION('',(0.,-1.));
#9485 = ( GEOMETRIC_REPRESENTATION_CONTEXT(2) 
PARAMETRIC_REPRESENTATION_CONTEXT() REPRESENTATION_CONTEXT('2D SPACE',''
  ) );
#9486 = ORIENTED_EDGE('',*,*,#7323,.T.);
#9487 = ORIENTED_EDGE('',*,*,#9415,.T.);
#9488 = ORIENTED_EDGE('',*,*,#5372,.F.);
#9489 = ADVANCED_FACE('',(#9490),#5275,.F.);
#9490 = FACE_BOUND('',#9491,.F.);
#9491 = EDGE_LOOP('',(#9492,#9493,#9494,#9515));
#9492 = ORIENTED_EDGE('',*,*,#9442,.F.);
#9493 = ORIENTED_EDGE('',*,*,#7231,.T.);
#9494 = ORIENTED_EDGE('',*,*,#9495,.T.);
#9495 = EDGE_CURVE('',#7234,#5255,#9496,.T.);
#9496 = SURFACE_CURVE('',#9497,(#9501,#9508),.PCURVE_S1.);
#9497 = LINE('',#9498,#9499);
#9498 = CARTESIAN_POINT('',(17.9,18.4,27.399489727694));
#9499 = VECTOR('',#9500,1.);
#9500 = DIRECTION('',(0.,1.,0.));
#9501 = PCURVE('',#5275,#9502);
#9502 = DEFINITIONAL_REPRESENTATION('',(#9503),#9507);
#9503 = LINE('',#9504,#9505);
#9504 = CARTESIAN_POINT('',(1.570796326795,0.));
#9505 = VECTOR('',#9506,1.);
#9506 = DIRECTION('',(0.,1.));
#9507 = ( GEOMETRIC_REPRESENTATION_CONTEXT(2) 
PARAMETRIC_REPRESENTATION_CONTEXT() REPRESENTATION_CONTEXT('2D SPACE',''
  ) );
#9508 = PCURVE('',#5302,#9509);
#9509 = DEFINITIONAL_REPRESENTATION('',(#9510),#9514);
#9510 = LINE('',#9511,#9512);
#9511 = CARTESIAN_POINT('',(3.,0.));
#9512 = VECTOR('',#9513,1.);
#9513 = DIRECTION('',(0.,1.));
#9514 = ( GEOMETRIC_REPRESENTATION_CONTEXT(2) 
PARAMETRIC_REPRESENTATION_CONTEXT() REPRESENTATION_CONTEXT('2D SPACE',''
  ) );
#9515 = ORIENTED_EDGE('',*,*,#5254,.F.);
#9516 = ADVANCED_FACE('',(#9517),#5361,.F.);
#9517 = FACE_BOUND('',#9518,.F.);
#9518 = EDGE_LOOP('',(#9519,#9520,#9521,#9522));
#9519 = ORIENTED_EDGE('',*,*,#7347,.T.);
#9520 = ORIENTED_EDGE('',*,*,#9466,.T.);
#9521 = ORIENTED_EDGE('',*,*,#5346,.T.);
#9522 = ORIENTED_EDGE('',*,*,#9523,.F.);
#9523 = EDGE_CURVE('',#7348,#5314,#9524,.T.);
#9524 = SURFACE_CURVE('',#9525,(#9529,#9536),.PCURVE_S1.);
#9525 = LINE('',#9526,#9527);
#9526 = CARTESIAN_POINT('',(38.9,18.4,24.399489727694));
#9527 = VECTOR('',#9528,1.);
#9528 = DIRECTION('',(0.,1.,0.));
#9529 = PCURVE('',#5361,#9530);
#9530 = DEFINITIONAL_REPRESENTATION('',(#9531),#9535);
#9531 = LINE('',#9532,#9533);
#9532 = CARTESIAN_POINT('',(9.,0.));
#9533 = VECTOR('',#9534,1.);
#9534 = DIRECTION('',(0.,-1.));
#9535 = ( GEOMETRIC_REPRESENTATION_CONTEXT(2) 
PARAMETRIC_REPRESENTATION_CONTEXT() REPRESENTATION_CONTEXT('2D SPACE',''
  ) );
#9536 = PCURVE('',#5334,#9537);
#9537 = DEFINITIONAL_REPRESENTATION('',(#9538),#9542);
#9538 = LINE('',#9539,#9540);
#9539 = CARTESIAN_POINT('',(-0.,0.));
#9540 = VECTOR('',#9541,1.);
#9541 = DIRECTION('',(-0.,1.));
#9542 = ( GEOMETRIC_REPRESENTATION_CONTEXT(2) 
PARAMETRIC_REPRESENTATION_CONTEXT() REPRESENTATION_CONTEXT('2D SPACE',''
  ) );
#9543 = ADVANCED_FACE('',(#9544),#5302,.F.);
#9544 = FACE_BOUND('',#9545,.F.);
#9545 = EDGE_LOOP('',(#9546,#9547,#9548,#9549));
#9546 = ORIENTED_EDGE('',*,*,#5287,.T.);
#9547 = ORIENTED_EDGE('',*,*,#9495,.F.);
#9548 = ORIENTED_EDGE('',*,*,#7392,.T.);
#9549 = ORIENTED_EDGE('',*,*,#9550,.T.);
#9550 = EDGE_CURVE('',#7369,#5288,#9551,.T.);
#9551 = SURFACE_CURVE('',#9552,(#9556,#9563),.PCURVE_S1.);
#9552 = LINE('',#9553,#9554);
#9553 = CARTESIAN_POINT('',(35.9,18.4,27.399489727694));
#9554 = VECTOR('',#9555,1.);
#9555 = DIRECTION('',(0.,1.,0.));
#9556 = PCURVE('',#5302,#9557);
#9557 = DEFINITIONAL_REPRESENTATION('',(#9558),#9562);
#9558 = LINE('',#9559,#9560);
#9559 = CARTESIAN_POINT('',(21.,0.));
#9560 = VECTOR('',#9561,1.);
#9561 = DIRECTION('',(0.,1.));
#9562 = ( GEOMETRIC_REPRESENTATION_CONTEXT(2) 
PARAMETRIC_REPRESENTATION_CONTEXT() REPRESENTATION_CONTEXT('2D SPACE',''
  ) );
#9563 = PCURVE('',#5334,#9564);
#9564 = DEFINITIONAL_REPRESENTATION('',(#9565),#9569);
#9565 = LINE('',#9566,#9567);
#9566 = CARTESIAN_POINT('',(-1.570796326795,0.));
#9567 = VECTOR('',#9568,1.);
#9568 = DIRECTION('',(-0.,1.));
#9569 = ( GEOMETRIC_REPRESENTATION_CONTEXT(2) 
PARAMETRIC_REPRESENTATION_CONTEXT() REPRESENTATION_CONTEXT('2D SPACE',''
  ) );
#9570 = ADVANCED_FACE('',(#9571),#5334,.F.);
#9571 = FACE_BOUND('',#9572,.T.);
#9572 = EDGE_LOOP('',(#9573,#9574,#9575,#9576));
#9573 = ORIENTED_EDGE('',*,*,#9523,.F.);
#9574 = ORIENTED_EDGE('',*,*,#7368,.F.);
#9575 = ORIENTED_EDGE('',*,*,#9550,.T.);
#9576 = ORIENTED_EDGE('',*,*,#5313,.T.);
#9577 = ( GEOMETRIC_REPRESENTATION_CONTEXT(3) 
GLOBAL_UNCERTAINTY_ASSIGNED_CONTEXT((#9581)) 
GLOBAL_UNIT_ASSIGNED_CONTEXT((#9578,#9579,#9580)) REPRESENTATION_CONTEXT
('Context #1','3D Context with UNIT and UNCERTAINTY') );
#9578 = ( LENGTH_UNIT() NAMED_UNIT(*) SI_UNIT(.MILLI.,.METRE.) );
#9579 = ( NAMED_UNIT(*) PLANE_ANGLE_UNIT() SI_UNIT($,.RADIAN.) );
#9580 = ( NAMED_UNIT(*) SI_UNIT($,.STERADIAN.) SOLID_ANGLE_UNIT() );
#9581 = UNCERTAINTY_MEASURE_WITH_UNIT(LENGTH_MEASURE(1.E-07),#9578,
  'distance_accuracy_value','confusion accuracy');
#9582 = PRODUCT_RELATED_PRODUCT_CATEGORY('part',$,(#7));
ENDSEC;
END-ISO-10303-21;
