ISO-10303-21;
HEADER;
FILE_DESCRIPTION(('Open CASCADE Model'),'2;1');
FILE_NAME('Open CASCADE Shape Model','2026-08-29T01:20:41',('Author'),(
    'Open CASCADE'),'Open CASCADE STEP processor 7.9','Open CASCADE 7.9'
  ,'Unknown');
FILE_SCHEMA(('AUTOMOTIVE_DESIGN { 1 0 10303 214 1 1 1 1 }'));
ENDSEC;
DATA;
#1 = APPLICATION_PROTOCOL_DEFINITION('international standard',
  'automotive_design',2000,#2);
#2 = APPLICATION_CONTEXT(
  'core data for automotive mechanical design processes');
#3 = SHAPE_DEFINITION_REPRESENTATION(#4,#10);
#4 = PRODUCT_DEFINITION_SHAPE('','',#5);
#5 = PRODUCT_DEFINITION('design','',#6,#9);
#6 = PRODUCT_DEFINITION_FORMATION('','',#7);
#7 = PRODUCT('Open CASCADE STEP translator 7.9 29',
  'Open CASCADE STEP translator 7.9 29','',(#8));
#8 = PRODUCT_CONTEXT('',#2,'mechanical');
#9 = PRODUCT_DEFINITION_CONTEXT('part definition',#2,'design');
#10 = ADVANCED_BREP_SHAPE_REPRESENTATION('',(#11,#15),#7753);
#11 = AXIS2_PLACEMENT_3D('',#12,#13,#14);
#12 = CARTESIAN_POINT('',(0.,0.,0.));
#13 = DIRECTION('',(0.,0.,1.));
#14 = DIRECTION('',(1.,0.,-0.));
#15 = MANIFOLD_SOLID_BREP('',#16);
#16 = CLOSED_SHELL('',(#17,#137,#213,#284,#3444,#5676,#5683,#5727,#5753,
    #5779,#5805,#5831,#5857,#5883,#5909,#5935,#5961,#5987,#6013,#6039,
    #6065,#6091,#6117,#6143,#6169,#6195,#6220,#6245,#6270,#6295,#6320,
    #6345,#6371,#6397,#6423,#6449,#6475,#6501,#6527,#6553,#6579,#6605,
    #6631,#6657,#6683,#6709,#6735,#6761,#6787,#6813,#6838,#6863,#6889,
    #6915,#6941,#6967,#6993,#7019,#7045,#7071,#7097,#7123,#7149,#7175,
    #7201,#7227,#7253,#7279,#7305,#7331,#7357,#7383,#7409,#7435,#7461,
    #7487,#7513,#7539,#7565,#7591,#7617,#7643,#7669,#7695,#7721,#7746));
#17 = ADVANCED_FACE('',(#18),#32,.T.);
#18 = FACE_BOUND('',#19,.T.);
#19 = EDGE_LOOP('',(#20,#55,#83,#111));
#20 = ORIENTED_EDGE('',*,*,#21,.T.);
#21 = EDGE_CURVE('',#22,#24,#26,.T.);
#22 = VERTEX_POINT('',#23);
#23 = CARTESIAN_POINT('',(-27.1795,9.95,1.8));
#24 = VERTEX_POINT('',#25);
#25 = CARTESIAN_POINT('',(-27.1795,9.95,2.2));
#26 = SURFACE_CURVE('',#27,(#31,#43),.PCURVE_S1.);
#27 = LINE('',#28,#29);
#28 = CARTESIAN_POINT('',(-27.1795,9.95,1.8));
#29 = VECTOR('',#30,1.);
#30 = DIRECTION('',(0.,0.,1.));
#31 = PCURVE('',#32,#37);
#32 = PLANE('',#33);
#33 = AXIS2_PLACEMENT_3D('',#34,#35,#36);
#34 = CARTESIAN_POINT('',(-27.1795,9.95,1.8));
#35 = DIRECTION('',(0.,1.,0.));
#36 = DIRECTION('',(1.,0.,0.));
#37 = DEFINITIONAL_REPRESENTATION('',(#38),#42);
#38 = LINE('',#39,#40);
#39 = CARTESIAN_POINT('',(0.,0.));
#40 = VECTOR('',#41,1.);
#41 = DIRECTION('',(0.,-1.));
#42 = ( GEOMETRIC_REPRESENTATION_CONTEXT(2) 
PARAMETRIC_REPRESENTATION_CONTEXT() REPRESENTATION_CONTEXT('2D SPACE',''
  ) );
#43 = PCURVE('',#44,#49);
#44 = PLANE('',#45);
#45 = AXIS2_PLACEMENT_3D('',#46,#47,#48);
#46 = CARTESIAN_POINT('',(-26.8775,-9.95,1.8));
#47 = DIRECTION('',(-0.999884866229,-1.517413214076E-02,0.));
#48 = DIRECTION('',(-1.517413214076E-02,0.999884866229,0.));
#49 = DEFINITIONAL_REPRESENTATION('',(#50),#54);
#50 = LINE('',#51,#52);
#51 = CARTESIAN_POINT('',(19.902291425864,0.));
#52 = VECTOR('',#53,1.);
#53 = DIRECTION('',(0.,-1.));
#54 = ( GEOMETRIC_REPRESENTATION_CONTEXT(2) 
PARAMETRIC_REPRESENTATION_CONTEXT() REPRESENTATION_CONTEXT('2D SPACE',''
  ) );
#55 = ORIENTED_EDGE('',*,*,#56,.T.);
#56 = EDGE_CURVE('',#24,#57,#59,.T.);
#57 = VERTEX_POINT('',#58);
#58 = CARTESIAN_POINT('',(27.1795,9.95,2.2));
#59 = SURFACE_CURVE('',#60,(#64,#71),.PCURVE_S1.);
#60 = LINE('',#61,#62);
#61 = CARTESIAN_POINT('',(-27.1795,9.95,2.2));
#62 = VECTOR('',#63,1.);
#63 = DIRECTION('',(1.,0.,0.));
#64 = PCURVE('',#32,#65);
#65 = DEFINITIONAL_REPRESENTATION('',(#66),#70);
#66 = LINE('',#67,#68);
#67 = CARTESIAN_POINT('',(0.,-0.4));
#68 = VECTOR('',#69,1.);
#69 = DIRECTION('',(1.,0.));
#70 = ( GEOMETRIC_REPRESENTATION_CONTEXT(2) 
PARAMETRIC_REPRESENTATION_CONTEXT() REPRESENTATION_CONTEXT('2D SPACE',''
  ) );
#71 = PCURVE('',#72,#77);
#72 = PLANE('',#73);
#73 = AXIS2_PLACEMENT_3D('',#74,#75,#76);
#74 = CARTESIAN_POINT('',(3.842885576979E-16,4.062910747343E-02,2.2));
#75 = DIRECTION('',(-0.,-0.,-1.));
#76 = DIRECTION('',(-1.,0.,0.));
#77 = DEFINITIONAL_REPRESENTATION('',(#78),#82);
#78 = LINE('',#79,#80);
#79 = CARTESIAN_POINT('',(27.1795,9.909370892527));
#80 = VECTOR('',#81,1.);
#81 = DIRECTION('',(-1.,0.));
#82 = ( GEOMETRIC_REPRESENTATION_CONTEXT(2) 
PARAMETRIC_REPRESENTATION_CONTEXT() REPRESENTATION_CONTEXT('2D SPACE',''
  ) );
#83 = ORIENTED_EDGE('',*,*,#84,.F.);
#84 = EDGE_CURVE('',#85,#57,#87,.T.);
#85 = VERTEX_POINT('',#86);
#86 = CARTESIAN_POINT('',(27.1795,9.95,1.8));
#87 = SURFACE_CURVE('',#88,(#92,#99),.PCURVE_S1.);
#88 = LINE('',#89,#90);
#89 = CARTESIAN_POINT('',(27.1795,9.95,1.8));
#90 = VECTOR('',#91,1.);
#91 = DIRECTION('',(0.,0.,1.));
#92 = PCURVE('',#32,#93);
#93 = DEFINITIONAL_REPRESENTATION('',(#94),#98);
#94 = LINE('',#95,#96);
#95 = CARTESIAN_POINT('',(54.359,0.));
#96 = VECTOR('',#97,1.);
#97 = DIRECTION('',(0.,-1.));
#98 = ( GEOMETRIC_REPRESENTATION_CONTEXT(2) 
PARAMETRIC_REPRESENTATION_CONTEXT() REPRESENTATION_CONTEXT('2D SPACE',''
  ) );
#99 = PCURVE('',#100,#105);
#100 = PLANE('',#101);
#101 = AXIS2_PLACEMENT_3D('',#102,#103,#104);
#102 = CARTESIAN_POINT('',(27.1795,9.95,1.8));
#103 = DIRECTION('',(0.999884866229,-1.517413214076E-02,0.));
#104 = DIRECTION('',(-1.517413214076E-02,-0.999884866229,0.));
#105 = DEFINITIONAL_REPRESENTATION('',(#106),#110);
#106 = LINE('',#107,#108);
#107 = CARTESIAN_POINT('',(0.,0.));
#108 = VECTOR('',#109,1.);
#109 = DIRECTION('',(0.,-1.));
#110 = ( GEOMETRIC_REPRESENTATION_CONTEXT(2) 
PARAMETRIC_REPRESENTATION_CONTEXT() REPRESENTATION_CONTEXT('2D SPACE',''
  ) );
#111 = ORIENTED_EDGE('',*,*,#112,.F.);
#112 = EDGE_CURVE('',#22,#85,#113,.T.);
#113 = SURFACE_CURVE('',#114,(#118,#125),.PCURVE_S1.);
#114 = LINE('',#115,#116);
#115 = CARTESIAN_POINT('',(-27.1795,9.95,1.8));
#116 = VECTOR('',#117,1.);
#117 = DIRECTION('',(1.,0.,0.));
#118 = PCURVE('',#32,#119);
#119 = DEFINITIONAL_REPRESENTATION('',(#120),#124);
#120 = LINE('',#121,#122);
#121 = CARTESIAN_POINT('',(0.,0.));
#122 = VECTOR('',#123,1.);
#123 = DIRECTION('',(1.,0.));
#124 = ( GEOMETRIC_REPRESENTATION_CONTEXT(2) 
PARAMETRIC_REPRESENTATION_CONTEXT() REPRESENTATION_CONTEXT('2D SPACE',''
  ) );
#125 = PCURVE('',#126,#131);
#126 = PLANE('',#127);
#127 = AXIS2_PLACEMENT_3D('',#128,#129,#130);
#128 = CARTESIAN_POINT('',(3.842885576979E-16,4.062910747343E-02,1.8));
#129 = DIRECTION('',(-0.,-0.,-1.));
#130 = DIRECTION('',(-1.,0.,0.));
#131 = DEFINITIONAL_REPRESENTATION('',(#132),#136);
#132 = LINE('',#133,#134);
#133 = CARTESIAN_POINT('',(27.1795,9.909370892527));
#134 = VECTOR('',#135,1.);
#135 = DIRECTION('',(-1.,0.));
#136 = ( GEOMETRIC_REPRESENTATION_CONTEXT(2) 
PARAMETRIC_REPRESENTATION_CONTEXT() REPRESENTATION_CONTEXT('2D SPACE',''
  ) );
#137 = ADVANCED_FACE('',(#138),#44,.T.);
#138 = FACE_BOUND('',#139,.T.);
#139 = EDGE_LOOP('',(#140,#170,#191,#192));
#140 = ORIENTED_EDGE('',*,*,#141,.T.);
#141 = EDGE_CURVE('',#142,#144,#146,.T.);
#142 = VERTEX_POINT('',#143);
#143 = CARTESIAN_POINT('',(-26.8775,-9.95,1.8));
#144 = VERTEX_POINT('',#145);
#145 = CARTESIAN_POINT('',(-26.8775,-9.95,2.2));
#146 = SURFACE_CURVE('',#147,(#151,#158),.PCURVE_S1.);
#147 = LINE('',#148,#149);
#148 = CARTESIAN_POINT('',(-26.8775,-9.95,1.8));
#149 = VECTOR('',#150,1.);
#150 = DIRECTION('',(0.,0.,1.));
#151 = PCURVE('',#44,#152);
#152 = DEFINITIONAL_REPRESENTATION('',(#153),#157);
#153 = LINE('',#154,#155);
#154 = CARTESIAN_POINT('',(0.,0.));
#155 = VECTOR('',#156,1.);
#156 = DIRECTION('',(0.,-1.));
#157 = ( GEOMETRIC_REPRESENTATION_CONTEXT(2) 
PARAMETRIC_REPRESENTATION_CONTEXT() REPRESENTATION_CONTEXT('2D SPACE',''
  ) );
#158 = PCURVE('',#159,#164);
#159 = PLANE('',#160);
#160 = AXIS2_PLACEMENT_3D('',#161,#162,#163);
#161 = CARTESIAN_POINT('',(26.8775,-9.95,1.8));
#162 = DIRECTION('',(0.,-1.,0.));
#163 = DIRECTION('',(-1.,0.,0.));
#164 = DEFINITIONAL_REPRESENTATION('',(#165),#169);
#165 = LINE('',#166,#167);
#166 = CARTESIAN_POINT('',(53.755,0.));
#167 = VECTOR('',#168,1.);
#168 = DIRECTION('',(0.,-1.));
#169 = ( GEOMETRIC_REPRESENTATION_CONTEXT(2) 
PARAMETRIC_REPRESENTATION_CONTEXT() REPRESENTATION_CONTEXT('2D SPACE',''
  ) );
#170 = ORIENTED_EDGE('',*,*,#171,.T.);
#171 = EDGE_CURVE('',#144,#24,#172,.T.);
#172 = SURFACE_CURVE('',#173,(#177,#184),.PCURVE_S1.);
#173 = LINE('',#174,#175);
#174 = CARTESIAN_POINT('',(-26.8775,-9.95,2.2));
#175 = VECTOR('',#176,1.);
#176 = DIRECTION('',(-1.517413214076E-02,0.999884866229,0.));
#177 = PCURVE('',#44,#178);
#178 = DEFINITIONAL_REPRESENTATION('',(#179),#183);
#179 = LINE('',#180,#181);
#180 = CARTESIAN_POINT('',(0.,-0.4));
#181 = VECTOR('',#182,1.);
#182 = DIRECTION('',(1.,0.));
#183 = ( GEOMETRIC_REPRESENTATION_CONTEXT(2) 
PARAMETRIC_REPRESENTATION_CONTEXT() REPRESENTATION_CONTEXT('2D SPACE',''
  ) );
#184 = PCURVE('',#72,#185);
#185 = DEFINITIONAL_REPRESENTATION('',(#186),#190);
#186 = LINE('',#187,#188);
#187 = CARTESIAN_POINT('',(26.8775,-9.990629107473));
#188 = VECTOR('',#189,1.);
#189 = DIRECTION('',(1.517413214076E-02,0.999884866229));
#190 = ( GEOMETRIC_REPRESENTATION_CONTEXT(2) 
PARAMETRIC_REPRESENTATION_CONTEXT() REPRESENTATION_CONTEXT('2D SPACE',''
  ) );
#191 = ORIENTED_EDGE('',*,*,#21,.F.);
#192 = ORIENTED_EDGE('',*,*,#193,.F.);
#193 = EDGE_CURVE('',#142,#22,#194,.T.);
#194 = SURFACE_CURVE('',#195,(#199,#206),.PCURVE_S1.);
#195 = LINE('',#196,#197);
#196 = CARTESIAN_POINT('',(-26.8775,-9.95,1.8));
#197 = VECTOR('',#198,1.);
#198 = DIRECTION('',(-1.517413214076E-02,0.999884866229,0.));
#199 = PCURVE('',#44,#200);
#200 = DEFINITIONAL_REPRESENTATION('',(#201),#205);
#201 = LINE('',#202,#203);
#202 = CARTESIAN_POINT('',(0.,0.));
#203 = VECTOR('',#204,1.);
#204 = DIRECTION('',(1.,0.));
#205 = ( GEOMETRIC_REPRESENTATION_CONTEXT(2) 
PARAMETRIC_REPRESENTATION_CONTEXT() REPRESENTATION_CONTEXT('2D SPACE',''
  ) );
#206 = PCURVE('',#126,#207);
#207 = DEFINITIONAL_REPRESENTATION('',(#208),#212);
#208 = LINE('',#209,#210);
#209 = CARTESIAN_POINT('',(26.8775,-9.990629107473));
#210 = VECTOR('',#211,1.);
#211 = DIRECTION('',(1.517413214076E-02,0.999884866229));
#212 = ( GEOMETRIC_REPRESENTATION_CONTEXT(2) 
PARAMETRIC_REPRESENTATION_CONTEXT() REPRESENTATION_CONTEXT('2D SPACE',''
  ) );
#213 = ADVANCED_FACE('',(#214),#100,.T.);
#214 = FACE_BOUND('',#215,.T.);
#215 = EDGE_LOOP('',(#216,#217,#240,#263));
#216 = ORIENTED_EDGE('',*,*,#84,.T.);
#217 = ORIENTED_EDGE('',*,*,#218,.T.);
#218 = EDGE_CURVE('',#57,#219,#221,.T.);
#219 = VERTEX_POINT('',#220);
#220 = CARTESIAN_POINT('',(26.8775,-9.95,2.2));
#221 = SURFACE_CURVE('',#222,(#226,#233),.PCURVE_S1.);
#222 = LINE('',#223,#224);
#223 = CARTESIAN_POINT('',(27.1795,9.95,2.2));
#224 = VECTOR('',#225,1.);
#225 = DIRECTION('',(-1.517413214076E-02,-0.999884866229,0.));
#226 = PCURVE('',#100,#227);
#227 = DEFINITIONAL_REPRESENTATION('',(#228),#232);
#228 = LINE('',#229,#230);
#229 = CARTESIAN_POINT('',(0.,-0.4));
#230 = VECTOR('',#231,1.);
#231 = DIRECTION('',(1.,0.));
#232 = ( GEOMETRIC_REPRESENTATION_CONTEXT(2) 
PARAMETRIC_REPRESENTATION_CONTEXT() REPRESENTATION_CONTEXT('2D SPACE',''
  ) );
#233 = PCURVE('',#72,#234);
#234 = DEFINITIONAL_REPRESENTATION('',(#235),#239);
#235 = LINE('',#236,#237);
#236 = CARTESIAN_POINT('',(-27.1795,9.909370892527));
#237 = VECTOR('',#238,1.);
#238 = DIRECTION('',(1.517413214076E-02,-0.999884866229));
#239 = ( GEOMETRIC_REPRESENTATION_CONTEXT(2) 
PARAMETRIC_REPRESENTATION_CONTEXT() REPRESENTATION_CONTEXT('2D SPACE',''
  ) );
#240 = ORIENTED_EDGE('',*,*,#241,.F.);
#241 = EDGE_CURVE('',#242,#219,#244,.T.);
#242 = VERTEX_POINT('',#243);
#243 = CARTESIAN_POINT('',(26.8775,-9.95,1.8));
#244 = SURFACE_CURVE('',#245,(#249,#256),.PCURVE_S1.);
#245 = LINE('',#246,#247);
#246 = CARTESIAN_POINT('',(26.8775,-9.95,1.8));
#247 = VECTOR('',#248,1.);
#248 = DIRECTION('',(0.,0.,1.));
#249 = PCURVE('',#100,#250);
#250 = DEFINITIONAL_REPRESENTATION('',(#251),#255);
#251 = LINE('',#252,#253);
#252 = CARTESIAN_POINT('',(19.902291425864,0.));
#253 = VECTOR('',#254,1.);
#254 = DIRECTION('',(0.,-1.));
#255 = ( GEOMETRIC_REPRESENTATION_CONTEXT(2) 
PARAMETRIC_REPRESENTATION_CONTEXT() REPRESENTATION_CONTEXT('2D SPACE',''
  ) );
#256 = PCURVE('',#159,#257);
#257 = DEFINITIONAL_REPRESENTATION('',(#258),#262);
#258 = LINE('',#259,#260);
#259 = CARTESIAN_POINT('',(0.,-0.));
#260 = VECTOR('',#261,1.);
#261 = DIRECTION('',(0.,-1.));
#262 = ( GEOMETRIC_REPRESENTATION_CONTEXT(2) 
PARAMETRIC_REPRESENTATION_CONTEXT() REPRESENTATION_CONTEXT('2D SPACE',''
  ) );
#263 = ORIENTED_EDGE('',*,*,#264,.F.);
#264 = EDGE_CURVE('',#85,#242,#265,.T.);
#265 = SURFACE_CURVE('',#266,(#270,#277),.PCURVE_S1.);
#266 = LINE('',#267,#268);
#267 = CARTESIAN_POINT('',(27.1795,9.95,1.8));
#268 = VECTOR('',#269,1.);
#269 = DIRECTION('',(-1.517413214076E-02,-0.999884866229,0.));
#270 = PCURVE('',#100,#271);
#271 = DEFINITIONAL_REPRESENTATION('',(#272),#276);
#272 = LINE('',#273,#274);
#273 = CARTESIAN_POINT('',(0.,0.));
#274 = VECTOR('',#275,1.);
#275 = DIRECTION('',(1.,0.));
#276 = ( GEOMETRIC_REPRESENTATION_CONTEXT(2) 
PARAMETRIC_REPRESENTATION_CONTEXT() REPRESENTATION_CONTEXT('2D SPACE',''
  ) );
#277 = PCURVE('',#126,#278);
#278 = DEFINITIONAL_REPRESENTATION('',(#279),#283);
#279 = LINE('',#280,#281);
#280 = CARTESIAN_POINT('',(-27.1795,9.909370892527));
#281 = VECTOR('',#282,1.);
#282 = DIRECTION('',(1.517413214076E-02,-0.999884866229));
#283 = ( GEOMETRIC_REPRESENTATION_CONTEXT(2) 
PARAMETRIC_REPRESENTATION_CONTEXT() REPRESENTATION_CONTEXT('2D SPACE',''
  ) );
#284 = ADVANCED_FACE('',(#285,#311),#126,.T.);
#285 = FACE_BOUND('',#286,.T.);
#286 = EDGE_LOOP('',(#287,#288,#289,#310));
#287 = ORIENTED_EDGE('',*,*,#112,.T.);
#288 = ORIENTED_EDGE('',*,*,#264,.T.);
#289 = ORIENTED_EDGE('',*,*,#290,.T.);
#290 = EDGE_CURVE('',#242,#142,#291,.T.);
#291 = SURFACE_CURVE('',#292,(#296,#303),.PCURVE_S1.);
#292 = LINE('',#293,#294);
#293 = CARTESIAN_POINT('',(26.8775,-9.95,1.8));
#294 = VECTOR('',#295,1.);
#295 = DIRECTION('',(-1.,0.,0.));
#296 = PCURVE('',#126,#297);
#297 = DEFINITIONAL_REPRESENTATION('',(#298),#302);
#298 = LINE('',#299,#300);
#299 = CARTESIAN_POINT('',(-26.8775,-9.990629107473));
#300 = VECTOR('',#301,1.);
#301 = DIRECTION('',(1.,0.));
#302 = ( GEOMETRIC_REPRESENTATION_CONTEXT(2) 
PARAMETRIC_REPRESENTATION_CONTEXT() REPRESENTATION_CONTEXT('2D SPACE',''
  ) );
#303 = PCURVE('',#159,#304);
#304 = DEFINITIONAL_REPRESENTATION('',(#305),#309);
#305 = LINE('',#306,#307);
#306 = CARTESIAN_POINT('',(0.,-0.));
#307 = VECTOR('',#308,1.);
#308 = DIRECTION('',(1.,0.));
#309 = ( GEOMETRIC_REPRESENTATION_CONTEXT(2) 
PARAMETRIC_REPRESENTATION_CONTEXT() REPRESENTATION_CONTEXT('2D SPACE',''
  ) );
#310 = ORIENTED_EDGE('',*,*,#193,.T.);
#311 = FACE_BOUND('',#312,.T.);
#312 = EDGE_LOOP('',(#313,#345,#370,#400,#442,#484,#526,#568,#610,#652,
    #686,#728,#758,#800,#842,#884,#926,#968,#1010,#1052,#1094,#1136,
    #1178,#1220,#1262,#1304,#1346,#1388,#1430,#1472,#1514,#1556,#1594,
    #1632,#1674,#1716,#1746,#1771,#1801,#1843,#1885,#1919,#1961,#2003,
    #2045,#2087,#2129,#2167,#2209,#2251,#2293,#2335,#2377,#2419,#2461,
    #2503,#2545,#2570,#2600,#2625,#2655,#2680,#2722,#2764,#2798,#2840,
    #2882,#2924,#2966,#3008,#3050,#3092,#3134,#3168,#3210,#3252,#3294,
    #3328,#3362,#3404));
#313 = ORIENTED_EDGE('',*,*,#314,.F.);
#314 = EDGE_CURVE('',#315,#317,#319,.T.);
#315 = VERTEX_POINT('',#316);
#316 = CARTESIAN_POINT('',(-1.937821404851,-1.269561865724,1.8000001));
#317 = VERTEX_POINT('',#318);
#318 = CARTESIAN_POINT('',(-1.857911827773,-1.353364429494,1.8000001));
#319 = SURFACE_CURVE('',#320,(#324,#331),.PCURVE_S1.);
#320 = ( BOUNDED_CURVE() B_SPLINE_CURVE(2,(#321,#322,#323),
.UNSPECIFIED.,.F.,.F.) B_SPLINE_CURVE_WITH_KNOTS((3,3),(1.570796326795,
3.189142617094),.PIECEWISE_BEZIER_KNOTS.) CURVE() 
GEOMETRIC_REPRESENTATION_ITEM() RATIONAL_B_SPLINE_CURVE((1.,
0.690097077545,1.)) REPRESENTATION_ITEM('') );
#321 = CARTESIAN_POINT('',(-1.937821404851,-1.269561865724,1.8000001));
#322 = CARTESIAN_POINT('',(-1.853924012989,-1.269561865724,1.8000001));
#323 = CARTESIAN_POINT('',(-1.857911827773,-1.353364429494,1.8000001));
#324 = PCURVE('',#126,#325);
#325 = DEFINITIONAL_REPRESENTATION('',(#326),#330);
#326 = ( BOUNDED_CURVE() B_SPLINE_CURVE(2,(#327,#328,#329),
.UNSPECIFIED.,.F.,.F.) B_SPLINE_CURVE_WITH_KNOTS((3,3),(1.570796326795,
3.189142617094),.PIECEWISE_BEZIER_KNOTS.) CURVE() 
GEOMETRIC_REPRESENTATION_ITEM() RATIONAL_B_SPLINE_CURVE((1.,
0.690097077545,1.)) REPRESENTATION_ITEM('') );
#327 = CARTESIAN_POINT('',(1.937821404851,-1.310190973197));
#328 = CARTESIAN_POINT('',(1.853924012989,-1.310190973197));
#329 = CARTESIAN_POINT('',(1.857911827773,-1.393993536968));
#330 = ( GEOMETRIC_REPRESENTATION_CONTEXT(2) 
PARAMETRIC_REPRESENTATION_CONTEXT() REPRESENTATION_CONTEXT('2D SPACE',''
  ) );
#331 = PCURVE('',#332,#339);
#332 = ( BOUNDED_SURFACE() B_SPLINE_SURFACE(2,1,(
    (#333,#334)
    ,(#335,#336)
,(#337,#338
    )),.UNSPECIFIED.,.F.,.F.,.F.) B_SPLINE_SURFACE_WITH_KNOTS((3,3),(2,2
    ),(1.570796326795,3.189142617094),(-0.4,0.),
.PIECEWISE_BEZIER_KNOTS.) GEOMETRIC_REPRESENTATION_ITEM() 
RATIONAL_B_SPLINE_SURFACE((
    (1.,1.)
    ,(0.690097077545,0.690097077545)
,(1.,1.))) REPRESENTATION_ITEM('') SURFACE() );
#333 = CARTESIAN_POINT('',(-1.937821404851,-1.269561865724,2.2000001));
#334 = CARTESIAN_POINT('',(-1.937821404851,-1.269561865724,1.8000001));
#335 = CARTESIAN_POINT('',(-1.853924012989,-1.269561865724,2.2000001));
#336 = CARTESIAN_POINT('',(-1.853924012989,-1.269561865724,1.8000001));
#337 = CARTESIAN_POINT('',(-1.857911827773,-1.353364429494,2.2000001));
#338 = CARTESIAN_POINT('',(-1.857911827773,-1.353364429494,1.8000001));
#339 = DEFINITIONAL_REPRESENTATION('',(#340),#344);
#340 = B_SPLINE_CURVE_WITH_KNOTS('',2,(#341,#342,#343),.UNSPECIFIED.,.F.
  ,.F.,(3,3),(1.570796326795,3.189142617094),.PIECEWISE_BEZIER_KNOTS.);
#341 = CARTESIAN_POINT('',(1.570796326795,-2.22044604925E-16));
#342 = CARTESIAN_POINT('',(2.379969471945,-1.843003105761E-16));
#343 = CARTESIAN_POINT('',(3.189142617094,-2.22044604925E-16));
#344 = ( GEOMETRIC_REPRESENTATION_CONTEXT(2) 
PARAMETRIC_REPRESENTATION_CONTEXT() REPRESENTATION_CONTEXT('2D SPACE',''
  ) );
#345 = ORIENTED_EDGE('',*,*,#346,.T.);
#346 = EDGE_CURVE('',#315,#347,#349,.T.);
#347 = VERTEX_POINT('',#348);
#348 = CARTESIAN_POINT('',(-2.629049955528,-1.269561865724,1.8000001));
#349 = SURFACE_CURVE('',#350,(#353,#359),.PCURVE_S1.);
#350 = B_SPLINE_CURVE_WITH_KNOTS('',1,(#351,#352),.UNSPECIFIED.,.F.,.F.,
  (2,2),(-0.,0.691228550678),.PIECEWISE_BEZIER_KNOTS.);
#351 = CARTESIAN_POINT('',(-1.937821404851,-1.269561865724,1.8000001));
#352 = CARTESIAN_POINT('',(-2.629049955528,-1.269561865724,1.8000001));
#353 = PCURVE('',#126,#354);
#354 = DEFINITIONAL_REPRESENTATION('',(#355),#358);
#355 = B_SPLINE_CURVE_WITH_KNOTS('',1,(#356,#357),.UNSPECIFIED.,.F.,.F.,
  (2,2),(-0.,0.691228550678),.PIECEWISE_BEZIER_KNOTS.);
#356 = CARTESIAN_POINT('',(1.937821404851,-1.310190973197));
#357 = CARTESIAN_POINT('',(2.629049955528,-1.310190973197));
#358 = ( GEOMETRIC_REPRESENTATION_CONTEXT(2) 
PARAMETRIC_REPRESENTATION_CONTEXT() REPRESENTATION_CONTEXT('2D SPACE',''
  ) );
#359 = PCURVE('',#360,#365);
#360 = B_SPLINE_SURFACE_WITH_KNOTS('',1,1,(
    (#361,#362)
    ,(#363,#364
    )),.UNSPECIFIED.,.F.,.F.,.F.,(2,2),(2,2),(0.,0.691228550678),(-0.4,
    0.),.PIECEWISE_BEZIER_KNOTS.);
#361 = CARTESIAN_POINT('',(-1.937821404851,-1.269561865724,2.2000001));
#362 = CARTESIAN_POINT('',(-1.937821404851,-1.269561865724,1.8000001));
#363 = CARTESIAN_POINT('',(-2.629049955528,-1.269561865724,2.2000001));
#364 = CARTESIAN_POINT('',(-2.629049955528,-1.269561865724,1.8000001));
#365 = DEFINITIONAL_REPRESENTATION('',(#366),#369);
#366 = B_SPLINE_CURVE_WITH_KNOTS('',1,(#367,#368),.UNSPECIFIED.,.F.,.F.,
  (2,2),(-0.,0.691228550678),.PIECEWISE_BEZIER_KNOTS.);
#367 = CARTESIAN_POINT('',(0.,0.));
#368 = CARTESIAN_POINT('',(0.691228550678,0.));
#369 = ( GEOMETRIC_REPRESENTATION_CONTEXT(2) 
PARAMETRIC_REPRESENTATION_CONTEXT() REPRESENTATION_CONTEXT('2D SPACE',''
  ) );
#370 = ORIENTED_EDGE('',*,*,#371,.F.);
#371 = EDGE_CURVE('',#372,#347,#374,.T.);
#372 = VERTEX_POINT('',#373);
#373 = CARTESIAN_POINT('',(-2.708853646164,-1.343960887151,1.8000001));
#374 = SURFACE_CURVE('',#375,(#379,#386),.PCURVE_S1.);
#375 = ( BOUNDED_CURVE() B_SPLINE_CURVE(2,(#376,#377,#378),
.UNSPECIFIED.,.F.,.F.) B_SPLINE_CURVE_WITH_KNOTS((3,3),(1.570796326795,
3.071523098255),.PIECEWISE_BEZIER_KNOTS.) CURVE() 
GEOMETRIC_REPRESENTATION_ITEM() RATIONAL_B_SPLINE_CURVE((1.,
0.731441122771,1.)) REPRESENTATION_ITEM('') );
#376 = CARTESIAN_POINT('',(-2.708853646164,-1.343960887151,1.8000001));
#377 = CARTESIAN_POINT('',(-2.703631991356,-1.269561865724,1.8000001));
#378 = CARTESIAN_POINT('',(-2.629049955528,-1.269561865724,1.8000001));
#379 = PCURVE('',#126,#380);
#380 = DEFINITIONAL_REPRESENTATION('',(#381),#385);
#381 = ( BOUNDED_CURVE() B_SPLINE_CURVE(2,(#382,#383,#384),
.UNSPECIFIED.,.F.,.F.) B_SPLINE_CURVE_WITH_KNOTS((3,3),(1.570796326795,
3.071523098255),.PIECEWISE_BEZIER_KNOTS.) CURVE() 
GEOMETRIC_REPRESENTATION_ITEM() RATIONAL_B_SPLINE_CURVE((1.,
0.731441122771,1.)) REPRESENTATION_ITEM('') );
#382 = CARTESIAN_POINT('',(2.708853646164,-1.384589994624));
#383 = CARTESIAN_POINT('',(2.703631991356,-1.310190973197));
#384 = CARTESIAN_POINT('',(2.629049955528,-1.310190973197));
#385 = ( GEOMETRIC_REPRESENTATION_CONTEXT(2) 
PARAMETRIC_REPRESENTATION_CONTEXT() REPRESENTATION_CONTEXT('2D SPACE',''
  ) );
#386 = PCURVE('',#387,#394);
#387 = ( BOUNDED_SURFACE() B_SPLINE_SURFACE(2,1,(
    (#388,#389)
    ,(#390,#391)
,(#392,#393
    )),.UNSPECIFIED.,.F.,.F.,.F.) B_SPLINE_SURFACE_WITH_KNOTS((3,3),(2,2
    ),(1.570796326795,3.071523098255),(-0.4,0.),
.PIECEWISE_BEZIER_KNOTS.) GEOMETRIC_REPRESENTATION_ITEM() 
RATIONAL_B_SPLINE_SURFACE((
    (1.,1.)
    ,(0.731441122771,0.731441122771)
,(1.,1.))) REPRESENTATION_ITEM('') SURFACE() );
#388 = CARTESIAN_POINT('',(-2.708853646164,-1.343960887151,2.2000001));
#389 = CARTESIAN_POINT('',(-2.708853646164,-1.343960887151,1.8000001));
#390 = CARTESIAN_POINT('',(-2.703631991356,-1.269561865724,2.2000001));
#391 = CARTESIAN_POINT('',(-2.703631991356,-1.269561865724,1.8000001));
#392 = CARTESIAN_POINT('',(-2.629049955528,-1.269561865724,2.2000001));
#393 = CARTESIAN_POINT('',(-2.629049955528,-1.269561865724,1.8000001));
#394 = DEFINITIONAL_REPRESENTATION('',(#395),#399);
#395 = B_SPLINE_CURVE_WITH_KNOTS('',2,(#396,#397,#398),.UNSPECIFIED.,.F.
  ,.F.,(3,3),(1.570796326795,3.071523098255),.PIECEWISE_BEZIER_KNOTS.);
#396 = CARTESIAN_POINT('',(1.570796326795,-2.22044604925E-16));
#397 = CARTESIAN_POINT('',(2.321159712525,-1.024822465515E-16));
#398 = CARTESIAN_POINT('',(3.071523098255,-2.22044604925E-16));
#399 = ( GEOMETRIC_REPRESENTATION_CONTEXT(2) 
PARAMETRIC_REPRESENTATION_CONTEXT() REPRESENTATION_CONTEXT('2D SPACE',''
  ) );
#400 = ORIENTED_EDGE('',*,*,#401,.T.);
#401 = EDGE_CURVE('',#372,#402,#404,.T.);
#402 = VERTEX_POINT('',#403);
#403 = CARTESIAN_POINT('',(-2.566821715817,-2.485855958778,1.8000001));
#404 = SURFACE_CURVE('',#405,(#412,#422),.PCURVE_S1.);
#405 = B_SPLINE_CURVE_WITH_KNOTS('',5,(#406,#407,#408,#409,#410,#411),
  .UNSPECIFIED.,.F.,.F.,(6,6),(0.,1.),.PIECEWISE_BEZIER_KNOTS.);
#406 = CARTESIAN_POINT('',(-2.708853646164,-1.343960887151,1.8000001));
#407 = CARTESIAN_POINT('',(-2.726795094627,-1.599593681322,1.8000001));
#408 = CARTESIAN_POINT('',(-2.721825594152,-1.841680075581,1.8000001));
#409 = CARTESIAN_POINT('',(-2.693726859572,-2.070267261285,1.8000001));
#410 = CARTESIAN_POINT('',(-2.642074628209,-2.285174102143,1.8000001));
#411 = CARTESIAN_POINT('',(-2.566821715817,-2.485855958778,1.8000001));
#412 = PCURVE('',#126,#413);
#413 = DEFINITIONAL_REPRESENTATION('',(#414),#421);
#414 = B_SPLINE_CURVE_WITH_KNOTS('',5,(#415,#416,#417,#418,#419,#420),
  .UNSPECIFIED.,.F.,.F.,(6,6),(0.,1.),.PIECEWISE_BEZIER_KNOTS.);
#415 = CARTESIAN_POINT('',(2.708853646164,-1.384589994624));
#416 = CARTESIAN_POINT('',(2.726795094627,-1.640222788795));
#417 = CARTESIAN_POINT('',(2.721825594152,-1.882309183054));
#418 = CARTESIAN_POINT('',(2.693726859572,-2.110896368758));
#419 = CARTESIAN_POINT('',(2.642074628209,-2.325803209616));
#420 = CARTESIAN_POINT('',(2.566821715817,-2.526485066252));
#421 = ( GEOMETRIC_REPRESENTATION_CONTEXT(2) 
PARAMETRIC_REPRESENTATION_CONTEXT() REPRESENTATION_CONTEXT('2D SPACE',''
  ) );
#422 = PCURVE('',#423,#436);
#423 = B_SPLINE_SURFACE_WITH_KNOTS('',5,1,(
    (#424,#425)
    ,(#426,#427)
    ,(#428,#429)
    ,(#430,#431)
    ,(#432,#433)
    ,(#434,#435
    )),.UNSPECIFIED.,.F.,.F.,.F.,(6,6),(2,2),(0.,1.),(-0.4,0.),
  .PIECEWISE_BEZIER_KNOTS.);
#424 = CARTESIAN_POINT('',(-2.708853646164,-1.343960887151,2.2000001));
#425 = CARTESIAN_POINT('',(-2.708853646164,-1.343960887151,1.8000001));
#426 = CARTESIAN_POINT('',(-2.726795094627,-1.599593681322,2.2000001));
#427 = CARTESIAN_POINT('',(-2.726795094627,-1.599593681322,1.8000001));
#428 = CARTESIAN_POINT('',(-2.721825594152,-1.841680075581,2.2000001));
#429 = CARTESIAN_POINT('',(-2.721825594152,-1.841680075581,1.8000001));
#430 = CARTESIAN_POINT('',(-2.693726859572,-2.070267261285,2.2000001));
#431 = CARTESIAN_POINT('',(-2.693726859572,-2.070267261285,1.8000001));
#432 = CARTESIAN_POINT('',(-2.642074628209,-2.285174102143,2.2000001));
#433 = CARTESIAN_POINT('',(-2.642074628209,-2.285174102143,1.8000001));
#434 = CARTESIAN_POINT('',(-2.566821715817,-2.485855958778,2.2000001));
#435 = CARTESIAN_POINT('',(-2.566821715817,-2.485855958778,1.8000001));
#436 = DEFINITIONAL_REPRESENTATION('',(#437),#441);
#437 = B_SPLINE_CURVE_WITH_KNOTS('',2,(#438,#439,#440),.UNSPECIFIED.,.F.
  ,.F.,(3,3),(3.457400006792E-16,1.),.PIECEWISE_BEZIER_KNOTS.);
#438 = CARTESIAN_POINT('',(1.728700003396E-16,2.22044604925E-16));
#439 = CARTESIAN_POINT('',(0.5,-9.256870051992E-17));
#440 = CARTESIAN_POINT('',(1.,2.22044604925E-16));
#441 = ( GEOMETRIC_REPRESENTATION_CONTEXT(2) 
PARAMETRIC_REPRESENTATION_CONTEXT() REPRESENTATION_CONTEXT('2D SPACE',''
  ) );
#442 = ORIENTED_EDGE('',*,*,#443,.T.);
#443 = EDGE_CURVE('',#402,#444,#446,.T.);
#444 = VERTEX_POINT('',#445);
#445 = CARTESIAN_POINT('',(-2.163774020537,-3.169113289126,1.8000001));
#446 = SURFACE_CURVE('',#447,(#454,#464),.PCURVE_S1.);
#447 = B_SPLINE_CURVE_WITH_KNOTS('',5,(#448,#449,#450,#451,#452,#453),
  .UNSPECIFIED.,.F.,.F.,(6,6),(0.,0.778627941978),
  .PIECEWISE_BEZIER_KNOTS.);
#448 = CARTESIAN_POINT('',(-2.566821715817,-2.485855958778,1.8000001));
#449 = CARTESIAN_POINT('',(-2.508587243025,-2.641153630968,1.8000001));
#450 = CARTESIAN_POINT('',(-2.439186816224,-2.787292926957,1.8000001));
#451 = CARTESIAN_POINT('',(-2.358550617502,-2.924143382714,1.8000001));
#452 = CARTESIAN_POINT('',(-2.266697541672,-3.051471022323,1.8000001));
#453 = CARTESIAN_POINT('',(-2.163774020537,-3.169113289126,1.8000001));
#454 = PCURVE('',#126,#455);
#455 = DEFINITIONAL_REPRESENTATION('',(#456),#463);
#456 = B_SPLINE_CURVE_WITH_KNOTS('',5,(#457,#458,#459,#460,#461,#462),
  .UNSPECIFIED.,.F.,.F.,(6,6),(0.,0.778627941978),
  .PIECEWISE_BEZIER_KNOTS.);
#457 = CARTESIAN_POINT('',(2.566821715817,-2.526485066252));
#458 = CARTESIAN_POINT('',(2.508587243025,-2.681782738442));
#459 = CARTESIAN_POINT('',(2.439186816224,-2.82792203443));
#460 = CARTESIAN_POINT('',(2.358550617502,-2.964772490187));
#461 = CARTESIAN_POINT('',(2.266697541672,-3.092100129797));
#462 = CARTESIAN_POINT('',(2.163774020537,-3.209742396599));
#463 = ( GEOMETRIC_REPRESENTATION_CONTEXT(2) 
PARAMETRIC_REPRESENTATION_CONTEXT() REPRESENTATION_CONTEXT('2D SPACE',''
  ) );
#464 = PCURVE('',#465,#478);
#465 = B_SPLINE_SURFACE_WITH_KNOTS('',5,1,(
    (#466,#467)
    ,(#468,#469)
    ,(#470,#471)
    ,(#472,#473)
    ,(#474,#475)
    ,(#476,#477
    )),.UNSPECIFIED.,.F.,.F.,.F.,(6,6),(2,2),(0.,0.778627941978),(-0.4,
    0.),.PIECEWISE_BEZIER_KNOTS.);
#466 = CARTESIAN_POINT('',(-2.566821715817,-2.485855958778,2.2000001));
#467 = CARTESIAN_POINT('',(-2.566821715817,-2.485855958778,1.8000001));
#468 = CARTESIAN_POINT('',(-2.508587243025,-2.641153630968,2.2000001));
#469 = CARTESIAN_POINT('',(-2.508587243025,-2.641153630968,1.8000001));
#470 = CARTESIAN_POINT('',(-2.439186816224,-2.787292926957,2.2000001));
#471 = CARTESIAN_POINT('',(-2.439186816224,-2.787292926957,1.8000001));
#472 = CARTESIAN_POINT('',(-2.358550617502,-2.924143382714,2.2000001));
#473 = CARTESIAN_POINT('',(-2.358550617502,-2.924143382714,1.8000001));
#474 = CARTESIAN_POINT('',(-2.266697541672,-3.051471022323,2.2000001));
#475 = CARTESIAN_POINT('',(-2.266697541672,-3.051471022323,1.8000001));
#476 = CARTESIAN_POINT('',(-2.163774020537,-3.169113289126,2.2000001));
#477 = CARTESIAN_POINT('',(-2.163774020537,-3.169113289126,1.8000001));
#478 = DEFINITIONAL_REPRESENTATION('',(#479),#483);
#479 = B_SPLINE_CURVE_WITH_KNOTS('',2,(#480,#481,#482),.UNSPECIFIED.,.F.
  ,.F.,(3,3),(0.,0.778627941978),.PIECEWISE_BEZIER_KNOTS.);
#480 = CARTESIAN_POINT('',(-1.464001537614E-16,2.22044604925E-16));
#481 = CARTESIAN_POINT('',(0.389313970989,-9.256870051992E-17));
#482 = CARTESIAN_POINT('',(0.778627941978,2.22044604925E-16));
#483 = ( GEOMETRIC_REPRESENTATION_CONTEXT(2) 
PARAMETRIC_REPRESENTATION_CONTEXT() REPRESENTATION_CONTEXT('2D SPACE',''
  ) );
#484 = ORIENTED_EDGE('',*,*,#485,.T.);
#485 = EDGE_CURVE('',#444,#486,#488,.T.);
#486 = VERTEX_POINT('',#487);
#487 = CARTESIAN_POINT('',(-2.008549289319,-3.328484976846,1.8000001));
#488 = SURFACE_CURVE('',#489,(#496,#506),.PCURVE_S1.);
#489 = B_SPLINE_CURVE_WITH_KNOTS('',5,(#490,#491,#492,#493,#494,#495),
  .UNSPECIFIED.,.F.,.F.,(6,6),(0.778627941978,1.),
  .PIECEWISE_BEZIER_KNOTS.);
#490 = CARTESIAN_POINT('',(-2.163774020537,-3.169113289126,1.8000001));
#491 = CARTESIAN_POINT('',(-2.134511788264,-3.202560214555,1.8000001));
#492 = CARTESIAN_POINT('',(-2.104354704994,-3.235224247764,1.8000001));
#493 = CARTESIAN_POINT('',(-2.073305996959,-3.26710169578,1.8000001));
#494 = CARTESIAN_POINT('',(-2.041369494713,-3.298189402636,1.8000001));
#495 = CARTESIAN_POINT('',(-2.008549289319,-3.328484976846,1.8000001));
#496 = PCURVE('',#126,#497);
#497 = DEFINITIONAL_REPRESENTATION('',(#498),#505);
#498 = B_SPLINE_CURVE_WITH_KNOTS('',5,(#499,#500,#501,#502,#503,#504),
  .UNSPECIFIED.,.F.,.F.,(6,6),(0.778627941978,1.),
  .PIECEWISE_BEZIER_KNOTS.);
#499 = CARTESIAN_POINT('',(2.163774020537,-3.209742396599));
#500 = CARTESIAN_POINT('',(2.134511788264,-3.243189322029));
#501 = CARTESIAN_POINT('',(2.104354704994,-3.275853355238));
#502 = CARTESIAN_POINT('',(2.073305996959,-3.307730803253));
#503 = CARTESIAN_POINT('',(2.041369494713,-3.33881851011));
#504 = CARTESIAN_POINT('',(2.008549289319,-3.369114084319));
#505 = ( GEOMETRIC_REPRESENTATION_CONTEXT(2) 
PARAMETRIC_REPRESENTATION_CONTEXT() REPRESENTATION_CONTEXT('2D SPACE',''
  ) );
#506 = PCURVE('',#507,#520);
#507 = B_SPLINE_SURFACE_WITH_KNOTS('',5,1,(
    (#508,#509)
    ,(#510,#511)
    ,(#512,#513)
    ,(#514,#515)
    ,(#516,#517)
    ,(#518,#519
    )),.UNSPECIFIED.,.F.,.F.,.F.,(6,6),(2,2),(0.778627941978,1.),(-0.4,
    0.),.PIECEWISE_BEZIER_KNOTS.);
#508 = CARTESIAN_POINT('',(-2.163774020537,-3.169113289126,2.2000001));
#509 = CARTESIAN_POINT('',(-2.163774020537,-3.169113289126,1.8000001));
#510 = CARTESIAN_POINT('',(-2.134511788264,-3.202560214555,2.2000001));
#511 = CARTESIAN_POINT('',(-2.134511788264,-3.202560214555,1.8000001));
#512 = CARTESIAN_POINT('',(-2.104354704994,-3.235224247764,2.2000001));
#513 = CARTESIAN_POINT('',(-2.104354704994,-3.235224247764,1.8000001));
#514 = CARTESIAN_POINT('',(-2.073305996959,-3.26710169578,2.2000001));
#515 = CARTESIAN_POINT('',(-2.073305996959,-3.26710169578,1.8000001));
#516 = CARTESIAN_POINT('',(-2.041369494713,-3.298189402636,2.2000001));
#517 = CARTESIAN_POINT('',(-2.041369494713,-3.298189402636,1.8000001));
#518 = CARTESIAN_POINT('',(-2.008549289319,-3.328484976846,2.2000001));
#519 = CARTESIAN_POINT('',(-2.008549289319,-3.328484976846,1.8000001));
#520 = DEFINITIONAL_REPRESENTATION('',(#521),#525);
#521 = B_SPLINE_CURVE_WITH_KNOTS('',2,(#522,#523,#524),.UNSPECIFIED.,.F.
  ,.F.,(3,3),(0.778627941978,1.),.PIECEWISE_BEZIER_KNOTS.);
#522 = CARTESIAN_POINT('',(0.778627941978,2.22044604925E-16));
#523 = CARTESIAN_POINT('',(0.889313970989,-2.73721109779E-16));
#524 = CARTESIAN_POINT('',(1.,2.22044604925E-16));
#525 = ( GEOMETRIC_REPRESENTATION_CONTEXT(2) 
PARAMETRIC_REPRESENTATION_CONTEXT() REPRESENTATION_CONTEXT('2D SPACE',''
  ) );
#526 = ORIENTED_EDGE('',*,*,#527,.T.);
#527 = EDGE_CURVE('',#486,#528,#530,.T.);
#528 = VERTEX_POINT('',#529);
#529 = CARTESIAN_POINT('',(-1.124978880672,-3.849903153824,1.8000001));
#530 = SURFACE_CURVE('',#531,(#538,#548),.PCURVE_S1.);
#531 = B_SPLINE_CURVE_WITH_KNOTS('',5,(#532,#533,#534,#535,#536,#537),
  .UNSPECIFIED.,.F.,.F.,(6,6),(0.,1.),.PIECEWISE_BEZIER_KNOTS.);
#532 = CARTESIAN_POINT('',(-2.008549289319,-3.328484976846,1.8000001));
#533 = CARTESIAN_POINT('',(-1.860831999955,-3.464839397798,1.8000001));
#534 = CARTESIAN_POINT('',(-1.698346509027,-3.585282290861,1.8000001));
#535 = CARTESIAN_POINT('',(-1.521336901591,-3.68958400332,1.8000001));
#536 = CARTESIAN_POINT('',(-1.33016152327,-3.777748676811,1.8000001));
#537 = CARTESIAN_POINT('',(-1.124978880672,-3.849903153824,1.8000001));
#538 = PCURVE('',#126,#539);
#539 = DEFINITIONAL_REPRESENTATION('',(#540),#547);
#540 = B_SPLINE_CURVE_WITH_KNOTS('',5,(#541,#542,#543,#544,#545,#546),
  .UNSPECIFIED.,.F.,.F.,(6,6),(0.,1.),.PIECEWISE_BEZIER_KNOTS.);
#541 = CARTESIAN_POINT('',(2.008549289319,-3.369114084319));
#542 = CARTESIAN_POINT('',(1.860831999955,-3.505468505271));
#543 = CARTESIAN_POINT('',(1.698346509027,-3.625911398334));
#544 = CARTESIAN_POINT('',(1.521336901591,-3.730213110793));
#545 = CARTESIAN_POINT('',(1.33016152327,-3.818377784284));
#546 = CARTESIAN_POINT('',(1.124978880672,-3.890532261297));
#547 = ( GEOMETRIC_REPRESENTATION_CONTEXT(2) 
PARAMETRIC_REPRESENTATION_CONTEXT() REPRESENTATION_CONTEXT('2D SPACE',''
  ) );
#548 = PCURVE('',#549,#562);
#549 = B_SPLINE_SURFACE_WITH_KNOTS('',5,1,(
    (#550,#551)
    ,(#552,#553)
    ,(#554,#555)
    ,(#556,#557)
    ,(#558,#559)
    ,(#560,#561
    )),.UNSPECIFIED.,.F.,.F.,.F.,(6,6),(2,2),(0.,1.),(-0.4,0.),
  .PIECEWISE_BEZIER_KNOTS.);
#550 = CARTESIAN_POINT('',(-2.008549289319,-3.328484976846,2.2000001));
#551 = CARTESIAN_POINT('',(-2.008549289319,-3.328484976846,1.8000001));
#552 = CARTESIAN_POINT('',(-1.860831999955,-3.464839397798,2.2000001));
#553 = CARTESIAN_POINT('',(-1.860831999955,-3.464839397798,1.8000001));
#554 = CARTESIAN_POINT('',(-1.698346509027,-3.585282290861,2.2000001));
#555 = CARTESIAN_POINT('',(-1.698346509027,-3.585282290861,1.8000001));
#556 = CARTESIAN_POINT('',(-1.521336901591,-3.68958400332,2.2000001));
#557 = CARTESIAN_POINT('',(-1.521336901591,-3.68958400332,1.8000001));
#558 = CARTESIAN_POINT('',(-1.33016152327,-3.777748676811,2.2000001));
#559 = CARTESIAN_POINT('',(-1.33016152327,-3.777748676811,1.8000001));
#560 = CARTESIAN_POINT('',(-1.124978880672,-3.849903153824,2.2000001));
#561 = CARTESIAN_POINT('',(-1.124978880672,-3.849903153824,1.8000001));
#562 = DEFINITIONAL_REPRESENTATION('',(#563),#567);
#563 = B_SPLINE_CURVE_WITH_KNOTS('',2,(#564,#565,#566),.UNSPECIFIED.,.F.
  ,.F.,(3,3),(0.,1.),.PIECEWISE_BEZIER_KNOTS.);
#564 = CARTESIAN_POINT('',(-5.993481147508E-16,2.22044604925E-16));
#565 = CARTESIAN_POINT('',(0.5,-9.256870051993E-17));
#566 = CARTESIAN_POINT('',(1.,2.22044604925E-16));
#567 = ( GEOMETRIC_REPRESENTATION_CONTEXT(2) 
PARAMETRIC_REPRESENTATION_CONTEXT() REPRESENTATION_CONTEXT('2D SPACE',''
  ) );
#568 = ORIENTED_EDGE('',*,*,#569,.T.);
#569 = EDGE_CURVE('',#528,#570,#572,.T.);
#570 = VERTEX_POINT('',#571);
#571 = CARTESIAN_POINT('',(-6.71749075522E-03,-4.029999890278,1.8000001)
  );
#572 = SURFACE_CURVE('',#573,(#580,#590),.PCURVE_S1.);
#573 = B_SPLINE_CURVE_WITH_KNOTS('',5,(#574,#575,#576,#577,#578,#579),
  .UNSPECIFIED.,.F.,.F.,(6,6),(0.,1.),.PIECEWISE_BEZIER_KNOTS.);
#574 = CARTESIAN_POINT('',(-1.124978880672,-3.849903153824,1.8000001));
#575 = CARTESIAN_POINT('',(-0.919672939971,-3.922100989817,1.8000001));
#576 = CARTESIAN_POINT('',(-0.705019153412,-3.976166397026,1.8000001));
#577 = CARTESIAN_POINT('',(-0.481228034795,-4.012092020978,1.8000001));
#578 = CARTESIAN_POINT('',(-0.248447313515,-4.029999890278,1.8000001));
#579 = CARTESIAN_POINT('',(-6.71749075522E-03,-4.029999890278,1.8000001)
  );
#580 = PCURVE('',#126,#581);
#581 = DEFINITIONAL_REPRESENTATION('',(#582),#589);
#582 = B_SPLINE_CURVE_WITH_KNOTS('',5,(#583,#584,#585,#586,#587,#588),
  .UNSPECIFIED.,.F.,.F.,(6,6),(0.,1.),.PIECEWISE_BEZIER_KNOTS.);
#583 = CARTESIAN_POINT('',(1.124978880672,-3.890532261297));
#584 = CARTESIAN_POINT('',(0.919672939971,-3.962730097291));
#585 = CARTESIAN_POINT('',(0.705019153412,-4.016795504499));
#586 = CARTESIAN_POINT('',(0.481228034795,-4.052721128451));
#587 = CARTESIAN_POINT('',(0.248447313515,-4.070628997751));
#588 = CARTESIAN_POINT('',(6.71749075522E-03,-4.070628997751));
#589 = ( GEOMETRIC_REPRESENTATION_CONTEXT(2) 
PARAMETRIC_REPRESENTATION_CONTEXT() REPRESENTATION_CONTEXT('2D SPACE',''
  ) );
#590 = PCURVE('',#591,#604);
#591 = B_SPLINE_SURFACE_WITH_KNOTS('',5,1,(
    (#592,#593)
    ,(#594,#595)
    ,(#596,#597)
    ,(#598,#599)
    ,(#600,#601)
    ,(#602,#603
    )),.UNSPECIFIED.,.F.,.F.,.F.,(6,6),(2,2),(0.,1.),(-0.4,0.),
  .PIECEWISE_BEZIER_KNOTS.);
#592 = CARTESIAN_POINT('',(-1.124978880672,-3.849903153824,2.2000001));
#593 = CARTESIAN_POINT('',(-1.124978880672,-3.849903153824,1.8000001));
#594 = CARTESIAN_POINT('',(-0.919672939971,-3.922100989817,2.2000001));
#595 = CARTESIAN_POINT('',(-0.919672939971,-3.922100989817,1.8000001));
#596 = CARTESIAN_POINT('',(-0.705019153412,-3.976166397026,2.2000001));
#597 = CARTESIAN_POINT('',(-0.705019153412,-3.976166397026,1.8000001));
#598 = CARTESIAN_POINT('',(-0.481228034795,-4.012092020978,2.2000001));
#599 = CARTESIAN_POINT('',(-0.481228034795,-4.012092020978,1.8000001));
#600 = CARTESIAN_POINT('',(-0.248447313515,-4.029999890278,2.2000001));
#601 = CARTESIAN_POINT('',(-0.248447313515,-4.029999890278,1.8000001));
#602 = CARTESIAN_POINT('',(-6.71749075522E-03,-4.029999890278,2.2000001)
  );
#603 = CARTESIAN_POINT('',(-6.71749075522E-03,-4.029999890278,1.8000001)
  );
#604 = DEFINITIONAL_REPRESENTATION('',(#605),#609);
#605 = B_SPLINE_CURVE_WITH_KNOTS('',2,(#606,#607,#608),.UNSPECIFIED.,.F.
  ,.F.,(3,3),(0.,1.),.PIECEWISE_BEZIER_KNOTS.);
#606 = CARTESIAN_POINT('',(1.925005671621E-16,2.22044604925E-16));
#607 = CARTESIAN_POINT('',(0.5,-9.256870051991E-17));
#608 = CARTESIAN_POINT('',(1.,2.22044604925E-16));
#609 = ( GEOMETRIC_REPRESENTATION_CONTEXT(2) 
PARAMETRIC_REPRESENTATION_CONTEXT() REPRESENTATION_CONTEXT('2D SPACE',''
  ) );
#610 = ORIENTED_EDGE('',*,*,#611,.T.);
#611 = EDGE_CURVE('',#570,#612,#614,.T.);
#612 = VERTEX_POINT('',#613);
#613 = CARTESIAN_POINT('',(0.995021978919,-3.887751942417,1.8000001));
#614 = SURFACE_CURVE('',#615,(#622,#632),.PCURVE_S1.);
#615 = B_SPLINE_CURVE_WITH_KNOTS('',5,(#616,#617,#618,#619,#620,#621),
  .UNSPECIFIED.,.F.,.F.,(6,6),(0.,0.968503792861),
  .PIECEWISE_BEZIER_KNOTS.);
#616 = CARTESIAN_POINT('',(-6.71749075522E-03,-4.029999890278,1.8000001)
  );
#617 = CARTESIAN_POINT('',(0.201677968086,-4.029999890278,1.8000001));
#618 = CARTESIAN_POINT('',(0.406131887716,-4.015807950793,1.8000001));
#619 = CARTESIAN_POINT('',(0.606578740384,-3.987375098389,1.8000001));
#620 = CARTESIAN_POINT('',(0.802908976868,-3.944679460116,1.8000001));
#621 = CARTESIAN_POINT('',(0.995021978919,-3.887751942417,1.8000001));
#622 = PCURVE('',#126,#623);
#623 = DEFINITIONAL_REPRESENTATION('',(#624),#631);
#624 = B_SPLINE_CURVE_WITH_KNOTS('',5,(#625,#626,#627,#628,#629,#630),
  .UNSPECIFIED.,.F.,.F.,(6,6),(0.,0.968503792861),
  .PIECEWISE_BEZIER_KNOTS.);
#625 = CARTESIAN_POINT('',(6.71749075522E-03,-4.070628997751));
#626 = CARTESIAN_POINT('',(-0.201677968086,-4.070628997751));
#627 = CARTESIAN_POINT('',(-0.406131887716,-4.056437058266));
#628 = CARTESIAN_POINT('',(-0.606578740384,-4.028004205863));
#629 = CARTESIAN_POINT('',(-0.802908976868,-3.985308567589));
#630 = CARTESIAN_POINT('',(-0.995021978919,-3.928381049891));
#631 = ( GEOMETRIC_REPRESENTATION_CONTEXT(2) 
PARAMETRIC_REPRESENTATION_CONTEXT() REPRESENTATION_CONTEXT('2D SPACE',''
  ) );
#632 = PCURVE('',#633,#646);
#633 = B_SPLINE_SURFACE_WITH_KNOTS('',5,1,(
    (#634,#635)
    ,(#636,#637)
    ,(#638,#639)
    ,(#640,#641)
    ,(#642,#643)
    ,(#644,#645
    )),.UNSPECIFIED.,.F.,.F.,.F.,(6,6),(2,2),(0.,0.968503792861),(-0.4,
    0.),.PIECEWISE_BEZIER_KNOTS.);
#634 = CARTESIAN_POINT('',(-6.71749075522E-03,-4.029999890278,2.2000001)
  );
#635 = CARTESIAN_POINT('',(-6.71749075522E-03,-4.029999890278,1.8000001)
  );
#636 = CARTESIAN_POINT('',(0.201677968086,-4.029999890278,2.2000001));
#637 = CARTESIAN_POINT('',(0.201677968086,-4.029999890278,1.8000001));
#638 = CARTESIAN_POINT('',(0.406131887716,-4.015807950793,2.2000001));
#639 = CARTESIAN_POINT('',(0.406131887716,-4.015807950793,1.8000001));
#640 = CARTESIAN_POINT('',(0.606578740384,-3.987375098389,2.2000001));
#641 = CARTESIAN_POINT('',(0.606578740384,-3.987375098389,1.8000001));
#642 = CARTESIAN_POINT('',(0.802908976868,-3.944679460116,2.2000001));
#643 = CARTESIAN_POINT('',(0.802908976868,-3.944679460116,1.8000001));
#644 = CARTESIAN_POINT('',(0.995021978919,-3.887751942417,2.2000001));
#645 = CARTESIAN_POINT('',(0.995021978919,-3.887751942417,1.8000001));
#646 = DEFINITIONAL_REPRESENTATION('',(#647),#651);
#647 = B_SPLINE_CURVE_WITH_KNOTS('',2,(#648,#649,#650),.UNSPECIFIED.,.F.
  ,.F.,(3,3),(0.,0.968503792861),.PIECEWISE_BEZIER_KNOTS.);
#648 = CARTESIAN_POINT('',(5.275522971384E-29,2.22044604925E-16));
#649 = CARTESIAN_POINT('',(0.484251896431,-6.600384726791E-16));
#650 = CARTESIAN_POINT('',(0.968503792861,2.22044604925E-16));
#651 = ( GEOMETRIC_REPRESENTATION_CONTEXT(2) 
PARAMETRIC_REPRESENTATION_CONTEXT() REPRESENTATION_CONTEXT('2D SPACE',''
  ) );
#652 = ORIENTED_EDGE('',*,*,#653,.T.);
#653 = EDGE_CURVE('',#612,#654,#656,.T.);
#654 = VERTEX_POINT('',#655);
#655 = CARTESIAN_POINT('',(1.026215378108,-3.87834488842,1.8000001));
#656 = SURFACE_CURVE('',#657,(#662,#670),.PCURVE_S1.);
#657 = B_SPLINE_CURVE_WITH_KNOTS('',3,(#658,#659,#660,#661),
  .UNSPECIFIED.,.F.,.F.,(4,4),(0.968503792861,1.),
  .PIECEWISE_BEZIER_KNOTS.);
#658 = CARTESIAN_POINT('',(0.995021978914,-3.887751942402,1.8000001));
#659 = CARTESIAN_POINT('',(1.005434656969,-3.884666425548,1.8000001));
#660 = CARTESIAN_POINT('',(1.015832468088,-3.881530737328,1.8000001));
#661 = CARTESIAN_POINT('',(1.026215378103,-3.878344888404,1.8000001));
#662 = PCURVE('',#126,#663);
#663 = DEFINITIONAL_REPRESENTATION('',(#664),#669);
#664 = B_SPLINE_CURVE_WITH_KNOTS('',3,(#665,#666,#667,#668),
  .UNSPECIFIED.,.F.,.F.,(4,4),(0.968503792861,1.),
  .PIECEWISE_BEZIER_KNOTS.);
#665 = CARTESIAN_POINT('',(-0.995021978914,-3.928381049875));
#666 = CARTESIAN_POINT('',(-1.005434656969,-3.925295533022));
#667 = CARTESIAN_POINT('',(-1.015832468088,-3.922159844801));
#668 = CARTESIAN_POINT('',(-1.026215378103,-3.918973995878));
#669 = ( GEOMETRIC_REPRESENTATION_CONTEXT(2) 
PARAMETRIC_REPRESENTATION_CONTEXT() REPRESENTATION_CONTEXT('2D SPACE',''
  ) );
#670 = PCURVE('',#671,#680);
#671 = B_SPLINE_SURFACE_WITH_KNOTS('',3,1,(
    (#672,#673)
    ,(#674,#675)
    ,(#676,#677)
    ,(#678,#679
    )),.UNSPECIFIED.,.F.,.F.,.F.,(4,4),(2,2),(0.968503792861,1.),(-0.4,
    0.),.PIECEWISE_BEZIER_KNOTS.);
#672 = CARTESIAN_POINT('',(0.995021978914,-3.887751942402,2.2000001));
#673 = CARTESIAN_POINT('',(0.995021978914,-3.887751942402,1.8000001));
#674 = CARTESIAN_POINT('',(1.005434656969,-3.884666425548,2.2000001));
#675 = CARTESIAN_POINT('',(1.005434656969,-3.884666425548,1.8000001));
#676 = CARTESIAN_POINT('',(1.015832468088,-3.881530737328,2.2000001));
#677 = CARTESIAN_POINT('',(1.015832468088,-3.881530737328,1.8000001));
#678 = CARTESIAN_POINT('',(1.026215378103,-3.878344888404,2.2000001));
#679 = CARTESIAN_POINT('',(1.026215378103,-3.878344888404,1.8000001));
#680 = DEFINITIONAL_REPRESENTATION('',(#681),#685);
#681 = B_SPLINE_CURVE_WITH_KNOTS('',2,(#682,#683,#684),.UNSPECIFIED.,.F.
  ,.F.,(3,3),(0.968503792862,1.),.PIECEWISE_BEZIER_KNOTS.);
#682 = CARTESIAN_POINT('',(0.968503792862,-2.22044604925E-16));
#683 = CARTESIAN_POINT('',(0.984251896431,-2.22044604925E-16));
#684 = CARTESIAN_POINT('',(1.,-2.22044604925E-16));
#685 = ( GEOMETRIC_REPRESENTATION_CONTEXT(2) 
PARAMETRIC_REPRESENTATION_CONTEXT() REPRESENTATION_CONTEXT('2D SPACE',''
  ) );
#686 = ORIENTED_EDGE('',*,*,#687,.T.);
#687 = EDGE_CURVE('',#654,#688,#690,.T.);
#688 = VERTEX_POINT('',#689);
#689 = CARTESIAN_POINT('',(1.894826989226,-3.422222529307,1.8000001));
#690 = SURFACE_CURVE('',#691,(#698,#708),.PCURVE_S1.);
#691 = B_SPLINE_CURVE_WITH_KNOTS('',5,(#692,#693,#694,#695,#696,#697),
  .UNSPECIFIED.,.F.,.F.,(6,6),(0.,0.995408277457),
  .PIECEWISE_BEZIER_KNOTS.);
#692 = CARTESIAN_POINT('',(1.026215378108,-3.87834488842,1.8000001));
#693 = CARTESIAN_POINT('',(1.223778982961,-3.817725294492,1.8000001));
#694 = CARTESIAN_POINT('',(1.409618271722,-3.741849859855,1.8000001));
#695 = CARTESIAN_POINT('',(1.583590477386,-3.650613244487,1.8000001));
#696 = CARTESIAN_POINT('',(1.745397510514,-3.54401124825,1.8000001));
#697 = CARTESIAN_POINT('',(1.894826989226,-3.422222529307,1.8000001));
#698 = PCURVE('',#126,#699);
#699 = DEFINITIONAL_REPRESENTATION('',(#700),#707);
#700 = B_SPLINE_CURVE_WITH_KNOTS('',5,(#701,#702,#703,#704,#705,#706),
  .UNSPECIFIED.,.F.,.F.,(6,6),(0.,0.995408277457),
  .PIECEWISE_BEZIER_KNOTS.);
#701 = CARTESIAN_POINT('',(-1.026215378108,-3.918973995893));
#702 = CARTESIAN_POINT('',(-1.223778982961,-3.858354401965));
#703 = CARTESIAN_POINT('',(-1.409618271722,-3.782478967329));
#704 = CARTESIAN_POINT('',(-1.583590477386,-3.691242351961));
#705 = CARTESIAN_POINT('',(-1.745397510514,-3.584640355723));
#706 = CARTESIAN_POINT('',(-1.894826989226,-3.46285163678));
#707 = ( GEOMETRIC_REPRESENTATION_CONTEXT(2) 
PARAMETRIC_REPRESENTATION_CONTEXT() REPRESENTATION_CONTEXT('2D SPACE',''
  ) );
#708 = PCURVE('',#709,#722);
#709 = B_SPLINE_SURFACE_WITH_KNOTS('',5,1,(
    (#710,#711)
    ,(#712,#713)
    ,(#714,#715)
    ,(#716,#717)
    ,(#718,#719)
    ,(#720,#721
    )),.UNSPECIFIED.,.F.,.F.,.F.,(6,6),(2,2),(0.,0.995408277457),(-0.4,
    0.),.PIECEWISE_BEZIER_KNOTS.);
#710 = CARTESIAN_POINT('',(1.026215378108,-3.87834488842,2.2000001));
#711 = CARTESIAN_POINT('',(1.026215378108,-3.87834488842,1.8000001));
#712 = CARTESIAN_POINT('',(1.223778982961,-3.817725294492,2.2000001));
#713 = CARTESIAN_POINT('',(1.223778982961,-3.817725294492,1.8000001));
#714 = CARTESIAN_POINT('',(1.409618271722,-3.741849859855,2.2000001));
#715 = CARTESIAN_POINT('',(1.409618271722,-3.741849859855,1.8000001));
#716 = CARTESIAN_POINT('',(1.583590477386,-3.650613244487,2.2000001));
#717 = CARTESIAN_POINT('',(1.583590477386,-3.650613244487,1.8000001));
#718 = CARTESIAN_POINT('',(1.745397510514,-3.54401124825,2.2000001));
#719 = CARTESIAN_POINT('',(1.745397510514,-3.54401124825,1.8000001));
#720 = CARTESIAN_POINT('',(1.894826989226,-3.422222529307,2.2000001));
#721 = CARTESIAN_POINT('',(1.894826989226,-3.422222529307,1.8000001));
#722 = DEFINITIONAL_REPRESENTATION('',(#723),#727);
#723 = B_SPLINE_CURVE_WITH_KNOTS('',2,(#724,#725,#726),.UNSPECIFIED.,.F.
  ,.F.,(3,3),(0.,0.995408277457),.PIECEWISE_BEZIER_KNOTS.);
#724 = CARTESIAN_POINT('',(-1.777243770863E-46,-2.22044604925E-16));
#725 = CARTESIAN_POINT('',(0.497704138728,-5.3665791037E-16));
#726 = CARTESIAN_POINT('',(0.995408277457,-2.22044604925E-16));
#727 = ( GEOMETRIC_REPRESENTATION_CONTEXT(2) 
PARAMETRIC_REPRESENTATION_CONTEXT() REPRESENTATION_CONTEXT('2D SPACE',''
  ) );
#728 = ORIENTED_EDGE('',*,*,#729,.T.);
#729 = EDGE_CURVE('',#688,#730,#732,.T.);
#730 = VERTEX_POINT('',#731);
#731 = CARTESIAN_POINT('',(1.898270874206,-3.419410299737,1.8000001));
#732 = SURFACE_CURVE('',#733,(#737,#744),.PCURVE_S1.);
#733 = B_SPLINE_CURVE_WITH_KNOTS('',2,(#734,#735,#736),.UNSPECIFIED.,.F.
  ,.F.,(3,3),(0.995408277457,1.),.PIECEWISE_BEZIER_KNOTS.);
#734 = CARTESIAN_POINT('',(1.894826989201,-3.422222529328,1.8000001));
#735 = CARTESIAN_POINT('',(1.896550248772,-3.420818030179,1.8000001));
#736 = CARTESIAN_POINT('',(1.898270874232,-3.419410299716,1.8000001));
#737 = PCURVE('',#126,#738);
#738 = DEFINITIONAL_REPRESENTATION('',(#739),#743);
#739 = B_SPLINE_CURVE_WITH_KNOTS('',2,(#740,#741,#742),.UNSPECIFIED.,.F.
  ,.F.,(3,3),(0.995408277457,1.),.PIECEWISE_BEZIER_KNOTS.);
#740 = CARTESIAN_POINT('',(-1.894826989201,-3.462851636801));
#741 = CARTESIAN_POINT('',(-1.896550248772,-3.461447137653));
#742 = CARTESIAN_POINT('',(-1.898270874232,-3.46003940719));
#743 = ( GEOMETRIC_REPRESENTATION_CONTEXT(2) 
PARAMETRIC_REPRESENTATION_CONTEXT() REPRESENTATION_CONTEXT('2D SPACE',''
  ) );
#744 = PCURVE('',#745,#752);
#745 = B_SPLINE_SURFACE_WITH_KNOTS('',2,1,(
    (#746,#747)
    ,(#748,#749)
    ,(#750,#751
    )),.UNSPECIFIED.,.F.,.F.,.F.,(3,3),(2,2),(0.995408277457,1.),(-0.4,
    0.),.PIECEWISE_BEZIER_KNOTS.);
#746 = CARTESIAN_POINT('',(1.894826989201,-3.422222529328,2.2000001));
#747 = CARTESIAN_POINT('',(1.894826989201,-3.422222529328,1.8000001));
#748 = CARTESIAN_POINT('',(1.896550248772,-3.420818030179,2.2000001));
#749 = CARTESIAN_POINT('',(1.896550248772,-3.420818030179,1.8000001));
#750 = CARTESIAN_POINT('',(1.898270874232,-3.419410299716,2.2000001));
#751 = CARTESIAN_POINT('',(1.898270874232,-3.419410299716,1.8000001));
#752 = DEFINITIONAL_REPRESENTATION('',(#753),#757);
#753 = B_SPLINE_CURVE_WITH_KNOTS('',2,(#754,#755,#756),.UNSPECIFIED.,.F.
  ,.F.,(3,3),(0.995408277491,0.999999999966),.PIECEWISE_BEZIER_KNOTS.);
#754 = CARTESIAN_POINT('',(0.995408277491,-2.22044604925E-16));
#755 = CARTESIAN_POINT('',(0.997704138728,-2.22044604925E-16));
#756 = CARTESIAN_POINT('',(0.999999999966,-2.22044604925E-16));
#757 = ( GEOMETRIC_REPRESENTATION_CONTEXT(2) 
PARAMETRIC_REPRESENTATION_CONTEXT() REPRESENTATION_CONTEXT('2D SPACE',''
  ) );
#758 = ORIENTED_EDGE('',*,*,#759,.T.);
#759 = EDGE_CURVE('',#730,#760,#762,.T.);
#760 = VERTEX_POINT('',#761);
#761 = CARTESIAN_POINT('',(2.122164391559,-3.20897883159,1.8000001));
#762 = SURFACE_CURVE('',#763,(#770,#780),.PCURVE_S1.);
#763 = B_SPLINE_CURVE_WITH_KNOTS('',5,(#764,#765,#766,#767,#768,#769),
  .UNSPECIFIED.,.F.,.F.,(6,6),(0.,0.318874692817),
  .PIECEWISE_BEZIER_KNOTS.);
#764 = CARTESIAN_POINT('',(1.898270874206,-3.419410299737,1.8000001));
#765 = CARTESIAN_POINT('',(1.946141901643,-3.380244597981,1.8000001));
#766 = CARTESIAN_POINT('',(1.992475778567,-3.339613548098,1.8000001));
#767 = CARTESIAN_POINT('',(2.037263182707,-3.297521120524,1.8000001));
#768 = CARTESIAN_POINT('',(2.080495147127,-3.253973586632,1.8000001));
#769 = CARTESIAN_POINT('',(2.122164391559,-3.20897883159,1.8000001));
#770 = PCURVE('',#126,#771);
#771 = DEFINITIONAL_REPRESENTATION('',(#772),#779);
#772 = B_SPLINE_CURVE_WITH_KNOTS('',5,(#773,#774,#775,#776,#777,#778),
  .UNSPECIFIED.,.F.,.F.,(6,6),(0.,0.318874692817),
  .PIECEWISE_BEZIER_KNOTS.);
#773 = CARTESIAN_POINT('',(-1.898270874206,-3.460039407211));
#774 = CARTESIAN_POINT('',(-1.946141901643,-3.420873705454));
#775 = CARTESIAN_POINT('',(-1.992475778567,-3.380242655571));
#776 = CARTESIAN_POINT('',(-2.037263182707,-3.338150227997));
#777 = CARTESIAN_POINT('',(-2.080495147127,-3.294602694105));
#778 = CARTESIAN_POINT('',(-2.122164391559,-3.249607939064));
#779 = ( GEOMETRIC_REPRESENTATION_CONTEXT(2) 
PARAMETRIC_REPRESENTATION_CONTEXT() REPRESENTATION_CONTEXT('2D SPACE',''
  ) );
#780 = PCURVE('',#781,#794);
#781 = B_SPLINE_SURFACE_WITH_KNOTS('',5,1,(
    (#782,#783)
    ,(#784,#785)
    ,(#786,#787)
    ,(#788,#789)
    ,(#790,#791)
    ,(#792,#793
    )),.UNSPECIFIED.,.F.,.F.,.F.,(6,6),(2,2),(0.,0.318874692817),(-0.4,
    0.),.PIECEWISE_BEZIER_KNOTS.);
#782 = CARTESIAN_POINT('',(1.898270874206,-3.419410299737,2.2000001));
#783 = CARTESIAN_POINT('',(1.898270874206,-3.419410299737,1.8000001));
#784 = CARTESIAN_POINT('',(1.946141901643,-3.380244597981,2.2000001));
#785 = CARTESIAN_POINT('',(1.946141901643,-3.380244597981,1.8000001));
#786 = CARTESIAN_POINT('',(1.992475778567,-3.339613548098,2.2000001));
#787 = CARTESIAN_POINT('',(1.992475778567,-3.339613548098,1.8000001));
#788 = CARTESIAN_POINT('',(2.037263182707,-3.297521120524,2.2000001));
#789 = CARTESIAN_POINT('',(2.037263182707,-3.297521120524,1.8000001));
#790 = CARTESIAN_POINT('',(2.080495147127,-3.253973586632,2.2000001));
#791 = CARTESIAN_POINT('',(2.080495147127,-3.253973586632,1.8000001));
#792 = CARTESIAN_POINT('',(2.122164391559,-3.20897883159,2.2000001));
#793 = CARTESIAN_POINT('',(2.122164391559,-3.20897883159,1.8000001));
#794 = DEFINITIONAL_REPRESENTATION('',(#795),#799);
#795 = B_SPLINE_CURVE_WITH_KNOTS('',2,(#796,#797,#798),.UNSPECIFIED.,.F.
  ,.F.,(3,3),(0.,0.318874692817),.PIECEWISE_BEZIER_KNOTS.);
#796 = CARTESIAN_POINT('',(-1.772004774202E-16,-2.22044604925E-16));
#797 = CARTESIAN_POINT('',(0.159437346408,-5.3665791037E-16));
#798 = CARTESIAN_POINT('',(0.318874692817,-2.22044604925E-16));
#799 = ( GEOMETRIC_REPRESENTATION_CONTEXT(2) 
PARAMETRIC_REPRESENTATION_CONTEXT() REPRESENTATION_CONTEXT('2D SPACE',''
  ) );
#800 = ORIENTED_EDGE('',*,*,#801,.T.);
#801 = EDGE_CURVE('',#760,#802,#804,.T.);
#802 = VERTEX_POINT('',#803);
#803 = CARTESIAN_POINT('',(2.495389407617,-2.663264373809,1.8000001));
#804 = SURFACE_CURVE('',#805,(#812,#822),.PCURVE_S1.);
#805 = B_SPLINE_CURVE_WITH_KNOTS('',5,(#806,#807,#808,#809,#810,#811),
  .UNSPECIFIED.,.F.,.F.,(6,6),(0.318874692817,1.),
  .PIECEWISE_BEZIER_KNOTS.);
#806 = CARTESIAN_POINT('',(2.122164391559,-3.20897883159,1.8000001));
#807 = CARTESIAN_POINT('',(2.211171068958,-3.112868770052,1.8000001));
#808 = CARTESIAN_POINT('',(2.293047655012,-3.01015559402,1.8000001));
#809 = CARTESIAN_POINT('',(2.367721548985,-2.900916147897,1.8000001));
#810 = CARTESIAN_POINT('',(2.435163784471,-2.785258835718,1.8000001));
#811 = CARTESIAN_POINT('',(2.495389407617,-2.663264373809,1.8000001));
#812 = PCURVE('',#126,#813);
#813 = DEFINITIONAL_REPRESENTATION('',(#814),#821);
#814 = B_SPLINE_CURVE_WITH_KNOTS('',5,(#815,#816,#817,#818,#819,#820),
  .UNSPECIFIED.,.F.,.F.,(6,6),(0.318874692817,1.),
  .PIECEWISE_BEZIER_KNOTS.);
#815 = CARTESIAN_POINT('',(-2.122164391559,-3.249607939064));
#816 = CARTESIAN_POINT('',(-2.211171068958,-3.153497877526));
#817 = CARTESIAN_POINT('',(-2.293047655012,-3.050784701493));
#818 = CARTESIAN_POINT('',(-2.367721548985,-2.94154525537));
#819 = CARTESIAN_POINT('',(-2.435163784471,-2.825887943191));
#820 = CARTESIAN_POINT('',(-2.495389407617,-2.703893481283));
#821 = ( GEOMETRIC_REPRESENTATION_CONTEXT(2) 
PARAMETRIC_REPRESENTATION_CONTEXT() REPRESENTATION_CONTEXT('2D SPACE',''
  ) );
#822 = PCURVE('',#823,#836);
#823 = B_SPLINE_SURFACE_WITH_KNOTS('',5,1,(
    (#824,#825)
    ,(#826,#827)
    ,(#828,#829)
    ,(#830,#831)
    ,(#832,#833)
    ,(#834,#835
    )),.UNSPECIFIED.,.F.,.F.,.F.,(6,6),(2,2),(0.318874692817,1.),(-0.4,
    0.),.PIECEWISE_BEZIER_KNOTS.);
#824 = CARTESIAN_POINT('',(2.122164391559,-3.20897883159,2.2000001));
#825 = CARTESIAN_POINT('',(2.122164391559,-3.20897883159,1.8000001));
#826 = CARTESIAN_POINT('',(2.211171068958,-3.112868770052,2.2000001));
#827 = CARTESIAN_POINT('',(2.211171068958,-3.112868770052,1.8000001));
#828 = CARTESIAN_POINT('',(2.293047655012,-3.01015559402,2.2000001));
#829 = CARTESIAN_POINT('',(2.293047655012,-3.01015559402,1.8000001));
#830 = CARTESIAN_POINT('',(2.367721548985,-2.900916147897,2.2000001));
#831 = CARTESIAN_POINT('',(2.367721548985,-2.900916147897,1.8000001));
#832 = CARTESIAN_POINT('',(2.435163784471,-2.785258835718,2.2000001));
#833 = CARTESIAN_POINT('',(2.435163784471,-2.785258835718,1.8000001));
#834 = CARTESIAN_POINT('',(2.495389407617,-2.663264373809,2.2000001));
#835 = CARTESIAN_POINT('',(2.495389407617,-2.663264373809,1.8000001));
#836 = DEFINITIONAL_REPRESENTATION('',(#837),#841);
#837 = B_SPLINE_CURVE_WITH_KNOTS('',2,(#838,#839,#840),.UNSPECIFIED.,.F.
  ,.F.,(3,3),(0.318874692817,1.),.PIECEWISE_BEZIER_KNOTS.);
#838 = CARTESIAN_POINT('',(0.318874692817,2.22044604925E-16));
#839 = CARTESIAN_POINT('',(0.659437346408,-2.737211097791E-16));
#840 = CARTESIAN_POINT('',(1.,2.22044604925E-16));
#841 = ( GEOMETRIC_REPRESENTATION_CONTEXT(2) 
PARAMETRIC_REPRESENTATION_CONTEXT() REPRESENTATION_CONTEXT('2D SPACE',''
  ) );
#842 = ORIENTED_EDGE('',*,*,#843,.T.);
#843 = EDGE_CURVE('',#802,#844,#846,.T.);
#844 = VERTEX_POINT('',#845);
#845 = CARTESIAN_POINT('',(2.717616564842,-1.62386741366,1.8000001));
#846 = SURFACE_CURVE('',#847,(#854,#864),.PCURVE_S1.);
#847 = B_SPLINE_CURVE_WITH_KNOTS('',5,(#848,#849,#850,#851,#852,#853),
  .UNSPECIFIED.,.F.,.F.,(6,6),(0.,1.),.PIECEWISE_BEZIER_KNOTS.);
#848 = CARTESIAN_POINT('',(2.495389407617,-2.663264373809,1.8000001));
#849 = CARTESIAN_POINT('',(2.584675345442,-2.482404643814,1.8000001));
#850 = CARTESIAN_POINT('',(2.651477360742,-2.287563684154,1.8000001));
#851 = CARTESIAN_POINT('',(2.695657898408,-2.079332881499,1.8000001));
#852 = CARTESIAN_POINT('',(2.717616564842,-1.858098076395,1.8000001));
#853 = CARTESIAN_POINT('',(2.717616564842,-1.62386741366,1.8000001));
#854 = PCURVE('',#126,#855);
#855 = DEFINITIONAL_REPRESENTATION('',(#856),#863);
#856 = B_SPLINE_CURVE_WITH_KNOTS('',5,(#857,#858,#859,#860,#861,#862),
  .UNSPECIFIED.,.F.,.F.,(6,6),(0.,1.),.PIECEWISE_BEZIER_KNOTS.);
#857 = CARTESIAN_POINT('',(-2.495389407617,-2.703893481283));
#858 = CARTESIAN_POINT('',(-2.584675345442,-2.523033751287));
#859 = CARTESIAN_POINT('',(-2.651477360742,-2.328192791627));
#860 = CARTESIAN_POINT('',(-2.695657898408,-2.119961988972));
#861 = CARTESIAN_POINT('',(-2.717616564842,-1.898727183869));
#862 = CARTESIAN_POINT('',(-2.717616564842,-1.664496521133));
#863 = ( GEOMETRIC_REPRESENTATION_CONTEXT(2) 
PARAMETRIC_REPRESENTATION_CONTEXT() REPRESENTATION_CONTEXT('2D SPACE',''
  ) );
#864 = PCURVE('',#865,#878);
#865 = B_SPLINE_SURFACE_WITH_KNOTS('',5,1,(
    (#866,#867)
    ,(#868,#869)
    ,(#870,#871)
    ,(#872,#873)
    ,(#874,#875)
    ,(#876,#877
    )),.UNSPECIFIED.,.F.,.F.,.F.,(6,6),(2,2),(0.,1.),(-0.4,0.),
  .PIECEWISE_BEZIER_KNOTS.);
#866 = CARTESIAN_POINT('',(2.495389407617,-2.663264373809,2.2000001));
#867 = CARTESIAN_POINT('',(2.495389407617,-2.663264373809,1.8000001));
#868 = CARTESIAN_POINT('',(2.584675345442,-2.482404643814,2.2000001));
#869 = CARTESIAN_POINT('',(2.584675345442,-2.482404643814,1.8000001));
#870 = CARTESIAN_POINT('',(2.651477360742,-2.287563684154,2.2000001));
#871 = CARTESIAN_POINT('',(2.651477360742,-2.287563684154,1.8000001));
#872 = CARTESIAN_POINT('',(2.695657898408,-2.079332881499,2.2000001));
#873 = CARTESIAN_POINT('',(2.695657898408,-2.079332881499,1.8000001));
#874 = CARTESIAN_POINT('',(2.717616564842,-1.858098076395,2.2000001));
#875 = CARTESIAN_POINT('',(2.717616564842,-1.858098076395,1.8000001));
#876 = CARTESIAN_POINT('',(2.717616564842,-1.62386741366,2.2000001));
#877 = CARTESIAN_POINT('',(2.717616564842,-1.62386741366,1.8000001));
#878 = DEFINITIONAL_REPRESENTATION('',(#879),#883);
#879 = B_SPLINE_CURVE_WITH_KNOTS('',2,(#880,#881,#882),.UNSPECIFIED.,.F.
  ,.F.,(3,3),(7.847147736044E-16,1.),.PIECEWISE_BEZIER_KNOTS.);
#880 = CARTESIAN_POINT('',(2.354144320813E-15,2.22044604925E-16));
#881 = CARTESIAN_POINT('',(0.5,-9.256870051988E-17));
#882 = CARTESIAN_POINT('',(1.,2.22044604925E-16));
#883 = ( GEOMETRIC_REPRESENTATION_CONTEXT(2) 
PARAMETRIC_REPRESENTATION_CONTEXT() REPRESENTATION_CONTEXT('2D SPACE',''
  ) );
#884 = ORIENTED_EDGE('',*,*,#885,.T.);
#885 = EDGE_CURVE('',#844,#886,#888,.T.);
#886 = VERTEX_POINT('',#887);
#887 = CARTESIAN_POINT('',(2.435140640085,-0.516364837319,1.8000001));
#888 = SURFACE_CURVE('',#889,(#896,#906),.PCURVE_S1.);
#889 = B_SPLINE_CURVE_WITH_KNOTS('',5,(#890,#891,#892,#893,#894,#895),
  .UNSPECIFIED.,.F.,.F.,(6,6),(0.,0.811678794276),
  .PIECEWISE_BEZIER_KNOTS.);
#890 = CARTESIAN_POINT('',(2.717616564842,-1.62386741366,1.8000001));
#891 = CARTESIAN_POINT('',(2.717616564842,-1.371014959756,1.8000001));
#892 = CARTESIAN_POINT('',(2.689730325563,-1.133490838221,1.8000001));
#893 = CARTESIAN_POINT('',(2.63353658898,-0.91131947045,1.8000001));
#894 = CARTESIAN_POINT('',(2.54850975374,-0.705340700495,1.8000001));
#895 = CARTESIAN_POINT('',(2.435140640085,-0.516364837319,1.8000001));
#896 = PCURVE('',#126,#897);
#897 = DEFINITIONAL_REPRESENTATION('',(#898),#905);
#898 = B_SPLINE_CURVE_WITH_KNOTS('',5,(#899,#900,#901,#902,#903,#904),
  .UNSPECIFIED.,.F.,.F.,(6,6),(0.,0.811678794276),
  .PIECEWISE_BEZIER_KNOTS.);
#899 = CARTESIAN_POINT('',(-2.717616564842,-1.664496521133));
#900 = CARTESIAN_POINT('',(-2.717616564842,-1.41164406723));
#901 = CARTESIAN_POINT('',(-2.689730325563,-1.174119945694));
#902 = CARTESIAN_POINT('',(-2.63353658898,-0.951948577923));
#903 = CARTESIAN_POINT('',(-2.54850975374,-0.745969807968));
#904 = CARTESIAN_POINT('',(-2.435140640085,-0.556993944793));
#905 = ( GEOMETRIC_REPRESENTATION_CONTEXT(2) 
PARAMETRIC_REPRESENTATION_CONTEXT() REPRESENTATION_CONTEXT('2D SPACE',''
  ) );
#906 = PCURVE('',#907,#920);
#907 = B_SPLINE_SURFACE_WITH_KNOTS('',5,1,(
    (#908,#909)
    ,(#910,#911)
    ,(#912,#913)
    ,(#914,#915)
    ,(#916,#917)
    ,(#918,#919
    )),.UNSPECIFIED.,.F.,.F.,.F.,(6,6),(2,2),(0.,0.811678794276),(-0.4,
    0.),.PIECEWISE_BEZIER_KNOTS.);
#908 = CARTESIAN_POINT('',(2.717616564842,-1.62386741366,2.2000001));
#909 = CARTESIAN_POINT('',(2.717616564842,-1.62386741366,1.8000001));
#910 = CARTESIAN_POINT('',(2.717616564842,-1.371014959756,2.2000001));
#911 = CARTESIAN_POINT('',(2.717616564842,-1.371014959756,1.8000001));
#912 = CARTESIAN_POINT('',(2.689730325563,-1.133490838221,2.2000001));
#913 = CARTESIAN_POINT('',(2.689730325563,-1.133490838221,1.8000001));
#914 = CARTESIAN_POINT('',(2.63353658898,-0.91131947045,2.2000001));
#915 = CARTESIAN_POINT('',(2.63353658898,-0.91131947045,1.8000001));
#916 = CARTESIAN_POINT('',(2.54850975374,-0.705340700495,2.2000001));
#917 = CARTESIAN_POINT('',(2.54850975374,-0.705340700495,1.8000001));
#918 = CARTESIAN_POINT('',(2.435140640085,-0.516364837319,2.2000001));
#919 = CARTESIAN_POINT('',(2.435140640085,-0.516364837319,1.8000001));
#920 = DEFINITIONAL_REPRESENTATION('',(#921),#925);
#921 = B_SPLINE_CURVE_WITH_KNOTS('',2,(#922,#923,#924),.UNSPECIFIED.,.F.
  ,.F.,(3,3),(1.425565735421E-16,0.811678794276),
  .PIECEWISE_BEZIER_KNOTS.);
#922 = CARTESIAN_POINT('',(-1.425565735421E-16,-6.661338147751E-16));
#923 = CARTESIAN_POINT('',(0.405839397138,-5.9442975732E-16));
#924 = CARTESIAN_POINT('',(0.811678794276,-6.661338147751E-16));
#925 = ( GEOMETRIC_REPRESENTATION_CONTEXT(2) 
PARAMETRIC_REPRESENTATION_CONTEXT() REPRESENTATION_CONTEXT('2D SPACE',''
  ) );
#926 = ORIENTED_EDGE('',*,*,#927,.T.);
#927 = EDGE_CURVE('',#886,#928,#930,.T.);
#928 = VERTEX_POINT('',#929);
#929 = CARTESIAN_POINT('',(2.288431629676,-0.306377442263,1.8000001));
#930 = SURFACE_CURVE('',#931,(#938,#948),.PCURVE_S1.);
#931 = B_SPLINE_CURVE_WITH_KNOTS('',5,(#932,#933,#934,#935,#936,#937),
  .UNSPECIFIED.,.F.,.F.,(6,6),(0.811678794276,1.),
  .PIECEWISE_BEZIER_KNOTS.);
#932 = CARTESIAN_POINT('',(2.435140640085,-0.516364837319,1.8000001));
#933 = CARTESIAN_POINT('',(2.408837367995,-0.472519707131,1.8000001));
#934 = CARTESIAN_POINT('',(2.38100841113,-0.42958985537,1.8000001));
#935 = CARTESIAN_POINT('',(2.351659308,-0.387584546115,1.8000001));
#936 = CARTESIAN_POINT('',(2.320797594359,-0.34651180038,1.8000001));
#937 = CARTESIAN_POINT('',(2.288431629676,-0.306377442263,1.8000001));
#938 = PCURVE('',#126,#939);
#939 = DEFINITIONAL_REPRESENTATION('',(#940),#947);
#940 = B_SPLINE_CURVE_WITH_KNOTS('',5,(#941,#942,#943,#944,#945,#946),
  .UNSPECIFIED.,.F.,.F.,(6,6),(0.811678794276,1.),
  .PIECEWISE_BEZIER_KNOTS.);
#941 = CARTESIAN_POINT('',(-2.435140640085,-0.556993944793));
#942 = CARTESIAN_POINT('',(-2.408837367995,-0.513148814605));
#943 = CARTESIAN_POINT('',(-2.38100841113,-0.470218962844));
#944 = CARTESIAN_POINT('',(-2.351659308,-0.428213653589));
#945 = CARTESIAN_POINT('',(-2.320797594359,-0.387140907853));
#946 = CARTESIAN_POINT('',(-2.288431629676,-0.347006549737));
#947 = ( GEOMETRIC_REPRESENTATION_CONTEXT(2) 
PARAMETRIC_REPRESENTATION_CONTEXT() REPRESENTATION_CONTEXT('2D SPACE',''
  ) );
#948 = PCURVE('',#949,#962);
#949 = B_SPLINE_SURFACE_WITH_KNOTS('',5,1,(
    (#950,#951)
    ,(#952,#953)
    ,(#954,#955)
    ,(#956,#957)
    ,(#958,#959)
    ,(#960,#961
    )),.UNSPECIFIED.,.F.,.F.,.F.,(6,6),(2,2),(0.811678794276,1.),(-0.4,
    0.),.PIECEWISE_BEZIER_KNOTS.);
#950 = CARTESIAN_POINT('',(2.435140640085,-0.516364837319,2.2000001));
#951 = CARTESIAN_POINT('',(2.435140640085,-0.516364837319,1.8000001));
#952 = CARTESIAN_POINT('',(2.408837367995,-0.472519707131,2.2000001));
#953 = CARTESIAN_POINT('',(2.408837367995,-0.472519707131,1.8000001));
#954 = CARTESIAN_POINT('',(2.38100841113,-0.42958985537,2.2000001));
#955 = CARTESIAN_POINT('',(2.38100841113,-0.42958985537,1.8000001));
#956 = CARTESIAN_POINT('',(2.351659308,-0.387584546115,2.2000001));
#957 = CARTESIAN_POINT('',(2.351659308,-0.387584546115,1.8000001));
#958 = CARTESIAN_POINT('',(2.320797594359,-0.34651180038,2.2000001));
#959 = CARTESIAN_POINT('',(2.320797594359,-0.34651180038,1.8000001));
#960 = CARTESIAN_POINT('',(2.288431629676,-0.306377442263,2.2000001));
#961 = CARTESIAN_POINT('',(2.288431629676,-0.306377442263,1.8000001));
#962 = DEFINITIONAL_REPRESENTATION('',(#963),#967);
#963 = B_SPLINE_CURVE_WITH_KNOTS('',2,(#964,#965,#966),.UNSPECIFIED.,.F.
  ,.F.,(3,3),(0.811678794276,1.),.PIECEWISE_BEZIER_KNOTS.);
#964 = CARTESIAN_POINT('',(0.811678794276,-2.22044604925E-16));
#965 = CARTESIAN_POINT('',(0.905839397138,1.303129948688E-16));
#966 = CARTESIAN_POINT('',(1.,-2.22044604925E-16));
#967 = ( GEOMETRIC_REPRESENTATION_CONTEXT(2) 
PARAMETRIC_REPRESENTATION_CONTEXT() REPRESENTATION_CONTEXT('2D SPACE',''
  ) );
#968 = ORIENTED_EDGE('',*,*,#969,.T.);
#969 = EDGE_CURVE('',#928,#970,#972,.T.);
#970 = VERTEX_POINT('',#971);
#971 = CARTESIAN_POINT('',(2.09270031168,-0.100975125339,1.8000001));
#972 = SURFACE_CURVE('',#973,(#980,#990),.PCURVE_S1.);
#973 = B_SPLINE_CURVE_WITH_KNOTS('',5,(#974,#975,#976,#977,#978,#979),
  .UNSPECIFIED.,.F.,.F.,(6,6),(0.,0.208449022742),
  .PIECEWISE_BEZIER_KNOTS.);
#974 = CARTESIAN_POINT('',(2.288431629676,-0.306377442263,1.8000001));
#975 = CARTESIAN_POINT('',(2.252483941291,-0.261801684575,1.8000001));
#976 = CARTESIAN_POINT('',(2.214928889653,-0.218957551266,1.8000001));
#977 = CARTESIAN_POINT('',(2.175772187744,-0.177861527909,1.8000001));
#978 = CARTESIAN_POINT('',(2.135024587886,-0.138529867791,1.8000001));
#979 = CARTESIAN_POINT('',(2.09270031168,-0.100975125339,1.8000001));
#980 = PCURVE('',#126,#981);
#981 = DEFINITIONAL_REPRESENTATION('',(#982),#989);
#982 = B_SPLINE_CURVE_WITH_KNOTS('',5,(#983,#984,#985,#986,#987,#988),
  .UNSPECIFIED.,.F.,.F.,(6,6),(0.,0.208449022742),
  .PIECEWISE_BEZIER_KNOTS.);
#983 = CARTESIAN_POINT('',(-2.288431629676,-0.347006549737));
#984 = CARTESIAN_POINT('',(-2.252483941291,-0.302430792048));
#985 = CARTESIAN_POINT('',(-2.214928889653,-0.259586658739));
#986 = CARTESIAN_POINT('',(-2.175772187744,-0.218490635382));
#987 = CARTESIAN_POINT('',(-2.135024587886,-0.179158975265));
#988 = CARTESIAN_POINT('',(-2.09270031168,-0.141604232813));
#989 = ( GEOMETRIC_REPRESENTATION_CONTEXT(2) 
PARAMETRIC_REPRESENTATION_CONTEXT() REPRESENTATION_CONTEXT('2D SPACE',''
  ) );
#990 = PCURVE('',#991,#1004);
#991 = B_SPLINE_SURFACE_WITH_KNOTS('',5,1,(
    (#992,#993)
    ,(#994,#995)
    ,(#996,#997)
    ,(#998,#999)
    ,(#1000,#1001)
    ,(#1002,#1003
    )),.UNSPECIFIED.,.F.,.F.,.F.,(6,6),(2,2),(0.,0.208449022742),(-0.4,
    0.),.PIECEWISE_BEZIER_KNOTS.);
#992 = CARTESIAN_POINT('',(2.288431629676,-0.306377442263,2.2000001));
#993 = CARTESIAN_POINT('',(2.288431629676,-0.306377442263,1.8000001));
#994 = CARTESIAN_POINT('',(2.252483941291,-0.261801684575,2.2000001));
#995 = CARTESIAN_POINT('',(2.252483941291,-0.261801684575,1.8000001));
#996 = CARTESIAN_POINT('',(2.214928889653,-0.218957551266,2.2000001));
#997 = CARTESIAN_POINT('',(2.214928889653,-0.218957551266,1.8000001));
#998 = CARTESIAN_POINT('',(2.175772187744,-0.177861527909,2.2000001));
#999 = CARTESIAN_POINT('',(2.175772187744,-0.177861527909,1.8000001));
#1000 = CARTESIAN_POINT('',(2.135024587886,-0.138529867791,2.2000001));
#1001 = CARTESIAN_POINT('',(2.135024587886,-0.138529867791,1.8000001));
#1002 = CARTESIAN_POINT('',(2.09270031168,-0.100975125339,2.2000001));
#1003 = CARTESIAN_POINT('',(2.09270031168,-0.100975125339,1.8000001));
#1004 = DEFINITIONAL_REPRESENTATION('',(#1005),#1009);
#1005 = B_SPLINE_CURVE_WITH_KNOTS('',2,(#1006,#1007,#1008),
  .UNSPECIFIED.,.F.,.F.,(3,3),(0.,0.208449022742),
  .PIECEWISE_BEZIER_KNOTS.);
#1006 = CARTESIAN_POINT('',(-1.037144367853E-46,2.22044604925E-16));
#1007 = CARTESIAN_POINT('',(0.104224511371,-8.550894197505E-16));
#1008 = CARTESIAN_POINT('',(0.208449022742,2.22044604925E-16));
#1009 = ( GEOMETRIC_REPRESENTATION_CONTEXT(2) 
PARAMETRIC_REPRESENTATION_CONTEXT() REPRESENTATION_CONTEXT('2D SPACE',''
  ) );
#1010 = ORIENTED_EDGE('',*,*,#1011,.T.);
#1011 = EDGE_CURVE('',#970,#1012,#1014,.T.);
#1012 = VERTEX_POINT('',#1013);
#1013 = CARTESIAN_POINT('',(1.331315277528,0.297788056473,1.8000001));
#1014 = SURFACE_CURVE('',#1015,(#1022,#1032),.PCURVE_S1.);
#1015 = B_SPLINE_CURVE_WITH_KNOTS('',5,(#1016,#1017,#1018,#1019,#1020,
    #1021),.UNSPECIFIED.,.F.,.F.,(6,6),(0.208449022742,0.826124931257),
  .PIECEWISE_BEZIER_KNOTS.);
#1016 = CARTESIAN_POINT('',(2.09270031168,-0.100975125339,1.8000001));
#1017 = CARTESIAN_POINT('',(1.967285064277,1.030704503472E-02,1.8000001)
  );
#1018 = CARTESIAN_POINT('',(1.828025735246,0.105986905372,1.8000001));
#1019 = CARTESIAN_POINT('',(1.67530792363,0.185712075333,1.8000001));
#1020 = CARTESIAN_POINT('',(1.509682286851,0.249570552682,1.8000001));
#1021 = CARTESIAN_POINT('',(1.331315277528,0.297788056473,1.8000001));
#1022 = PCURVE('',#126,#1023);
#1023 = DEFINITIONAL_REPRESENTATION('',(#1024),#1031);
#1024 = B_SPLINE_CURVE_WITH_KNOTS('',5,(#1025,#1026,#1027,#1028,#1029,
    #1030),.UNSPECIFIED.,.F.,.F.,(6,6),(0.208449022742,0.826124931257),
  .PIECEWISE_BEZIER_KNOTS.);
#1025 = CARTESIAN_POINT('',(-2.09270031168,-0.141604232813));
#1026 = CARTESIAN_POINT('',(-1.967285064277,-3.032206243871E-02));
#1027 = CARTESIAN_POINT('',(-1.828025735246,6.535779789834E-02));
#1028 = CARTESIAN_POINT('',(-1.67530792363,0.145082967859));
#1029 = CARTESIAN_POINT('',(-1.509682286851,0.208941445208));
#1030 = CARTESIAN_POINT('',(-1.331315277528,0.257158949));
#1031 = ( GEOMETRIC_REPRESENTATION_CONTEXT(2) 
PARAMETRIC_REPRESENTATION_CONTEXT() REPRESENTATION_CONTEXT('2D SPACE',''
  ) );
#1032 = PCURVE('',#1033,#1046);
#1033 = B_SPLINE_SURFACE_WITH_KNOTS('',5,1,(
    (#1034,#1035)
    ,(#1036,#1037)
    ,(#1038,#1039)
    ,(#1040,#1041)
    ,(#1042,#1043)
    ,(#1044,#1045
    )),.UNSPECIFIED.,.F.,.F.,.F.,(6,6),(2,2),(0.208449022742,
    0.826124931257),(-0.4,0.),.PIECEWISE_BEZIER_KNOTS.);
#1034 = CARTESIAN_POINT('',(2.09270031168,-0.100975125339,2.2000001));
#1035 = CARTESIAN_POINT('',(2.09270031168,-0.100975125339,1.8000001));
#1036 = CARTESIAN_POINT('',(1.967285064277,1.030704503472E-02,2.2000001)
  );
#1037 = CARTESIAN_POINT('',(1.967285064277,1.030704503472E-02,1.8000001)
  );
#1038 = CARTESIAN_POINT('',(1.828025735246,0.105986905372,2.2000001));
#1039 = CARTESIAN_POINT('',(1.828025735246,0.105986905372,1.8000001));
#1040 = CARTESIAN_POINT('',(1.67530792363,0.185712075333,2.2000001));
#1041 = CARTESIAN_POINT('',(1.67530792363,0.185712075333,1.8000001));
#1042 = CARTESIAN_POINT('',(1.509682286851,0.249570552682,2.2000001));
#1043 = CARTESIAN_POINT('',(1.509682286851,0.249570552682,1.8000001));
#1044 = CARTESIAN_POINT('',(1.331315277528,0.297788056473,2.2000001));
#1045 = CARTESIAN_POINT('',(1.331315277528,0.297788056473,1.8000001));
#1046 = DEFINITIONAL_REPRESENTATION('',(#1047),#1051);
#1047 = B_SPLINE_CURVE_WITH_KNOTS('',2,(#1048,#1049,#1050),
  .UNSPECIFIED.,.F.,.F.,(3,3),(0.208449022742,0.826124931257),
  .PIECEWISE_BEZIER_KNOTS.);
#1048 = CARTESIAN_POINT('',(0.208449022742,-2.22044604925E-16));
#1049 = CARTESIAN_POINT('',(0.517286976999,-3.076472001924E-16));
#1050 = CARTESIAN_POINT('',(0.826124931257,-2.22044604925E-16));
#1051 = ( GEOMETRIC_REPRESENTATION_CONTEXT(2) 
PARAMETRIC_REPRESENTATION_CONTEXT() REPRESENTATION_CONTEXT('2D SPACE',''
  ) );
#1052 = ORIENTED_EDGE('',*,*,#1053,.T.);
#1053 = EDGE_CURVE('',#1012,#1054,#1056,.T.);
#1054 = VERTEX_POINT('',#1055);
#1055 = CARTESIAN_POINT('',(1.889160792406,0.643266714685,1.8000001));
#1056 = SURFACE_CURVE('',#1057,(#1064,#1074),.PCURVE_S1.);
#1057 = B_SPLINE_CURVE_WITH_KNOTS('',5,(#1058,#1059,#1060,#1061,#1062,
    #1063),.UNSPECIFIED.,.F.,.F.,(6,6),(0.205772864339,0.752469119214),
  .PIECEWISE_BEZIER_KNOTS.);
#1058 = CARTESIAN_POINT('',(1.331315277528,0.297788056473,1.8000001));
#1059 = CARTESIAN_POINT('',(1.460265992964,0.347220090507,1.8000001));
#1060 = CARTESIAN_POINT('',(1.580732744274,0.40644764551,1.8000001));
#1061 = CARTESIAN_POINT('',(1.692562078072,0.475572547605,1.8000001));
#1062 = CARTESIAN_POINT('',(1.795440993819,0.554580167637,1.8000001));
#1063 = CARTESIAN_POINT('',(1.889160792406,0.643266714685,1.8000001));
#1064 = PCURVE('',#126,#1065);
#1065 = DEFINITIONAL_REPRESENTATION('',(#1066),#1073);
#1066 = B_SPLINE_CURVE_WITH_KNOTS('',5,(#1067,#1068,#1069,#1070,#1071,
    #1072),.UNSPECIFIED.,.F.,.F.,(6,6),(0.205772864339,0.752469119214),
  .PIECEWISE_BEZIER_KNOTS.);
#1067 = CARTESIAN_POINT('',(-1.331315277528,0.257158949));
#1068 = CARTESIAN_POINT('',(-1.460265992964,0.306590983033));
#1069 = CARTESIAN_POINT('',(-1.580732744274,0.365818538037));
#1070 = CARTESIAN_POINT('',(-1.692562078072,0.434943440131));
#1071 = CARTESIAN_POINT('',(-1.795440993819,0.513951060164));
#1072 = CARTESIAN_POINT('',(-1.889160792406,0.602637607211));
#1073 = ( GEOMETRIC_REPRESENTATION_CONTEXT(2) 
PARAMETRIC_REPRESENTATION_CONTEXT() REPRESENTATION_CONTEXT('2D SPACE',''
  ) );
#1074 = PCURVE('',#1075,#1088);
#1075 = B_SPLINE_SURFACE_WITH_KNOTS('',5,1,(
    (#1076,#1077)
    ,(#1078,#1079)
    ,(#1080,#1081)
    ,(#1082,#1083)
    ,(#1084,#1085)
    ,(#1086,#1087
    )),.UNSPECIFIED.,.F.,.F.,.F.,(6,6),(2,2),(0.205772864339,
    0.752469119214),(-0.4,0.),.PIECEWISE_BEZIER_KNOTS.);
#1076 = CARTESIAN_POINT('',(1.331315277528,0.297788056473,2.2000001));
#1077 = CARTESIAN_POINT('',(1.331315277528,0.297788056473,1.8000001));
#1078 = CARTESIAN_POINT('',(1.460265992964,0.347220090507,2.2000001));
#1079 = CARTESIAN_POINT('',(1.460265992964,0.347220090507,1.8000001));
#1080 = CARTESIAN_POINT('',(1.580732744274,0.40644764551,2.2000001));
#1081 = CARTESIAN_POINT('',(1.580732744274,0.40644764551,1.8000001));
#1082 = CARTESIAN_POINT('',(1.692562078072,0.475572547605,2.2000001));
#1083 = CARTESIAN_POINT('',(1.692562078072,0.475572547605,1.8000001));
#1084 = CARTESIAN_POINT('',(1.795440993819,0.554580167637,2.2000001));
#1085 = CARTESIAN_POINT('',(1.795440993819,0.554580167637,1.8000001));
#1086 = CARTESIAN_POINT('',(1.889160792406,0.643266714685,2.2000001));
#1087 = CARTESIAN_POINT('',(1.889160792406,0.643266714685,1.8000001));
#1088 = DEFINITIONAL_REPRESENTATION('',(#1089),#1093);
#1089 = B_SPLINE_CURVE_WITH_KNOTS('',2,(#1090,#1091,#1092),
  .UNSPECIFIED.,.F.,.F.,(3,3),(0.205772864339,0.752469119214),
  .PIECEWISE_BEZIER_KNOTS.);
#1090 = CARTESIAN_POINT('',(0.205772864339,2.22044604925E-16));
#1091 = CARTESIAN_POINT('',(0.479120991776,2.359431427373E-16));
#1092 = CARTESIAN_POINT('',(0.752469119214,2.22044604925E-16));
#1093 = ( GEOMETRIC_REPRESENTATION_CONTEXT(2) 
PARAMETRIC_REPRESENTATION_CONTEXT() REPRESENTATION_CONTEXT('2D SPACE',''
  ) );
#1094 = ORIENTED_EDGE('',*,*,#1095,.T.);
#1095 = EDGE_CURVE('',#1054,#1096,#1098,.T.);
#1096 = VERTEX_POINT('',#1097);
#1097 = CARTESIAN_POINT('',(2.082393631147,0.863683511199,1.8000001));
#1098 = SURFACE_CURVE('',#1099,(#1106,#1116),.PCURVE_S1.);
#1099 = B_SPLINE_CURVE_WITH_KNOTS('',5,(#1100,#1101,#1102,#1103,#1104,
    #1105),.UNSPECIFIED.,.F.,.F.,(6,6),(0.752469119214,1.),
  .PIECEWISE_BEZIER_KNOTS.);
#1100 = CARTESIAN_POINT('',(1.889160792406,0.643266714685,1.8000001));
#1101 = CARTESIAN_POINT('',(1.931594857181,0.683421844537,1.8000001));
#1102 = CARTESIAN_POINT('',(1.972151247962,0.725561212524,1.8000001));
#1103 = CARTESIAN_POINT('',(2.010810852631,0.769666855268,1.8000001));
#1104 = CARTESIAN_POINT('',(2.04756019774,0.815715276551,1.8000001));
#1105 = CARTESIAN_POINT('',(2.082393631147,0.863683511199,1.8000001));
#1106 = PCURVE('',#126,#1107);
#1107 = DEFINITIONAL_REPRESENTATION('',(#1108),#1115);
#1108 = B_SPLINE_CURVE_WITH_KNOTS('',5,(#1109,#1110,#1111,#1112,#1113,
    #1114),.UNSPECIFIED.,.F.,.F.,(6,6),(0.752469119214,1.),
  .PIECEWISE_BEZIER_KNOTS.);
#1109 = CARTESIAN_POINT('',(-1.889160792406,0.602637607211));
#1110 = CARTESIAN_POINT('',(-1.931594857181,0.642792737064));
#1111 = CARTESIAN_POINT('',(-1.972151247962,0.684932105051));
#1112 = CARTESIAN_POINT('',(-2.010810852631,0.729037747795));
#1113 = CARTESIAN_POINT('',(-2.04756019774,0.775086169078));
#1114 = CARTESIAN_POINT('',(-2.082393631147,0.823054403725));
#1115 = ( GEOMETRIC_REPRESENTATION_CONTEXT(2) 
PARAMETRIC_REPRESENTATION_CONTEXT() REPRESENTATION_CONTEXT('2D SPACE',''
  ) );
#1116 = PCURVE('',#1117,#1130);
#1117 = B_SPLINE_SURFACE_WITH_KNOTS('',5,1,(
    (#1118,#1119)
    ,(#1120,#1121)
    ,(#1122,#1123)
    ,(#1124,#1125)
    ,(#1126,#1127)
    ,(#1128,#1129
    )),.UNSPECIFIED.,.F.,.F.,.F.,(6,6),(2,2),(0.752469119214,1.),(-0.4,
    0.),.PIECEWISE_BEZIER_KNOTS.);
#1118 = CARTESIAN_POINT('',(1.889160792406,0.643266714685,2.2000001));
#1119 = CARTESIAN_POINT('',(1.889160792406,0.643266714685,1.8000001));
#1120 = CARTESIAN_POINT('',(1.931594857181,0.683421844537,2.2000001));
#1121 = CARTESIAN_POINT('',(1.931594857181,0.683421844537,1.8000001));
#1122 = CARTESIAN_POINT('',(1.972151247962,0.725561212524,2.2000001));
#1123 = CARTESIAN_POINT('',(1.972151247962,0.725561212524,1.8000001));
#1124 = CARTESIAN_POINT('',(2.010810852631,0.769666855268,2.2000001));
#1125 = CARTESIAN_POINT('',(2.010810852631,0.769666855268,1.8000001));
#1126 = CARTESIAN_POINT('',(2.04756019774,0.815715276551,2.2000001));
#1127 = CARTESIAN_POINT('',(2.04756019774,0.815715276551,1.8000001));
#1128 = CARTESIAN_POINT('',(2.082393631147,0.863683511199,2.2000001));
#1129 = CARTESIAN_POINT('',(2.082393631147,0.863683511199,1.8000001));
#1130 = DEFINITIONAL_REPRESENTATION('',(#1131),#1135);
#1131 = B_SPLINE_CURVE_WITH_KNOTS('',2,(#1132,#1133,#1134),
  .UNSPECIFIED.,.F.,.F.,(3,3),(0.752469119214,1.),
  .PIECEWISE_BEZIER_KNOTS.);
#1132 = CARTESIAN_POINT('',(0.752469119214,-2.22044604925E-16));
#1133 = CARTESIAN_POINT('',(0.876234559607,-7.178103196291E-16));
#1134 = CARTESIAN_POINT('',(1.,-2.22044604925E-16));
#1135 = ( GEOMETRIC_REPRESENTATION_CONTEXT(2) 
PARAMETRIC_REPRESENTATION_CONTEXT() REPRESENTATION_CONTEXT('2D SPACE',''
  ) );
#1136 = ORIENTED_EDGE('',*,*,#1137,.T.);
#1137 = EDGE_CURVE('',#1096,#1138,#1140,.T.);
#1138 = VERTEX_POINT('',#1139);
#1139 = CARTESIAN_POINT('',(2.240750196221,1.125956110191,1.8000001));
#1140 = SURFACE_CURVE('',#1141,(#1148,#1158),.PCURVE_S1.);
#1141 = B_SPLINE_CURVE_WITH_KNOTS('',5,(#1142,#1143,#1144,#1145,#1146,
    #1147),.UNSPECIFIED.,.F.,.F.,(6,6),(0.,0.259813349647),
  .PIECEWISE_BEZIER_KNOTS.);
#1142 = CARTESIAN_POINT('',(2.082393631147,0.863683511199,1.8000001));
#1143 = CARTESIAN_POINT('',(2.11874833224,0.913746644862,1.8000001));
#1144 = CARTESIAN_POINT('',(2.152775890613,0.96501835971,1.8000001));
#1145 = CARTESIAN_POINT('',(2.184460597293,1.017488196005,1.8000001));
#1146 = CARTESIAN_POINT('',(2.213788382031,1.071140287722,1.8000001));
#1147 = CARTESIAN_POINT('',(2.240750196221,1.125956110191,1.8000001));
#1148 = PCURVE('',#126,#1149);
#1149 = DEFINITIONAL_REPRESENTATION('',(#1150),#1157);
#1150 = B_SPLINE_CURVE_WITH_KNOTS('',5,(#1151,#1152,#1153,#1154,#1155,
    #1156),.UNSPECIFIED.,.F.,.F.,(6,6),(0.,0.259813349647),
  .PIECEWISE_BEZIER_KNOTS.);
#1151 = CARTESIAN_POINT('',(-2.082393631147,0.823054403725));
#1152 = CARTESIAN_POINT('',(-2.11874833224,0.873117537388));
#1153 = CARTESIAN_POINT('',(-2.152775890613,0.924389252237));
#1154 = CARTESIAN_POINT('',(-2.184460597293,0.976859088531));
#1155 = CARTESIAN_POINT('',(-2.213788382031,1.030511180249));
#1156 = CARTESIAN_POINT('',(-2.240750196221,1.085327002717));
#1157 = ( GEOMETRIC_REPRESENTATION_CONTEXT(2) 
PARAMETRIC_REPRESENTATION_CONTEXT() REPRESENTATION_CONTEXT('2D SPACE',''
  ) );
#1158 = PCURVE('',#1159,#1172);
#1159 = B_SPLINE_SURFACE_WITH_KNOTS('',5,1,(
    (#1160,#1161)
    ,(#1162,#1163)
    ,(#1164,#1165)
    ,(#1166,#1167)
    ,(#1168,#1169)
    ,(#1170,#1171
    )),.UNSPECIFIED.,.F.,.F.,.F.,(6,6),(2,2),(0.,0.259813349647),(-0.4,
    0.),.PIECEWISE_BEZIER_KNOTS.);
#1160 = CARTESIAN_POINT('',(2.082393631147,0.863683511199,2.2000001));
#1161 = CARTESIAN_POINT('',(2.082393631147,0.863683511199,1.8000001));
#1162 = CARTESIAN_POINT('',(2.11874833224,0.913746644862,2.2000001));
#1163 = CARTESIAN_POINT('',(2.11874833224,0.913746644862,1.8000001));
#1164 = CARTESIAN_POINT('',(2.152775890613,0.96501835971,2.2000001));
#1165 = CARTESIAN_POINT('',(2.152775890613,0.96501835971,1.8000001));
#1166 = CARTESIAN_POINT('',(2.184460597293,1.017488196005,2.2000001));
#1167 = CARTESIAN_POINT('',(2.184460597293,1.017488196005,1.8000001));
#1168 = CARTESIAN_POINT('',(2.213788382031,1.071140287722,2.2000001));
#1169 = CARTESIAN_POINT('',(2.213788382031,1.071140287722,1.8000001));
#1170 = CARTESIAN_POINT('',(2.240750196221,1.125956110191,2.2000001));
#1171 = CARTESIAN_POINT('',(2.240750196221,1.125956110191,1.8000001));
#1172 = DEFINITIONAL_REPRESENTATION('',(#1173),#1177);
#1173 = B_SPLINE_CURVE_WITH_KNOTS('',2,(#1174,#1175,#1176),
  .UNSPECIFIED.,.F.,.F.,(3,3),(0.,0.259813349647),
  .PIECEWISE_BEZIER_KNOTS.);
#1174 = CARTESIAN_POINT('',(2.191555183008E-16,2.22044604925E-16));
#1175 = CARTESIAN_POINT('',(0.129906674823,-6.600384726791E-16));
#1176 = CARTESIAN_POINT('',(0.259813349647,2.22044604925E-16));
#1177 = ( GEOMETRIC_REPRESENTATION_CONTEXT(2) 
PARAMETRIC_REPRESENTATION_CONTEXT() REPRESENTATION_CONTEXT('2D SPACE',''
  ) );
#1178 = ORIENTED_EDGE('',*,*,#1179,.T.);
#1179 = EDGE_CURVE('',#1138,#1180,#1182,.T.);
#1180 = VERTEX_POINT('',#1181);
#1181 = CARTESIAN_POINT('',(2.432310221494,1.996965819095,1.8000001));
#1182 = SURFACE_CURVE('',#1183,(#1190,#1200),.PCURVE_S1.);
#1183 = B_SPLINE_CURVE_WITH_KNOTS('',5,(#1184,#1185,#1186,#1187,#1188,
    #1189),.UNSPECIFIED.,.F.,.F.,(6,6),(0.259813349647,1.),
  .PIECEWISE_BEZIER_KNOTS.);
#1184 = CARTESIAN_POINT('',(2.240750196221,1.125956110191,1.8000001));
#1185 = CARTESIAN_POINT('',(2.317562165122,1.282121834832,1.8000001));
#1186 = CARTESIAN_POINT('',(2.375171141798,1.447732779569,1.8000001));
#1187 = CARTESIAN_POINT('',(2.413348173009,1.622340489456,1.8000001));
#1188 = CARTESIAN_POINT('',(2.432310221494,1.805452700472,1.8000001));
#1189 = CARTESIAN_POINT('',(2.432310221494,1.996965819095,1.8000001));
#1190 = PCURVE('',#126,#1191);
#1191 = DEFINITIONAL_REPRESENTATION('',(#1192),#1199);
#1192 = B_SPLINE_CURVE_WITH_KNOTS('',5,(#1193,#1194,#1195,#1196,#1197,
    #1198),.UNSPECIFIED.,.F.,.F.,(6,6),(0.259813349647,1.),
  .PIECEWISE_BEZIER_KNOTS.);
#1193 = CARTESIAN_POINT('',(-2.240750196221,1.085327002717));
#1194 = CARTESIAN_POINT('',(-2.317562165122,1.241492727359));
#1195 = CARTESIAN_POINT('',(-2.375171141798,1.407103672095));
#1196 = CARTESIAN_POINT('',(-2.413348173009,1.581711381983));
#1197 = CARTESIAN_POINT('',(-2.432310221494,1.764823592999));
#1198 = CARTESIAN_POINT('',(-2.432310221494,1.956336711621));
#1199 = ( GEOMETRIC_REPRESENTATION_CONTEXT(2) 
PARAMETRIC_REPRESENTATION_CONTEXT() REPRESENTATION_CONTEXT('2D SPACE',''
  ) );
#1200 = PCURVE('',#1201,#1214);
#1201 = B_SPLINE_SURFACE_WITH_KNOTS('',5,1,(
    (#1202,#1203)
    ,(#1204,#1205)
    ,(#1206,#1207)
    ,(#1208,#1209)
    ,(#1210,#1211)
    ,(#1212,#1213
    )),.UNSPECIFIED.,.F.,.F.,.F.,(6,6),(2,2),(0.259813349647,1.),(-0.4,
    0.),.PIECEWISE_BEZIER_KNOTS.);
#1202 = CARTESIAN_POINT('',(2.240750196221,1.125956110191,2.2000001));
#1203 = CARTESIAN_POINT('',(2.240750196221,1.125956110191,1.8000001));
#1204 = CARTESIAN_POINT('',(2.317562165122,1.282121834832,2.2000001));
#1205 = CARTESIAN_POINT('',(2.317562165122,1.282121834832,1.8000001));
#1206 = CARTESIAN_POINT('',(2.375171141798,1.447732779569,2.2000001));
#1207 = CARTESIAN_POINT('',(2.375171141798,1.447732779569,1.8000001));
#1208 = CARTESIAN_POINT('',(2.413348173009,1.622340489456,2.2000001));
#1209 = CARTESIAN_POINT('',(2.413348173009,1.622340489456,1.8000001));
#1210 = CARTESIAN_POINT('',(2.432310221494,1.805452700472,2.2000001));
#1211 = CARTESIAN_POINT('',(2.432310221494,1.805452700472,1.8000001));
#1212 = CARTESIAN_POINT('',(2.432310221494,1.996965819095,2.2000001));
#1213 = CARTESIAN_POINT('',(2.432310221494,1.996965819095,1.8000001));
#1214 = DEFINITIONAL_REPRESENTATION('',(#1215),#1219);
#1215 = B_SPLINE_CURVE_WITH_KNOTS('',2,(#1216,#1217,#1218),
  .UNSPECIFIED.,.F.,.F.,(3,3),(0.259813349647,1.),
  .PIECEWISE_BEZIER_KNOTS.);
#1216 = CARTESIAN_POINT('',(0.259813349647,-6.661338147751E-16));
#1217 = CARTESIAN_POINT('',(0.629906674823,-5.9442975732E-16));
#1218 = CARTESIAN_POINT('',(1.,-6.661338147751E-16));
#1219 = ( GEOMETRIC_REPRESENTATION_CONTEXT(2) 
PARAMETRIC_REPRESENTATION_CONTEXT() REPRESENTATION_CONTEXT('2D SPACE',''
  ) );
#1220 = ORIENTED_EDGE('',*,*,#1221,.T.);
#1221 = EDGE_CURVE('',#1180,#1222,#1224,.T.);
#1222 = VERTEX_POINT('',#1223);
#1223 = CARTESIAN_POINT('',(2.219362481514,2.9188816024,1.8000001));
#1224 = SURFACE_CURVE('',#1225,(#1232,#1242),.PCURVE_S1.);
#1225 = B_SPLINE_CURVE_WITH_KNOTS('',5,(#1226,#1227,#1228,#1229,#1230,
    #1231),.UNSPECIFIED.,.F.,.F.,(6,6),(0.,1.),
  .PIECEWISE_BEZIER_KNOTS.);
#1226 = CARTESIAN_POINT('',(2.432310221494,1.996965819095,1.8000001));
#1227 = CARTESIAN_POINT('',(2.432310221494,2.209535701627,1.8000001));
#1228 = CARTESIAN_POINT('',(2.411392597127,2.40819825524,1.8000001));
#1229 = CARTESIAN_POINT('',(2.369225306726,2.593019438922,1.8000001));
#1230 = CARTESIAN_POINT('',(2.30514620247,2.763541065297,1.8000001));
#1231 = CARTESIAN_POINT('',(2.219362481514,2.9188816024,1.8000001));
#1232 = PCURVE('',#126,#1233);
#1233 = DEFINITIONAL_REPRESENTATION('',(#1234),#1241);
#1234 = B_SPLINE_CURVE_WITH_KNOTS('',5,(#1235,#1236,#1237,#1238,#1239,
    #1240),.UNSPECIFIED.,.F.,.F.,(6,6),(0.,1.),
  .PIECEWISE_BEZIER_KNOTS.);
#1235 = CARTESIAN_POINT('',(-2.432310221494,1.956336711621));
#1236 = CARTESIAN_POINT('',(-2.432310221494,2.168906594154));
#1237 = CARTESIAN_POINT('',(-2.411392597127,2.367569147767));
#1238 = CARTESIAN_POINT('',(-2.369225306726,2.552390331448));
#1239 = CARTESIAN_POINT('',(-2.30514620247,2.722911957823));
#1240 = CARTESIAN_POINT('',(-2.219362481514,2.878252494927));
#1241 = ( GEOMETRIC_REPRESENTATION_CONTEXT(2) 
PARAMETRIC_REPRESENTATION_CONTEXT() REPRESENTATION_CONTEXT('2D SPACE',''
  ) );
#1242 = PCURVE('',#1243,#1256);
#1243 = B_SPLINE_SURFACE_WITH_KNOTS('',5,1,(
    (#1244,#1245)
    ,(#1246,#1247)
    ,(#1248,#1249)
    ,(#1250,#1251)
    ,(#1252,#1253)
    ,(#1254,#1255
    )),.UNSPECIFIED.,.F.,.F.,.F.,(6,6),(2,2),(0.,1.),(-0.4,0.),
  .PIECEWISE_BEZIER_KNOTS.);
#1244 = CARTESIAN_POINT('',(2.432310221494,1.996965819095,2.2000001));
#1245 = CARTESIAN_POINT('',(2.432310221494,1.996965819095,1.8000001));
#1246 = CARTESIAN_POINT('',(2.432310221494,2.209535701627,2.2000001));
#1247 = CARTESIAN_POINT('',(2.432310221494,2.209535701627,1.8000001));
#1248 = CARTESIAN_POINT('',(2.411392597127,2.40819825524,2.2000001));
#1249 = CARTESIAN_POINT('',(2.411392597127,2.40819825524,1.8000001));
#1250 = CARTESIAN_POINT('',(2.369225306726,2.593019438922,2.2000001));
#1251 = CARTESIAN_POINT('',(2.369225306726,2.593019438922,1.8000001));
#1252 = CARTESIAN_POINT('',(2.30514620247,2.763541065297,2.2000001));
#1253 = CARTESIAN_POINT('',(2.30514620247,2.763541065297,1.8000001));
#1254 = CARTESIAN_POINT('',(2.219362481514,2.9188816024,2.2000001));
#1255 = CARTESIAN_POINT('',(2.219362481514,2.9188816024,1.8000001));
#1256 = DEFINITIONAL_REPRESENTATION('',(#1257),#1261);
#1257 = B_SPLINE_CURVE_WITH_KNOTS('',2,(#1258,#1259,#1260),
  .UNSPECIFIED.,.F.,.F.,(3,3),(2.08914454183E-16,1.),
  .PIECEWISE_BEZIER_KNOTS.);
#1258 = CARTESIAN_POINT('',(2.08914454183E-16,2.22044604925E-16));
#1259 = CARTESIAN_POINT('',(0.5,-9.256870051992E-17));
#1260 = CARTESIAN_POINT('',(1.,2.22044604925E-16));
#1261 = ( GEOMETRIC_REPRESENTATION_CONTEXT(2) 
PARAMETRIC_REPRESENTATION_CONTEXT() REPRESENTATION_CONTEXT('2D SPACE',''
  ) );
#1262 = ORIENTED_EDGE('',*,*,#1263,.T.);
#1263 = EDGE_CURVE('',#1222,#1264,#1266,.T.);
#1264 = VERTEX_POINT('',#1265);
#1265 = CARTESIAN_POINT('',(1.900815577949,3.344729780034,1.8000001));
#1266 = SURFACE_CURVE('',#1267,(#1274,#1284),.PCURVE_S1.);
#1267 = B_SPLINE_CURVE_WITH_KNOTS('',5,(#1268,#1269,#1270,#1271,#1272,
    #1273),.UNSPECIFIED.,.F.,.F.,(6,6),(0.,0.624878485211),
  .PIECEWISE_BEZIER_KNOTS.);
#1268 = CARTESIAN_POINT('',(2.219362481514,2.9188816024,1.8000001));
#1269 = CARTESIAN_POINT('',(2.16656824545,3.014483482277,1.8000001));
#1270 = CARTESIAN_POINT('',(2.108305352369,3.104950787224,1.8000001));
#1271 = CARTESIAN_POINT('',(2.044564844978,3.190207753176,1.8000001));
#1272 = CARTESIAN_POINT('',(1.975378526574,3.270156717099,1.8000001));
#1273 = CARTESIAN_POINT('',(1.900815577949,3.344729780034,1.8000001));
#1274 = PCURVE('',#126,#1275);
#1275 = DEFINITIONAL_REPRESENTATION('',(#1276),#1283);
#1276 = B_SPLINE_CURVE_WITH_KNOTS('',5,(#1277,#1278,#1279,#1280,#1281,
    #1282),.UNSPECIFIED.,.F.,.F.,(6,6),(0.,0.624878485211),
  .PIECEWISE_BEZIER_KNOTS.);
#1277 = CARTESIAN_POINT('',(-2.219362481514,2.878252494927));
#1278 = CARTESIAN_POINT('',(-2.16656824545,2.973854374803));
#1279 = CARTESIAN_POINT('',(-2.108305352369,3.064321679751));
#1280 = CARTESIAN_POINT('',(-2.044564844978,3.149578645703));
#1281 = CARTESIAN_POINT('',(-1.975378526574,3.229527609626));
#1282 = CARTESIAN_POINT('',(-1.900815577949,3.30410067256));
#1283 = ( GEOMETRIC_REPRESENTATION_CONTEXT(2) 
PARAMETRIC_REPRESENTATION_CONTEXT() REPRESENTATION_CONTEXT('2D SPACE',''
  ) );
#1284 = PCURVE('',#1285,#1298);
#1285 = B_SPLINE_SURFACE_WITH_KNOTS('',5,1,(
    (#1286,#1287)
    ,(#1288,#1289)
    ,(#1290,#1291)
    ,(#1292,#1293)
    ,(#1294,#1295)
    ,(#1296,#1297
    )),.UNSPECIFIED.,.F.,.F.,.F.,(6,6),(2,2),(0.,0.624878485211),(-0.4,
    0.),.PIECEWISE_BEZIER_KNOTS.);
#1286 = CARTESIAN_POINT('',(2.219362481514,2.9188816024,2.2000001));
#1287 = CARTESIAN_POINT('',(2.219362481514,2.9188816024,1.8000001));
#1288 = CARTESIAN_POINT('',(2.16656824545,3.014483482277,2.2000001));
#1289 = CARTESIAN_POINT('',(2.16656824545,3.014483482277,1.8000001));
#1290 = CARTESIAN_POINT('',(2.108305352369,3.104950787224,2.2000001));
#1291 = CARTESIAN_POINT('',(2.108305352369,3.104950787224,1.8000001));
#1292 = CARTESIAN_POINT('',(2.044564844978,3.190207753176,2.2000001));
#1293 = CARTESIAN_POINT('',(2.044564844978,3.190207753176,1.8000001));
#1294 = CARTESIAN_POINT('',(1.975378526574,3.270156717099,2.2000001));
#1295 = CARTESIAN_POINT('',(1.975378526574,3.270156717099,1.8000001));
#1296 = CARTESIAN_POINT('',(1.900815577949,3.344729780034,2.2000001));
#1297 = CARTESIAN_POINT('',(1.900815577949,3.344729780034,1.8000001));
#1298 = DEFINITIONAL_REPRESENTATION('',(#1299),#1303);
#1299 = B_SPLINE_CURVE_WITH_KNOTS('',2,(#1300,#1301,#1302),
  .UNSPECIFIED.,.F.,.F.,(3,3),(4.448696654527E-16,0.624878485211),
  .PIECEWISE_BEZIER_KNOTS.);
#1300 = CARTESIAN_POINT('',(2.669217992716E-15,2.220446049249E-16));
#1301 = CARTESIAN_POINT('',(0.312439242605,-2.876196475912E-16));
#1302 = CARTESIAN_POINT('',(0.624878485211,2.22044604925E-16));
#1303 = ( GEOMETRIC_REPRESENTATION_CONTEXT(2) 
PARAMETRIC_REPRESENTATION_CONTEXT() REPRESENTATION_CONTEXT('2D SPACE',''
  ) );
#1304 = ORIENTED_EDGE('',*,*,#1305,.T.);
#1305 = EDGE_CURVE('',#1264,#1306,#1308,.T.);
#1306 = VERTEX_POINT('',#1307);
#1307 = CARTESIAN_POINT('',(1.657796923155,3.549066692148,1.8000001));
#1308 = SURFACE_CURVE('',#1309,(#1316,#1326),.PCURVE_S1.);
#1309 = B_SPLINE_CURVE_WITH_KNOTS('',5,(#1310,#1311,#1312,#1313,#1314,
    #1315),.UNSPECIFIED.,.F.,.F.,(6,6),(0.624878485211,1.),
  .PIECEWISE_BEZIER_KNOTS.);
#1310 = CARTESIAN_POINT('',(1.900815577949,3.344729780034,1.8000001));
#1311 = CARTESIAN_POINT('',(1.856054609381,3.389496820335,1.8000001));
#1312 = CARTESIAN_POINT('',(1.809356045963,3.432326528581,1.8000001));
#1313 = CARTESIAN_POINT('',(1.76073454583,3.47320416346,1.8000001));
#1314 = CARTESIAN_POINT('',(1.710208707274,3.512119167295,1.8000001));
#1315 = CARTESIAN_POINT('',(1.657796923155,3.549066692148,1.8000001));
#1316 = PCURVE('',#126,#1317);
#1317 = DEFINITIONAL_REPRESENTATION('',(#1318),#1325);
#1318 = B_SPLINE_CURVE_WITH_KNOTS('',5,(#1319,#1320,#1321,#1322,#1323,
    #1324),.UNSPECIFIED.,.F.,.F.,(6,6),(0.624878485211,1.),
  .PIECEWISE_BEZIER_KNOTS.);
#1319 = CARTESIAN_POINT('',(-1.900815577949,3.30410067256));
#1320 = CARTESIAN_POINT('',(-1.856054609381,3.348867712861));
#1321 = CARTESIAN_POINT('',(-1.809356045963,3.391697421107));
#1322 = CARTESIAN_POINT('',(-1.76073454583,3.432575055986));
#1323 = CARTESIAN_POINT('',(-1.710208707274,3.471490059822));
#1324 = CARTESIAN_POINT('',(-1.657796923155,3.508437584675));
#1325 = ( GEOMETRIC_REPRESENTATION_CONTEXT(2) 
PARAMETRIC_REPRESENTATION_CONTEXT() REPRESENTATION_CONTEXT('2D SPACE',''
  ) );
#1326 = PCURVE('',#1327,#1340);
#1327 = B_SPLINE_SURFACE_WITH_KNOTS('',5,1,(
    (#1328,#1329)
    ,(#1330,#1331)
    ,(#1332,#1333)
    ,(#1334,#1335)
    ,(#1336,#1337)
    ,(#1338,#1339
    )),.UNSPECIFIED.,.F.,.F.,.F.,(6,6),(2,2),(0.624878485211,1.),(-0.4,
    0.),.PIECEWISE_BEZIER_KNOTS.);
#1328 = CARTESIAN_POINT('',(1.900815577949,3.344729780034,2.2000001));
#1329 = CARTESIAN_POINT('',(1.900815577949,3.344729780034,1.8000001));
#1330 = CARTESIAN_POINT('',(1.856054609381,3.389496820335,2.2000001));
#1331 = CARTESIAN_POINT('',(1.856054609381,3.389496820335,1.8000001));
#1332 = CARTESIAN_POINT('',(1.809356045963,3.432326528581,2.2000001));
#1333 = CARTESIAN_POINT('',(1.809356045963,3.432326528581,1.8000001));
#1334 = CARTESIAN_POINT('',(1.76073454583,3.47320416346,2.2000001));
#1335 = CARTESIAN_POINT('',(1.76073454583,3.47320416346,1.8000001));
#1336 = CARTESIAN_POINT('',(1.710208707274,3.512119167295,2.2000001));
#1337 = CARTESIAN_POINT('',(1.710208707274,3.512119167295,1.8000001));
#1338 = CARTESIAN_POINT('',(1.657796923155,3.549066692148,2.2000001));
#1339 = CARTESIAN_POINT('',(1.657796923155,3.549066692148,1.8000001));
#1340 = DEFINITIONAL_REPRESENTATION('',(#1341),#1345);
#1341 = B_SPLINE_CURVE_WITH_KNOTS('',2,(#1342,#1343,#1344),
  .UNSPECIFIED.,.F.,.F.,(3,3),(0.624878485211,1.),
  .PIECEWISE_BEZIER_KNOTS.);
#1342 = CARTESIAN_POINT('',(0.624878485211,2.22044604925E-16));
#1343 = CARTESIAN_POINT('',(0.812439242605,-7.317425301342E-16));
#1344 = CARTESIAN_POINT('',(1.,2.22044604925E-16));
#1345 = ( GEOMETRIC_REPRESENTATION_CONTEXT(2) 
PARAMETRIC_REPRESENTATION_CONTEXT() REPRESENTATION_CONTEXT('2D SPACE',''
  ) );
#1346 = ORIENTED_EDGE('',*,*,#1347,.T.);
#1347 = EDGE_CURVE('',#1306,#1348,#1350,.T.);
#1348 = VERTEX_POINT('',#1349);
#1349 = CARTESIAN_POINT('',(0.86992705852,3.912044641521,1.8000001));
#1350 = SURFACE_CURVE('',#1351,(#1358,#1368),.PCURVE_S1.);
#1351 = B_SPLINE_CURVE_WITH_KNOTS('',5,(#1352,#1353,#1354,#1355,#1356,
    #1357),.UNSPECIFIED.,.F.,.F.,(6,6),(0.,1.),
  .PIECEWISE_BEZIER_KNOTS.);
#1352 = CARTESIAN_POINT('',(1.657796923155,3.549066692148,1.8000001));
#1353 = CARTESIAN_POINT('',(1.519069787992,3.646861956329,1.8000001));
#1354 = CARTESIAN_POINT('',(1.370735662345,3.732105750393,1.8000001));
#1355 = CARTESIAN_POINT('',(1.212976347337,3.804689813761,1.8000001));
#1356 = CARTESIAN_POINT('',(1.046005396603,3.864641196108,1.8000001));
#1357 = CARTESIAN_POINT('',(0.86992705852,3.912044641521,1.8000001));
#1358 = PCURVE('',#126,#1359);
#1359 = DEFINITIONAL_REPRESENTATION('',(#1360),#1367);
#1360 = B_SPLINE_CURVE_WITH_KNOTS('',5,(#1361,#1362,#1363,#1364,#1365,
    #1366),.UNSPECIFIED.,.F.,.F.,(6,6),(0.,1.),
  .PIECEWISE_BEZIER_KNOTS.);
#1361 = CARTESIAN_POINT('',(-1.657796923155,3.508437584675));
#1362 = CARTESIAN_POINT('',(-1.519069787992,3.606232848856));
#1363 = CARTESIAN_POINT('',(-1.370735662345,3.691476642919));
#1364 = CARTESIAN_POINT('',(-1.212976347337,3.764060706288));
#1365 = CARTESIAN_POINT('',(-1.046005396603,3.824012088635));
#1366 = CARTESIAN_POINT('',(-0.86992705852,3.871415534048));
#1367 = ( GEOMETRIC_REPRESENTATION_CONTEXT(2) 
PARAMETRIC_REPRESENTATION_CONTEXT() REPRESENTATION_CONTEXT('2D SPACE',''
  ) );
#1368 = PCURVE('',#1369,#1382);
#1369 = B_SPLINE_SURFACE_WITH_KNOTS('',5,1,(
    (#1370,#1371)
    ,(#1372,#1373)
    ,(#1374,#1375)
    ,(#1376,#1377)
    ,(#1378,#1379)
    ,(#1380,#1381
    )),.UNSPECIFIED.,.F.,.F.,.F.,(6,6),(2,2),(0.,1.),(-0.4,0.),
  .PIECEWISE_BEZIER_KNOTS.);
#1370 = CARTESIAN_POINT('',(1.657796923155,3.549066692148,2.2000001));
#1371 = CARTESIAN_POINT('',(1.657796923155,3.549066692148,1.8000001));
#1372 = CARTESIAN_POINT('',(1.519069787992,3.646861956329,2.2000001));
#1373 = CARTESIAN_POINT('',(1.519069787992,3.646861956329,1.8000001));
#1374 = CARTESIAN_POINT('',(1.370735662345,3.732105750393,2.2000001));
#1375 = CARTESIAN_POINT('',(1.370735662345,3.732105750393,1.8000001));
#1376 = CARTESIAN_POINT('',(1.212976347337,3.804689813761,2.2000001));
#1377 = CARTESIAN_POINT('',(1.212976347337,3.804689813761,1.8000001));
#1378 = CARTESIAN_POINT('',(1.046005396603,3.864641196108,2.2000001));
#1379 = CARTESIAN_POINT('',(1.046005396603,3.864641196108,1.8000001));
#1380 = CARTESIAN_POINT('',(0.86992705852,3.912044641521,2.2000001));
#1381 = CARTESIAN_POINT('',(0.86992705852,3.912044641521,1.8000001));
#1382 = DEFINITIONAL_REPRESENTATION('',(#1383),#1387);
#1383 = B_SPLINE_CURVE_WITH_KNOTS('',2,(#1384,#1385,#1386),
  .UNSPECIFIED.,.F.,.F.,(3,3),(0.,1.),.PIECEWISE_BEZIER_KNOTS.);
#1384 = CARTESIAN_POINT('',(2.138461666378E-16,2.22044604925E-16));
#1385 = CARTESIAN_POINT('',(0.5,-9.256870051991E-17));
#1386 = CARTESIAN_POINT('',(1.,2.22044604925E-16));
#1387 = ( GEOMETRIC_REPRESENTATION_CONTEXT(2) 
PARAMETRIC_REPRESENTATION_CONTEXT() REPRESENTATION_CONTEXT('2D SPACE',''
  ) );
#1388 = ORIENTED_EDGE('',*,*,#1389,.T.);
#1389 = EDGE_CURVE('',#1348,#1390,#1392,.T.);
#1390 = VERTEX_POINT('',#1391);
#1391 = CARTESIAN_POINT('',(0.620407800234,3.969310100277,1.8000001));
#1392 = SURFACE_CURVE('',#1393,(#1400,#1410),.PCURVE_S1.);
#1393 = B_SPLINE_CURVE_WITH_KNOTS('',5,(#1394,#1395,#1396,#1397,#1398,
    #1399),.UNSPECIFIED.,.F.,.F.,(6,6),(0.,0.282678760528),
  .PIECEWISE_BEZIER_KNOTS.);
#1394 = CARTESIAN_POINT('',(0.86992705852,3.912044641521,1.8000001));
#1395 = CARTESIAN_POINT('',(0.820388574842,3.925381289472,1.8000001));
#1396 = CARTESIAN_POINT('',(0.770665842404,3.93777674282,1.8000001));
#1397 = CARTESIAN_POINT('',(0.720760381467,3.94923033386,1.8000001));
#1398 = CARTESIAN_POINT('',(0.670673814432,3.95974155813,1.8000001));
#1399 = CARTESIAN_POINT('',(0.620407800234,3.969310100277,1.8000001));
#1400 = PCURVE('',#126,#1401);
#1401 = DEFINITIONAL_REPRESENTATION('',(#1402),#1409);
#1402 = B_SPLINE_CURVE_WITH_KNOTS('',5,(#1403,#1404,#1405,#1406,#1407,
    #1408),.UNSPECIFIED.,.F.,.F.,(6,6),(0.,0.282678760528),
  .PIECEWISE_BEZIER_KNOTS.);
#1403 = CARTESIAN_POINT('',(-0.86992705852,3.871415534048));
#1404 = CARTESIAN_POINT('',(-0.820388574842,3.884752181999));
#1405 = CARTESIAN_POINT('',(-0.770665842404,3.897147635346));
#1406 = CARTESIAN_POINT('',(-0.720760381467,3.908601226387));
#1407 = CARTESIAN_POINT('',(-0.670673814432,3.919112450656));
#1408 = CARTESIAN_POINT('',(-0.620407800234,3.928680992803));
#1409 = ( GEOMETRIC_REPRESENTATION_CONTEXT(2) 
PARAMETRIC_REPRESENTATION_CONTEXT() REPRESENTATION_CONTEXT('2D SPACE',''
  ) );
#1410 = PCURVE('',#1411,#1424);
#1411 = B_SPLINE_SURFACE_WITH_KNOTS('',5,1,(
    (#1412,#1413)
    ,(#1414,#1415)
    ,(#1416,#1417)
    ,(#1418,#1419)
    ,(#1420,#1421)
    ,(#1422,#1423
    )),.UNSPECIFIED.,.F.,.F.,.F.,(6,6),(2,2),(0.,0.282678760528),(-0.4,
    0.),.PIECEWISE_BEZIER_KNOTS.);
#1412 = CARTESIAN_POINT('',(0.86992705852,3.912044641521,2.2000001));
#1413 = CARTESIAN_POINT('',(0.86992705852,3.912044641521,1.8000001));
#1414 = CARTESIAN_POINT('',(0.820388574842,3.925381289472,2.2000001));
#1415 = CARTESIAN_POINT('',(0.820388574842,3.925381289472,1.8000001));
#1416 = CARTESIAN_POINT('',(0.770665842404,3.93777674282,2.2000001));
#1417 = CARTESIAN_POINT('',(0.770665842404,3.93777674282,1.8000001));
#1418 = CARTESIAN_POINT('',(0.720760381467,3.94923033386,2.2000001));
#1419 = CARTESIAN_POINT('',(0.720760381467,3.94923033386,1.8000001));
#1420 = CARTESIAN_POINT('',(0.670673814432,3.95974155813,2.2000001));
#1421 = CARTESIAN_POINT('',(0.670673814432,3.95974155813,1.8000001));
#1422 = CARTESIAN_POINT('',(0.620407800234,3.969310100277,2.2000001));
#1423 = CARTESIAN_POINT('',(0.620407800234,3.969310100277,1.8000001));
#1424 = DEFINITIONAL_REPRESENTATION('',(#1425),#1429);
#1425 = B_SPLINE_CURVE_WITH_KNOTS('',2,(#1426,#1427,#1428),
  .UNSPECIFIED.,.F.,.F.,(3,3),(0.,0.282678760528),
  .PIECEWISE_BEZIER_KNOTS.);
#1426 = CARTESIAN_POINT('',(-2.544463052487E-16,2.220446049251E-16));
#1427 = CARTESIAN_POINT('',(0.141339380264,-8.550894197505E-16));
#1428 = CARTESIAN_POINT('',(0.282678760528,2.22044604925E-16));
#1429 = ( GEOMETRIC_REPRESENTATION_CONTEXT(2) 
PARAMETRIC_REPRESENTATION_CONTEXT() REPRESENTATION_CONTEXT('2D SPACE',''
  ) );
#1430 = ORIENTED_EDGE('',*,*,#1431,.T.);
#1431 = EDGE_CURVE('',#1390,#1432,#1434,.T.);
#1432 = VERTEX_POINT('',#1433);
#1433 = CARTESIAN_POINT('',(-2.864764784281E-02,4.029999890278,1.8000001
    ));
#1434 = SURFACE_CURVE('',#1435,(#1442,#1452),.PCURVE_S1.);
#1435 = B_SPLINE_CURVE_WITH_KNOTS('',5,(#1436,#1437,#1438,#1439,#1440,
    #1441),.UNSPECIFIED.,.F.,.F.,(6,6),(0.282678760528,1.),
  .PIECEWISE_BEZIER_KNOTS.);
#1436 = CARTESIAN_POINT('',(0.620407800234,3.969310100277,1.8000001));
#1437 = CARTESIAN_POINT('',(0.492853542034,3.993591084459,1.8000001));
#1438 = CARTESIAN_POINT('',(0.364143763428,4.011801822595,1.8000001));
#1439 = CARTESIAN_POINT('',(0.234305610913,4.023937047311,1.8000001));
#1440 = CARTESIAN_POINT('',(0.103367493926,4.029999890278,1.8000001));
#1441 = CARTESIAN_POINT('',(-2.864764784281E-02,4.029999890278,1.8000001
    ));
#1442 = PCURVE('',#126,#1443);
#1443 = DEFINITIONAL_REPRESENTATION('',(#1444),#1451);
#1444 = B_SPLINE_CURVE_WITH_KNOTS('',5,(#1445,#1446,#1447,#1448,#1449,
    #1450),.UNSPECIFIED.,.F.,.F.,(6,6),(0.282678760528,1.),
  .PIECEWISE_BEZIER_KNOTS.);
#1445 = CARTESIAN_POINT('',(-0.620407800234,3.928680992803));
#1446 = CARTESIAN_POINT('',(-0.492853542034,3.952961976985));
#1447 = CARTESIAN_POINT('',(-0.364143763428,3.971172715121));
#1448 = CARTESIAN_POINT('',(-0.234305610913,3.983307939838));
#1449 = CARTESIAN_POINT('',(-0.103367493926,3.989370782804));
#1450 = CARTESIAN_POINT('',(2.864764784281E-02,3.989370782804));
#1451 = ( GEOMETRIC_REPRESENTATION_CONTEXT(2) 
PARAMETRIC_REPRESENTATION_CONTEXT() REPRESENTATION_CONTEXT('2D SPACE',''
  ) );
#1452 = PCURVE('',#1453,#1466);
#1453 = B_SPLINE_SURFACE_WITH_KNOTS('',5,1,(
    (#1454,#1455)
    ,(#1456,#1457)
    ,(#1458,#1459)
    ,(#1460,#1461)
    ,(#1462,#1463)
    ,(#1464,#1465
    )),.UNSPECIFIED.,.F.,.F.,.F.,(6,6),(2,2),(0.282678760528,1.),(-0.4,
    0.),.PIECEWISE_BEZIER_KNOTS.);
#1454 = CARTESIAN_POINT('',(0.620407800234,3.969310100277,2.2000001));
#1455 = CARTESIAN_POINT('',(0.620407800234,3.969310100277,1.8000001));
#1456 = CARTESIAN_POINT('',(0.492853542034,3.993591084459,2.2000001));
#1457 = CARTESIAN_POINT('',(0.492853542034,3.993591084459,1.8000001));
#1458 = CARTESIAN_POINT('',(0.364143763428,4.011801822595,2.2000001));
#1459 = CARTESIAN_POINT('',(0.364143763428,4.011801822595,1.8000001));
#1460 = CARTESIAN_POINT('',(0.234305610913,4.023937047311,2.2000001));
#1461 = CARTESIAN_POINT('',(0.234305610913,4.023937047311,1.8000001));
#1462 = CARTESIAN_POINT('',(0.103367493926,4.029999890278,2.2000001));
#1463 = CARTESIAN_POINT('',(0.103367493926,4.029999890278,1.8000001));
#1464 = CARTESIAN_POINT('',(-2.864764784281E-02,4.029999890278,2.2000001
    ));
#1465 = CARTESIAN_POINT('',(-2.864764784281E-02,4.029999890278,1.8000001
    ));
#1466 = DEFINITIONAL_REPRESENTATION('',(#1467),#1471);
#1467 = B_SPLINE_CURVE_WITH_KNOTS('',2,(#1468,#1469,#1470),
  .UNSPECIFIED.,.F.,.F.,(3,3),(0.282678760528,1.),
  .PIECEWISE_BEZIER_KNOTS.);
#1468 = CARTESIAN_POINT('',(0.282678760528,-2.22044604925E-16));
#1469 = CARTESIAN_POINT('',(0.641339380264,-1.032423625074E-15));
#1470 = CARTESIAN_POINT('',(1.,-2.22044604925E-16));
#1471 = ( GEOMETRIC_REPRESENTATION_CONTEXT(2) 
PARAMETRIC_REPRESENTATION_CONTEXT() REPRESENTATION_CONTEXT('2D SPACE',''
  ) );
#1472 = ORIENTED_EDGE('',*,*,#1473,.T.);
#1473 = EDGE_CURVE('',#1432,#1474,#1476,.T.);
#1474 = VERTEX_POINT('',#1475);
#1475 = CARTESIAN_POINT('',(-1.069500219056,3.831564211097,1.8000001));
#1476 = SURFACE_CURVE('',#1477,(#1484,#1494),.PCURVE_S1.);
#1477 = B_SPLINE_CURVE_WITH_KNOTS('',5,(#1478,#1479,#1480,#1481,#1482,
    #1483),.UNSPECIFIED.,.F.,.F.,(6,6),(0.,1.),
  .PIECEWISE_BEZIER_KNOTS.);
#1478 = CARTESIAN_POINT('',(-2.864764784281E-02,4.029999890278,1.8000001
    ));
#1479 = CARTESIAN_POINT('',(-0.257968383774,4.029999890278,1.8000001));
#1480 = CARTESIAN_POINT('',(-0.476856864282,4.010327517195,1.8000001));
#1481 = CARTESIAN_POINT('',(-0.685270783262,3.970799759439,1.8000001));
#1482 = CARTESIAN_POINT('',(-0.882942857225,3.911190456756,1.8000001));
#1483 = CARTESIAN_POINT('',(-1.069500219056,3.831564211097,1.8000001));
#1484 = PCURVE('',#126,#1485);
#1485 = DEFINITIONAL_REPRESENTATION('',(#1486),#1493);
#1486 = B_SPLINE_CURVE_WITH_KNOTS('',5,(#1487,#1488,#1489,#1490,#1491,
    #1492),.UNSPECIFIED.,.F.,.F.,(6,6),(0.,1.),
  .PIECEWISE_BEZIER_KNOTS.);
#1487 = CARTESIAN_POINT('',(2.864764784281E-02,3.989370782804));
#1488 = CARTESIAN_POINT('',(0.257968383774,3.989370782804));
#1489 = CARTESIAN_POINT('',(0.476856864282,3.969698409721));
#1490 = CARTESIAN_POINT('',(0.685270783262,3.930170651966));
#1491 = CARTESIAN_POINT('',(0.882942857225,3.870561349283));
#1492 = CARTESIAN_POINT('',(1.069500219056,3.790935103623));
#1493 = ( GEOMETRIC_REPRESENTATION_CONTEXT(2) 
PARAMETRIC_REPRESENTATION_CONTEXT() REPRESENTATION_CONTEXT('2D SPACE',''
  ) );
#1494 = PCURVE('',#1495,#1508);
#1495 = B_SPLINE_SURFACE_WITH_KNOTS('',5,1,(
    (#1496,#1497)
    ,(#1498,#1499)
    ,(#1500,#1501)
    ,(#1502,#1503)
    ,(#1504,#1505)
    ,(#1506,#1507
    )),.UNSPECIFIED.,.F.,.F.,.F.,(6,6),(2,2),(0.,1.),(-0.4,0.),
  .PIECEWISE_BEZIER_KNOTS.);
#1496 = CARTESIAN_POINT('',(-2.864764784281E-02,4.029999890278,2.2000001
    ));
#1497 = CARTESIAN_POINT('',(-2.864764784281E-02,4.029999890278,1.8000001
    ));
#1498 = CARTESIAN_POINT('',(-0.257968383774,4.029999890278,2.2000001));
#1499 = CARTESIAN_POINT('',(-0.257968383774,4.029999890278,1.8000001));
#1500 = CARTESIAN_POINT('',(-0.476856864282,4.010327517195,2.2000001));
#1501 = CARTESIAN_POINT('',(-0.476856864282,4.010327517195,1.8000001));
#1502 = CARTESIAN_POINT('',(-0.685270783262,3.970799759439,2.2000001));
#1503 = CARTESIAN_POINT('',(-0.685270783262,3.970799759439,1.8000001));
#1504 = CARTESIAN_POINT('',(-0.882942857225,3.911190456756,2.2000001));
#1505 = CARTESIAN_POINT('',(-0.882942857225,3.911190456756,1.8000001));
#1506 = CARTESIAN_POINT('',(-1.069500219056,3.831564211097,2.2000001));
#1507 = CARTESIAN_POINT('',(-1.069500219056,3.831564211097,1.8000001));
#1508 = DEFINITIONAL_REPRESENTATION('',(#1509),#1513);
#1509 = B_SPLINE_CURVE_WITH_KNOTS('',2,(#1510,#1511,#1512),
  .UNSPECIFIED.,.F.,.F.,(3,3),(0.,1.),.PIECEWISE_BEZIER_KNOTS.);
#1510 = CARTESIAN_POINT('',(3.900202244596E-29,2.22044604925E-16));
#1511 = CARTESIAN_POINT('',(0.5,-9.256870051991E-17));
#1512 = CARTESIAN_POINT('',(1.,2.22044604925E-16));
#1513 = ( GEOMETRIC_REPRESENTATION_CONTEXT(2) 
PARAMETRIC_REPRESENTATION_CONTEXT() REPRESENTATION_CONTEXT('2D SPACE',''
  ) );
#1514 = ORIENTED_EDGE('',*,*,#1515,.T.);
#1515 = EDGE_CURVE('',#1474,#1516,#1518,.T.);
#1516 = VERTEX_POINT('',#1517);
#1517 = CARTESIAN_POINT('',(-1.776741297198,3.369517305779,1.8000001));
#1518 = SURFACE_CURVE('',#1519,(#1526,#1536),.PCURVE_S1.);
#1519 = B_SPLINE_CURVE_WITH_KNOTS('',5,(#1520,#1521,#1522,#1523,#1524,
    #1525),.UNSPECIFIED.,.F.,.F.,(6,6),(0.,0.876422415597),
  .PIECEWISE_BEZIER_KNOTS.);
#1520 = CARTESIAN_POINT('',(-1.069500219056,3.831564211097,1.8000001));
#1521 = CARTESIAN_POINT('',(-1.232090106184,3.762167741469,1.8000001));
#1522 = CARTESIAN_POINT('',(-1.384277788697,3.681279944734,1.8000001));
#1523 = CARTESIAN_POINT('',(-1.525927934934,3.588834719087,1.8000001));
#1524 = CARTESIAN_POINT('',(-1.656802124262,3.484861338297,1.8000001));
#1525 = CARTESIAN_POINT('',(-1.776741297198,3.369517305779,1.8000001));
#1526 = PCURVE('',#126,#1527);
#1527 = DEFINITIONAL_REPRESENTATION('',(#1528),#1535);
#1528 = B_SPLINE_CURVE_WITH_KNOTS('',5,(#1529,#1530,#1531,#1532,#1533,
    #1534),.UNSPECIFIED.,.F.,.F.,(6,6),(0.,0.876422415597),
  .PIECEWISE_BEZIER_KNOTS.);
#1529 = CARTESIAN_POINT('',(1.069500219056,3.790935103623));
#1530 = CARTESIAN_POINT('',(1.232090106184,3.721538633995));
#1531 = CARTESIAN_POINT('',(1.384277788697,3.640650837261));
#1532 = CARTESIAN_POINT('',(1.525927934934,3.548205611613));
#1533 = CARTESIAN_POINT('',(1.656802124262,3.444232230824));
#1534 = CARTESIAN_POINT('',(1.776741297198,3.328888198306));
#1535 = ( GEOMETRIC_REPRESENTATION_CONTEXT(2) 
PARAMETRIC_REPRESENTATION_CONTEXT() REPRESENTATION_CONTEXT('2D SPACE',''
  ) );
#1536 = PCURVE('',#1537,#1550);
#1537 = B_SPLINE_SURFACE_WITH_KNOTS('',5,1,(
    (#1538,#1539)
    ,(#1540,#1541)
    ,(#1542,#1543)
    ,(#1544,#1545)
    ,(#1546,#1547)
    ,(#1548,#1549
    )),.UNSPECIFIED.,.F.,.F.,.F.,(6,6),(2,2),(0.,0.876422415597),(-0.4,
    0.),.PIECEWISE_BEZIER_KNOTS.);
#1538 = CARTESIAN_POINT('',(-1.069500219056,3.831564211097,2.2000001));
#1539 = CARTESIAN_POINT('',(-1.069500219056,3.831564211097,1.8000001));
#1540 = CARTESIAN_POINT('',(-1.232090106184,3.762167741469,2.2000001));
#1541 = CARTESIAN_POINT('',(-1.232090106184,3.762167741469,1.8000001));
#1542 = CARTESIAN_POINT('',(-1.384277788697,3.681279944734,2.2000001));
#1543 = CARTESIAN_POINT('',(-1.384277788697,3.681279944734,1.8000001));
#1544 = CARTESIAN_POINT('',(-1.525927934934,3.588834719087,2.2000001));
#1545 = CARTESIAN_POINT('',(-1.525927934934,3.588834719087,1.8000001));
#1546 = CARTESIAN_POINT('',(-1.656802124262,3.484861338297,2.2000001));
#1547 = CARTESIAN_POINT('',(-1.656802124262,3.484861338297,1.8000001));
#1548 = CARTESIAN_POINT('',(-1.776741297198,3.369517305779,2.2000001));
#1549 = CARTESIAN_POINT('',(-1.776741297198,3.369517305779,1.8000001));
#1550 = DEFINITIONAL_REPRESENTATION('',(#1551),#1555);
#1551 = B_SPLINE_CURVE_WITH_KNOTS('',2,(#1552,#1553,#1554),
  .UNSPECIFIED.,.F.,.F.,(3,3),(0.,0.876422415597),
  .PIECEWISE_BEZIER_KNOTS.);
#1552 = CARTESIAN_POINT('',(-5.760780604245E-46,2.22044604925E-16));
#1553 = CARTESIAN_POINT('',(0.438211207799,-2.876196475913E-16));
#1554 = CARTESIAN_POINT('',(0.876422415597,2.22044604925E-16));
#1555 = ( GEOMETRIC_REPRESENTATION_CONTEXT(2) 
PARAMETRIC_REPRESENTATION_CONTEXT() REPRESENTATION_CONTEXT('2D SPACE',''
  ) );
#1556 = ORIENTED_EDGE('',*,*,#1557,.T.);
#1557 = EDGE_CURVE('',#1516,#1558,#1560,.T.);
#1558 = VERTEX_POINT('',#1559);
#1559 = CARTESIAN_POINT('',(-1.859121508587,3.285942163717,1.8000001));
#1560 = SURFACE_CURVE('',#1561,(#1567,#1576),.PCURVE_S1.);
#1561 = B_SPLINE_CURVE_WITH_KNOTS('',4,(#1562,#1563,#1564,#1565,#1566),
  .UNSPECIFIED.,.F.,.F.,(5,5),(0.876422415597,1.),
  .PIECEWISE_BEZIER_KNOTS.);
#1562 = CARTESIAN_POINT('',(-1.776741297451,3.36951730546,1.8000001));
#1563 = CARTESIAN_POINT('',(-1.797880922247,3.349187587591,1.8000001));
#1564 = CARTESIAN_POINT('',(-1.818658205096,3.328481088709,1.8000001));
#1565 = CARTESIAN_POINT('',(-1.839072038934,3.307398874772,1.8000001));
#1566 = CARTESIAN_POINT('',(-1.859121508333,3.285942164036,1.8000001));
#1567 = PCURVE('',#126,#1568);
#1568 = DEFINITIONAL_REPRESENTATION('',(#1569),#1575);
#1569 = B_SPLINE_CURVE_WITH_KNOTS('',4,(#1570,#1571,#1572,#1573,#1574),
  .UNSPECIFIED.,.F.,.F.,(5,5),(0.876422415597,1.),
  .PIECEWISE_BEZIER_KNOTS.);
#1570 = CARTESIAN_POINT('',(1.776741297451,3.328888197987));
#1571 = CARTESIAN_POINT('',(1.797880922247,3.308558480118));
#1572 = CARTESIAN_POINT('',(1.818658205096,3.287851981236));
#1573 = CARTESIAN_POINT('',(1.839072038934,3.266769767299));
#1574 = CARTESIAN_POINT('',(1.859121508333,3.245313056563));
#1575 = ( GEOMETRIC_REPRESENTATION_CONTEXT(2) 
PARAMETRIC_REPRESENTATION_CONTEXT() REPRESENTATION_CONTEXT('2D SPACE',''
  ) );
#1576 = PCURVE('',#1577,#1588);
#1577 = B_SPLINE_SURFACE_WITH_KNOTS('',4,1,(
    (#1578,#1579)
    ,(#1580,#1581)
    ,(#1582,#1583)
    ,(#1584,#1585)
    ,(#1586,#1587
    )),.UNSPECIFIED.,.F.,.F.,.F.,(5,5),(2,2),(0.876422415597,1.),(-0.4,
    0.),.PIECEWISE_BEZIER_KNOTS.);
#1578 = CARTESIAN_POINT('',(-1.776741297451,3.36951730546,2.2000001));
#1579 = CARTESIAN_POINT('',(-1.776741297451,3.36951730546,1.8000001));
#1580 = CARTESIAN_POINT('',(-1.797880922247,3.349187587591,2.2000001));
#1581 = CARTESIAN_POINT('',(-1.797880922247,3.349187587591,1.8000001));
#1582 = CARTESIAN_POINT('',(-1.818658205096,3.328481088709,2.2000001));
#1583 = CARTESIAN_POINT('',(-1.818658205096,3.328481088709,1.8000001));
#1584 = CARTESIAN_POINT('',(-1.839072038934,3.307398874772,2.2000001));
#1585 = CARTESIAN_POINT('',(-1.839072038934,3.307398874772,1.8000001));
#1586 = CARTESIAN_POINT('',(-1.859121508333,3.285942164036,2.2000001));
#1587 = CARTESIAN_POINT('',(-1.859121508333,3.285942164036,1.8000001));
#1588 = DEFINITIONAL_REPRESENTATION('',(#1589),#1593);
#1589 = B_SPLINE_CURVE_WITH_KNOTS('',2,(#1590,#1591,#1592),
  .UNSPECIFIED.,.F.,.F.,(3,3),(0.876422415597,1.),
  .PIECEWISE_BEZIER_KNOTS.);
#1590 = CARTESIAN_POINT('',(0.876422415597,-2.22044604925E-16));
#1591 = CARTESIAN_POINT('',(0.938211207799,-6.473795220256E-17));
#1592 = CARTESIAN_POINT('',(1.,-2.22044604925E-16));
#1593 = ( GEOMETRIC_REPRESENTATION_CONTEXT(2) 
PARAMETRIC_REPRESENTATION_CONTEXT() REPRESENTATION_CONTEXT('2D SPACE',''
  ) );
#1594 = ORIENTED_EDGE('',*,*,#1595,.T.);
#1595 = EDGE_CURVE('',#1558,#1596,#1598,.T.);
#1596 = VERTEX_POINT('',#1597);
#1597 = CARTESIAN_POINT('',(-1.900905584989,3.239987621683,1.8000001));
#1598 = SURFACE_CURVE('',#1599,(#1605,#1614),.PCURVE_S1.);
#1599 = B_SPLINE_CURVE_WITH_KNOTS('',4,(#1600,#1601,#1602,#1603,#1604),
  .UNSPECIFIED.,.F.,.F.,(5,5),(0.,6.544637340643E-02),
  .PIECEWISE_BEZIER_KNOTS.);
#1600 = CARTESIAN_POINT('',(-1.859121508597,3.285942163707,1.8000001));
#1601 = CARTESIAN_POINT('',(-1.869725536789,3.274593855065,1.8000001));
#1602 = CARTESIAN_POINT('',(-1.880224320616,3.263151900177,1.8000001));
#1603 = CARTESIAN_POINT('',(-1.890617714638,3.25161643862,1.8000001));
#1604 = CARTESIAN_POINT('',(-1.900905584979,3.239987621693,1.8000001));
#1605 = PCURVE('',#126,#1606);
#1606 = DEFINITIONAL_REPRESENTATION('',(#1607),#1613);
#1607 = B_SPLINE_CURVE_WITH_KNOTS('',4,(#1608,#1609,#1610,#1611,#1612),
  .UNSPECIFIED.,.F.,.F.,(5,5),(0.,6.544637340643E-02),
  .PIECEWISE_BEZIER_KNOTS.);
#1608 = CARTESIAN_POINT('',(1.859121508597,3.245313056234));
#1609 = CARTESIAN_POINT('',(1.869725536789,3.233964747591));
#1610 = CARTESIAN_POINT('',(1.880224320616,3.222522792704));
#1611 = CARTESIAN_POINT('',(1.890617714638,3.210987331146));
#1612 = CARTESIAN_POINT('',(1.900905584979,3.19935851422));
#1613 = ( GEOMETRIC_REPRESENTATION_CONTEXT(2) 
PARAMETRIC_REPRESENTATION_CONTEXT() REPRESENTATION_CONTEXT('2D SPACE',''
  ) );
#1614 = PCURVE('',#1615,#1626);
#1615 = B_SPLINE_SURFACE_WITH_KNOTS('',4,1,(
    (#1616,#1617)
    ,(#1618,#1619)
    ,(#1620,#1621)
    ,(#1622,#1623)
    ,(#1624,#1625
    )),.UNSPECIFIED.,.F.,.F.,.F.,(5,5),(2,2),(0.,6.544637340643E-02),(
    -0.4,0.),.PIECEWISE_BEZIER_KNOTS.);
#1616 = CARTESIAN_POINT('',(-1.859121508597,3.285942163707,2.2000001));
#1617 = CARTESIAN_POINT('',(-1.859121508597,3.285942163707,1.8000001));
#1618 = CARTESIAN_POINT('',(-1.869725536789,3.274593855065,2.2000001));
#1619 = CARTESIAN_POINT('',(-1.869725536789,3.274593855065,1.8000001));
#1620 = CARTESIAN_POINT('',(-1.880224320616,3.263151900177,2.2000001));
#1621 = CARTESIAN_POINT('',(-1.880224320616,3.263151900177,1.8000001));
#1622 = CARTESIAN_POINT('',(-1.890617714638,3.25161643862,2.2000001));
#1623 = CARTESIAN_POINT('',(-1.890617714638,3.25161643862,1.8000001));
#1624 = CARTESIAN_POINT('',(-1.900905584979,3.239987621693,2.2000001));
#1625 = CARTESIAN_POINT('',(-1.900905584979,3.239987621693,1.8000001));
#1626 = DEFINITIONAL_REPRESENTATION('',(#1627),#1631);
#1627 = B_SPLINE_CURVE_WITH_KNOTS('',2,(#1628,#1629,#1630),
  .UNSPECIFIED.,.F.,.F.,(3,3),(0.,6.544637340643E-02),
  .PIECEWISE_BEZIER_KNOTS.);
#1628 = CARTESIAN_POINT('',(2.389363773612E-45,-2.22044604925E-16));
#1629 = CARTESIAN_POINT('',(3.272318670321E-02,-3.793512576475E-16));
#1630 = CARTESIAN_POINT('',(6.544637340643E-02,-2.22044604925E-16));
#1631 = ( GEOMETRIC_REPRESENTATION_CONTEXT(2) 
PARAMETRIC_REPRESENTATION_CONTEXT() REPRESENTATION_CONTEXT('2D SPACE',''
  ) );
#1632 = ORIENTED_EDGE('',*,*,#1633,.T.);
#1633 = EDGE_CURVE('',#1596,#1634,#1636,.T.);
#1634 = VERTEX_POINT('',#1635);
#1635 = CARTESIAN_POINT('',(-2.358488122269,2.463533966051,1.8000001));
#1636 = SURFACE_CURVE('',#1637,(#1644,#1654),.PCURVE_S1.);
#1637 = B_SPLINE_CURVE_WITH_KNOTS('',5,(#1638,#1639,#1640,#1641,#1642,
    #1643),.UNSPECIFIED.,.F.,.F.,(6,6),(6.544637340643E-02,1.),
  .PIECEWISE_BEZIER_KNOTS.);
#1638 = CARTESIAN_POINT('',(-1.900905584989,3.239987621683,1.8000001));
#1639 = CARTESIAN_POINT('',(-2.018431627274,3.107142943034,1.8000001));
#1640 = CARTESIAN_POINT('',(-2.123047314359,2.962876633002,1.8000001));
#1641 = CARTESIAN_POINT('',(-2.214589835548,2.807367259671,1.8000001));
#1642 = CARTESIAN_POINT('',(-2.293043170679,2.640873772394,1.8000001));
#1643 = CARTESIAN_POINT('',(-2.358488122269,2.463533966051,1.8000001));
#1644 = PCURVE('',#126,#1645);
#1645 = DEFINITIONAL_REPRESENTATION('',(#1646),#1653);
#1646 = B_SPLINE_CURVE_WITH_KNOTS('',5,(#1647,#1648,#1649,#1650,#1651,
    #1652),.UNSPECIFIED.,.F.,.F.,(6,6),(6.544637340643E-02,1.),
  .PIECEWISE_BEZIER_KNOTS.);
#1647 = CARTESIAN_POINT('',(1.900905584989,3.19935851421));
#1648 = CARTESIAN_POINT('',(2.018431627274,3.06651383556));
#1649 = CARTESIAN_POINT('',(2.123047314359,2.922247525528));
#1650 = CARTESIAN_POINT('',(2.214589835548,2.766738152197));
#1651 = CARTESIAN_POINT('',(2.293043170679,2.600244664921));
#1652 = CARTESIAN_POINT('',(2.358488122269,2.422904858578));
#1653 = ( GEOMETRIC_REPRESENTATION_CONTEXT(2) 
PARAMETRIC_REPRESENTATION_CONTEXT() REPRESENTATION_CONTEXT('2D SPACE',''
  ) );
#1654 = PCURVE('',#1655,#1668);
#1655 = B_SPLINE_SURFACE_WITH_KNOTS('',5,1,(
    (#1656,#1657)
    ,(#1658,#1659)
    ,(#1660,#1661)
    ,(#1662,#1663)
    ,(#1664,#1665)
    ,(#1666,#1667
    )),.UNSPECIFIED.,.F.,.F.,.F.,(6,6),(2,2),(6.544637340643E-02,1.),(
    -0.4,0.),.PIECEWISE_BEZIER_KNOTS.);
#1656 = CARTESIAN_POINT('',(-1.900905584989,3.239987621683,2.2000001));
#1657 = CARTESIAN_POINT('',(-1.900905584989,3.239987621683,1.8000001));
#1658 = CARTESIAN_POINT('',(-2.018431627274,3.107142943034,2.2000001));
#1659 = CARTESIAN_POINT('',(-2.018431627274,3.107142943034,1.8000001));
#1660 = CARTESIAN_POINT('',(-2.123047314359,2.962876633002,2.2000001));
#1661 = CARTESIAN_POINT('',(-2.123047314359,2.962876633002,1.8000001));
#1662 = CARTESIAN_POINT('',(-2.214589835548,2.807367259671,2.2000001));
#1663 = CARTESIAN_POINT('',(-2.214589835548,2.807367259671,1.8000001));
#1664 = CARTESIAN_POINT('',(-2.293043170679,2.640873772394,2.2000001));
#1665 = CARTESIAN_POINT('',(-2.293043170679,2.640873772394,1.8000001));
#1666 = CARTESIAN_POINT('',(-2.358488122269,2.463533966051,2.2000001));
#1667 = CARTESIAN_POINT('',(-2.358488122269,2.463533966051,1.8000001));
#1668 = DEFINITIONAL_REPRESENTATION('',(#1669),#1673);
#1669 = B_SPLINE_CURVE_WITH_KNOTS('',2,(#1670,#1671,#1672),
  .UNSPECIFIED.,.F.,.F.,(3,3),(6.544637340643E-02,1.),
  .PIECEWISE_BEZIER_KNOTS.);
#1670 = CARTESIAN_POINT('',(6.544637340643E-02,2.22044604925E-16));
#1671 = CARTESIAN_POINT('',(0.532723186703,-2.876196475913E-16));
#1672 = CARTESIAN_POINT('',(1.,2.22044604925E-16));
#1673 = ( GEOMETRIC_REPRESENTATION_CONTEXT(2) 
PARAMETRIC_REPRESENTATION_CONTEXT() REPRESENTATION_CONTEXT('2D SPACE',''
  ) );
#1674 = ORIENTED_EDGE('',*,*,#1675,.T.);
#1675 = EDGE_CURVE('',#1634,#1676,#1678,.T.);
#1676 = VERTEX_POINT('',#1677);
#1677 = CARTESIAN_POINT('',(-2.533501548223,1.426388849267,1.8000001));
#1678 = SURFACE_CURVE('',#1679,(#1686,#1696),.PCURVE_S1.);
#1679 = B_SPLINE_CURVE_WITH_KNOTS('',5,(#1680,#1681,#1682,#1683,#1684,
    #1685),.UNSPECIFIED.,.F.,.F.,(6,6),(0.,1.),
  .PIECEWISE_BEZIER_KNOTS.);
#1680 = CARTESIAN_POINT('',(-2.358488122269,2.463533966051,1.8000001));
#1681 = CARTESIAN_POINT('',(-2.428656381836,2.27339515075,1.8000001));
#1682 = CARTESIAN_POINT('',(-2.481205832997,2.074410500884,1.8000001));
#1683 = CARTESIAN_POINT('',(-2.516110577565,1.866816872787,1.8000001));
#1684 = CARTESIAN_POINT('',(-2.533501548223,1.650793183449,1.8000001));
#1685 = CARTESIAN_POINT('',(-2.533501548223,1.426388849267,1.8000001));
#1686 = PCURVE('',#126,#1687);
#1687 = DEFINITIONAL_REPRESENTATION('',(#1688),#1695);
#1688 = B_SPLINE_CURVE_WITH_KNOTS('',5,(#1689,#1690,#1691,#1692,#1693,
    #1694),.UNSPECIFIED.,.F.,.F.,(6,6),(0.,1.),
  .PIECEWISE_BEZIER_KNOTS.);
#1689 = CARTESIAN_POINT('',(2.358488122269,2.422904858578));
#1690 = CARTESIAN_POINT('',(2.428656381836,2.232766043277));
#1691 = CARTESIAN_POINT('',(2.481205832997,2.033781393411));
#1692 = CARTESIAN_POINT('',(2.516110577565,1.826187765314));
#1693 = CARTESIAN_POINT('',(2.533501548223,1.610164075976));
#1694 = CARTESIAN_POINT('',(2.533501548223,1.385759741794));
#1695 = ( GEOMETRIC_REPRESENTATION_CONTEXT(2) 
PARAMETRIC_REPRESENTATION_CONTEXT() REPRESENTATION_CONTEXT('2D SPACE',''
  ) );
#1696 = PCURVE('',#1697,#1710);
#1697 = B_SPLINE_SURFACE_WITH_KNOTS('',5,1,(
    (#1698,#1699)
    ,(#1700,#1701)
    ,(#1702,#1703)
    ,(#1704,#1705)
    ,(#1706,#1707)
    ,(#1708,#1709
    )),.UNSPECIFIED.,.F.,.F.,.F.,(6,6),(2,2),(0.,1.),(-0.4,0.),
  .PIECEWISE_BEZIER_KNOTS.);
#1698 = CARTESIAN_POINT('',(-2.358488122269,2.463533966051,2.2000001));
#1699 = CARTESIAN_POINT('',(-2.358488122269,2.463533966051,1.8000001));
#1700 = CARTESIAN_POINT('',(-2.428656381836,2.27339515075,2.2000001));
#1701 = CARTESIAN_POINT('',(-2.428656381836,2.27339515075,1.8000001));
#1702 = CARTESIAN_POINT('',(-2.481205832997,2.074410500884,2.2000001));
#1703 = CARTESIAN_POINT('',(-2.481205832997,2.074410500884,1.8000001));
#1704 = CARTESIAN_POINT('',(-2.516110577565,1.866816872787,2.2000001));
#1705 = CARTESIAN_POINT('',(-2.516110577565,1.866816872787,1.8000001));
#1706 = CARTESIAN_POINT('',(-2.533501548223,1.650793183449,2.2000001));
#1707 = CARTESIAN_POINT('',(-2.533501548223,1.650793183449,1.8000001));
#1708 = CARTESIAN_POINT('',(-2.533501548223,1.426388849267,2.2000001));
#1709 = CARTESIAN_POINT('',(-2.533501548223,1.426388849267,1.8000001));
#1710 = DEFINITIONAL_REPRESENTATION('',(#1711),#1715);
#1711 = B_SPLINE_CURVE_WITH_KNOTS('',2,(#1712,#1713,#1714),
  .UNSPECIFIED.,.F.,.F.,(3,3),(0.,1.),.PIECEWISE_BEZIER_KNOTS.);
#1712 = CARTESIAN_POINT('',(3.034443334354E-16,2.22044604925E-16));
#1713 = CARTESIAN_POINT('',(0.5,-9.256870051991E-17));
#1714 = CARTESIAN_POINT('',(1.,2.22044604925E-16));
#1715 = ( GEOMETRIC_REPRESENTATION_CONTEXT(2) 
PARAMETRIC_REPRESENTATION_CONTEXT() REPRESENTATION_CONTEXT('2D SPACE',''
  ) );
#1716 = ORIENTED_EDGE('',*,*,#1717,.F.);
#1717 = EDGE_CURVE('',#1718,#1676,#1720,.T.);
#1718 = VERTEX_POINT('',#1719);
#1719 = CARTESIAN_POINT('',(-2.453501548223,1.346388849267,1.8000001));
#1720 = SURFACE_CURVE('',#1721,(#1725,#1732),.PCURVE_S1.);
#1721 = ( BOUNDED_CURVE() B_SPLINE_CURVE(2,(#1722,#1723,#1724),
.UNSPECIFIED.,.F.,.F.) B_SPLINE_CURVE_WITH_KNOTS((3,3),(1.570796326795,
3.14159265359),.PIECEWISE_BEZIER_KNOTS.) CURVE() 
GEOMETRIC_REPRESENTATION_ITEM() RATIONAL_B_SPLINE_CURVE((1.,
0.707106781187,1.)) REPRESENTATION_ITEM('') );
#1722 = CARTESIAN_POINT('',(-2.453501548223,1.346388849267,1.8000001));
#1723 = CARTESIAN_POINT('',(-2.533501548223,1.346388849267,1.8000001));
#1724 = CARTESIAN_POINT('',(-2.533501548223,1.426388849267,1.8000001));
#1725 = PCURVE('',#126,#1726);
#1726 = DEFINITIONAL_REPRESENTATION('',(#1727),#1731);
#1727 = ( BOUNDED_CURVE() B_SPLINE_CURVE(2,(#1728,#1729,#1730),
.UNSPECIFIED.,.F.,.F.) B_SPLINE_CURVE_WITH_KNOTS((3,3),(1.570796326795,
3.14159265359),.PIECEWISE_BEZIER_KNOTS.) CURVE() 
GEOMETRIC_REPRESENTATION_ITEM() RATIONAL_B_SPLINE_CURVE((1.,
0.707106781187,1.)) REPRESENTATION_ITEM('') );
#1728 = CARTESIAN_POINT('',(2.453501548223,1.305759741794));
#1729 = CARTESIAN_POINT('',(2.533501548223,1.305759741794));
#1730 = CARTESIAN_POINT('',(2.533501548223,1.385759741794));
#1731 = ( GEOMETRIC_REPRESENTATION_CONTEXT(2) 
PARAMETRIC_REPRESENTATION_CONTEXT() REPRESENTATION_CONTEXT('2D SPACE',''
  ) );
#1732 = PCURVE('',#1733,#1740);
#1733 = ( BOUNDED_SURFACE() B_SPLINE_SURFACE(2,1,(
    (#1734,#1735)
    ,(#1736,#1737)
    ,(#1738,#1739
)),.UNSPECIFIED.,.F.,.F.,.F.) B_SPLINE_SURFACE_WITH_KNOTS((3,3),(2,2),(
    1.570796326795,3.14159265359),(-0.4,0.),.PIECEWISE_BEZIER_KNOTS.) 
GEOMETRIC_REPRESENTATION_ITEM() RATIONAL_B_SPLINE_SURFACE((
    (1.,1.)
    ,(0.707106781187,0.707106781187)
,(1.,1.))) REPRESENTATION_ITEM('') SURFACE() );
#1734 = CARTESIAN_POINT('',(-2.453501548223,1.346388849267,2.2000001));
#1735 = CARTESIAN_POINT('',(-2.453501548223,1.346388849267,1.8000001));
#1736 = CARTESIAN_POINT('',(-2.533501548223,1.346388849267,2.2000001));
#1737 = CARTESIAN_POINT('',(-2.533501548223,1.346388849267,1.8000001));
#1738 = CARTESIAN_POINT('',(-2.533501548223,1.426388849267,2.2000001));
#1739 = CARTESIAN_POINT('',(-2.533501548223,1.426388849267,1.8000001));
#1740 = DEFINITIONAL_REPRESENTATION('',(#1741),#1745);
#1741 = B_SPLINE_CURVE_WITH_KNOTS('',2,(#1742,#1743,#1744),
  .UNSPECIFIED.,.F.,.F.,(3,3),(1.570796326795,3.14159265359),
  .PIECEWISE_BEZIER_KNOTS.);
#1742 = CARTESIAN_POINT('',(1.570796326795,-2.22044604925E-16));
#1743 = CARTESIAN_POINT('',(2.356194490192,2.876196475913E-16));
#1744 = CARTESIAN_POINT('',(3.14159265359,-2.22044604925E-16));
#1745 = ( GEOMETRIC_REPRESENTATION_CONTEXT(2) 
PARAMETRIC_REPRESENTATION_CONTEXT() REPRESENTATION_CONTEXT('2D SPACE',''
  ) );
#1746 = ORIENTED_EDGE('',*,*,#1747,.T.);
#1747 = EDGE_CURVE('',#1718,#1748,#1750,.T.);
#1748 = VERTEX_POINT('',#1749);
#1749 = CARTESIAN_POINT('',(-1.762272997545,1.346388849267,1.8000001));
#1750 = SURFACE_CURVE('',#1751,(#1754,#1760),.PCURVE_S1.);
#1751 = B_SPLINE_CURVE_WITH_KNOTS('',1,(#1752,#1753),.UNSPECIFIED.,.F.,
  .F.,(2,2),(0.,0.691228550678),.PIECEWISE_BEZIER_KNOTS.);
#1752 = CARTESIAN_POINT('',(-2.453501548223,1.346388849267,1.8000001));
#1753 = CARTESIAN_POINT('',(-1.762272997545,1.346388849267,1.8000001));
#1754 = PCURVE('',#126,#1755);
#1755 = DEFINITIONAL_REPRESENTATION('',(#1756),#1759);
#1756 = B_SPLINE_CURVE_WITH_KNOTS('',1,(#1757,#1758),.UNSPECIFIED.,.F.,
  .F.,(2,2),(0.,0.691228550678),.PIECEWISE_BEZIER_KNOTS.);
#1757 = CARTESIAN_POINT('',(2.453501548223,1.305759741794));
#1758 = CARTESIAN_POINT('',(1.762272997545,1.305759741794));
#1759 = ( GEOMETRIC_REPRESENTATION_CONTEXT(2) 
PARAMETRIC_REPRESENTATION_CONTEXT() REPRESENTATION_CONTEXT('2D SPACE',''
  ) );
#1760 = PCURVE('',#1761,#1766);
#1761 = B_SPLINE_SURFACE_WITH_KNOTS('',1,1,(
    (#1762,#1763)
    ,(#1764,#1765
    )),.UNSPECIFIED.,.F.,.F.,.F.,(2,2),(2,2),(0.,0.691228550678),(-0.4,
    0.),.PIECEWISE_BEZIER_KNOTS.);
#1762 = CARTESIAN_POINT('',(-2.453501548223,1.346388849267,2.2000001));
#1763 = CARTESIAN_POINT('',(-2.453501548223,1.346388849267,1.8000001));
#1764 = CARTESIAN_POINT('',(-1.762272997545,1.346388849267,2.2000001));
#1765 = CARTESIAN_POINT('',(-1.762272997545,1.346388849267,1.8000001));
#1766 = DEFINITIONAL_REPRESENTATION('',(#1767),#1770);
#1767 = B_SPLINE_CURVE_WITH_KNOTS('',1,(#1768,#1769),.UNSPECIFIED.,.F.,
  .F.,(2,2),(0.,0.691228550678),.PIECEWISE_BEZIER_KNOTS.);
#1768 = CARTESIAN_POINT('',(0.,0.));
#1769 = CARTESIAN_POINT('',(0.691228550678,0.));
#1770 = ( GEOMETRIC_REPRESENTATION_CONTEXT(2) 
PARAMETRIC_REPRESENTATION_CONTEXT() REPRESENTATION_CONTEXT('2D SPACE',''
  ) );
#1771 = ORIENTED_EDGE('',*,*,#1772,.F.);
#1772 = EDGE_CURVE('',#1773,#1748,#1775,.T.);
#1773 = VERTEX_POINT('',#1774);
#1774 = CARTESIAN_POINT('',(-1.682299247999,1.428438088989,1.8000001));
#1775 = SURFACE_CURVE('',#1776,(#1780,#1787),.PCURVE_S1.);
#1776 = ( BOUNDED_CURVE() B_SPLINE_CURVE(2,(#1777,#1778,#1779),
.UNSPECIFIED.,.F.,.F.) B_SPLINE_CURVE_WITH_KNOTS((3,3),(1.570796326795,
3.167210952228),.PIECEWISE_BEZIER_KNOTS.) CURVE() 
GEOMETRIC_REPRESENTATION_ITEM() RATIONAL_B_SPLINE_CURVE((1.,
0.697991584288,1.)) REPRESENTATION_ITEM('') );
#1777 = CARTESIAN_POINT('',(-1.682299247999,1.428438088989,1.8000001));
#1778 = CARTESIAN_POINT('',(-1.680196826114,1.346388849267,1.8000001));
#1779 = CARTESIAN_POINT('',(-1.762272997545,1.346388849267,1.8000001));
#1780 = PCURVE('',#126,#1781);
#1781 = DEFINITIONAL_REPRESENTATION('',(#1782),#1786);
#1782 = ( BOUNDED_CURVE() B_SPLINE_CURVE(2,(#1783,#1784,#1785),
.UNSPECIFIED.,.F.,.F.) B_SPLINE_CURVE_WITH_KNOTS((3,3),(1.570796326795,
3.167210952228),.PIECEWISE_BEZIER_KNOTS.) CURVE() 
GEOMETRIC_REPRESENTATION_ITEM() RATIONAL_B_SPLINE_CURVE((1.,
0.697991584288,1.)) REPRESENTATION_ITEM('') );
#1783 = CARTESIAN_POINT('',(1.682299247999,1.387808981516));
#1784 = CARTESIAN_POINT('',(1.680196826114,1.305759741794));
#1785 = CARTESIAN_POINT('',(1.762272997545,1.305759741794));
#1786 = ( GEOMETRIC_REPRESENTATION_CONTEXT(2) 
PARAMETRIC_REPRESENTATION_CONTEXT() REPRESENTATION_CONTEXT('2D SPACE',''
  ) );
#1787 = PCURVE('',#1788,#1795);
#1788 = ( BOUNDED_SURFACE() B_SPLINE_SURFACE(2,1,(
    (#1789,#1790)
    ,(#1791,#1792)
    ,(#1793,#1794
)),.UNSPECIFIED.,.F.,.F.,.F.) B_SPLINE_SURFACE_WITH_KNOTS((3,3),(2,2),(
    1.570796326795,3.167210952228),(-0.4,0.),.PIECEWISE_BEZIER_KNOTS.) 
GEOMETRIC_REPRESENTATION_ITEM() RATIONAL_B_SPLINE_SURFACE((
    (1.,1.)
    ,(0.697991584288,0.697991584288)
,(1.,1.))) REPRESENTATION_ITEM('') SURFACE() );
#1789 = CARTESIAN_POINT('',(-1.682299247999,1.428438088989,2.2000001));
#1790 = CARTESIAN_POINT('',(-1.682299247999,1.428438088989,1.8000001));
#1791 = CARTESIAN_POINT('',(-1.680196826114,1.346388849267,2.2000001));
#1792 = CARTESIAN_POINT('',(-1.680196826114,1.346388849267,1.8000001));
#1793 = CARTESIAN_POINT('',(-1.762272997545,1.346388849267,2.2000001));
#1794 = CARTESIAN_POINT('',(-1.762272997545,1.346388849267,1.8000001));
#1795 = DEFINITIONAL_REPRESENTATION('',(#1796),#1800);
#1796 = B_SPLINE_CURVE_WITH_KNOTS('',2,(#1797,#1798,#1799),
  .UNSPECIFIED.,.F.,.F.,(3,3),(1.570796326795,3.167210952228),
  .PIECEWISE_BEZIER_KNOTS.);
#1797 = CARTESIAN_POINT('',(1.570796326795,0.));
#1798 = CARTESIAN_POINT('',(2.369003639511,-1.368437185431E-16));
#1799 = CARTESIAN_POINT('',(3.167210952228,-2.22044604925E-16));
#1800 = ( GEOMETRIC_REPRESENTATION_CONTEXT(2) 
PARAMETRIC_REPRESENTATION_CONTEXT() REPRESENTATION_CONTEXT('2D SPACE',''
  ) );
#1801 = ORIENTED_EDGE('',*,*,#1802,.T.);
#1802 = EDGE_CURVE('',#1773,#1803,#1805,.T.);
#1803 = VERTEX_POINT('',#1804);
#1804 = CARTESIAN_POINT('',(-1.587053536217,2.18738299183,1.8000001));
#1805 = SURFACE_CURVE('',#1806,(#1813,#1823),.PCURVE_S1.);
#1806 = B_SPLINE_CURVE_WITH_KNOTS('',5,(#1807,#1808,#1809,#1810,#1811,
    #1812),.UNSPECIFIED.,.F.,.F.,(6,6),(0.,1.),
  .PIECEWISE_BEZIER_KNOTS.);
#1807 = CARTESIAN_POINT('',(-1.682299247999,1.428438088989,1.8000001));
#1808 = CARTESIAN_POINT('',(-1.686571515209,1.595167839618,1.8000001));
#1809 = CARTESIAN_POINT('',(-1.679073260919,1.75437123635,1.8000001));
#1810 = CARTESIAN_POINT('',(-1.659909692868,1.906060409889,1.8000001));
#1811 = CARTESIAN_POINT('',(-1.629223114558,2.050331862223,1.8000001));
#1812 = CARTESIAN_POINT('',(-1.587053536217,2.18738299183,1.8000001));
#1813 = PCURVE('',#126,#1814);
#1814 = DEFINITIONAL_REPRESENTATION('',(#1815),#1822);
#1815 = B_SPLINE_CURVE_WITH_KNOTS('',5,(#1816,#1817,#1818,#1819,#1820,
    #1821),.UNSPECIFIED.,.F.,.F.,(6,6),(0.,1.),
  .PIECEWISE_BEZIER_KNOTS.);
#1816 = CARTESIAN_POINT('',(1.682299247999,1.387808981516));
#1817 = CARTESIAN_POINT('',(1.686571515209,1.554538732145));
#1818 = CARTESIAN_POINT('',(1.679073260919,1.713742128877));
#1819 = CARTESIAN_POINT('',(1.659909692868,1.865431302415));
#1820 = CARTESIAN_POINT('',(1.629223114558,2.00970275475));
#1821 = CARTESIAN_POINT('',(1.587053536217,2.146753884357));
#1822 = ( GEOMETRIC_REPRESENTATION_CONTEXT(2) 
PARAMETRIC_REPRESENTATION_CONTEXT() REPRESENTATION_CONTEXT('2D SPACE',''
  ) );
#1823 = PCURVE('',#1824,#1837);
#1824 = B_SPLINE_SURFACE_WITH_KNOTS('',5,1,(
    (#1825,#1826)
    ,(#1827,#1828)
    ,(#1829,#1830)
    ,(#1831,#1832)
    ,(#1833,#1834)
    ,(#1835,#1836
    )),.UNSPECIFIED.,.F.,.F.,.F.,(6,6),(2,2),(0.,1.),(-0.4,0.),
  .PIECEWISE_BEZIER_KNOTS.);
#1825 = CARTESIAN_POINT('',(-1.682299247999,1.428438088989,2.2000001));
#1826 = CARTESIAN_POINT('',(-1.682299247999,1.428438088989,1.8000001));
#1827 = CARTESIAN_POINT('',(-1.686571515209,1.595167839618,2.2000001));
#1828 = CARTESIAN_POINT('',(-1.686571515209,1.595167839618,1.8000001));
#1829 = CARTESIAN_POINT('',(-1.679073260919,1.75437123635,2.2000001));
#1830 = CARTESIAN_POINT('',(-1.679073260919,1.75437123635,1.8000001));
#1831 = CARTESIAN_POINT('',(-1.659909692868,1.906060409889,2.2000001));
#1832 = CARTESIAN_POINT('',(-1.659909692868,1.906060409889,1.8000001));
#1833 = CARTESIAN_POINT('',(-1.629223114558,2.050331862223,2.2000001));
#1834 = CARTESIAN_POINT('',(-1.629223114558,2.050331862223,1.8000001));
#1835 = CARTESIAN_POINT('',(-1.587053536217,2.18738299183,2.2000001));
#1836 = CARTESIAN_POINT('',(-1.587053536217,2.18738299183,1.8000001));
#1837 = DEFINITIONAL_REPRESENTATION('',(#1838),#1842);
#1838 = B_SPLINE_CURVE_WITH_KNOTS('',2,(#1839,#1840,#1841),
  .UNSPECIFIED.,.F.,.F.,(3,3),(0.,1.),.PIECEWISE_BEZIER_KNOTS.);
#1839 = CARTESIAN_POINT('',(-2.661779420977E-16,2.22044604925E-16));
#1840 = CARTESIAN_POINT('',(0.5,-9.256870051992E-17));
#1841 = CARTESIAN_POINT('',(1.,2.22044604925E-16));
#1842 = ( GEOMETRIC_REPRESENTATION_CONTEXT(2) 
PARAMETRIC_REPRESENTATION_CONTEXT() REPRESENTATION_CONTEXT('2D SPACE',''
  ) );
#1843 = ORIENTED_EDGE('',*,*,#1844,.T.);
#1844 = EDGE_CURVE('',#1803,#1845,#1847,.T.);
#1845 = VERTEX_POINT('',#1846);
#1846 = CARTESIAN_POINT('',(-1.276859462588,2.763184703116,1.8000001));
#1847 = SURFACE_CURVE('',#1848,(#1855,#1865),.PCURVE_S1.);
#1848 = B_SPLINE_CURVE_WITH_KNOTS('',5,(#1849,#1850,#1851,#1852,#1853,
    #1854),.UNSPECIFIED.,.F.,.F.,(6,6),(0.,0.980494775816),
  .PIECEWISE_BEZIER_KNOTS.);
#1849 = CARTESIAN_POINT('',(-1.587053536217,2.18738299183,1.8000001));
#1850 = CARTESIAN_POINT('',(-1.545741440855,2.321647301757,1.8000001));
#1851 = CARTESIAN_POINT('',(-1.494001995686,2.446130062733,1.8000001));
#1852 = CARTESIAN_POINT('',(-1.43197114197,2.56098768849,1.8000001));
#1853 = CARTESIAN_POINT('',(-1.359665901096,2.666587174173,1.8000001));
#1854 = CARTESIAN_POINT('',(-1.276859462588,2.763184703116,1.8000001));
#1855 = PCURVE('',#126,#1856);
#1856 = DEFINITIONAL_REPRESENTATION('',(#1857),#1864);
#1857 = B_SPLINE_CURVE_WITH_KNOTS('',5,(#1858,#1859,#1860,#1861,#1862,
    #1863),.UNSPECIFIED.,.F.,.F.,(6,6),(0.,0.980494775816),
  .PIECEWISE_BEZIER_KNOTS.);
#1858 = CARTESIAN_POINT('',(1.587053536217,2.146753884357));
#1859 = CARTESIAN_POINT('',(1.545741440855,2.281018194284));
#1860 = CARTESIAN_POINT('',(1.494001995686,2.405500955259));
#1861 = CARTESIAN_POINT('',(1.43197114197,2.520358581016));
#1862 = CARTESIAN_POINT('',(1.359665901096,2.625958066699));
#1863 = CARTESIAN_POINT('',(1.276859462588,2.722555595643));
#1864 = ( GEOMETRIC_REPRESENTATION_CONTEXT(2) 
PARAMETRIC_REPRESENTATION_CONTEXT() REPRESENTATION_CONTEXT('2D SPACE',''
  ) );
#1865 = PCURVE('',#1866,#1879);
#1866 = B_SPLINE_SURFACE_WITH_KNOTS('',5,1,(
    (#1867,#1868)
    ,(#1869,#1870)
    ,(#1871,#1872)
    ,(#1873,#1874)
    ,(#1875,#1876)
    ,(#1877,#1878
    )),.UNSPECIFIED.,.F.,.F.,.F.,(6,6),(2,2),(0.,0.980494775816),(-0.4,
    0.),.PIECEWISE_BEZIER_KNOTS.);
#1867 = CARTESIAN_POINT('',(-1.587053536217,2.18738299183,2.2000001));
#1868 = CARTESIAN_POINT('',(-1.587053536217,2.18738299183,1.8000001));
#1869 = CARTESIAN_POINT('',(-1.545741440855,2.321647301757,2.2000001));
#1870 = CARTESIAN_POINT('',(-1.545741440855,2.321647301757,1.8000001));
#1871 = CARTESIAN_POINT('',(-1.494001995686,2.446130062733,2.2000001));
#1872 = CARTESIAN_POINT('',(-1.494001995686,2.446130062733,1.8000001));
#1873 = CARTESIAN_POINT('',(-1.43197114197,2.56098768849,2.2000001));
#1874 = CARTESIAN_POINT('',(-1.43197114197,2.56098768849,1.8000001));
#1875 = CARTESIAN_POINT('',(-1.359665901096,2.666587174173,2.2000001));
#1876 = CARTESIAN_POINT('',(-1.359665901096,2.666587174173,1.8000001));
#1877 = CARTESIAN_POINT('',(-1.276859462588,2.763184703116,2.2000001));
#1878 = CARTESIAN_POINT('',(-1.276859462588,2.763184703116,1.8000001));
#1879 = DEFINITIONAL_REPRESENTATION('',(#1880),#1884);
#1880 = B_SPLINE_CURVE_WITH_KNOTS('',2,(#1881,#1882,#1883),
  .UNSPECIFIED.,.F.,.F.,(3,3),(0.,0.980494775816),
  .PIECEWISE_BEZIER_KNOTS.);
#1881 = CARTESIAN_POINT('',(5.013594737556E-16,-2.22044604925E-16));
#1882 = CARTESIAN_POINT('',(0.490247387908,-5.3665791037E-16));
#1883 = CARTESIAN_POINT('',(0.980494775816,-2.22044604925E-16));
#1884 = ( GEOMETRIC_REPRESENTATION_CONTEXT(2) 
PARAMETRIC_REPRESENTATION_CONTEXT() REPRESENTATION_CONTEXT('2D SPACE',''
  ) );
#1885 = ORIENTED_EDGE('',*,*,#1886,.T.);
#1886 = EDGE_CURVE('',#1845,#1887,#1889,.T.);
#1887 = VERTEX_POINT('',#1888);
#1888 = CARTESIAN_POINT('',(-1.268581443609,2.77275729044,1.8000001));
#1889 = SURFACE_CURVE('',#1890,(#1895,#1903),.PCURVE_S1.);
#1890 = B_SPLINE_CURVE_WITH_KNOTS('',3,(#1891,#1892,#1893,#1894),
  .UNSPECIFIED.,.F.,.F.,(4,4),(0.980494775816,1.),
  .PIECEWISE_BEZIER_KNOTS.);
#1891 = CARTESIAN_POINT('',(-1.276859462596,2.763184703123,1.8000001));
#1892 = CARTESIAN_POINT('',(-1.274113981098,2.766387433849,1.8000001));
#1893 = CARTESIAN_POINT('',(-1.27135464714,2.769578289811,1.8000001));
#1894 = CARTESIAN_POINT('',(-1.268581443616,2.772757290447,1.8000001));
#1895 = PCURVE('',#126,#1896);
#1896 = DEFINITIONAL_REPRESENTATION('',(#1897),#1902);
#1897 = B_SPLINE_CURVE_WITH_KNOTS('',3,(#1898,#1899,#1900,#1901),
  .UNSPECIFIED.,.F.,.F.,(4,4),(0.980494775816,1.),
  .PIECEWISE_BEZIER_KNOTS.);
#1898 = CARTESIAN_POINT('',(1.276859462596,2.72255559565));
#1899 = CARTESIAN_POINT('',(1.274113981098,2.725758326375));
#1900 = CARTESIAN_POINT('',(1.27135464714,2.728949182337));
#1901 = CARTESIAN_POINT('',(1.268581443616,2.732128182973));
#1902 = ( GEOMETRIC_REPRESENTATION_CONTEXT(2) 
PARAMETRIC_REPRESENTATION_CONTEXT() REPRESENTATION_CONTEXT('2D SPACE',''
  ) );
#1903 = PCURVE('',#1904,#1913);
#1904 = B_SPLINE_SURFACE_WITH_KNOTS('',3,1,(
    (#1905,#1906)
    ,(#1907,#1908)
    ,(#1909,#1910)
    ,(#1911,#1912
    )),.UNSPECIFIED.,.F.,.F.,.F.,(4,4),(2,2),(0.980494775816,1.),(-0.4,
    0.),.PIECEWISE_BEZIER_KNOTS.);
#1905 = CARTESIAN_POINT('',(-1.276859462596,2.763184703123,2.2000001));
#1906 = CARTESIAN_POINT('',(-1.276859462596,2.763184703123,1.8000001));
#1907 = CARTESIAN_POINT('',(-1.274113981098,2.766387433849,2.2000001));
#1908 = CARTESIAN_POINT('',(-1.274113981098,2.766387433849,1.8000001));
#1909 = CARTESIAN_POINT('',(-1.27135464714,2.769578289811,2.2000001));
#1910 = CARTESIAN_POINT('',(-1.27135464714,2.769578289811,1.8000001));
#1911 = CARTESIAN_POINT('',(-1.268581443616,2.772757290447,2.2000001));
#1912 = CARTESIAN_POINT('',(-1.268581443616,2.772757290447,1.8000001));
#1913 = DEFINITIONAL_REPRESENTATION('',(#1914),#1918);
#1914 = B_SPLINE_CURVE_WITH_KNOTS('',2,(#1915,#1916,#1917),
  .UNSPECIFIED.,.F.,.F.,(3,3),(0.980494775816,1.),
  .PIECEWISE_BEZIER_KNOTS.);
#1915 = CARTESIAN_POINT('',(0.980494775816,-2.22044604925E-16));
#1916 = CARTESIAN_POINT('',(0.990247387908,-6.473795220257E-17));
#1917 = CARTESIAN_POINT('',(1.,-2.22044604925E-16));
#1918 = ( GEOMETRIC_REPRESENTATION_CONTEXT(2) 
PARAMETRIC_REPRESENTATION_CONTEXT() REPRESENTATION_CONTEXT('2D SPACE',''
  ) );
#1919 = ORIENTED_EDGE('',*,*,#1920,.T.);
#1920 = EDGE_CURVE('',#1887,#1921,#1923,.T.);
#1921 = VERTEX_POINT('',#1922);
#1922 = CARTESIAN_POINT('',(-1.151624088158,2.891917256602,1.8000001));
#1923 = SURFACE_CURVE('',#1924,(#1931,#1941),.PCURVE_S1.);
#1924 = B_SPLINE_CURVE_WITH_KNOTS('',5,(#1925,#1926,#1927,#1928,#1929,
    #1930),.UNSPECIFIED.,.F.,.F.,(6,6),(0.,0.259115762334),
  .PIECEWISE_BEZIER_KNOTS.);
#1925 = CARTESIAN_POINT('',(-1.268581443609,2.77275729044,1.8000001));
#1926 = CARTESIAN_POINT('',(-1.246497400873,2.798072844946,1.8000001));
#1927 = CARTESIAN_POINT('',(-1.223763128397,2.822641165436,1.8000001));
#1928 = CARTESIAN_POINT('',(-1.20037569609,2.846467919513,1.8000001));
#1929 = CARTESIAN_POINT('',(-1.176330995136,2.869558463409,1.8000001));
#1930 = CARTESIAN_POINT('',(-1.151624088158,2.891917256602,1.8000001));
#1931 = PCURVE('',#126,#1932);
#1932 = DEFINITIONAL_REPRESENTATION('',(#1933),#1940);
#1933 = B_SPLINE_CURVE_WITH_KNOTS('',5,(#1934,#1935,#1936,#1937,#1938,
    #1939),.UNSPECIFIED.,.F.,.F.,(6,6),(0.,0.259115762334),
  .PIECEWISE_BEZIER_KNOTS.);
#1934 = CARTESIAN_POINT('',(1.268581443609,2.732128182966));
#1935 = CARTESIAN_POINT('',(1.246497400873,2.757443737473));
#1936 = CARTESIAN_POINT('',(1.223763128397,2.782012057962));
#1937 = CARTESIAN_POINT('',(1.20037569609,2.805838812039));
#1938 = CARTESIAN_POINT('',(1.176330995136,2.828929355935));
#1939 = CARTESIAN_POINT('',(1.151624088158,2.851288149128));
#1940 = ( GEOMETRIC_REPRESENTATION_CONTEXT(2) 
PARAMETRIC_REPRESENTATION_CONTEXT() REPRESENTATION_CONTEXT('2D SPACE',''
  ) );
#1941 = PCURVE('',#1942,#1955);
#1942 = B_SPLINE_SURFACE_WITH_KNOTS('',5,1,(
    (#1943,#1944)
    ,(#1945,#1946)
    ,(#1947,#1948)
    ,(#1949,#1950)
    ,(#1951,#1952)
    ,(#1953,#1954
    )),.UNSPECIFIED.,.F.,.F.,.F.,(6,6),(2,2),(0.,0.259115762334),(-0.4,
    0.),.PIECEWISE_BEZIER_KNOTS.);
#1943 = CARTESIAN_POINT('',(-1.268581443609,2.77275729044,2.2000001));
#1944 = CARTESIAN_POINT('',(-1.268581443609,2.77275729044,1.8000001));
#1945 = CARTESIAN_POINT('',(-1.246497400873,2.798072844946,2.2000001));
#1946 = CARTESIAN_POINT('',(-1.246497400873,2.798072844946,1.8000001));
#1947 = CARTESIAN_POINT('',(-1.223763128397,2.822641165436,2.2000001));
#1948 = CARTESIAN_POINT('',(-1.223763128397,2.822641165436,1.8000001));
#1949 = CARTESIAN_POINT('',(-1.20037569609,2.846467919513,2.2000001));
#1950 = CARTESIAN_POINT('',(-1.20037569609,2.846467919513,1.8000001));
#1951 = CARTESIAN_POINT('',(-1.176330995136,2.869558463409,2.2000001));
#1952 = CARTESIAN_POINT('',(-1.176330995136,2.869558463409,1.8000001));
#1953 = CARTESIAN_POINT('',(-1.151624088158,2.891917256602,2.2000001));
#1954 = CARTESIAN_POINT('',(-1.151624088158,2.891917256602,1.8000001));
#1955 = DEFINITIONAL_REPRESENTATION('',(#1956),#1960);
#1956 = B_SPLINE_CURVE_WITH_KNOTS('',2,(#1957,#1958,#1959),
  .UNSPECIFIED.,.F.,.F.,(3,3),(0.,0.259115762334),
  .PIECEWISE_BEZIER_KNOTS.);
#1957 = CARTESIAN_POINT('',(2.910665672013E-16,-2.220446049251E-16));
#1958 = CARTESIAN_POINT('',(0.129557881167,-5.366579103699E-16));
#1959 = CARTESIAN_POINT('',(0.259115762334,-2.22044604925E-16));
#1960 = ( GEOMETRIC_REPRESENTATION_CONTEXT(2) 
PARAMETRIC_REPRESENTATION_CONTEXT() REPRESENTATION_CONTEXT('2D SPACE',''
  ) );
#1961 = ORIENTED_EDGE('',*,*,#1962,.T.);
#1962 = EDGE_CURVE('',#1921,#1963,#1965,.T.);
#1963 = VERTEX_POINT('',#1964);
#1964 = CARTESIAN_POINT('',(-0.742961747745,3.152437099429,1.8000001));
#1965 = SURFACE_CURVE('',#1966,(#1973,#1983),.PCURVE_S1.);
#1966 = B_SPLINE_CURVE_WITH_KNOTS('',5,(#1967,#1968,#1969,#1970,#1971,
    #1972),.UNSPECIFIED.,.F.,.F.,(6,6),(0.259115762334,1.),
  .PIECEWISE_BEZIER_KNOTS.);
#1967 = CARTESIAN_POINT('',(-1.151624088158,2.891917256602,1.8000001));
#1968 = CARTESIAN_POINT('',(-1.080980149803,2.955847282705,1.8000001));
#1969 = CARTESIAN_POINT('',(-1.004922362025,3.013794898533,1.8000001));
#1970 = CARTESIAN_POINT('',(-0.923334718314,3.065867770287,1.8000001));
#1971 = CARTESIAN_POINT('',(-0.836050501074,3.112094599343,1.8000001));
#1972 = CARTESIAN_POINT('',(-0.742961747745,3.152437099429,1.8000001));
#1973 = PCURVE('',#126,#1974);
#1974 = DEFINITIONAL_REPRESENTATION('',(#1975),#1982);
#1975 = B_SPLINE_CURVE_WITH_KNOTS('',5,(#1976,#1977,#1978,#1979,#1980,
    #1981),.UNSPECIFIED.,.F.,.F.,(6,6),(0.259115762334,1.),
  .PIECEWISE_BEZIER_KNOTS.);
#1976 = CARTESIAN_POINT('',(1.151624088158,2.851288149128));
#1977 = CARTESIAN_POINT('',(1.080980149803,2.915218175232));
#1978 = CARTESIAN_POINT('',(1.004922362025,2.97316579106));
#1979 = CARTESIAN_POINT('',(0.923334718314,3.025238662814));
#1980 = CARTESIAN_POINT('',(0.836050501074,3.07146549187));
#1981 = CARTESIAN_POINT('',(0.742961747745,3.111807991956));
#1982 = ( GEOMETRIC_REPRESENTATION_CONTEXT(2) 
PARAMETRIC_REPRESENTATION_CONTEXT() REPRESENTATION_CONTEXT('2D SPACE',''
  ) );
#1983 = PCURVE('',#1984,#1997);
#1984 = B_SPLINE_SURFACE_WITH_KNOTS('',5,1,(
    (#1985,#1986)
    ,(#1987,#1988)
    ,(#1989,#1990)
    ,(#1991,#1992)
    ,(#1993,#1994)
    ,(#1995,#1996
    )),.UNSPECIFIED.,.F.,.F.,.F.,(6,6),(2,2),(0.259115762334,1.),(-0.4,
    0.),.PIECEWISE_BEZIER_KNOTS.);
#1985 = CARTESIAN_POINT('',(-1.151624088158,2.891917256602,2.2000001));
#1986 = CARTESIAN_POINT('',(-1.151624088158,2.891917256602,1.8000001));
#1987 = CARTESIAN_POINT('',(-1.080980149803,2.955847282705,2.2000001));
#1988 = CARTESIAN_POINT('',(-1.080980149803,2.955847282705,1.8000001));
#1989 = CARTESIAN_POINT('',(-1.004922362025,3.013794898533,2.2000001));
#1990 = CARTESIAN_POINT('',(-1.004922362025,3.013794898533,1.8000001));
#1991 = CARTESIAN_POINT('',(-0.923334718314,3.065867770287,2.2000001));
#1992 = CARTESIAN_POINT('',(-0.923334718314,3.065867770287,1.8000001));
#1993 = CARTESIAN_POINT('',(-0.836050501074,3.112094599343,2.2000001));
#1994 = CARTESIAN_POINT('',(-0.836050501074,3.112094599343,1.8000001));
#1995 = CARTESIAN_POINT('',(-0.742961747745,3.152437099429,2.2000001));
#1996 = CARTESIAN_POINT('',(-0.742961747745,3.152437099429,1.8000001));
#1997 = DEFINITIONAL_REPRESENTATION('',(#1998),#2002);
#1998 = B_SPLINE_CURVE_WITH_KNOTS('',2,(#1999,#2000,#2001),
  .UNSPECIFIED.,.F.,.F.,(3,3),(0.259115762334,1.),
  .PIECEWISE_BEZIER_KNOTS.);
#1999 = CARTESIAN_POINT('',(0.259115762334,-2.22044604925E-16));
#2000 = CARTESIAN_POINT('',(0.629557881167,-2.22044604925E-16));
#2001 = CARTESIAN_POINT('',(1.,-2.22044604925E-16));
#2002 = ( GEOMETRIC_REPRESENTATION_CONTEXT(2) 
PARAMETRIC_REPRESENTATION_CONTEXT() REPRESENTATION_CONTEXT('2D SPACE',''
  ) );
#2003 = ORIENTED_EDGE('',*,*,#2004,.T.);
#2004 = EDGE_CURVE('',#1963,#2005,#2007,.T.);
#2005 = VERTEX_POINT('',#2006);
#2006 = CARTESIAN_POINT('',(-1.768256929901E-02,3.288493558774,1.8000001
    ));
#2007 = SURFACE_CURVE('',#2008,(#2015,#2025),.PCURVE_S1.);
#2008 = B_SPLINE_CURVE_WITH_KNOTS('',5,(#2009,#2010,#2011,#2012,#2013,
    #2014),.UNSPECIFIED.,.F.,.F.,(6,6),(0.,1.),
  .PIECEWISE_BEZIER_KNOTS.);
#2009 = CARTESIAN_POINT('',(-0.742961747745,3.152437099429,1.8000001));
#2010 = CARTESIAN_POINT('',(-0.618258347025,3.206480652215,1.8000001));
#2011 = CARTESIAN_POINT('',(-0.483708179233,3.247227116916,1.8000001));
#2012 = CARTESIAN_POINT('',(-0.33886286657,3.274672760246,1.8000001));
#2013 = CARTESIAN_POINT('',(-0.183518310078,3.288493558774,1.8000001));
#2014 = CARTESIAN_POINT('',(-1.768256929901E-02,3.288493558774,1.8000001
    ));
#2015 = PCURVE('',#126,#2016);
#2016 = DEFINITIONAL_REPRESENTATION('',(#2017),#2024);
#2017 = B_SPLINE_CURVE_WITH_KNOTS('',5,(#2018,#2019,#2020,#2021,#2022,
    #2023),.UNSPECIFIED.,.F.,.F.,(6,6),(0.,1.),
  .PIECEWISE_BEZIER_KNOTS.);
#2018 = CARTESIAN_POINT('',(0.742961747745,3.111807991956));
#2019 = CARTESIAN_POINT('',(0.618258347025,3.165851544742));
#2020 = CARTESIAN_POINT('',(0.483708179233,3.206598009443));
#2021 = CARTESIAN_POINT('',(0.33886286657,3.234043652773));
#2022 = CARTESIAN_POINT('',(0.183518310078,3.247864451301));
#2023 = CARTESIAN_POINT('',(1.768256929901E-02,3.247864451301));
#2024 = ( GEOMETRIC_REPRESENTATION_CONTEXT(2) 
PARAMETRIC_REPRESENTATION_CONTEXT() REPRESENTATION_CONTEXT('2D SPACE',''
  ) );
#2025 = PCURVE('',#2026,#2039);
#2026 = B_SPLINE_SURFACE_WITH_KNOTS('',5,1,(
    (#2027,#2028)
    ,(#2029,#2030)
    ,(#2031,#2032)
    ,(#2033,#2034)
    ,(#2035,#2036)
    ,(#2037,#2038
    )),.UNSPECIFIED.,.F.,.F.,.F.,(6,6),(2,2),(0.,1.),(-0.4,0.),
  .PIECEWISE_BEZIER_KNOTS.);
#2027 = CARTESIAN_POINT('',(-0.742961747745,3.152437099429,2.2000001));
#2028 = CARTESIAN_POINT('',(-0.742961747745,3.152437099429,1.8000001));
#2029 = CARTESIAN_POINT('',(-0.618258347025,3.206480652215,2.2000001));
#2030 = CARTESIAN_POINT('',(-0.618258347025,3.206480652215,1.8000001));
#2031 = CARTESIAN_POINT('',(-0.483708179233,3.247227116916,2.2000001));
#2032 = CARTESIAN_POINT('',(-0.483708179233,3.247227116916,1.8000001));
#2033 = CARTESIAN_POINT('',(-0.33886286657,3.274672760246,2.2000001));
#2034 = CARTESIAN_POINT('',(-0.33886286657,3.274672760246,1.8000001));
#2035 = CARTESIAN_POINT('',(-0.183518310078,3.288493558774,2.2000001));
#2036 = CARTESIAN_POINT('',(-0.183518310078,3.288493558774,1.8000001));
#2037 = CARTESIAN_POINT('',(-1.768256929901E-02,3.288493558774,2.2000001
    ));
#2038 = CARTESIAN_POINT('',(-1.768256929901E-02,3.288493558774,1.8000001
    ));
#2039 = DEFINITIONAL_REPRESENTATION('',(#2040),#2044);
#2040 = B_SPLINE_CURVE_WITH_KNOTS('',2,(#2041,#2042,#2043),
  .UNSPECIFIED.,.F.,.F.,(3,3),(0.,1.),.PIECEWISE_BEZIER_KNOTS.);
#2041 = CARTESIAN_POINT('',(4.267245497495E-46,2.22044604925E-16));
#2042 = CARTESIAN_POINT('',(0.5,-9.256870051992E-17));
#2043 = CARTESIAN_POINT('',(1.,2.22044604925E-16));
#2044 = ( GEOMETRIC_REPRESENTATION_CONTEXT(2) 
PARAMETRIC_REPRESENTATION_CONTEXT() REPRESENTATION_CONTEXT('2D SPACE',''
  ) );
#2045 = ORIENTED_EDGE('',*,*,#2046,.T.);
#2046 = EDGE_CURVE('',#2005,#2047,#2049,.T.);
#2047 = VERTEX_POINT('',#2048);
#2048 = CARTESIAN_POINT('',(0.614136672446,3.209020788695,1.8000001));
#2049 = SURFACE_CURVE('',#2050,(#2057,#2067),.PCURVE_S1.);
#2050 = B_SPLINE_CURVE_WITH_KNOTS('',5,(#2051,#2052,#2053,#2054,#2055,
    #2056),.UNSPECIFIED.,.F.,.F.,(6,6),(0.,1.),
  .PIECEWISE_BEZIER_KNOTS.);
#2051 = CARTESIAN_POINT('',(-1.768256929901E-02,3.288493558774,1.8000001
    ));
#2052 = CARTESIAN_POINT('',(0.11902067216,3.288493558774,1.8000001));
#2053 = CARTESIAN_POINT('',(0.250520516627,3.280484092079,1.8000001));
#2054 = CARTESIAN_POINT('',(0.376830227864,3.264526185673,1.8000001));
#2055 = CARTESIAN_POINT('',(0.498002131896,3.240693845208,1.8000001));
#2056 = CARTESIAN_POINT('',(0.614136672446,3.209020788695,1.8000001));
#2057 = PCURVE('',#126,#2058);
#2058 = DEFINITIONAL_REPRESENTATION('',(#2059),#2066);
#2059 = B_SPLINE_CURVE_WITH_KNOTS('',5,(#2060,#2061,#2062,#2063,#2064,
    #2065),.UNSPECIFIED.,.F.,.F.,(6,6),(0.,1.),
  .PIECEWISE_BEZIER_KNOTS.);
#2060 = CARTESIAN_POINT('',(1.768256929901E-02,3.247864451301));
#2061 = CARTESIAN_POINT('',(-0.11902067216,3.247864451301));
#2062 = CARTESIAN_POINT('',(-0.250520516627,3.239854984606));
#2063 = CARTESIAN_POINT('',(-0.376830227864,3.223897078199));
#2064 = CARTESIAN_POINT('',(-0.498002131896,3.200064737735));
#2065 = CARTESIAN_POINT('',(-0.614136672446,3.168391681221));
#2066 = ( GEOMETRIC_REPRESENTATION_CONTEXT(2) 
PARAMETRIC_REPRESENTATION_CONTEXT() REPRESENTATION_CONTEXT('2D SPACE',''
  ) );
#2067 = PCURVE('',#2068,#2081);
#2068 = B_SPLINE_SURFACE_WITH_KNOTS('',5,1,(
    (#2069,#2070)
    ,(#2071,#2072)
    ,(#2073,#2074)
    ,(#2075,#2076)
    ,(#2077,#2078)
    ,(#2079,#2080
    )),.UNSPECIFIED.,.F.,.F.,.F.,(6,6),(2,2),(0.,1.),(-0.4,0.),
  .PIECEWISE_BEZIER_KNOTS.);
#2069 = CARTESIAN_POINT('',(-1.768256929901E-02,3.288493558774,2.2000001
    ));
#2070 = CARTESIAN_POINT('',(-1.768256929901E-02,3.288493558774,1.8000001
    ));
#2071 = CARTESIAN_POINT('',(0.11902067216,3.288493558774,2.2000001));
#2072 = CARTESIAN_POINT('',(0.11902067216,3.288493558774,1.8000001));
#2073 = CARTESIAN_POINT('',(0.250520516627,3.280484092079,2.2000001));
#2074 = CARTESIAN_POINT('',(0.250520516627,3.280484092079,1.8000001));
#2075 = CARTESIAN_POINT('',(0.376830227864,3.264526185673,2.2000001));
#2076 = CARTESIAN_POINT('',(0.376830227864,3.264526185673,1.8000001));
#2077 = CARTESIAN_POINT('',(0.498002131896,3.240693845208,2.2000001));
#2078 = CARTESIAN_POINT('',(0.498002131896,3.240693845208,1.8000001));
#2079 = CARTESIAN_POINT('',(0.614136672446,3.209020788695,2.2000001));
#2080 = CARTESIAN_POINT('',(0.614136672446,3.209020788695,1.8000001));
#2081 = DEFINITIONAL_REPRESENTATION('',(#2082),#2086);
#2082 = B_SPLINE_CURVE_WITH_KNOTS('',2,(#2083,#2084,#2085),
  .UNSPECIFIED.,.F.,.F.,(3,3),(0.,1.),.PIECEWISE_BEZIER_KNOTS.);
#2083 = CARTESIAN_POINT('',(-3.588076833466E-29,2.22044604925E-16));
#2084 = CARTESIAN_POINT('',(0.5,-9.256870051992E-17));
#2085 = CARTESIAN_POINT('',(1.,2.22044604925E-16));
#2086 = ( GEOMETRIC_REPRESENTATION_CONTEXT(2) 
PARAMETRIC_REPRESENTATION_CONTEXT() REPRESENTATION_CONTEXT('2D SPACE',''
  ) );
#2087 = ORIENTED_EDGE('',*,*,#2088,.T.);
#2088 = EDGE_CURVE('',#2047,#2089,#2091,.T.);
#2089 = VERTEX_POINT('',#2090);
#2090 = CARTESIAN_POINT('',(1.074928661983,2.992340925381,1.8000001));
#2091 = SURFACE_CURVE('',#2092,(#2099,#2109),.PCURVE_S1.);
#2092 = B_SPLINE_CURVE_WITH_KNOTS('',5,(#2093,#2094,#2095,#2096,#2097,
    #2098),.UNSPECIFIED.,.F.,.F.,(6,6),(0.,0.902594755178),
  .PIECEWISE_BEZIER_KNOTS.);
#2093 = CARTESIAN_POINT('',(0.614136672446,3.209020788695,1.8000001));
#2094 = CARTESIAN_POINT('',(0.71799439186,3.180695956127,1.8000001));
#2095 = CARTESIAN_POINT('',(0.815841330285,3.144829258702,1.8000001));
#2096 = CARTESIAN_POINT('',(0.907800456902,3.101501528799,1.8000001));
#2097 = CARTESIAN_POINT('',(0.994104817914,3.050715325574,1.8000001));
#2098 = CARTESIAN_POINT('',(1.074928661983,2.992340925381,1.8000001));
#2099 = PCURVE('',#126,#2100);
#2100 = DEFINITIONAL_REPRESENTATION('',(#2101),#2108);
#2101 = B_SPLINE_CURVE_WITH_KNOTS('',5,(#2102,#2103,#2104,#2105,#2106,
    #2107),.UNSPECIFIED.,.F.,.F.,(6,6),(0.,0.902594755178),
  .PIECEWISE_BEZIER_KNOTS.);
#2102 = CARTESIAN_POINT('',(-0.614136672446,3.168391681221));
#2103 = CARTESIAN_POINT('',(-0.71799439186,3.140066848654));
#2104 = CARTESIAN_POINT('',(-0.815841330285,3.104200151229));
#2105 = CARTESIAN_POINT('',(-0.907800456902,3.060872421326));
#2106 = CARTESIAN_POINT('',(-0.994104817914,3.010086218101));
#2107 = CARTESIAN_POINT('',(-1.074928661983,2.951711817907));
#2108 = ( GEOMETRIC_REPRESENTATION_CONTEXT(2) 
PARAMETRIC_REPRESENTATION_CONTEXT() REPRESENTATION_CONTEXT('2D SPACE',''
  ) );
#2109 = PCURVE('',#2110,#2123);
#2110 = B_SPLINE_SURFACE_WITH_KNOTS('',5,1,(
    (#2111,#2112)
    ,(#2113,#2114)
    ,(#2115,#2116)
    ,(#2117,#2118)
    ,(#2119,#2120)
    ,(#2121,#2122
    )),.UNSPECIFIED.,.F.,.F.,.F.,(6,6),(2,2),(0.,0.902594755178),(-0.4,
    0.),.PIECEWISE_BEZIER_KNOTS.);
#2111 = CARTESIAN_POINT('',(0.614136672446,3.209020788695,2.2000001));
#2112 = CARTESIAN_POINT('',(0.614136672446,3.209020788695,1.8000001));
#2113 = CARTESIAN_POINT('',(0.71799439186,3.180695956127,2.2000001));
#2114 = CARTESIAN_POINT('',(0.71799439186,3.180695956127,1.8000001));
#2115 = CARTESIAN_POINT('',(0.815841330285,3.144829258702,2.2000001));
#2116 = CARTESIAN_POINT('',(0.815841330285,3.144829258702,1.8000001));
#2117 = CARTESIAN_POINT('',(0.907800456902,3.101501528799,2.2000001));
#2118 = CARTESIAN_POINT('',(0.907800456902,3.101501528799,1.8000001));
#2119 = CARTESIAN_POINT('',(0.994104817914,3.050715325574,2.2000001));
#2120 = CARTESIAN_POINT('',(0.994104817914,3.050715325574,1.8000001));
#2121 = CARTESIAN_POINT('',(1.074928661983,2.992340925381,2.2000001));
#2122 = CARTESIAN_POINT('',(1.074928661983,2.992340925381,1.8000001));
#2123 = DEFINITIONAL_REPRESENTATION('',(#2124),#2128);
#2124 = B_SPLINE_CURVE_WITH_KNOTS('',2,(#2125,#2126,#2127),
  .UNSPECIFIED.,.F.,.F.,(3,3),(0.,0.902594755178),
  .PIECEWISE_BEZIER_KNOTS.);
#2125 = CARTESIAN_POINT('',(-1.959407780159E-16,2.22044604925E-16));
#2126 = CARTESIAN_POINT('',(0.451297377589,-8.550894197505E-16));
#2127 = CARTESIAN_POINT('',(0.902594755178,2.22044604925E-16));
#2128 = ( GEOMETRIC_REPRESENTATION_CONTEXT(2) 
PARAMETRIC_REPRESENTATION_CONTEXT() REPRESENTATION_CONTEXT('2D SPACE',''
  ) );
#2129 = ORIENTED_EDGE('',*,*,#2130,.T.);
#2130 = EDGE_CURVE('',#2089,#2131,#2133,.T.);
#2131 = VERTEX_POINT('',#2132);
#2132 = CARTESIAN_POINT('',(1.117903807186,2.959957649748,1.8000001));
#2133 = SURFACE_CURVE('',#2134,(#2140,#2149),.PCURVE_S1.);
#2134 = B_SPLINE_CURVE_WITH_KNOTS('',4,(#2135,#2136,#2137,#2138,#2139),
  .UNSPECIFIED.,.F.,.F.,(5,5),(0.902594755178,1.),
  .PIECEWISE_BEZIER_KNOTS.);
#2135 = CARTESIAN_POINT('',(1.074928661906,2.992340925448,1.8000001));
#2136 = CARTESIAN_POINT('',(1.08583148736,2.984466443528,1.8000001));
#2137 = CARTESIAN_POINT('',(1.09662793491,2.976444674382,1.8000001));
#2138 = CARTESIAN_POINT('',(1.107318545726,2.968275226932,1.8000001));
#2139 = CARTESIAN_POINT('',(1.117903807262,2.959957649681,1.8000001));
#2140 = PCURVE('',#126,#2141);
#2141 = DEFINITIONAL_REPRESENTATION('',(#2142),#2148);
#2142 = B_SPLINE_CURVE_WITH_KNOTS('',4,(#2143,#2144,#2145,#2146,#2147),
  .UNSPECIFIED.,.F.,.F.,(5,5),(0.902594755178,1.),
  .PIECEWISE_BEZIER_KNOTS.);
#2143 = CARTESIAN_POINT('',(-1.074928661906,2.951711817975));
#2144 = CARTESIAN_POINT('',(-1.08583148736,2.943837336055));
#2145 = CARTESIAN_POINT('',(-1.09662793491,2.935815566908));
#2146 = CARTESIAN_POINT('',(-1.107318545726,2.927646119459));
#2147 = CARTESIAN_POINT('',(-1.117903807262,2.919328542207));
#2148 = ( GEOMETRIC_REPRESENTATION_CONTEXT(2) 
PARAMETRIC_REPRESENTATION_CONTEXT() REPRESENTATION_CONTEXT('2D SPACE',''
  ) );
#2149 = PCURVE('',#2150,#2161);
#2150 = B_SPLINE_SURFACE_WITH_KNOTS('',4,1,(
    (#2151,#2152)
    ,(#2153,#2154)
    ,(#2155,#2156)
    ,(#2157,#2158)
    ,(#2159,#2160
    )),.UNSPECIFIED.,.F.,.F.,.F.,(5,5),(2,2),(0.902594755178,1.),(-0.4,
    0.),.PIECEWISE_BEZIER_KNOTS.);
#2151 = CARTESIAN_POINT('',(1.074928661906,2.992340925448,2.2000001));
#2152 = CARTESIAN_POINT('',(1.074928661906,2.992340925448,1.8000001));
#2153 = CARTESIAN_POINT('',(1.08583148736,2.984466443528,2.2000001));
#2154 = CARTESIAN_POINT('',(1.08583148736,2.984466443528,1.8000001));
#2155 = CARTESIAN_POINT('',(1.09662793491,2.976444674382,2.2000001));
#2156 = CARTESIAN_POINT('',(1.09662793491,2.976444674382,1.8000001));
#2157 = CARTESIAN_POINT('',(1.107318545726,2.968275226932,2.2000001));
#2158 = CARTESIAN_POINT('',(1.107318545726,2.968275226932,1.8000001));
#2159 = CARTESIAN_POINT('',(1.117903807262,2.959957649681,2.2000001));
#2160 = CARTESIAN_POINT('',(1.117903807262,2.959957649681,1.8000001));
#2161 = DEFINITIONAL_REPRESENTATION('',(#2162),#2166);
#2162 = B_SPLINE_CURVE_WITH_KNOTS('',2,(#2163,#2164,#2165),
  .UNSPECIFIED.,.F.,.F.,(3,3),(0.902594755362,0.999999999816),
  .PIECEWISE_BEZIER_KNOTS.);
#2163 = CARTESIAN_POINT('',(0.902594755362,-2.22044604925E-16));
#2164 = CARTESIAN_POINT('',(0.951297377589,-5.227593725578E-16));
#2165 = CARTESIAN_POINT('',(0.999999999816,-2.22044604925E-16));
#2166 = ( GEOMETRIC_REPRESENTATION_CONTEXT(2) 
PARAMETRIC_REPRESENTATION_CONTEXT() REPRESENTATION_CONTEXT('2D SPACE',''
  ) );
#2167 = ORIENTED_EDGE('',*,*,#2168,.T.);
#2168 = EDGE_CURVE('',#2131,#2169,#2171,.T.);
#2169 = VERTEX_POINT('',#2170);
#2170 = CARTESIAN_POINT('',(1.273386481228,2.813855992866,1.8000001));
#2171 = SURFACE_CURVE('',#2172,(#2179,#2189),.PCURVE_S1.);
#2172 = B_SPLINE_CURVE_WITH_KNOTS('',5,(#2173,#2174,#2175,#2176,#2177,
    #2178),.UNSPECIFIED.,.F.,.F.,(6,6),(0.,0.392984487284),
  .PIECEWISE_BEZIER_KNOTS.);
#2173 = CARTESIAN_POINT('',(1.117903807186,2.959957649748,1.8000001));
#2174 = CARTESIAN_POINT('',(1.151929004123,2.933221682724,1.8000001));
#2175 = CARTESIAN_POINT('',(1.184470015978,2.905252847889,1.8000001));
#2176 = CARTESIAN_POINT('',(1.215547167455,2.87604497717,1.8000001));
#2177 = CARTESIAN_POINT('',(1.245180829361,2.845585199193,1.8000001));
#2178 = CARTESIAN_POINT('',(1.273386481228,2.813855992866,1.8000001));
#2179 = PCURVE('',#126,#2180);
#2180 = DEFINITIONAL_REPRESENTATION('',(#2181),#2188);
#2181 = B_SPLINE_CURVE_WITH_KNOTS('',5,(#2182,#2183,#2184,#2185,#2186,
    #2187),.UNSPECIFIED.,.F.,.F.,(6,6),(0.,0.392984487284),
  .PIECEWISE_BEZIER_KNOTS.);
#2182 = CARTESIAN_POINT('',(-1.117903807186,2.919328542275));
#2183 = CARTESIAN_POINT('',(-1.151929004123,2.892592575251));
#2184 = CARTESIAN_POINT('',(-1.184470015978,2.864623740416));
#2185 = CARTESIAN_POINT('',(-1.215547167455,2.835415869697));
#2186 = CARTESIAN_POINT('',(-1.245180829361,2.804956091719));
#2187 = CARTESIAN_POINT('',(-1.273386481228,2.773226885393));
#2188 = ( GEOMETRIC_REPRESENTATION_CONTEXT(2) 
PARAMETRIC_REPRESENTATION_CONTEXT() REPRESENTATION_CONTEXT('2D SPACE',''
  ) );
#2189 = PCURVE('',#2190,#2203);
#2190 = B_SPLINE_SURFACE_WITH_KNOTS('',5,1,(
    (#2191,#2192)
    ,(#2193,#2194)
    ,(#2195,#2196)
    ,(#2197,#2198)
    ,(#2199,#2200)
    ,(#2201,#2202
    )),.UNSPECIFIED.,.F.,.F.,.F.,(6,6),(2,2),(0.,0.392984487284),(-0.4,
    0.),.PIECEWISE_BEZIER_KNOTS.);
#2191 = CARTESIAN_POINT('',(1.117903807186,2.959957649748,2.2000001));
#2192 = CARTESIAN_POINT('',(1.117903807186,2.959957649748,1.8000001));
#2193 = CARTESIAN_POINT('',(1.151929004123,2.933221682724,2.2000001));
#2194 = CARTESIAN_POINT('',(1.151929004123,2.933221682724,1.8000001));
#2195 = CARTESIAN_POINT('',(1.184470015978,2.905252847889,2.2000001));
#2196 = CARTESIAN_POINT('',(1.184470015978,2.905252847889,1.8000001));
#2197 = CARTESIAN_POINT('',(1.215547167455,2.87604497717,2.2000001));
#2198 = CARTESIAN_POINT('',(1.215547167455,2.87604497717,1.8000001));
#2199 = CARTESIAN_POINT('',(1.245180829361,2.845585199193,2.2000001));
#2200 = CARTESIAN_POINT('',(1.245180829361,2.845585199193,1.8000001));
#2201 = CARTESIAN_POINT('',(1.273386481228,2.813855992866,2.2000001));
#2202 = CARTESIAN_POINT('',(1.273386481228,2.813855992866,1.8000001));
#2203 = DEFINITIONAL_REPRESENTATION('',(#2204),#2208);
#2204 = B_SPLINE_CURVE_WITH_KNOTS('',2,(#2205,#2206,#2207),
  .UNSPECIFIED.,.F.,.F.,(3,3),(0.,0.392984487284),
  .PIECEWISE_BEZIER_KNOTS.);
#2205 = CARTESIAN_POINT('',(8.635150424643E-46,-2.22044604925E-16));
#2206 = CARTESIAN_POINT('',(0.196492243642,-5.3665791037E-16));
#2207 = CARTESIAN_POINT('',(0.392984487284,-2.22044604925E-16));
#2208 = ( GEOMETRIC_REPRESENTATION_CONTEXT(2) 
PARAMETRIC_REPRESENTATION_CONTEXT() REPRESENTATION_CONTEXT('2D SPACE',''
  ) );
#2209 = ORIENTED_EDGE('',*,*,#2210,.T.);
#2210 = EDGE_CURVE('',#2169,#2211,#2213,.T.);
#2211 = VERTEX_POINT('',#2212);
#2212 = CARTESIAN_POINT('',(1.457566611869,2.537799822632,1.8000001));
#2213 = SURFACE_CURVE('',#2214,(#2221,#2231),.PCURVE_S1.);
#2214 = B_SPLINE_CURVE_WITH_KNOTS('',5,(#2215,#2216,#2217,#2218,#2219,
    #2220),.UNSPECIFIED.,.F.,.F.,(6,6),(0.392984487284,1.),
  .PIECEWISE_BEZIER_KNOTS.);
#2215 = CARTESIAN_POINT('',(1.273386481228,2.813855992866,1.8000001));
#2216 = CARTESIAN_POINT('',(1.316953768953,2.764846118253,1.8000001));
#2217 = CARTESIAN_POINT('',(1.357113994762,2.712807538754,1.8000001));
#2218 = CARTESIAN_POINT('',(1.393925382016,2.657675899257,1.8000001));
#2219 = CARTESIAN_POINT('',(1.427412851572,2.599362897872,1.8000001));
#2220 = CARTESIAN_POINT('',(1.457566611869,2.537799822632,1.8000001));
#2221 = PCURVE('',#126,#2222);
#2222 = DEFINITIONAL_REPRESENTATION('',(#2223),#2230);
#2223 = B_SPLINE_CURVE_WITH_KNOTS('',5,(#2224,#2225,#2226,#2227,#2228,
    #2229),.UNSPECIFIED.,.F.,.F.,(6,6),(0.392984487284,1.),
  .PIECEWISE_BEZIER_KNOTS.);
#2224 = CARTESIAN_POINT('',(-1.273386481228,2.773226885393));
#2225 = CARTESIAN_POINT('',(-1.316953768953,2.72421701078));
#2226 = CARTESIAN_POINT('',(-1.357113994762,2.672178431281));
#2227 = CARTESIAN_POINT('',(-1.393925382016,2.617046791784));
#2228 = CARTESIAN_POINT('',(-1.427412851572,2.558733790399));
#2229 = CARTESIAN_POINT('',(-1.457566611869,2.497170715159));
#2230 = ( GEOMETRIC_REPRESENTATION_CONTEXT(2) 
PARAMETRIC_REPRESENTATION_CONTEXT() REPRESENTATION_CONTEXT('2D SPACE',''
  ) );
#2231 = PCURVE('',#2232,#2245);
#2232 = B_SPLINE_SURFACE_WITH_KNOTS('',5,1,(
    (#2233,#2234)
    ,(#2235,#2236)
    ,(#2237,#2238)
    ,(#2239,#2240)
    ,(#2241,#2242)
    ,(#2243,#2244
    )),.UNSPECIFIED.,.F.,.F.,.F.,(6,6),(2,2),(0.392984487284,1.),(-0.4,
    0.),.PIECEWISE_BEZIER_KNOTS.);
#2233 = CARTESIAN_POINT('',(1.273386481228,2.813855992866,2.2000001));
#2234 = CARTESIAN_POINT('',(1.273386481228,2.813855992866,1.8000001));
#2235 = CARTESIAN_POINT('',(1.316953768953,2.764846118253,2.2000001));
#2236 = CARTESIAN_POINT('',(1.316953768953,2.764846118253,1.8000001));
#2237 = CARTESIAN_POINT('',(1.357113994762,2.712807538754,2.2000001));
#2238 = CARTESIAN_POINT('',(1.357113994762,2.712807538754,1.8000001));
#2239 = CARTESIAN_POINT('',(1.393925382016,2.657675899257,2.2000001));
#2240 = CARTESIAN_POINT('',(1.393925382016,2.657675899257,1.8000001));
#2241 = CARTESIAN_POINT('',(1.427412851572,2.599362897872,2.2000001));
#2242 = CARTESIAN_POINT('',(1.427412851572,2.599362897872,1.8000001));
#2243 = CARTESIAN_POINT('',(1.457566611869,2.537799822632,2.2000001));
#2244 = CARTESIAN_POINT('',(1.457566611869,2.537799822632,1.8000001));
#2245 = DEFINITIONAL_REPRESENTATION('',(#2246),#2250);
#2246 = B_SPLINE_CURVE_WITH_KNOTS('',2,(#2247,#2248,#2249),
  .UNSPECIFIED.,.F.,.F.,(3,3),(0.392984487284,1.),
  .PIECEWISE_BEZIER_KNOTS.);
#2247 = CARTESIAN_POINT('',(0.392984487284,-6.661338147751E-16));
#2248 = CARTESIAN_POINT('',(0.696492243642,-8.476550480365E-17));
#2249 = CARTESIAN_POINT('',(1.,-6.661338147751E-16));
#2250 = ( GEOMETRIC_REPRESENTATION_CONTEXT(2) 
PARAMETRIC_REPRESENTATION_CONTEXT() REPRESENTATION_CONTEXT('2D SPACE',''
  ) );
#2251 = ORIENTED_EDGE('',*,*,#2252,.T.);
#2252 = EDGE_CURVE('',#2211,#2253,#2255,.T.);
#2253 = VERTEX_POINT('',#2254);
#2254 = CARTESIAN_POINT('',(1.581081670816,1.920138835552,1.8000001));
#2255 = SURFACE_CURVE('',#2256,(#2263,#2273),.PCURVE_S1.);
#2256 = B_SPLINE_CURVE_WITH_KNOTS('',5,(#2257,#2258,#2259,#2260,#2261,
    #2262),.UNSPECIFIED.,.F.,.F.,(6,6),(0.,1.),
  .PIECEWISE_BEZIER_KNOTS.);
#2257 = CARTESIAN_POINT('',(1.457566611869,2.537799822632,1.8000001));
#2258 = CARTESIAN_POINT('',(1.50626301874,2.438379367915,1.8000001));
#2259 = CARTESIAN_POINT('',(1.543238528527,2.327381913398,1.8000001));
#2260 = CARTESIAN_POINT('',(1.568384876939,2.204045993251,1.8000001));
#2261 = CARTESIAN_POINT('',(1.581081670816,2.068264079301,1.8000001));
#2262 = CARTESIAN_POINT('',(1.581081670816,1.920138835552,1.8000001));
#2263 = PCURVE('',#126,#2264);
#2264 = DEFINITIONAL_REPRESENTATION('',(#2265),#2272);
#2265 = B_SPLINE_CURVE_WITH_KNOTS('',5,(#2266,#2267,#2268,#2269,#2270,
    #2271),.UNSPECIFIED.,.F.,.F.,(6,6),(0.,1.),
  .PIECEWISE_BEZIER_KNOTS.);
#2266 = CARTESIAN_POINT('',(-1.457566611869,2.497170715159));
#2267 = CARTESIAN_POINT('',(-1.50626301874,2.397750260442));
#2268 = CARTESIAN_POINT('',(-1.543238528527,2.286752805925));
#2269 = CARTESIAN_POINT('',(-1.568384876939,2.163416885778));
#2270 = CARTESIAN_POINT('',(-1.581081670816,2.027634971827));
#2271 = CARTESIAN_POINT('',(-1.581081670816,1.879509728078));
#2272 = ( GEOMETRIC_REPRESENTATION_CONTEXT(2) 
PARAMETRIC_REPRESENTATION_CONTEXT() REPRESENTATION_CONTEXT('2D SPACE',''
  ) );
#2273 = PCURVE('',#2274,#2287);
#2274 = B_SPLINE_SURFACE_WITH_KNOTS('',5,1,(
    (#2275,#2276)
    ,(#2277,#2278)
    ,(#2279,#2280)
    ,(#2281,#2282)
    ,(#2283,#2284)
    ,(#2285,#2286
    )),.UNSPECIFIED.,.F.,.F.,.F.,(6,6),(2,2),(0.,1.),(-0.4,0.),
  .PIECEWISE_BEZIER_KNOTS.);
#2275 = CARTESIAN_POINT('',(1.457566611869,2.537799822632,2.2000001));
#2276 = CARTESIAN_POINT('',(1.457566611869,2.537799822632,1.8000001));
#2277 = CARTESIAN_POINT('',(1.50626301874,2.438379367915,2.2000001));
#2278 = CARTESIAN_POINT('',(1.50626301874,2.438379367915,1.8000001));
#2279 = CARTESIAN_POINT('',(1.543238528527,2.327381913398,2.2000001));
#2280 = CARTESIAN_POINT('',(1.543238528527,2.327381913398,1.8000001));
#2281 = CARTESIAN_POINT('',(1.568384876939,2.204045993251,2.2000001));
#2282 = CARTESIAN_POINT('',(1.568384876939,2.204045993251,1.8000001));
#2283 = CARTESIAN_POINT('',(1.581081670816,2.068264079301,2.2000001));
#2284 = CARTESIAN_POINT('',(1.581081670816,2.068264079301,1.8000001));
#2285 = CARTESIAN_POINT('',(1.581081670816,1.920138835552,2.2000001));
#2286 = CARTESIAN_POINT('',(1.581081670816,1.920138835552,1.8000001));
#2287 = DEFINITIONAL_REPRESENTATION('',(#2288),#2292);
#2288 = B_SPLINE_CURVE_WITH_KNOTS('',2,(#2289,#2290,#2291),
  .UNSPECIFIED.,.F.,.F.,(3,3),(5.440504399064E-16,1.),
  .PIECEWISE_BEZIER_KNOTS.);
#2289 = CARTESIAN_POINT('',(3.675984145059E-16,2.22044604925E-16));
#2290 = CARTESIAN_POINT('',(0.5,-9.256870051992E-17));
#2291 = CARTESIAN_POINT('',(1.,2.22044604925E-16));
#2292 = ( GEOMETRIC_REPRESENTATION_CONTEXT(2) 
PARAMETRIC_REPRESENTATION_CONTEXT() REPRESENTATION_CONTEXT('2D SPACE',''
  ) );
#2293 = ORIENTED_EDGE('',*,*,#2294,.T.);
#2294 = EDGE_CURVE('',#2253,#2295,#2297,.T.);
#2295 = VERTEX_POINT('',#2296);
#2296 = CARTESIAN_POINT('',(1.448102167853,1.332837588109,1.8000001));
#2297 = SURFACE_CURVE('',#2298,(#2305,#2315),.PCURVE_S1.);
#2298 = B_SPLINE_CURVE_WITH_KNOTS('',5,(#2299,#2300,#2301,#2302,#2303,
    #2304),.UNSPECIFIED.,.F.,.F.,(6,6),(0.,1.),
  .PIECEWISE_BEZIER_KNOTS.);
#2299 = CARTESIAN_POINT('',(1.581081670816,1.920138835552,1.8000001));
#2300 = CARTESIAN_POINT('',(1.581081670816,1.781617323826,1.8000001));
#2301 = CARTESIAN_POINT('',(1.567438934872,1.653827290112,1.8000001));
#2302 = CARTESIAN_POINT('',(1.540476110053,1.536804891789,1.8000001));
#2303 = CARTESIAN_POINT('',(1.500768775884,1.430073321429,1.8000001));
#2304 = CARTESIAN_POINT('',(1.448102167853,1.332837588109,1.8000001));
#2305 = PCURVE('',#126,#2306);
#2306 = DEFINITIONAL_REPRESENTATION('',(#2307),#2314);
#2307 = B_SPLINE_CURVE_WITH_KNOTS('',5,(#2308,#2309,#2310,#2311,#2312,
    #2313),.UNSPECIFIED.,.F.,.F.,(6,6),(0.,1.),
  .PIECEWISE_BEZIER_KNOTS.);
#2308 = CARTESIAN_POINT('',(-1.581081670816,1.879509728078));
#2309 = CARTESIAN_POINT('',(-1.581081670816,1.740988216353));
#2310 = CARTESIAN_POINT('',(-1.567438934872,1.613198182638));
#2311 = CARTESIAN_POINT('',(-1.540476110053,1.496175784315));
#2312 = CARTESIAN_POINT('',(-1.500768775884,1.389444213955));
#2313 = CARTESIAN_POINT('',(-1.448102167853,1.292208480635));
#2314 = ( GEOMETRIC_REPRESENTATION_CONTEXT(2) 
PARAMETRIC_REPRESENTATION_CONTEXT() REPRESENTATION_CONTEXT('2D SPACE',''
  ) );
#2315 = PCURVE('',#2316,#2329);
#2316 = B_SPLINE_SURFACE_WITH_KNOTS('',5,1,(
    (#2317,#2318)
    ,(#2319,#2320)
    ,(#2321,#2322)
    ,(#2323,#2324)
    ,(#2325,#2326)
    ,(#2327,#2328
    )),.UNSPECIFIED.,.F.,.F.,.F.,(6,6),(2,2),(0.,1.),(-0.4,0.),
  .PIECEWISE_BEZIER_KNOTS.);
#2317 = CARTESIAN_POINT('',(1.581081670816,1.920138835552,2.2000001));
#2318 = CARTESIAN_POINT('',(1.581081670816,1.920138835552,1.8000001));
#2319 = CARTESIAN_POINT('',(1.581081670816,1.781617323826,2.2000001));
#2320 = CARTESIAN_POINT('',(1.581081670816,1.781617323826,1.8000001));
#2321 = CARTESIAN_POINT('',(1.567438934872,1.653827290112,2.2000001));
#2322 = CARTESIAN_POINT('',(1.567438934872,1.653827290112,1.8000001));
#2323 = CARTESIAN_POINT('',(1.540476110053,1.536804891789,2.2000001));
#2324 = CARTESIAN_POINT('',(1.540476110053,1.536804891789,1.8000001));
#2325 = CARTESIAN_POINT('',(1.500768775884,1.430073321429,2.2000001));
#2326 = CARTESIAN_POINT('',(1.500768775884,1.430073321429,1.8000001));
#2327 = CARTESIAN_POINT('',(1.448102167853,1.332837588109,2.2000001));
#2328 = CARTESIAN_POINT('',(1.448102167853,1.332837588109,1.8000001));
#2329 = DEFINITIONAL_REPRESENTATION('',(#2330),#2334);
#2330 = B_SPLINE_CURVE_WITH_KNOTS('',2,(#2331,#2332,#2333),
  .UNSPECIFIED.,.F.,.F.,(3,3),(0.,1.),.PIECEWISE_BEZIER_KNOTS.);
#2331 = CARTESIAN_POINT('',(3.205922346051E-16,2.22044604925E-16));
#2332 = CARTESIAN_POINT('',(0.5,-9.256870051991E-17));
#2333 = CARTESIAN_POINT('',(1.,2.22044604925E-16));
#2334 = ( GEOMETRIC_REPRESENTATION_CONTEXT(2) 
PARAMETRIC_REPRESENTATION_CONTEXT() REPRESENTATION_CONTEXT('2D SPACE',''
  ) );
#2335 = ORIENTED_EDGE('',*,*,#2336,.T.);
#2336 = EDGE_CURVE('',#2295,#2337,#2339,.T.);
#2337 = VERTEX_POINT('',#2338);
#2338 = CARTESIAN_POINT('',(1.172622615578,0.982349902641,1.8000001));
#2339 = SURFACE_CURVE('',#2340,(#2347,#2357),.PCURVE_S1.);
#2340 = B_SPLINE_CURVE_WITH_KNOTS('',5,(#2341,#2342,#2343,#2344,#2345,
    #2346),.UNSPECIFIED.,.F.,.F.,(6,6),(0.,0.828609075735),
  .PIECEWISE_BEZIER_KNOTS.);
#2341 = CARTESIAN_POINT('',(1.448102167853,1.332837588109,1.8000001));
#2342 = CARTESIAN_POINT('',(1.403289091865,1.250101439553,1.8000001));
#2343 = CARTESIAN_POINT('',(1.353337847192,1.173839801757,1.8000001));
#2344 = CARTESIAN_POINT('',(1.298293054758,1.103921166885,1.8000001));
#2345 = CARTESIAN_POINT('',(1.23810566674,1.040134965377,1.8000001));
#2346 = CARTESIAN_POINT('',(1.172622615578,0.982349902641,1.8000001));
#2347 = PCURVE('',#126,#2348);
#2348 = DEFINITIONAL_REPRESENTATION('',(#2349),#2356);
#2349 = B_SPLINE_CURVE_WITH_KNOTS('',5,(#2350,#2351,#2352,#2353,#2354,
    #2355),.UNSPECIFIED.,.F.,.F.,(6,6),(0.,0.828609075735),
  .PIECEWISE_BEZIER_KNOTS.);
#2350 = CARTESIAN_POINT('',(-1.448102167853,1.292208480635));
#2351 = CARTESIAN_POINT('',(-1.403289091865,1.209472332079));
#2352 = CARTESIAN_POINT('',(-1.353337847192,1.133210694283));
#2353 = CARTESIAN_POINT('',(-1.298293054758,1.063292059412));
#2354 = CARTESIAN_POINT('',(-1.23810566674,0.999505857904));
#2355 = CARTESIAN_POINT('',(-1.172622615578,0.941720795167));
#2356 = ( GEOMETRIC_REPRESENTATION_CONTEXT(2) 
PARAMETRIC_REPRESENTATION_CONTEXT() REPRESENTATION_CONTEXT('2D SPACE',''
  ) );
#2357 = PCURVE('',#2358,#2371);
#2358 = B_SPLINE_SURFACE_WITH_KNOTS('',5,1,(
    (#2359,#2360)
    ,(#2361,#2362)
    ,(#2363,#2364)
    ,(#2365,#2366)
    ,(#2367,#2368)
    ,(#2369,#2370
    )),.UNSPECIFIED.,.F.,.F.,.F.,(6,6),(2,2),(0.,0.828609075735),(-0.4,
    0.),.PIECEWISE_BEZIER_KNOTS.);
#2359 = CARTESIAN_POINT('',(1.448102167853,1.332837588109,2.2000001));
#2360 = CARTESIAN_POINT('',(1.448102167853,1.332837588109,1.8000001));
#2361 = CARTESIAN_POINT('',(1.403289091865,1.250101439553,2.2000001));
#2362 = CARTESIAN_POINT('',(1.403289091865,1.250101439553,1.8000001));
#2363 = CARTESIAN_POINT('',(1.353337847192,1.173839801757,2.2000001));
#2364 = CARTESIAN_POINT('',(1.353337847192,1.173839801757,1.8000001));
#2365 = CARTESIAN_POINT('',(1.298293054758,1.103921166885,2.2000001));
#2366 = CARTESIAN_POINT('',(1.298293054758,1.103921166885,1.8000001));
#2367 = CARTESIAN_POINT('',(1.23810566674,1.040134965377,2.2000001));
#2368 = CARTESIAN_POINT('',(1.23810566674,1.040134965377,1.8000001));
#2369 = CARTESIAN_POINT('',(1.172622615578,0.982349902641,2.2000001));
#2370 = CARTESIAN_POINT('',(1.172622615578,0.982349902641,1.8000001));
#2371 = DEFINITIONAL_REPRESENTATION('',(#2372),#2376);
#2372 = B_SPLINE_CURVE_WITH_KNOTS('',2,(#2373,#2374,#2375),
  .UNSPECIFIED.,.F.,.F.,(3,3),(0.,0.828609075735),
  .PIECEWISE_BEZIER_KNOTS.);
#2373 = CARTESIAN_POINT('',(0.,2.22044604925E-16));
#2374 = CARTESIAN_POINT('',(0.414304537867,-2.876196475913E-16));
#2375 = CARTESIAN_POINT('',(0.828609075735,2.22044604925E-16));
#2376 = ( GEOMETRIC_REPRESENTATION_CONTEXT(2) 
PARAMETRIC_REPRESENTATION_CONTEXT() REPRESENTATION_CONTEXT('2D SPACE',''
  ) );
#2377 = ORIENTED_EDGE('',*,*,#2378,.T.);
#2378 = EDGE_CURVE('',#2337,#2379,#2381,.T.);
#2379 = VERTEX_POINT('',#2380);
#2380 = CARTESIAN_POINT('',(1.102620140829,0.925144843722,1.8000001));
#2381 = SURFACE_CURVE('',#2382,(#2389,#2399),.PCURVE_S1.);
#2382 = B_SPLINE_CURVE_WITH_KNOTS('',5,(#2383,#2384,#2385,#2386,#2387,
    #2388),.UNSPECIFIED.,.F.,.F.,(6,6),(0.828609075735,1.),
  .PIECEWISE_BEZIER_KNOTS.);
#2383 = CARTESIAN_POINT('',(1.172622615578,0.982349902641,1.8000001));
#2384 = CARTESIAN_POINT('',(1.159077988816,0.970397541025,1.8000001));
#2385 = CARTESIAN_POINT('',(1.145306795071,0.958701929107,1.8000001));
#2386 = CARTESIAN_POINT('',(1.131307727143,0.947261912741,1.8000001));
#2387 = CARTESIAN_POINT('',(1.117079345201,0.936076488946,1.8000001));
#2388 = CARTESIAN_POINT('',(1.102620140829,0.925144843722,1.8000001));
#2389 = PCURVE('',#126,#2390);
#2390 = DEFINITIONAL_REPRESENTATION('',(#2391),#2398);
#2391 = B_SPLINE_CURVE_WITH_KNOTS('',5,(#2392,#2393,#2394,#2395,#2396,
    #2397),.UNSPECIFIED.,.F.,.F.,(6,6),(0.828609075735,1.),
  .PIECEWISE_BEZIER_KNOTS.);
#2392 = CARTESIAN_POINT('',(-1.172622615578,0.941720795167));
#2393 = CARTESIAN_POINT('',(-1.159077988816,0.929768433552));
#2394 = CARTESIAN_POINT('',(-1.145306795071,0.918072821633));
#2395 = CARTESIAN_POINT('',(-1.131307727143,0.906632805268));
#2396 = CARTESIAN_POINT('',(-1.117079345201,0.895447381472));
#2397 = CARTESIAN_POINT('',(-1.102620140829,0.884515736248));
#2398 = ( GEOMETRIC_REPRESENTATION_CONTEXT(2) 
PARAMETRIC_REPRESENTATION_CONTEXT() REPRESENTATION_CONTEXT('2D SPACE',''
  ) );
#2399 = PCURVE('',#2400,#2413);
#2400 = B_SPLINE_SURFACE_WITH_KNOTS('',5,1,(
    (#2401,#2402)
    ,(#2403,#2404)
    ,(#2405,#2406)
    ,(#2407,#2408)
    ,(#2409,#2410)
    ,(#2411,#2412
    )),.UNSPECIFIED.,.F.,.F.,.F.,(6,6),(2,2),(0.828609075735,1.),(-0.4,
    0.),.PIECEWISE_BEZIER_KNOTS.);
#2401 = CARTESIAN_POINT('',(1.172622615578,0.982349902641,2.2000001));
#2402 = CARTESIAN_POINT('',(1.172622615578,0.982349902641,1.8000001));
#2403 = CARTESIAN_POINT('',(1.159077988816,0.970397541025,2.2000001));
#2404 = CARTESIAN_POINT('',(1.159077988816,0.970397541025,1.8000001));
#2405 = CARTESIAN_POINT('',(1.145306795071,0.958701929107,2.2000001));
#2406 = CARTESIAN_POINT('',(1.145306795071,0.958701929107,1.8000001));
#2407 = CARTESIAN_POINT('',(1.131307727143,0.947261912741,2.2000001));
#2408 = CARTESIAN_POINT('',(1.131307727143,0.947261912741,1.8000001));
#2409 = CARTESIAN_POINT('',(1.117079345201,0.936076488946,2.2000001));
#2410 = CARTESIAN_POINT('',(1.117079345201,0.936076488946,1.8000001));
#2411 = CARTESIAN_POINT('',(1.102620140829,0.925144843722,2.2000001));
#2412 = CARTESIAN_POINT('',(1.102620140829,0.925144843722,1.8000001));
#2413 = DEFINITIONAL_REPRESENTATION('',(#2414),#2418);
#2414 = B_SPLINE_CURVE_WITH_KNOTS('',2,(#2415,#2416,#2417),
  .UNSPECIFIED.,.F.,.F.,(3,3),(0.828609075735,1.),
  .PIECEWISE_BEZIER_KNOTS.);
#2415 = CARTESIAN_POINT('',(0.828609075735,-2.22044604925E-16));
#2416 = CARTESIAN_POINT('',(0.914304537867,6.600384726791E-16));
#2417 = CARTESIAN_POINT('',(1.,-2.22044604925E-16));
#2418 = ( GEOMETRIC_REPRESENTATION_CONTEXT(2) 
PARAMETRIC_REPRESENTATION_CONTEXT() REPRESENTATION_CONTEXT('2D SPACE',''
  ) );
#2419 = ORIENTED_EDGE('',*,*,#2420,.T.);
#2420 = EDGE_CURVE('',#2379,#2421,#2423,.T.);
#2421 = VERTEX_POINT('',#2422);
#2422 = CARTESIAN_POINT('',(0.996462623158,0.85204943096,1.8000001));
#2423 = SURFACE_CURVE('',#2424,(#2431,#2441),.PCURVE_S1.);
#2424 = B_SPLINE_CURVE_WITH_KNOTS('',5,(#2425,#2426,#2427,#2428,#2429,
    #2430),.UNSPECIFIED.,.F.,.F.,(6,6),(0.,0.241847226743),
  .PIECEWISE_BEZIER_KNOTS.);
#2425 = CARTESIAN_POINT('',(1.102620140829,0.925144843722,1.8000001));
#2426 = CARTESIAN_POINT('',(1.081987634971,0.909545974773,1.8000001));
#2427 = CARTESIAN_POINT('',(1.061057652376,0.894438917216,1.8000001));
#2428 = CARTESIAN_POINT('',(1.039828321046,0.879821636582,1.8000001));
#2429 = CARTESIAN_POINT('',(1.018297445185,0.865692307557,1.8000001));
#2430 = CARTESIAN_POINT('',(0.996462623158,0.85204943096,1.8000001));
#2431 = PCURVE('',#126,#2432);
#2432 = DEFINITIONAL_REPRESENTATION('',(#2433),#2440);
#2433 = B_SPLINE_CURVE_WITH_KNOTS('',5,(#2434,#2435,#2436,#2437,#2438,
    #2439),.UNSPECIFIED.,.F.,.F.,(6,6),(0.,0.241847226743),
  .PIECEWISE_BEZIER_KNOTS.);
#2434 = CARTESIAN_POINT('',(-1.102620140829,0.884515736248));
#2435 = CARTESIAN_POINT('',(-1.081987634971,0.8689168673));
#2436 = CARTESIAN_POINT('',(-1.061057652376,0.853809809742));
#2437 = CARTESIAN_POINT('',(-1.039828321046,0.839192529109));
#2438 = CARTESIAN_POINT('',(-1.018297445185,0.825063200083));
#2439 = CARTESIAN_POINT('',(-0.996462623158,0.811420323486));
#2440 = ( GEOMETRIC_REPRESENTATION_CONTEXT(2) 
PARAMETRIC_REPRESENTATION_CONTEXT() REPRESENTATION_CONTEXT('2D SPACE',''
  ) );
#2441 = PCURVE('',#2442,#2455);
#2442 = B_SPLINE_SURFACE_WITH_KNOTS('',5,1,(
    (#2443,#2444)
    ,(#2445,#2446)
    ,(#2447,#2448)
    ,(#2449,#2450)
    ,(#2451,#2452)
    ,(#2453,#2454
    )),.UNSPECIFIED.,.F.,.F.,.F.,(6,6),(2,2),(0.,0.241847226743),(-0.4,
    0.),.PIECEWISE_BEZIER_KNOTS.);
#2443 = CARTESIAN_POINT('',(1.102620140829,0.925144843722,2.2000001));
#2444 = CARTESIAN_POINT('',(1.102620140829,0.925144843722,1.8000001));
#2445 = CARTESIAN_POINT('',(1.081987634971,0.909545974773,2.2000001));
#2446 = CARTESIAN_POINT('',(1.081987634971,0.909545974773,1.8000001));
#2447 = CARTESIAN_POINT('',(1.061057652376,0.894438917216,2.2000001));
#2448 = CARTESIAN_POINT('',(1.061057652376,0.894438917216,1.8000001));
#2449 = CARTESIAN_POINT('',(1.039828321046,0.879821636582,2.2000001));
#2450 = CARTESIAN_POINT('',(1.039828321046,0.879821636582,1.8000001));
#2451 = CARTESIAN_POINT('',(1.018297445185,0.865692307557,2.2000001));
#2452 = CARTESIAN_POINT('',(1.018297445185,0.865692307557,1.8000001));
#2453 = CARTESIAN_POINT('',(0.996462623158,0.85204943096,2.2000001));
#2454 = CARTESIAN_POINT('',(0.996462623158,0.85204943096,1.8000001));
#2455 = DEFINITIONAL_REPRESENTATION('',(#2456),#2460);
#2456 = B_SPLINE_CURVE_WITH_KNOTS('',2,(#2457,#2458,#2459),
  .UNSPECIFIED.,.F.,.F.,(3,3),(0.,0.241847226743),
  .PIECEWISE_BEZIER_KNOTS.);
#2457 = CARTESIAN_POINT('',(1.2520800424E-16,-2.22044604925E-16));
#2458 = CARTESIAN_POINT('',(0.120923613371,1.950509470714E-16));
#2459 = CARTESIAN_POINT('',(0.241847226743,2.22044604925E-16));
#2460 = ( GEOMETRIC_REPRESENTATION_CONTEXT(2) 
PARAMETRIC_REPRESENTATION_CONTEXT() REPRESENTATION_CONTEXT('2D SPACE',''
  ) );
#2461 = ORIENTED_EDGE('',*,*,#2462,.T.);
#2462 = EDGE_CURVE('',#2421,#2463,#2465,.T.);
#2463 = VERTEX_POINT('',#2464);
#2464 = CARTESIAN_POINT('',(0.62355971388,0.685721765284,1.8000001));
#2465 = SURFACE_CURVE('',#2466,(#2473,#2483),.PCURVE_S1.);
#2466 = B_SPLINE_CURVE_WITH_KNOTS('',5,(#2467,#2468,#2469,#2470,#2471,
    #2472),.UNSPECIFIED.,.F.,.F.,(6,6),(0.241847226743,1.),
  .PIECEWISE_BEZIER_KNOTS.);
#2467 = CARTESIAN_POINT('',(0.996462623158,0.85204943096,1.8000001));
#2468 = CARTESIAN_POINT('',(0.928013912388,0.809281172392,1.8000001));
#2469 = CARTESIAN_POINT('',(0.856578251961,0.771293394958,1.8000001));
#2470 = CARTESIAN_POINT('',(0.78208141727,0.738038805616,1.8000001));
#2471 = CARTESIAN_POINT('',(0.704430841709,0.709507694756,1.8000001));
#2472 = CARTESIAN_POINT('',(0.62355971388,0.685721765284,1.8000001));
#2473 = PCURVE('',#126,#2474);
#2474 = DEFINITIONAL_REPRESENTATION('',(#2475),#2482);
#2475 = B_SPLINE_CURVE_WITH_KNOTS('',5,(#2476,#2477,#2478,#2479,#2480,
    #2481),.UNSPECIFIED.,.F.,.F.,(6,6),(0.241847226743,1.),
  .PIECEWISE_BEZIER_KNOTS.);
#2476 = CARTESIAN_POINT('',(-0.996462623158,0.811420323486));
#2477 = CARTESIAN_POINT('',(-0.928013912388,0.768652064918));
#2478 = CARTESIAN_POINT('',(-0.856578251961,0.730664287484));
#2479 = CARTESIAN_POINT('',(-0.78208141727,0.697409698142));
#2480 = CARTESIAN_POINT('',(-0.704430841709,0.668878587283));
#2481 = CARTESIAN_POINT('',(-0.62355971388,0.645092657811));
#2482 = ( GEOMETRIC_REPRESENTATION_CONTEXT(2) 
PARAMETRIC_REPRESENTATION_CONTEXT() REPRESENTATION_CONTEXT('2D SPACE',''
  ) );
#2483 = PCURVE('',#2484,#2497);
#2484 = B_SPLINE_SURFACE_WITH_KNOTS('',5,1,(
    (#2485,#2486)
    ,(#2487,#2488)
    ,(#2489,#2490)
    ,(#2491,#2492)
    ,(#2493,#2494)
    ,(#2495,#2496
    )),.UNSPECIFIED.,.F.,.F.,.F.,(6,6),(2,2),(0.241847226743,1.),(-0.4,
    0.),.PIECEWISE_BEZIER_KNOTS.);
#2485 = CARTESIAN_POINT('',(0.996462623158,0.85204943096,2.2000001));
#2486 = CARTESIAN_POINT('',(0.996462623158,0.85204943096,1.8000001));
#2487 = CARTESIAN_POINT('',(0.928013912388,0.809281172392,2.2000001));
#2488 = CARTESIAN_POINT('',(0.928013912388,0.809281172392,1.8000001));
#2489 = CARTESIAN_POINT('',(0.856578251961,0.771293394958,2.2000001));
#2490 = CARTESIAN_POINT('',(0.856578251961,0.771293394958,1.8000001));
#2491 = CARTESIAN_POINT('',(0.78208141727,0.738038805616,2.2000001));
#2492 = CARTESIAN_POINT('',(0.78208141727,0.738038805616,1.8000001));
#2493 = CARTESIAN_POINT('',(0.704430841709,0.709507694756,2.2000001));
#2494 = CARTESIAN_POINT('',(0.704430841709,0.709507694756,1.8000001));
#2495 = CARTESIAN_POINT('',(0.62355971388,0.685721765284,2.2000001));
#2496 = CARTESIAN_POINT('',(0.62355971388,0.685721765284,1.8000001));
#2497 = DEFINITIONAL_REPRESENTATION('',(#2498),#2502);
#2498 = B_SPLINE_CURVE_WITH_KNOTS('',2,(#2499,#2500,#2501),
  .UNSPECIFIED.,.F.,.F.,(3,3),(0.241847226743,1.),
  .PIECEWISE_BEZIER_KNOTS.);
#2499 = CARTESIAN_POINT('',(0.241847226743,2.22044604925E-16));
#2500 = CARTESIAN_POINT('',(0.620923613371,-1.164144570566E-16));
#2501 = CARTESIAN_POINT('',(1.,2.22044604925E-16));
#2502 = ( GEOMETRIC_REPRESENTATION_CONTEXT(2) 
PARAMETRIC_REPRESENTATION_CONTEXT() REPRESENTATION_CONTEXT('2D SPACE',''
  ) );
#2503 = ORIENTED_EDGE('',*,*,#2504,.T.);
#2504 = EDGE_CURVE('',#2463,#2505,#2507,.T.);
#2505 = VERTEX_POINT('',#2506);
#2506 = CARTESIAN_POINT('',(0.103004728419,0.606680938784,1.8000001));
#2507 = SURFACE_CURVE('',#2508,(#2515,#2525),.PCURVE_S1.);
#2508 = B_SPLINE_CURVE_WITH_KNOTS('',5,(#2509,#2510,#2511,#2512,#2513,
    #2514),.UNSPECIFIED.,.F.,.F.,(6,6),(0.,1.),
  .PIECEWISE_BEZIER_KNOTS.);
#2509 = CARTESIAN_POINT('',(0.62355971388,0.685721765284,1.8000001));
#2510 = CARTESIAN_POINT('',(0.515555462315,0.653955403428,1.8000001));
#2511 = CARTESIAN_POINT('',(0.409530742452,0.63024600047,1.8000001));
#2512 = CARTESIAN_POINT('',(0.305478276778,0.614519501414,1.8000001));
#2513 = CARTESIAN_POINT('',(0.203341051806,0.606680938784,1.8000001));
#2514 = CARTESIAN_POINT('',(0.103004728419,0.606680938784,1.8000001));
#2515 = PCURVE('',#126,#2516);
#2516 = DEFINITIONAL_REPRESENTATION('',(#2517),#2524);
#2517 = B_SPLINE_CURVE_WITH_KNOTS('',5,(#2518,#2519,#2520,#2521,#2522,
    #2523),.UNSPECIFIED.,.F.,.F.,(6,6),(0.,1.),
  .PIECEWISE_BEZIER_KNOTS.);
#2518 = CARTESIAN_POINT('',(-0.62355971388,0.645092657811));
#2519 = CARTESIAN_POINT('',(-0.515555462315,0.613326295954));
#2520 = CARTESIAN_POINT('',(-0.409530742452,0.589616892996));
#2521 = CARTESIAN_POINT('',(-0.305478276778,0.573890393941));
#2522 = CARTESIAN_POINT('',(-0.203341051806,0.566051831311));
#2523 = CARTESIAN_POINT('',(-0.103004728419,0.566051831311));
#2524 = ( GEOMETRIC_REPRESENTATION_CONTEXT(2) 
PARAMETRIC_REPRESENTATION_CONTEXT() REPRESENTATION_CONTEXT('2D SPACE',''
  ) );
#2525 = PCURVE('',#2526,#2539);
#2526 = B_SPLINE_SURFACE_WITH_KNOTS('',5,1,(
    (#2527,#2528)
    ,(#2529,#2530)
    ,(#2531,#2532)
    ,(#2533,#2534)
    ,(#2535,#2536)
    ,(#2537,#2538
    )),.UNSPECIFIED.,.F.,.F.,.F.,(6,6),(2,2),(0.,1.),(-0.4,0.),
  .PIECEWISE_BEZIER_KNOTS.);
#2527 = CARTESIAN_POINT('',(0.62355971388,0.685721765284,2.2000001));
#2528 = CARTESIAN_POINT('',(0.62355971388,0.685721765284,1.8000001));
#2529 = CARTESIAN_POINT('',(0.515555462315,0.653955403428,2.2000001));
#2530 = CARTESIAN_POINT('',(0.515555462315,0.653955403428,1.8000001));
#2531 = CARTESIAN_POINT('',(0.409530742452,0.63024600047,2.2000001));
#2532 = CARTESIAN_POINT('',(0.409530742452,0.63024600047,1.8000001));
#2533 = CARTESIAN_POINT('',(0.305478276778,0.614519501414,2.2000001));
#2534 = CARTESIAN_POINT('',(0.305478276778,0.614519501414,1.8000001));
#2535 = CARTESIAN_POINT('',(0.203341051806,0.606680938784,2.2000001));
#2536 = CARTESIAN_POINT('',(0.203341051806,0.606680938784,1.8000001));
#2537 = CARTESIAN_POINT('',(0.103004728419,0.606680938784,2.2000001));
#2538 = CARTESIAN_POINT('',(0.103004728419,0.606680938784,1.8000001));
#2539 = DEFINITIONAL_REPRESENTATION('',(#2540),#2544);
#2540 = B_SPLINE_CURVE_WITH_KNOTS('',2,(#2541,#2542,#2543),
  .UNSPECIFIED.,.F.,.F.,(3,3),(0.,1.),.PIECEWISE_BEZIER_KNOTS.);
#2541 = CARTESIAN_POINT('',(5.565360644713E-17,2.22044604925E-16));
#2542 = CARTESIAN_POINT('',(0.5,-9.256870051991E-17));
#2543 = CARTESIAN_POINT('',(1.,2.22044604925E-16));
#2544 = ( GEOMETRIC_REPRESENTATION_CONTEXT(2) 
PARAMETRIC_REPRESENTATION_CONTEXT() REPRESENTATION_CONTEXT('2D SPACE',''
  ) );
#2545 = ORIENTED_EDGE('',*,*,#2546,.T.);
#2546 = EDGE_CURVE('',#2505,#2547,#2549,.T.);
#2547 = VERTEX_POINT('',#2548);
#2548 = CARTESIAN_POINT('',(-0.478501603084,0.606680938784,1.8000001));
#2549 = SURFACE_CURVE('',#2550,(#2553,#2559),.PCURVE_S1.);
#2550 = B_SPLINE_CURVE_WITH_KNOTS('',1,(#2551,#2552),.UNSPECIFIED.,.F.,
  .F.,(2,2),(-0.,0.581506331503),.PIECEWISE_BEZIER_KNOTS.);
#2551 = CARTESIAN_POINT('',(0.103004728419,0.606680938784,1.8000001));
#2552 = CARTESIAN_POINT('',(-0.478501603084,0.606680938784,1.8000001));
#2553 = PCURVE('',#126,#2554);
#2554 = DEFINITIONAL_REPRESENTATION('',(#2555),#2558);
#2555 = B_SPLINE_CURVE_WITH_KNOTS('',1,(#2556,#2557),.UNSPECIFIED.,.F.,
  .F.,(2,2),(-0.,0.581506331503),.PIECEWISE_BEZIER_KNOTS.);
#2556 = CARTESIAN_POINT('',(-0.103004728419,0.566051831311));
#2557 = CARTESIAN_POINT('',(0.478501603084,0.566051831311));
#2558 = ( GEOMETRIC_REPRESENTATION_CONTEXT(2) 
PARAMETRIC_REPRESENTATION_CONTEXT() REPRESENTATION_CONTEXT('2D SPACE',''
  ) );
#2559 = PCURVE('',#2560,#2565);
#2560 = B_SPLINE_SURFACE_WITH_KNOTS('',1,1,(
    (#2561,#2562)
    ,(#2563,#2564
    )),.UNSPECIFIED.,.F.,.F.,.F.,(2,2),(2,2),(0.,0.581506331503),(-0.4,
    0.),.PIECEWISE_BEZIER_KNOTS.);
#2561 = CARTESIAN_POINT('',(0.103004728419,0.606680938784,2.2000001));
#2562 = CARTESIAN_POINT('',(0.103004728419,0.606680938784,1.8000001));
#2563 = CARTESIAN_POINT('',(-0.478501603084,0.606680938784,2.2000001));
#2564 = CARTESIAN_POINT('',(-0.478501603084,0.606680938784,1.8000001));
#2565 = DEFINITIONAL_REPRESENTATION('',(#2566),#2569);
#2566 = B_SPLINE_CURVE_WITH_KNOTS('',1,(#2567,#2568),.UNSPECIFIED.,.F.,
  .F.,(2,2),(-0.,0.581506331503),.PIECEWISE_BEZIER_KNOTS.);
#2567 = CARTESIAN_POINT('',(0.,0.));
#2568 = CARTESIAN_POINT('',(0.581506331503,0.));
#2569 = ( GEOMETRIC_REPRESENTATION_CONTEXT(2) 
PARAMETRIC_REPRESENTATION_CONTEXT() REPRESENTATION_CONTEXT('2D SPACE',''
  ) );
#2570 = ORIENTED_EDGE('',*,*,#2571,.F.);
#2571 = EDGE_CURVE('',#2572,#2547,#2574,.T.);
#2572 = VERTEX_POINT('',#2573);
#2573 = CARTESIAN_POINT('',(-0.558501603084,0.526680938784,1.8000001));
#2574 = SURFACE_CURVE('',#2575,(#2579,#2586),.PCURVE_S1.);
#2575 = ( BOUNDED_CURVE() B_SPLINE_CURVE(2,(#2576,#2577,#2578),
.UNSPECIFIED.,.F.,.F.) B_SPLINE_CURVE_WITH_KNOTS((3,3),(1.570796326795,
3.14159265359),.PIECEWISE_BEZIER_KNOTS.) CURVE() 
GEOMETRIC_REPRESENTATION_ITEM() RATIONAL_B_SPLINE_CURVE((1.,
0.707106781187,1.)) REPRESENTATION_ITEM('') );
#2576 = CARTESIAN_POINT('',(-0.558501603084,0.526680938784,1.8000001));
#2577 = CARTESIAN_POINT('',(-0.558501603084,0.606680938784,1.8000001));
#2578 = CARTESIAN_POINT('',(-0.478501603084,0.606680938784,1.8000001));
#2579 = PCURVE('',#126,#2580);
#2580 = DEFINITIONAL_REPRESENTATION('',(#2581),#2585);
#2581 = ( BOUNDED_CURVE() B_SPLINE_CURVE(2,(#2582,#2583,#2584),
.UNSPECIFIED.,.F.,.F.) B_SPLINE_CURVE_WITH_KNOTS((3,3),(1.570796326795,
3.14159265359),.PIECEWISE_BEZIER_KNOTS.) CURVE() 
GEOMETRIC_REPRESENTATION_ITEM() RATIONAL_B_SPLINE_CURVE((1.,
0.707106781187,1.)) REPRESENTATION_ITEM('') );
#2582 = CARTESIAN_POINT('',(0.558501603084,0.486051831311));
#2583 = CARTESIAN_POINT('',(0.558501603084,0.566051831311));
#2584 = CARTESIAN_POINT('',(0.478501603084,0.566051831311));
#2585 = ( GEOMETRIC_REPRESENTATION_CONTEXT(2) 
PARAMETRIC_REPRESENTATION_CONTEXT() REPRESENTATION_CONTEXT('2D SPACE',''
  ) );
#2586 = PCURVE('',#2587,#2594);
#2587 = ( BOUNDED_SURFACE() B_SPLINE_SURFACE(2,1,(
    (#2588,#2589)
    ,(#2590,#2591)
    ,(#2592,#2593
)),.UNSPECIFIED.,.F.,.F.,.F.) B_SPLINE_SURFACE_WITH_KNOTS((3,3),(2,2),(
    1.570796326795,3.14159265359),(-0.4,0.),.PIECEWISE_BEZIER_KNOTS.) 
GEOMETRIC_REPRESENTATION_ITEM() RATIONAL_B_SPLINE_SURFACE((
    (1.,1.)
    ,(0.707106781187,0.707106781187)
,(1.,1.))) REPRESENTATION_ITEM('') SURFACE() );
#2588 = CARTESIAN_POINT('',(-0.558501603084,0.526680938784,2.2000001));
#2589 = CARTESIAN_POINT('',(-0.558501603084,0.526680938784,1.8000001));
#2590 = CARTESIAN_POINT('',(-0.558501603084,0.606680938784,2.2000001));
#2591 = CARTESIAN_POINT('',(-0.558501603084,0.606680938784,1.8000001));
#2592 = CARTESIAN_POINT('',(-0.478501603084,0.606680938784,2.2000001));
#2593 = CARTESIAN_POINT('',(-0.478501603084,0.606680938784,1.8000001));
#2594 = DEFINITIONAL_REPRESENTATION('',(#2595),#2599);
#2595 = B_SPLINE_CURVE_WITH_KNOTS('',2,(#2596,#2597,#2598),
  .UNSPECIFIED.,.F.,.F.,(3,3),(1.570796326795,3.14159265359),
  .PIECEWISE_BEZIER_KNOTS.);
#2596 = CARTESIAN_POINT('',(1.570796326795,-2.22044604925E-16));
#2597 = CARTESIAN_POINT('',(2.356194490192,3.593237050464E-16));
#2598 = CARTESIAN_POINT('',(3.14159265359,-2.22044604925E-16));
#2599 = ( GEOMETRIC_REPRESENTATION_CONTEXT(2) 
PARAMETRIC_REPRESENTATION_CONTEXT() REPRESENTATION_CONTEXT('2D SPACE',''
  ) );
#2600 = ORIENTED_EDGE('',*,*,#2601,.T.);
#2601 = EDGE_CURVE('',#2572,#2602,#2604,.T.);
#2602 = VERTEX_POINT('',#2603);
#2603 = CARTESIAN_POINT('',(-0.558501603084,-5.486110958719E-02,
    1.8000001));
#2604 = SURFACE_CURVE('',#2605,(#2608,#2614),.PCURVE_S1.);
#2605 = B_SPLINE_CURVE_WITH_KNOTS('',1,(#2606,#2607),.UNSPECIFIED.,.F.,
  .F.,(2,2),(0.,0.581542048372),.PIECEWISE_BEZIER_KNOTS.);
#2606 = CARTESIAN_POINT('',(-0.558501603084,0.526680938784,1.8000001));
#2607 = CARTESIAN_POINT('',(-0.558501603084,-5.486110958719E-02,
    1.8000001));
#2608 = PCURVE('',#126,#2609);
#2609 = DEFINITIONAL_REPRESENTATION('',(#2610),#2613);
#2610 = B_SPLINE_CURVE_WITH_KNOTS('',1,(#2611,#2612),.UNSPECIFIED.,.F.,
  .F.,(2,2),(0.,0.581542048372),.PIECEWISE_BEZIER_KNOTS.);
#2611 = CARTESIAN_POINT('',(0.558501603084,0.486051831311));
#2612 = CARTESIAN_POINT('',(0.558501603084,-9.549021706062E-02));
#2613 = ( GEOMETRIC_REPRESENTATION_CONTEXT(2) 
PARAMETRIC_REPRESENTATION_CONTEXT() REPRESENTATION_CONTEXT('2D SPACE',''
  ) );
#2614 = PCURVE('',#2615,#2620);
#2615 = B_SPLINE_SURFACE_WITH_KNOTS('',1,1,(
    (#2616,#2617)
    ,(#2618,#2619
    )),.UNSPECIFIED.,.F.,.F.,.F.,(2,2),(2,2),(0.,0.581542048372),(-0.4,
    0.),.PIECEWISE_BEZIER_KNOTS.);
#2616 = CARTESIAN_POINT('',(-0.558501603084,0.526680938784,2.2000001));
#2617 = CARTESIAN_POINT('',(-0.558501603084,0.526680938784,1.8000001));
#2618 = CARTESIAN_POINT('',(-0.558501603084,-5.486110958719E-02,
    2.2000001));
#2619 = CARTESIAN_POINT('',(-0.558501603084,-5.486110958719E-02,
    1.8000001));
#2620 = DEFINITIONAL_REPRESENTATION('',(#2621),#2624);
#2621 = B_SPLINE_CURVE_WITH_KNOTS('',1,(#2622,#2623),.UNSPECIFIED.,.F.,
  .F.,(2,2),(0.,0.581542048372),.PIECEWISE_BEZIER_KNOTS.);
#2622 = CARTESIAN_POINT('',(0.,0.));
#2623 = CARTESIAN_POINT('',(0.581542048372,0.));
#2624 = ( GEOMETRIC_REPRESENTATION_CONTEXT(2) 
PARAMETRIC_REPRESENTATION_CONTEXT() REPRESENTATION_CONTEXT('2D SPACE',''
  ) );
#2625 = ORIENTED_EDGE('',*,*,#2626,.F.);
#2626 = EDGE_CURVE('',#2627,#2602,#2629,.T.);
#2627 = VERTEX_POINT('',#2628);
#2628 = CARTESIAN_POINT('',(-0.478501603084,-0.134861109587,1.8000001));
#2629 = SURFACE_CURVE('',#2630,(#2634,#2641),.PCURVE_S1.);
#2630 = ( BOUNDED_CURVE() B_SPLINE_CURVE(2,(#2631,#2632,#2633),
.UNSPECIFIED.,.F.,.F.) B_SPLINE_CURVE_WITH_KNOTS((3,3),(1.570796326795,
3.14159265359),.PIECEWISE_BEZIER_KNOTS.) CURVE() 
GEOMETRIC_REPRESENTATION_ITEM() RATIONAL_B_SPLINE_CURVE((1.,
0.707106781187,1.)) REPRESENTATION_ITEM('') );
#2631 = CARTESIAN_POINT('',(-0.478501603084,-0.134861109587,1.8000001));
#2632 = CARTESIAN_POINT('',(-0.558501603084,-0.134861109587,1.8000001));
#2633 = CARTESIAN_POINT('',(-0.558501603084,-5.486110958719E-02,
    1.8000001));
#2634 = PCURVE('',#126,#2635);
#2635 = DEFINITIONAL_REPRESENTATION('',(#2636),#2640);
#2636 = ( BOUNDED_CURVE() B_SPLINE_CURVE(2,(#2637,#2638,#2639),
.UNSPECIFIED.,.F.,.F.) B_SPLINE_CURVE_WITH_KNOTS((3,3),(1.570796326795,
3.14159265359),.PIECEWISE_BEZIER_KNOTS.) CURVE() 
GEOMETRIC_REPRESENTATION_ITEM() RATIONAL_B_SPLINE_CURVE((1.,
0.707106781187,1.)) REPRESENTATION_ITEM('') );
#2637 = CARTESIAN_POINT('',(0.478501603084,-0.175490217061));
#2638 = CARTESIAN_POINT('',(0.558501603084,-0.175490217061));
#2639 = CARTESIAN_POINT('',(0.558501603084,-9.549021706062E-02));
#2640 = ( GEOMETRIC_REPRESENTATION_CONTEXT(2) 
PARAMETRIC_REPRESENTATION_CONTEXT() REPRESENTATION_CONTEXT('2D SPACE',''
  ) );
#2641 = PCURVE('',#2642,#2649);
#2642 = ( BOUNDED_SURFACE() B_SPLINE_SURFACE(2,1,(
    (#2643,#2644)
    ,(#2645,#2646)
    ,(#2647,#2648
)),.UNSPECIFIED.,.F.,.F.,.F.) B_SPLINE_SURFACE_WITH_KNOTS((3,3),(2,2),(
    1.570796326795,3.14159265359),(-0.4,0.),.PIECEWISE_BEZIER_KNOTS.) 
GEOMETRIC_REPRESENTATION_ITEM() RATIONAL_B_SPLINE_SURFACE((
    (1.,1.)
    ,(0.707106781187,0.707106781187)
,(1.,1.))) REPRESENTATION_ITEM('') SURFACE() );
#2643 = CARTESIAN_POINT('',(-0.478501603084,-0.134861109587,2.2000001));
#2644 = CARTESIAN_POINT('',(-0.478501603084,-0.134861109587,1.8000001));
#2645 = CARTESIAN_POINT('',(-0.558501603084,-0.134861109587,2.2000001));
#2646 = CARTESIAN_POINT('',(-0.558501603084,-0.134861109587,1.8000001));
#2647 = CARTESIAN_POINT('',(-0.558501603084,-5.486110958719E-02,
    2.2000001));
#2648 = CARTESIAN_POINT('',(-0.558501603084,-5.486110958719E-02,
    1.8000001));
#2649 = DEFINITIONAL_REPRESENTATION('',(#2650),#2654);
#2650 = B_SPLINE_CURVE_WITH_KNOTS('',2,(#2651,#2652,#2653),
  .UNSPECIFIED.,.F.,.F.,(3,3),(1.570796326795,3.14159265359),
  .PIECEWISE_BEZIER_KNOTS.);
#2651 = CARTESIAN_POINT('',(1.570796326795,-2.22044604925E-16));
#2652 = CARTESIAN_POINT('',(2.356194490192,2.876196475913E-16));
#2653 = CARTESIAN_POINT('',(3.14159265359,-2.22044604925E-16));
#2654 = ( GEOMETRIC_REPRESENTATION_CONTEXT(2) 
PARAMETRIC_REPRESENTATION_CONTEXT() REPRESENTATION_CONTEXT('2D SPACE',''
  ) );
#2655 = ORIENTED_EDGE('',*,*,#2656,.T.);
#2656 = EDGE_CURVE('',#2627,#2657,#2659,.T.);
#2657 = VERTEX_POINT('',#2658);
#2658 = CARTESIAN_POINT('',(0.103004728419,-0.134861109587,1.8000001));
#2659 = SURFACE_CURVE('',#2660,(#2663,#2669),.PCURVE_S1.);
#2660 = B_SPLINE_CURVE_WITH_KNOTS('',1,(#2661,#2662),.UNSPECIFIED.,.F.,
  .F.,(2,2),(0.,0.581506331503),.PIECEWISE_BEZIER_KNOTS.);
#2661 = CARTESIAN_POINT('',(-0.478501603084,-0.134861109587,1.8000001));
#2662 = CARTESIAN_POINT('',(0.103004728419,-0.134861109587,1.8000001));
#2663 = PCURVE('',#126,#2664);
#2664 = DEFINITIONAL_REPRESENTATION('',(#2665),#2668);
#2665 = B_SPLINE_CURVE_WITH_KNOTS('',1,(#2666,#2667),.UNSPECIFIED.,.F.,
  .F.,(2,2),(0.,0.581506331503),.PIECEWISE_BEZIER_KNOTS.);
#2666 = CARTESIAN_POINT('',(0.478501603084,-0.175490217061));
#2667 = CARTESIAN_POINT('',(-0.103004728419,-0.175490217061));
#2668 = ( GEOMETRIC_REPRESENTATION_CONTEXT(2) 
PARAMETRIC_REPRESENTATION_CONTEXT() REPRESENTATION_CONTEXT('2D SPACE',''
  ) );
#2669 = PCURVE('',#2670,#2675);
#2670 = B_SPLINE_SURFACE_WITH_KNOTS('',1,1,(
    (#2671,#2672)
    ,(#2673,#2674
    )),.UNSPECIFIED.,.F.,.F.,.F.,(2,2),(2,2),(0.,0.581506331503),(-0.4,
    0.),.PIECEWISE_BEZIER_KNOTS.);
#2671 = CARTESIAN_POINT('',(-0.478501603084,-0.134861109587,2.2000001));
#2672 = CARTESIAN_POINT('',(-0.478501603084,-0.134861109587,1.8000001));
#2673 = CARTESIAN_POINT('',(0.103004728419,-0.134861109587,2.2000001));
#2674 = CARTESIAN_POINT('',(0.103004728419,-0.134861109587,1.8000001));
#2675 = DEFINITIONAL_REPRESENTATION('',(#2676),#2679);
#2676 = B_SPLINE_CURVE_WITH_KNOTS('',1,(#2677,#2678),.UNSPECIFIED.,.F.,
  .F.,(2,2),(0.,0.581506331503),.PIECEWISE_BEZIER_KNOTS.);
#2677 = CARTESIAN_POINT('',(0.,0.));
#2678 = CARTESIAN_POINT('',(0.581506331503,0.));
#2679 = ( GEOMETRIC_REPRESENTATION_CONTEXT(2) 
PARAMETRIC_REPRESENTATION_CONTEXT() REPRESENTATION_CONTEXT('2D SPACE',''
  ) );
#2680 = ORIENTED_EDGE('',*,*,#2681,.T.);
#2681 = EDGE_CURVE('',#2657,#2682,#2684,.T.);
#2682 = VERTEX_POINT('',#2683);
#2683 = CARTESIAN_POINT('',(0.799061302329,-0.230330501311,1.8000001));
#2684 = SURFACE_CURVE('',#2685,(#2692,#2702),.PCURVE_S1.);
#2685 = B_SPLINE_CURVE_WITH_KNOTS('',5,(#2686,#2687,#2688,#2689,#2690,
    #2691),.UNSPECIFIED.,.F.,.F.,(6,6),(0.,1.),
  .PIECEWISE_BEZIER_KNOTS.);
#2686 = CARTESIAN_POINT('',(0.103004728419,-0.134861109587,1.8000001));
#2687 = CARTESIAN_POINT('',(0.252501995978,-0.134861109587,1.8000001));
#2688 = CARTESIAN_POINT('',(0.396798807773,-0.144470605406,1.8000001));
#2689 = CARTESIAN_POINT('',(0.535927316635,-0.163621879452,1.8000001));
#2690 = CARTESIAN_POINT('',(0.669973888656,-0.192244892442,1.8000001));
#2691 = CARTESIAN_POINT('',(0.799061302329,-0.230330501311,1.8000001));
#2692 = PCURVE('',#126,#2693);
#2693 = DEFINITIONAL_REPRESENTATION('',(#2694),#2701);
#2694 = B_SPLINE_CURVE_WITH_KNOTS('',5,(#2695,#2696,#2697,#2698,#2699,
    #2700),.UNSPECIFIED.,.F.,.F.,(6,6),(0.,1.),
  .PIECEWISE_BEZIER_KNOTS.);
#2695 = CARTESIAN_POINT('',(-0.103004728419,-0.175490217061));
#2696 = CARTESIAN_POINT('',(-0.252501995978,-0.175490217061));
#2697 = CARTESIAN_POINT('',(-0.396798807773,-0.185099712879));
#2698 = CARTESIAN_POINT('',(-0.535927316635,-0.204250986926));
#2699 = CARTESIAN_POINT('',(-0.669973888656,-0.232873999916));
#2700 = CARTESIAN_POINT('',(-0.799061302329,-0.270959608784));
#2701 = ( GEOMETRIC_REPRESENTATION_CONTEXT(2) 
PARAMETRIC_REPRESENTATION_CONTEXT() REPRESENTATION_CONTEXT('2D SPACE',''
  ) );
#2702 = PCURVE('',#2703,#2716);
#2703 = B_SPLINE_SURFACE_WITH_KNOTS('',5,1,(
    (#2704,#2705)
    ,(#2706,#2707)
    ,(#2708,#2709)
    ,(#2710,#2711)
    ,(#2712,#2713)
    ,(#2714,#2715
    )),.UNSPECIFIED.,.F.,.F.,.F.,(6,6),(2,2),(0.,1.),(-0.4,0.),
  .PIECEWISE_BEZIER_KNOTS.);
#2704 = CARTESIAN_POINT('',(0.103004728419,-0.134861109587,2.2000001));
#2705 = CARTESIAN_POINT('',(0.103004728419,-0.134861109587,1.8000001));
#2706 = CARTESIAN_POINT('',(0.252501995978,-0.134861109587,2.2000001));
#2707 = CARTESIAN_POINT('',(0.252501995978,-0.134861109587,1.8000001));
#2708 = CARTESIAN_POINT('',(0.396798807773,-0.144470605406,2.2000001));
#2709 = CARTESIAN_POINT('',(0.396798807773,-0.144470605406,1.8000001));
#2710 = CARTESIAN_POINT('',(0.535927316635,-0.163621879452,2.2000001));
#2711 = CARTESIAN_POINT('',(0.535927316635,-0.163621879452,1.8000001));
#2712 = CARTESIAN_POINT('',(0.669973888656,-0.192244892442,2.2000001));
#2713 = CARTESIAN_POINT('',(0.669973888656,-0.192244892442,1.8000001));
#2714 = CARTESIAN_POINT('',(0.799061302329,-0.230330501311,2.2000001));
#2715 = CARTESIAN_POINT('',(0.799061302329,-0.230330501311,1.8000001));
#2716 = DEFINITIONAL_REPRESENTATION('',(#2717),#2721);
#2717 = B_SPLINE_CURVE_WITH_KNOTS('',2,(#2718,#2719,#2720),
  .UNSPECIFIED.,.F.,.F.,(3,3),(0.,1.),.PIECEWISE_BEZIER_KNOTS.);
#2718 = CARTESIAN_POINT('',(-7.426376700773E-17,2.22044604925E-16));
#2719 = CARTESIAN_POINT('',(0.5,-9.256870051992E-17));
#2720 = CARTESIAN_POINT('',(1.,2.22044604925E-16));
#2721 = ( GEOMETRIC_REPRESENTATION_CONTEXT(2) 
PARAMETRIC_REPRESENTATION_CONTEXT() REPRESENTATION_CONTEXT('2D SPACE',''
  ) );
#2722 = ORIENTED_EDGE('',*,*,#2723,.T.);
#2723 = EDGE_CURVE('',#2682,#2724,#2726,.T.);
#2724 = VERTEX_POINT('',#2725);
#2725 = CARTESIAN_POINT('',(1.347883582078,-0.509146670184,1.8000001));
#2726 = SURFACE_CURVE('',#2727,(#2734,#2744),.PCURVE_S1.);
#2727 = B_SPLINE_CURVE_WITH_KNOTS('',5,(#2728,#2729,#2730,#2731,#2732,
    #2733),.UNSPECIFIED.,.F.,.F.,(6,6),(0.,0.977753922331),
  .PIECEWISE_BEZIER_KNOTS.);
#2728 = CARTESIAN_POINT('',(0.799061302329,-0.230330501311,1.8000001));
#2729 = CARTESIAN_POINT('',(0.924648489351,-0.267383412572,1.8000001));
#2730 = CARTESIAN_POINT('',(1.04213469901,-0.313837126934,1.8000001));
#2731 = CARTESIAN_POINT('',(1.151658699364,-0.369590228648,1.8000001));
#2732 = CARTESIAN_POINT('',(1.253506233324,-0.434637386145,1.8000001));
#2733 = CARTESIAN_POINT('',(1.347883582078,-0.509146670184,1.8000001));
#2734 = PCURVE('',#126,#2735);
#2735 = DEFINITIONAL_REPRESENTATION('',(#2736),#2743);
#2736 = B_SPLINE_CURVE_WITH_KNOTS('',5,(#2737,#2738,#2739,#2740,#2741,
    #2742),.UNSPECIFIED.,.F.,.F.,(6,6),(0.,0.977753922331),
  .PIECEWISE_BEZIER_KNOTS.);
#2737 = CARTESIAN_POINT('',(-0.799061302329,-0.270959608784));
#2738 = CARTESIAN_POINT('',(-0.924648489351,-0.308012520046));
#2739 = CARTESIAN_POINT('',(-1.04213469901,-0.354466234407));
#2740 = CARTESIAN_POINT('',(-1.151658699364,-0.410219336122));
#2741 = CARTESIAN_POINT('',(-1.253506233324,-0.475266493619));
#2742 = CARTESIAN_POINT('',(-1.347883582078,-0.549775777658));
#2743 = ( GEOMETRIC_REPRESENTATION_CONTEXT(2) 
PARAMETRIC_REPRESENTATION_CONTEXT() REPRESENTATION_CONTEXT('2D SPACE',''
  ) );
#2744 = PCURVE('',#2745,#2758);
#2745 = B_SPLINE_SURFACE_WITH_KNOTS('',5,1,(
    (#2746,#2747)
    ,(#2748,#2749)
    ,(#2750,#2751)
    ,(#2752,#2753)
    ,(#2754,#2755)
    ,(#2756,#2757
    )),.UNSPECIFIED.,.F.,.F.,.F.,(6,6),(2,2),(0.,0.977753922331),(-0.4,
    0.),.PIECEWISE_BEZIER_KNOTS.);
#2746 = CARTESIAN_POINT('',(0.799061302329,-0.230330501311,2.2000001));
#2747 = CARTESIAN_POINT('',(0.799061302329,-0.230330501311,1.8000001));
#2748 = CARTESIAN_POINT('',(0.924648489351,-0.267383412572,2.2000001));
#2749 = CARTESIAN_POINT('',(0.924648489351,-0.267383412572,1.8000001));
#2750 = CARTESIAN_POINT('',(1.04213469901,-0.313837126934,2.2000001));
#2751 = CARTESIAN_POINT('',(1.04213469901,-0.313837126934,1.8000001));
#2752 = CARTESIAN_POINT('',(1.151658699364,-0.369590228648,2.2000001));
#2753 = CARTESIAN_POINT('',(1.151658699364,-0.369590228648,1.8000001));
#2754 = CARTESIAN_POINT('',(1.253506233324,-0.434637386145,2.2000001));
#2755 = CARTESIAN_POINT('',(1.253506233324,-0.434637386145,1.8000001));
#2756 = CARTESIAN_POINT('',(1.347883582078,-0.509146670184,2.2000001));
#2757 = CARTESIAN_POINT('',(1.347883582078,-0.509146670184,1.8000001));
#2758 = DEFINITIONAL_REPRESENTATION('',(#2759),#2763);
#2759 = B_SPLINE_CURVE_WITH_KNOTS('',2,(#2760,#2761,#2762),
  .UNSPECIFIED.,.F.,.F.,(3,3),(0.,0.977753922331),
  .PIECEWISE_BEZIER_KNOTS.);
#2760 = CARTESIAN_POINT('',(1.355691879382E-16,2.22044604925E-16));
#2761 = CARTESIAN_POINT('',(0.488876961166,-9.256870051991E-17));
#2762 = CARTESIAN_POINT('',(0.977753922331,2.22044604925E-16));
#2763 = ( GEOMETRIC_REPRESENTATION_CONTEXT(2) 
PARAMETRIC_REPRESENTATION_CONTEXT() REPRESENTATION_CONTEXT('2D SPACE',''
  ) );
#2764 = ORIENTED_EDGE('',*,*,#2765,.T.);
#2765 = EDGE_CURVE('',#2724,#2766,#2768,.T.);
#2766 = VERTEX_POINT('',#2767);
#2767 = CARTESIAN_POINT('',(1.358581408933,-0.517671931316,1.8000001));
#2768 = SURFACE_CURVE('',#2769,(#2774,#2782),.PCURVE_S1.);
#2769 = B_SPLINE_CURVE_WITH_KNOTS('',3,(#2770,#2771,#2772,#2773),
  .UNSPECIFIED.,.F.,.F.,(4,4),(0.977753922331,1.),
  .PIECEWISE_BEZIER_KNOTS.);
#2770 = CARTESIAN_POINT('',(1.347883582086,-0.509146670174,1.8000001));
#2771 = CARTESIAN_POINT('',(1.35146240659,-0.511972090248,1.8000001));
#2772 = CARTESIAN_POINT('',(1.355028341012,-0.514813837574,1.8000001));
#2773 = CARTESIAN_POINT('',(1.358581408941,-0.517671931306,1.8000001));
#2774 = PCURVE('',#126,#2775);
#2775 = DEFINITIONAL_REPRESENTATION('',(#2776),#2781);
#2776 = B_SPLINE_CURVE_WITH_KNOTS('',3,(#2777,#2778,#2779,#2780),
  .UNSPECIFIED.,.F.,.F.,(4,4),(0.977753922331,1.),
  .PIECEWISE_BEZIER_KNOTS.);
#2777 = CARTESIAN_POINT('',(-1.347883582086,-0.549775777648));
#2778 = CARTESIAN_POINT('',(-1.35146240659,-0.552601197721));
#2779 = CARTESIAN_POINT('',(-1.355028341012,-0.555442945048));
#2780 = CARTESIAN_POINT('',(-1.358581408941,-0.558301038779));
#2781 = ( GEOMETRIC_REPRESENTATION_CONTEXT(2) 
PARAMETRIC_REPRESENTATION_CONTEXT() REPRESENTATION_CONTEXT('2D SPACE',''
  ) );
#2782 = PCURVE('',#2783,#2792);
#2783 = B_SPLINE_SURFACE_WITH_KNOTS('',3,1,(
    (#2784,#2785)
    ,(#2786,#2787)
    ,(#2788,#2789)
    ,(#2790,#2791
    )),.UNSPECIFIED.,.F.,.F.,.F.,(4,4),(2,2),(0.977753922331,1.),(-0.4,
    0.),.PIECEWISE_BEZIER_KNOTS.);
#2784 = CARTESIAN_POINT('',(1.347883582086,-0.509146670174,2.2000001));
#2785 = CARTESIAN_POINT('',(1.347883582086,-0.509146670174,1.8000001));
#2786 = CARTESIAN_POINT('',(1.35146240659,-0.511972090248,2.2000001));
#2787 = CARTESIAN_POINT('',(1.35146240659,-0.511972090248,1.8000001));
#2788 = CARTESIAN_POINT('',(1.355028341012,-0.514813837574,2.2000001));
#2789 = CARTESIAN_POINT('',(1.355028341012,-0.514813837574,1.8000001));
#2790 = CARTESIAN_POINT('',(1.358581408941,-0.517671931306,2.2000001));
#2791 = CARTESIAN_POINT('',(1.358581408941,-0.517671931306,1.8000001));
#2792 = DEFINITIONAL_REPRESENTATION('',(#2793),#2797);
#2793 = B_SPLINE_CURVE_WITH_KNOTS('',2,(#2794,#2795,#2796),
  .UNSPECIFIED.,.F.,.F.,(3,3),(0.977753922331,1.),
  .PIECEWISE_BEZIER_KNOTS.);
#2794 = CARTESIAN_POINT('',(0.977753922331,2.22044604925E-16));
#2795 = CARTESIAN_POINT('',(0.988876961166,-9.256870051987E-17));
#2796 = CARTESIAN_POINT('',(1.,2.22044604925E-16));
#2797 = ( GEOMETRIC_REPRESENTATION_CONTEXT(2) 
PARAMETRIC_REPRESENTATION_CONTEXT() REPRESENTATION_CONTEXT('2D SPACE',''
  ) );
#2798 = ORIENTED_EDGE('',*,*,#2799,.T.);
#2799 = EDGE_CURVE('',#2766,#2800,#2802,.T.);
#2800 = VERTEX_POINT('',#2801);
#2801 = CARTESIAN_POINT('',(1.512850374166,-0.66346961904,1.8000001));
#2802 = SURFACE_CURVE('',#2803,(#2810,#2820),.PCURVE_S1.);
#2803 = B_SPLINE_CURVE_WITH_KNOTS('',5,(#2804,#2805,#2806,#2807,#2808,
    #2809),.UNSPECIFIED.,.F.,.F.,(6,6),(0.,0.350896082543),
  .PIECEWISE_BEZIER_KNOTS.);
#2804 = CARTESIAN_POINT('',(1.358581408933,-0.517671931316,1.8000001));
#2805 = CARTESIAN_POINT('',(1.392033763364,-0.544581061089,1.8000001));
#2806 = CARTESIAN_POINT('',(1.424172443782,-0.572608025287,1.8000001));
#2807 = CARTESIAN_POINT('',(1.455012274386,-0.601758153561,1.8000001));
#2808 = CARTESIAN_POINT('',(1.484567796965,-0.632041123036,1.8000001));
#2809 = CARTESIAN_POINT('',(1.512850374166,-0.66346961904,1.8000001));
#2810 = PCURVE('',#126,#2811);
#2811 = DEFINITIONAL_REPRESENTATION('',(#2812),#2819);
#2812 = B_SPLINE_CURVE_WITH_KNOTS('',5,(#2813,#2814,#2815,#2816,#2817,
    #2818),.UNSPECIFIED.,.F.,.F.,(6,6),(0.,0.350896082543),
  .PIECEWISE_BEZIER_KNOTS.);
#2813 = CARTESIAN_POINT('',(-1.358581408933,-0.558301038789));
#2814 = CARTESIAN_POINT('',(-1.392033763364,-0.585210168562));
#2815 = CARTESIAN_POINT('',(-1.424172443782,-0.613237132761));
#2816 = CARTESIAN_POINT('',(-1.455012274386,-0.642387261035));
#2817 = CARTESIAN_POINT('',(-1.484567796965,-0.672670230509));
#2818 = CARTESIAN_POINT('',(-1.512850374166,-0.704098726513));
#2819 = ( GEOMETRIC_REPRESENTATION_CONTEXT(2) 
PARAMETRIC_REPRESENTATION_CONTEXT() REPRESENTATION_CONTEXT('2D SPACE',''
  ) );
#2820 = PCURVE('',#2821,#2834);
#2821 = B_SPLINE_SURFACE_WITH_KNOTS('',5,1,(
    (#2822,#2823)
    ,(#2824,#2825)
    ,(#2826,#2827)
    ,(#2828,#2829)
    ,(#2830,#2831)
    ,(#2832,#2833
    )),.UNSPECIFIED.,.F.,.F.,.F.,(6,6),(2,2),(0.,0.350896082543),(-0.4,
    0.),.PIECEWISE_BEZIER_KNOTS.);
#2822 = CARTESIAN_POINT('',(1.358581408933,-0.517671931316,2.2000001));
#2823 = CARTESIAN_POINT('',(1.358581408933,-0.517671931316,1.8000001));
#2824 = CARTESIAN_POINT('',(1.392033763364,-0.544581061089,2.2000001));
#2825 = CARTESIAN_POINT('',(1.392033763364,-0.544581061089,1.8000001));
#2826 = CARTESIAN_POINT('',(1.424172443782,-0.572608025287,2.2000001));
#2827 = CARTESIAN_POINT('',(1.424172443782,-0.572608025287,1.8000001));
#2828 = CARTESIAN_POINT('',(1.455012274386,-0.601758153561,2.2000001));
#2829 = CARTESIAN_POINT('',(1.455012274386,-0.601758153561,1.8000001));
#2830 = CARTESIAN_POINT('',(1.484567796965,-0.632041123036,2.2000001));
#2831 = CARTESIAN_POINT('',(1.484567796965,-0.632041123036,1.8000001));
#2832 = CARTESIAN_POINT('',(1.512850374166,-0.66346961904,2.2000001));
#2833 = CARTESIAN_POINT('',(1.512850374166,-0.66346961904,1.8000001));
#2834 = DEFINITIONAL_REPRESENTATION('',(#2835),#2839);
#2835 = B_SPLINE_CURVE_WITH_KNOTS('',2,(#2836,#2837,#2838),
  .UNSPECIFIED.,.F.,.F.,(3,3),(0.,0.350896082543),
  .PIECEWISE_BEZIER_KNOTS.);
#2836 = CARTESIAN_POINT('',(-1.681569134949E-45,2.22044604925E-16));
#2837 = CARTESIAN_POINT('',(0.175448041271,-9.256870051992E-17));
#2838 = CARTESIAN_POINT('',(0.350896082543,2.22044604925E-16));
#2839 = ( GEOMETRIC_REPRESENTATION_CONTEXT(2) 
PARAMETRIC_REPRESENTATION_CONTEXT() REPRESENTATION_CONTEXT('2D SPACE',''
  ) );
#2840 = ORIENTED_EDGE('',*,*,#2841,.T.);
#2841 = EDGE_CURVE('',#2800,#2842,#2844,.T.);
#2842 = VERTEX_POINT('',#2843);
#2843 = CARTESIAN_POINT('',(1.731390871945,-0.994259087368,1.8000001));
#2844 = SURFACE_CURVE('',#2845,(#2852,#2862),.PCURVE_S1.);
#2845 = B_SPLINE_CURVE_WITH_KNOTS('',5,(#2846,#2847,#2848,#2849,#2850,
    #2851),.UNSPECIFIED.,.F.,.F.,(6,6),(0.350896082543,1.),
  .PIECEWISE_BEZIER_KNOTS.);
#2846 = CARTESIAN_POINT('',(1.512850374166,-0.66346961904,1.8000001));
#2847 = CARTESIAN_POINT('',(1.565168802813,-0.721607514818,1.8000001));
#2848 = CARTESIAN_POINT('',(1.613131298478,-0.783665324898,1.8000001));
#2849 = CARTESIAN_POINT('',(1.656811555046,-0.849723286059,1.8000001));
#2850 = CARTESIAN_POINT('',(1.696237226628,-0.919893744779,1.8000001));
#2851 = CARTESIAN_POINT('',(1.731390871945,-0.994259087368,1.8000001));
#2852 = PCURVE('',#126,#2853);
#2853 = DEFINITIONAL_REPRESENTATION('',(#2854),#2861);
#2854 = B_SPLINE_CURVE_WITH_KNOTS('',5,(#2855,#2856,#2857,#2858,#2859,
    #2860),.UNSPECIFIED.,.F.,.F.,(6,6),(0.350896082543,1.),
  .PIECEWISE_BEZIER_KNOTS.);
#2855 = CARTESIAN_POINT('',(-1.512850374166,-0.704098726513));
#2856 = CARTESIAN_POINT('',(-1.565168802813,-0.762236622292));
#2857 = CARTESIAN_POINT('',(-1.613131298478,-0.824294432371));
#2858 = CARTESIAN_POINT('',(-1.656811555046,-0.890352393532));
#2859 = CARTESIAN_POINT('',(-1.696237226628,-0.960522852252));
#2860 = CARTESIAN_POINT('',(-1.731390871945,-1.034888194842));
#2861 = ( GEOMETRIC_REPRESENTATION_CONTEXT(2) 
PARAMETRIC_REPRESENTATION_CONTEXT() REPRESENTATION_CONTEXT('2D SPACE',''
  ) );
#2862 = PCURVE('',#2863,#2876);
#2863 = B_SPLINE_SURFACE_WITH_KNOTS('',5,1,(
    (#2864,#2865)
    ,(#2866,#2867)
    ,(#2868,#2869)
    ,(#2870,#2871)
    ,(#2872,#2873)
    ,(#2874,#2875
    )),.UNSPECIFIED.,.F.,.F.,.F.,(6,6),(2,2),(0.350896082543,1.),(-0.4,
    0.),.PIECEWISE_BEZIER_KNOTS.);
#2864 = CARTESIAN_POINT('',(1.512850374166,-0.66346961904,2.2000001));
#2865 = CARTESIAN_POINT('',(1.512850374166,-0.66346961904,1.8000001));
#2866 = CARTESIAN_POINT('',(1.565168802813,-0.721607514818,2.2000001));
#2867 = CARTESIAN_POINT('',(1.565168802813,-0.721607514818,1.8000001));
#2868 = CARTESIAN_POINT('',(1.613131298478,-0.783665324898,2.2000001));
#2869 = CARTESIAN_POINT('',(1.613131298478,-0.783665324898,1.8000001));
#2870 = CARTESIAN_POINT('',(1.656811555046,-0.849723286059,2.2000001));
#2871 = CARTESIAN_POINT('',(1.656811555046,-0.849723286059,1.8000001));
#2872 = CARTESIAN_POINT('',(1.696237226628,-0.919893744779,2.2000001));
#2873 = CARTESIAN_POINT('',(1.696237226628,-0.919893744779,1.8000001));
#2874 = CARTESIAN_POINT('',(1.731390871945,-0.994259087368,2.2000001));
#2875 = CARTESIAN_POINT('',(1.731390871945,-0.994259087368,1.8000001));
#2876 = DEFINITIONAL_REPRESENTATION('',(#2877),#2881);
#2877 = B_SPLINE_CURVE_WITH_KNOTS('',2,(#2878,#2879,#2880),
  .UNSPECIFIED.,.F.,.F.,(3,3),(0.350896082543,1.),
  .PIECEWISE_BEZIER_KNOTS.);
#2878 = CARTESIAN_POINT('',(0.350896082543,2.22044604925E-16));
#2879 = CARTESIAN_POINT('',(0.675448041271,-7.867016270767E-17));
#2880 = CARTESIAN_POINT('',(1.,2.22044604925E-16));
#2881 = ( GEOMETRIC_REPRESENTATION_CONTEXT(2) 
PARAMETRIC_REPRESENTATION_CONTEXT() REPRESENTATION_CONTEXT('2D SPACE',''
  ) );
#2882 = ORIENTED_EDGE('',*,*,#2883,.T.);
#2883 = EDGE_CURVE('',#2842,#2884,#2886,.T.);
#2884 = VERTEX_POINT('',#2885);
#2885 = CARTESIAN_POINT('',(1.866352297296,-1.678728523247,1.8000001));
#2886 = SURFACE_CURVE('',#2887,(#2894,#2904),.PCURVE_S1.);
#2887 = B_SPLINE_CURVE_WITH_KNOTS('',5,(#2888,#2889,#2890,#2891,#2892,
    #2893),.UNSPECIFIED.,.F.,.F.,(6,6),(5.330849491144E-16,1.),
  .PIECEWISE_BEZIER_KNOTS.);
#2888 = CARTESIAN_POINT('',(1.731390871945,-0.994259087368,1.8000001));
#2889 = CARTESIAN_POINT('',(1.784794403289,-1.107230924804,1.8000001));
#2890 = CARTESIAN_POINT('',(1.825201278312,-1.231733775821,1.8000001));
#2891 = CARTESIAN_POINT('',(1.852556934697,-1.368412618855,1.8000001));
#2892 = CARTESIAN_POINT('',(1.866352297296,-1.517433150644,1.8000001));
#2893 = CARTESIAN_POINT('',(1.866352297296,-1.678728523247,1.8000001));
#2894 = PCURVE('',#126,#2895);
#2895 = DEFINITIONAL_REPRESENTATION('',(#2896),#2903);
#2896 = B_SPLINE_CURVE_WITH_KNOTS('',5,(#2897,#2898,#2899,#2900,#2901,
    #2902),.UNSPECIFIED.,.F.,.F.,(6,6),(5.330849491144E-16,1.),
  .PIECEWISE_BEZIER_KNOTS.);
#2897 = CARTESIAN_POINT('',(-1.731390871945,-1.034888194842));
#2898 = CARTESIAN_POINT('',(-1.784794403289,-1.147860032278));
#2899 = CARTESIAN_POINT('',(-1.825201278312,-1.272362883295));
#2900 = CARTESIAN_POINT('',(-1.852556934697,-1.409041726328));
#2901 = CARTESIAN_POINT('',(-1.866352297296,-1.558062258117));
#2902 = CARTESIAN_POINT('',(-1.866352297296,-1.719357630721));
#2903 = ( GEOMETRIC_REPRESENTATION_CONTEXT(2) 
PARAMETRIC_REPRESENTATION_CONTEXT() REPRESENTATION_CONTEXT('2D SPACE',''
  ) );
#2904 = PCURVE('',#2905,#2918);
#2905 = B_SPLINE_SURFACE_WITH_KNOTS('',5,1,(
    (#2906,#2907)
    ,(#2908,#2909)
    ,(#2910,#2911)
    ,(#2912,#2913)
    ,(#2914,#2915)
    ,(#2916,#2917
    )),.UNSPECIFIED.,.F.,.F.,.F.,(6,6),(2,2),(5.330849491144E-16,1.),(
    -0.4,0.),.PIECEWISE_BEZIER_KNOTS.);
#2906 = CARTESIAN_POINT('',(1.731390871945,-0.994259087368,2.2000001));
#2907 = CARTESIAN_POINT('',(1.731390871945,-0.994259087368,1.8000001));
#2908 = CARTESIAN_POINT('',(1.784794403289,-1.107230924804,2.2000001));
#2909 = CARTESIAN_POINT('',(1.784794403289,-1.107230924804,1.8000001));
#2910 = CARTESIAN_POINT('',(1.825201278312,-1.231733775821,2.2000001));
#2911 = CARTESIAN_POINT('',(1.825201278312,-1.231733775821,1.8000001));
#2912 = CARTESIAN_POINT('',(1.852556934697,-1.368412618855,2.2000001));
#2913 = CARTESIAN_POINT('',(1.852556934697,-1.368412618855,1.8000001));
#2914 = CARTESIAN_POINT('',(1.866352297296,-1.517433150644,2.2000001));
#2915 = CARTESIAN_POINT('',(1.866352297296,-1.517433150644,1.8000001));
#2916 = CARTESIAN_POINT('',(1.866352297296,-1.678728523247,2.2000001));
#2917 = CARTESIAN_POINT('',(1.866352297296,-1.678728523247,1.8000001));
#2918 = DEFINITIONAL_REPRESENTATION('',(#2919),#2923);
#2919 = B_SPLINE_CURVE_WITH_KNOTS('',2,(#2920,#2921,#2922),
  .UNSPECIFIED.,.F.,.F.,(3,3),(5.330849491144E-16,1.),
  .PIECEWISE_BEZIER_KNOTS.);
#2920 = CARTESIAN_POINT('',(8.456181088829E-16,-2.22044604925E-16));
#2921 = CARTESIAN_POINT('',(0.5,-8.034129148965E-16));
#2922 = CARTESIAN_POINT('',(1.,-2.22044604925E-16));
#2923 = ( GEOMETRIC_REPRESENTATION_CONTEXT(2) 
PARAMETRIC_REPRESENTATION_CONTEXT() REPRESENTATION_CONTEXT('2D SPACE',''
  ) );
#2924 = ORIENTED_EDGE('',*,*,#2925,.T.);
#2925 = EDGE_CURVE('',#2884,#2926,#2928,.T.);
#2926 = VERTEX_POINT('',#2927);
#2927 = CARTESIAN_POINT('',(1.710712062155,-2.366151074891,1.8000001));
#2928 = SURFACE_CURVE('',#2929,(#2936,#2946),.PCURVE_S1.);
#2929 = B_SPLINE_CURVE_WITH_KNOTS('',5,(#2930,#2931,#2932,#2933,#2934,
    #2935),.UNSPECIFIED.,.F.,.F.,(6,6),(0.,1.),
  .PIECEWISE_BEZIER_KNOTS.);
#2930 = CARTESIAN_POINT('',(1.866352297296,-1.678728523247,1.8000001));
#2931 = CARTESIAN_POINT('',(1.866352297296,-1.834639835572,1.8000001));
#2932 = CARTESIAN_POINT('',(1.85055130919,-1.981068731315,1.8000001));
#2933 = CARTESIAN_POINT('',(1.81924116087,-2.118096327024,1.8000001));
#2934 = CARTESIAN_POINT('',(1.772717798856,-2.2462773541,1.8000001));
#2935 = CARTESIAN_POINT('',(1.710712062155,-2.366151074891,1.8000001));
#2936 = PCURVE('',#126,#2937);
#2937 = DEFINITIONAL_REPRESENTATION('',(#2938),#2945);
#2938 = B_SPLINE_CURVE_WITH_KNOTS('',5,(#2939,#2940,#2941,#2942,#2943,
    #2944),.UNSPECIFIED.,.F.,.F.,(6,6),(0.,1.),
  .PIECEWISE_BEZIER_KNOTS.);
#2939 = CARTESIAN_POINT('',(-1.866352297296,-1.719357630721));
#2940 = CARTESIAN_POINT('',(-1.866352297296,-1.875268943046));
#2941 = CARTESIAN_POINT('',(-1.85055130919,-2.021697838788));
#2942 = CARTESIAN_POINT('',(-1.81924116087,-2.158725434497));
#2943 = CARTESIAN_POINT('',(-1.772717798856,-2.286906461574));
#2944 = CARTESIAN_POINT('',(-1.710712062155,-2.406780182364));
#2945 = ( GEOMETRIC_REPRESENTATION_CONTEXT(2) 
PARAMETRIC_REPRESENTATION_CONTEXT() REPRESENTATION_CONTEXT('2D SPACE',''
  ) );
#2946 = PCURVE('',#2947,#2960);
#2947 = B_SPLINE_SURFACE_WITH_KNOTS('',5,1,(
    (#2948,#2949)
    ,(#2950,#2951)
    ,(#2952,#2953)
    ,(#2954,#2955)
    ,(#2956,#2957)
    ,(#2958,#2959
    )),.UNSPECIFIED.,.F.,.F.,.F.,(6,6),(2,2),(0.,1.),(-0.4,0.),
  .PIECEWISE_BEZIER_KNOTS.);
#2948 = CARTESIAN_POINT('',(1.866352297296,-1.678728523247,2.2000001));
#2949 = CARTESIAN_POINT('',(1.866352297296,-1.678728523247,1.8000001));
#2950 = CARTESIAN_POINT('',(1.866352297296,-1.834639835572,2.2000001));
#2951 = CARTESIAN_POINT('',(1.866352297296,-1.834639835572,1.8000001));
#2952 = CARTESIAN_POINT('',(1.85055130919,-1.981068731315,2.2000001));
#2953 = CARTESIAN_POINT('',(1.85055130919,-1.981068731315,1.8000001));
#2954 = CARTESIAN_POINT('',(1.81924116087,-2.118096327024,2.2000001));
#2955 = CARTESIAN_POINT('',(1.81924116087,-2.118096327024,1.8000001));
#2956 = CARTESIAN_POINT('',(1.772717798856,-2.2462773541,2.2000001));
#2957 = CARTESIAN_POINT('',(1.772717798856,-2.2462773541,1.8000001));
#2958 = CARTESIAN_POINT('',(1.710712062155,-2.366151074891,2.2000001));
#2959 = CARTESIAN_POINT('',(1.710712062155,-2.366151074891,1.8000001));
#2960 = DEFINITIONAL_REPRESENTATION('',(#2961),#2965);
#2961 = B_SPLINE_CURVE_WITH_KNOTS('',2,(#2962,#2963,#2964),
  .UNSPECIFIED.,.F.,.F.,(3,3),(0.,1.),.PIECEWISE_BEZIER_KNOTS.);
#2962 = CARTESIAN_POINT('',(8.102928009961E-30,2.22044604925E-16));
#2963 = CARTESIAN_POINT('',(0.5,-9.256870051992E-17));
#2964 = CARTESIAN_POINT('',(1.,2.22044604925E-16));
#2965 = ( GEOMETRIC_REPRESENTATION_CONTEXT(2) 
PARAMETRIC_REPRESENTATION_CONTEXT() REPRESENTATION_CONTEXT('2D SPACE',''
  ) );
#2966 = ORIENTED_EDGE('',*,*,#2967,.T.);
#2967 = EDGE_CURVE('',#2926,#2968,#2970,.T.);
#2968 = VERTEX_POINT('',#2969);
#2969 = CARTESIAN_POINT('',(1.479240229719,-2.702440837463,1.8000001));
#2970 = SURFACE_CURVE('',#2971,(#2978,#2988),.PCURVE_S1.);
#2971 = B_SPLINE_CURVE_WITH_KNOTS('',5,(#2972,#2973,#2974,#2975,#2976,
    #2977),.UNSPECIFIED.,.F.,.F.,(6,6),(0.,0.613114190511),
  .PIECEWISE_BEZIER_KNOTS.);
#2972 = CARTESIAN_POINT('',(1.710712062155,-2.366151074891,1.8000001));
#2973 = CARTESIAN_POINT('',(1.672145577188,-2.440710434989,1.8000001));
#2974 = CARTESIAN_POINT('',(1.629724161537,-2.511557045792,1.8000001));
#2975 = CARTESIAN_POINT('',(1.58345244812,-2.578749552612,1.8000001));
#2976 = CARTESIAN_POINT('',(1.533307263818,-2.64235983595,1.8000001));
#2977 = CARTESIAN_POINT('',(1.479240229719,-2.702440837463,1.8000001));
#2978 = PCURVE('',#126,#2979);
#2979 = DEFINITIONAL_REPRESENTATION('',(#2980),#2987);
#2980 = B_SPLINE_CURVE_WITH_KNOTS('',5,(#2981,#2982,#2983,#2984,#2985,
    #2986),.UNSPECIFIED.,.F.,.F.,(6,6),(0.,0.613114190511),
  .PIECEWISE_BEZIER_KNOTS.);
#2981 = CARTESIAN_POINT('',(-1.710712062155,-2.406780182364));
#2982 = CARTESIAN_POINT('',(-1.672145577188,-2.481339542462));
#2983 = CARTESIAN_POINT('',(-1.629724161537,-2.552186153266));
#2984 = CARTESIAN_POINT('',(-1.58345244812,-2.619378660086));
#2985 = CARTESIAN_POINT('',(-1.533307263818,-2.682988943423));
#2986 = CARTESIAN_POINT('',(-1.479240229719,-2.743069944936));
#2987 = ( GEOMETRIC_REPRESENTATION_CONTEXT(2) 
PARAMETRIC_REPRESENTATION_CONTEXT() REPRESENTATION_CONTEXT('2D SPACE',''
  ) );
#2988 = PCURVE('',#2989,#3002);
#2989 = B_SPLINE_SURFACE_WITH_KNOTS('',5,1,(
    (#2990,#2991)
    ,(#2992,#2993)
    ,(#2994,#2995)
    ,(#2996,#2997)
    ,(#2998,#2999)
    ,(#3000,#3001
    )),.UNSPECIFIED.,.F.,.F.,.F.,(6,6),(2,2),(0.,0.613114190511),(-0.4,
    0.),.PIECEWISE_BEZIER_KNOTS.);
#2990 = CARTESIAN_POINT('',(1.710712062155,-2.366151074891,2.2000001));
#2991 = CARTESIAN_POINT('',(1.710712062155,-2.366151074891,1.8000001));
#2992 = CARTESIAN_POINT('',(1.672145577188,-2.440710434989,2.2000001));
#2993 = CARTESIAN_POINT('',(1.672145577188,-2.440710434989,1.8000001));
#2994 = CARTESIAN_POINT('',(1.629724161537,-2.511557045792,2.2000001));
#2995 = CARTESIAN_POINT('',(1.629724161537,-2.511557045792,1.8000001));
#2996 = CARTESIAN_POINT('',(1.58345244812,-2.578749552612,2.2000001));
#2997 = CARTESIAN_POINT('',(1.58345244812,-2.578749552612,1.8000001));
#2998 = CARTESIAN_POINT('',(1.533307263818,-2.64235983595,2.2000001));
#2999 = CARTESIAN_POINT('',(1.533307263818,-2.64235983595,1.8000001));
#3000 = CARTESIAN_POINT('',(1.479240229719,-2.702440837463,2.2000001));
#3001 = CARTESIAN_POINT('',(1.479240229719,-2.702440837463,1.8000001));
#3002 = DEFINITIONAL_REPRESENTATION('',(#3003),#3007);
#3003 = B_SPLINE_CURVE_WITH_KNOTS('',2,(#3004,#3005,#3006),
  .UNSPECIFIED.,.F.,.F.,(3,3),(0.,0.613114190511),
  .PIECEWISE_BEZIER_KNOTS.);
#3004 = CARTESIAN_POINT('',(0.,0.));
#3005 = CARTESIAN_POINT('',(0.306557095256,2.155138812508E-16));
#3006 = CARTESIAN_POINT('',(0.613114190511,-2.22044604925E-16));
#3007 = ( GEOMETRIC_REPRESENTATION_CONTEXT(2) 
PARAMETRIC_REPRESENTATION_CONTEXT() REPRESENTATION_CONTEXT('2D SPACE',''
  ) );
#3008 = ORIENTED_EDGE('',*,*,#3009,.T.);
#3009 = EDGE_CURVE('',#2968,#3010,#3012,.T.);
#3010 = VERTEX_POINT('',#3011);
#3011 = CARTESIAN_POINT('',(1.292904488033,-2.878064538997,1.8000001));
#3012 = SURFACE_CURVE('',#3013,(#3020,#3030),.PCURVE_S1.);
#3013 = B_SPLINE_CURVE_WITH_KNOTS('',5,(#3014,#3015,#3016,#3017,#3018,
    #3019),.UNSPECIFIED.,.F.,.F.,(6,6),(0.613114190511,1.),
  .PIECEWISE_BEZIER_KNOTS.);
#3014 = CARTESIAN_POINT('',(1.479240229719,-2.702440837463,1.8000001));
#3015 = CARTESIAN_POINT('',(1.445122982756,-2.740353003361,1.8000001));
#3016 = CARTESIAN_POINT('',(1.409444121332,-2.776859868745,1.8000001));
#3017 = CARTESIAN_POINT('',(1.37219169486,-2.81197477822,1.8000001));
#3018 = CARTESIAN_POINT('',(1.333350350293,-2.845707849189,1.8000001));
#3019 = CARTESIAN_POINT('',(1.292904488033,-2.878064538997,1.8000001));
#3020 = PCURVE('',#126,#3021);
#3021 = DEFINITIONAL_REPRESENTATION('',(#3022),#3029);
#3022 = B_SPLINE_CURVE_WITH_KNOTS('',5,(#3023,#3024,#3025,#3026,#3027,
    #3028),.UNSPECIFIED.,.F.,.F.,(6,6),(0.613114190511,1.),
  .PIECEWISE_BEZIER_KNOTS.);
#3023 = CARTESIAN_POINT('',(-1.479240229719,-2.743069944936));
#3024 = CARTESIAN_POINT('',(-1.445122982756,-2.780982110834));
#3025 = CARTESIAN_POINT('',(-1.409444121332,-2.817488976219));
#3026 = CARTESIAN_POINT('',(-1.37219169486,-2.852603885693));
#3027 = CARTESIAN_POINT('',(-1.333350350293,-2.886336956663));
#3028 = CARTESIAN_POINT('',(-1.292904488033,-2.918693646471));
#3029 = ( GEOMETRIC_REPRESENTATION_CONTEXT(2) 
PARAMETRIC_REPRESENTATION_CONTEXT() REPRESENTATION_CONTEXT('2D SPACE',''
  ) );
#3030 = PCURVE('',#3031,#3044);
#3031 = B_SPLINE_SURFACE_WITH_KNOTS('',5,1,(
    (#3032,#3033)
    ,(#3034,#3035)
    ,(#3036,#3037)
    ,(#3038,#3039)
    ,(#3040,#3041)
    ,(#3042,#3043
    )),.UNSPECIFIED.,.F.,.F.,.F.,(6,6),(2,2),(0.613114190511,1.),(-0.4,
    0.),.PIECEWISE_BEZIER_KNOTS.);
#3032 = CARTESIAN_POINT('',(1.479240229719,-2.702440837463,2.2000001));
#3033 = CARTESIAN_POINT('',(1.479240229719,-2.702440837463,1.8000001));
#3034 = CARTESIAN_POINT('',(1.445122982756,-2.740353003361,2.2000001));
#3035 = CARTESIAN_POINT('',(1.445122982756,-2.740353003361,1.8000001));
#3036 = CARTESIAN_POINT('',(1.409444121332,-2.776859868745,2.2000001));
#3037 = CARTESIAN_POINT('',(1.409444121332,-2.776859868745,1.8000001));
#3038 = CARTESIAN_POINT('',(1.37219169486,-2.81197477822,2.2000001));
#3039 = CARTESIAN_POINT('',(1.37219169486,-2.81197477822,1.8000001));
#3040 = CARTESIAN_POINT('',(1.333350350293,-2.845707849189,2.2000001));
#3041 = CARTESIAN_POINT('',(1.333350350293,-2.845707849189,1.8000001));
#3042 = CARTESIAN_POINT('',(1.292904488033,-2.878064538997,2.2000001));
#3043 = CARTESIAN_POINT('',(1.292904488033,-2.878064538997,1.8000001));
#3044 = DEFINITIONAL_REPRESENTATION('',(#3045),#3049);
#3045 = B_SPLINE_CURVE_WITH_KNOTS('',2,(#3046,#3047,#3048),
  .UNSPECIFIED.,.F.,.F.,(3,3),(0.613114190511,1.),
  .PIECEWISE_BEZIER_KNOTS.);
#3046 = CARTESIAN_POINT('',(0.613114190511,-6.661338147751E-16));
#3047 = CARTESIAN_POINT('',(0.806557095256,-1.175798067291E-15));
#3048 = CARTESIAN_POINT('',(1.,-6.661338147751E-16));
#3049 = ( GEOMETRIC_REPRESENTATION_CONTEXT(2) 
PARAMETRIC_REPRESENTATION_CONTEXT() REPRESENTATION_CONTEXT('2D SPACE',''
  ) );
#3050 = ORIENTED_EDGE('',*,*,#3051,.T.);
#3051 = EDGE_CURVE('',#3010,#3052,#3054,.T.);
#3052 = VERTEX_POINT('',#3053);
#3053 = CARTESIAN_POINT('',(1.202824827509,-2.945522655041,1.8000001));
#3054 = SURFACE_CURVE('',#3055,(#3062,#3072),.PCURVE_S1.);
#3055 = B_SPLINE_CURVE_WITH_KNOTS('',5,(#3056,#3057,#3058,#3059,#3060,
    #3061),.UNSPECIFIED.,.F.,.F.,(6,6),(0.,0.167725486664),
  .PIECEWISE_BEZIER_KNOTS.);
#3056 = CARTESIAN_POINT('',(1.292904488033,-2.878064538997,1.8000001));
#3057 = CARTESIAN_POINT('',(1.275298618286,-2.892149234794,1.8000001));
#3058 = CARTESIAN_POINT('',(1.257488477782,-2.905936678828,1.8000001));
#3059 = CARTESIAN_POINT('',(1.239473344703,-2.91942761941,1.8000001));
#3060 = CARTESIAN_POINT('',(1.221252415408,-2.93262274365,1.8000001));
#3061 = CARTESIAN_POINT('',(1.202824827509,-2.945522655041,1.8000001));
#3062 = PCURVE('',#126,#3063);
#3063 = DEFINITIONAL_REPRESENTATION('',(#3064),#3071);
#3064 = B_SPLINE_CURVE_WITH_KNOTS('',5,(#3065,#3066,#3067,#3068,#3069,
    #3070),.UNSPECIFIED.,.F.,.F.,(6,6),(0.,0.167725486664),
  .PIECEWISE_BEZIER_KNOTS.);
#3065 = CARTESIAN_POINT('',(-1.292904488033,-2.918693646471));
#3066 = CARTESIAN_POINT('',(-1.275298618286,-2.932778342268));
#3067 = CARTESIAN_POINT('',(-1.257488477782,-2.946565786302));
#3068 = CARTESIAN_POINT('',(-1.239473344703,-2.960056726884));
#3069 = CARTESIAN_POINT('',(-1.221252415408,-2.973251851123));
#3070 = CARTESIAN_POINT('',(-1.202824827509,-2.986151762514));
#3071 = ( GEOMETRIC_REPRESENTATION_CONTEXT(2) 
PARAMETRIC_REPRESENTATION_CONTEXT() REPRESENTATION_CONTEXT('2D SPACE',''
  ) );
#3072 = PCURVE('',#3073,#3086);
#3073 = B_SPLINE_SURFACE_WITH_KNOTS('',5,1,(
    (#3074,#3075)
    ,(#3076,#3077)
    ,(#3078,#3079)
    ,(#3080,#3081)
    ,(#3082,#3083)
    ,(#3084,#3085
    )),.UNSPECIFIED.,.F.,.F.,.F.,(6,6),(2,2),(0.,0.167725486664),(-0.4,
    0.),.PIECEWISE_BEZIER_KNOTS.);
#3074 = CARTESIAN_POINT('',(1.292904488033,-2.878064538997,2.2000001));
#3075 = CARTESIAN_POINT('',(1.292904488033,-2.878064538997,1.8000001));
#3076 = CARTESIAN_POINT('',(1.275298618286,-2.892149234794,2.2000001));
#3077 = CARTESIAN_POINT('',(1.275298618286,-2.892149234794,1.8000001));
#3078 = CARTESIAN_POINT('',(1.257488477782,-2.905936678828,2.2000001));
#3079 = CARTESIAN_POINT('',(1.257488477782,-2.905936678828,1.8000001));
#3080 = CARTESIAN_POINT('',(1.239473344703,-2.91942761941,2.2000001));
#3081 = CARTESIAN_POINT('',(1.239473344703,-2.91942761941,1.8000001));
#3082 = CARTESIAN_POINT('',(1.221252415408,-2.93262274365,2.2000001));
#3083 = CARTESIAN_POINT('',(1.221252415408,-2.93262274365,1.8000001));
#3084 = CARTESIAN_POINT('',(1.202824827509,-2.945522655041,2.2000001));
#3085 = CARTESIAN_POINT('',(1.202824827509,-2.945522655041,1.8000001));
#3086 = DEFINITIONAL_REPRESENTATION('',(#3087),#3091);
#3087 = B_SPLINE_CURVE_WITH_KNOTS('',2,(#3088,#3089,#3090),
  .UNSPECIFIED.,.F.,.F.,(3,3),(6.707200627133E-16,0.167725486664),
  .PIECEWISE_BEZIER_KNOTS.);
#3088 = CARTESIAN_POINT('',(-6.707200627133E-16,-2.22044604925E-16));
#3089 = CARTESIAN_POINT('',(8.386274333181E-02,-4.170955519964E-16));
#3090 = CARTESIAN_POINT('',(0.167725486664,-2.22044604925E-16));
#3091 = ( GEOMETRIC_REPRESENTATION_CONTEXT(2) 
PARAMETRIC_REPRESENTATION_CONTEXT() REPRESENTATION_CONTEXT('2D SPACE',''
  ) );
#3092 = ORIENTED_EDGE('',*,*,#3093,.T.);
#3093 = EDGE_CURVE('',#3052,#3094,#3096,.T.);
#3094 = VERTEX_POINT('',#3095);
#3095 = CARTESIAN_POINT('',(0.693598092544,-3.193342233927,1.8000001));
#3096 = SURFACE_CURVE('',#3097,(#3104,#3114),.PCURVE_S1.);
#3097 = B_SPLINE_CURVE_WITH_KNOTS('',5,(#3098,#3099,#3100,#3101,#3102,
    #3103),.UNSPECIFIED.,.F.,.F.,(6,6),(0.167725486664,1.),
  .PIECEWISE_BEZIER_KNOTS.);
#3098 = CARTESIAN_POINT('',(1.202824827509,-2.945522655041,1.8000001));
#3099 = CARTESIAN_POINT('',(1.111384867754,-3.009533603457,1.8000001));
#3100 = CARTESIAN_POINT('',(1.014856422268,-3.06627562457,1.8000001));
#3101 = CARTESIAN_POINT('',(0.913133464477,-3.11582474411,1.8000001));
#3102 = CARTESIAN_POINT('',(0.806077481031,-3.158192782584,1.8000001));
#3103 = CARTESIAN_POINT('',(0.693598092544,-3.193342233927,1.8000001));
#3104 = PCURVE('',#126,#3105);
#3105 = DEFINITIONAL_REPRESENTATION('',(#3106),#3113);
#3106 = B_SPLINE_CURVE_WITH_KNOTS('',5,(#3107,#3108,#3109,#3110,#3111,
    #3112),.UNSPECIFIED.,.F.,.F.,(6,6),(0.167725486664,1.),
  .PIECEWISE_BEZIER_KNOTS.);
#3107 = CARTESIAN_POINT('',(-1.202824827509,-2.986151762514));
#3108 = CARTESIAN_POINT('',(-1.111384867754,-3.05016271093));
#3109 = CARTESIAN_POINT('',(-1.014856422268,-3.106904732043));
#3110 = CARTESIAN_POINT('',(-0.913133464477,-3.156453851584));
#3111 = CARTESIAN_POINT('',(-0.806077481031,-3.198821890057));
#3112 = CARTESIAN_POINT('',(-0.693598092544,-3.233971341401));
#3113 = ( GEOMETRIC_REPRESENTATION_CONTEXT(2) 
PARAMETRIC_REPRESENTATION_CONTEXT() REPRESENTATION_CONTEXT('2D SPACE',''
  ) );
#3114 = PCURVE('',#3115,#3128);
#3115 = B_SPLINE_SURFACE_WITH_KNOTS('',5,1,(
    (#3116,#3117)
    ,(#3118,#3119)
    ,(#3120,#3121)
    ,(#3122,#3123)
    ,(#3124,#3125)
    ,(#3126,#3127
    )),.UNSPECIFIED.,.F.,.F.,.F.,(6,6),(2,2),(0.167725486664,1.),(-0.4,
    0.),.PIECEWISE_BEZIER_KNOTS.);
#3116 = CARTESIAN_POINT('',(1.202824827509,-2.945522655041,2.2000001));
#3117 = CARTESIAN_POINT('',(1.202824827509,-2.945522655041,1.8000001));
#3118 = CARTESIAN_POINT('',(1.111384867754,-3.009533603457,2.2000001));
#3119 = CARTESIAN_POINT('',(1.111384867754,-3.009533603457,1.8000001));
#3120 = CARTESIAN_POINT('',(1.014856422268,-3.06627562457,2.2000001));
#3121 = CARTESIAN_POINT('',(1.014856422268,-3.06627562457,1.8000001));
#3122 = CARTESIAN_POINT('',(0.913133464477,-3.11582474411,2.2000001));
#3123 = CARTESIAN_POINT('',(0.913133464477,-3.11582474411,1.8000001));
#3124 = CARTESIAN_POINT('',(0.806077481031,-3.158192782584,2.2000001));
#3125 = CARTESIAN_POINT('',(0.806077481031,-3.158192782584,1.8000001));
#3126 = CARTESIAN_POINT('',(0.693598092544,-3.193342233927,2.2000001));
#3127 = CARTESIAN_POINT('',(0.693598092544,-3.193342233927,1.8000001));
#3128 = DEFINITIONAL_REPRESENTATION('',(#3129),#3133);
#3129 = B_SPLINE_CURVE_WITH_KNOTS('',2,(#3130,#3131,#3132),
  .UNSPECIFIED.,.F.,.F.,(3,3),(0.167725486664,1.),
  .PIECEWISE_BEZIER_KNOTS.);
#3130 = CARTESIAN_POINT('',(0.167725486664,-2.22044604925E-16));
#3131 = CARTESIAN_POINT('',(0.583862743332,-8.751169723516E-16));
#3132 = CARTESIAN_POINT('',(1.,-2.22044604925E-16));
#3133 = ( GEOMETRIC_REPRESENTATION_CONTEXT(2) 
PARAMETRIC_REPRESENTATION_CONTEXT() REPRESENTATION_CONTEXT('2D SPACE',''
  ) );
#3134 = ORIENTED_EDGE('',*,*,#3135,.T.);
#3135 = EDGE_CURVE('',#3094,#3136,#3138,.T.);
#3136 = VERTEX_POINT('',#3137);
#3137 = CARTESIAN_POINT('',(0.668598627989,-3.200997603949,1.8000001));
#3138 = SURFACE_CURVE('',#3139,(#3144,#3152),.PCURVE_S1.);
#3139 = B_SPLINE_CURVE_WITH_KNOTS('',3,(#3140,#3141,#3142,#3143),
  .UNSPECIFIED.,.F.,.F.,(4,4),(0.,3.678451472931E-02),
  .PIECEWISE_BEZIER_KNOTS.);
#3140 = CARTESIAN_POINT('',(0.693598092555,-3.193342233958,1.8000001));
#3141 = CARTESIAN_POINT('',(0.685279241611,-3.195941848343,1.8000001));
#3142 = CARTESIAN_POINT('',(0.676946105855,-3.198493632263,1.8000001));
#3143 = CARTESIAN_POINT('',(0.668598627999,-3.20099760398,1.8000001));
#3144 = PCURVE('',#126,#3145);
#3145 = DEFINITIONAL_REPRESENTATION('',(#3146),#3151);
#3146 = B_SPLINE_CURVE_WITH_KNOTS('',3,(#3147,#3148,#3149,#3150),
  .UNSPECIFIED.,.F.,.F.,(4,4),(0.,3.678451472931E-02),
  .PIECEWISE_BEZIER_KNOTS.);
#3147 = CARTESIAN_POINT('',(-0.693598092555,-3.233971341431));
#3148 = CARTESIAN_POINT('',(-0.685279241611,-3.236570955816));
#3149 = CARTESIAN_POINT('',(-0.676946105855,-3.239122739736));
#3150 = CARTESIAN_POINT('',(-0.668598627999,-3.241626711454));
#3151 = ( GEOMETRIC_REPRESENTATION_CONTEXT(2) 
PARAMETRIC_REPRESENTATION_CONTEXT() REPRESENTATION_CONTEXT('2D SPACE',''
  ) );
#3152 = PCURVE('',#3153,#3162);
#3153 = B_SPLINE_SURFACE_WITH_KNOTS('',3,1,(
    (#3154,#3155)
    ,(#3156,#3157)
    ,(#3158,#3159)
    ,(#3160,#3161
    )),.UNSPECIFIED.,.F.,.F.,.F.,(4,4),(2,2),(0.,3.678451472931E-02),(
    -0.4,0.),.PIECEWISE_BEZIER_KNOTS.);
#3154 = CARTESIAN_POINT('',(0.693598092555,-3.193342233958,2.2000001));
#3155 = CARTESIAN_POINT('',(0.693598092555,-3.193342233958,1.8000001));
#3156 = CARTESIAN_POINT('',(0.685279241611,-3.195941848343,2.2000001));
#3157 = CARTESIAN_POINT('',(0.685279241611,-3.195941848343,1.8000001));
#3158 = CARTESIAN_POINT('',(0.676946105855,-3.198493632263,2.2000001));
#3159 = CARTESIAN_POINT('',(0.676946105855,-3.198493632263,1.8000001));
#3160 = CARTESIAN_POINT('',(0.668598627999,-3.20099760398,2.2000001));
#3161 = CARTESIAN_POINT('',(0.668598627999,-3.20099760398,1.8000001));
#3162 = DEFINITIONAL_REPRESENTATION('',(#3163),#3167);
#3163 = B_SPLINE_CURVE_WITH_KNOTS('',2,(#3164,#3165,#3166),
  .UNSPECIFIED.,.F.,.F.,(3,3),(1.040536757455E-12,3.678451472931E-02),
  .PIECEWISE_BEZIER_KNOTS.);
#3164 = CARTESIAN_POINT('',(1.041058540515E-12,-6.661338147751E-16));
#3165 = CARTESIAN_POINT('',(1.839225736517E-02,-6.661338147751E-16));
#3166 = CARTESIAN_POINT('',(3.678451472931E-02,-6.661338147751E-16));
#3167 = ( GEOMETRIC_REPRESENTATION_CONTEXT(2) 
PARAMETRIC_REPRESENTATION_CONTEXT() REPRESENTATION_CONTEXT('2D SPACE',''
  ) );
#3168 = ORIENTED_EDGE('',*,*,#3169,.T.);
#3169 = EDGE_CURVE('',#3136,#3170,#3172,.T.);
#3170 = VERTEX_POINT('',#3171);
#3171 = CARTESIAN_POINT('',(-1.768256929901E-02,-3.29942292045,1.8000001
    ));
#3172 = SURFACE_CURVE('',#3173,(#3180,#3190),.PCURVE_S1.);
#3173 = B_SPLINE_CURVE_WITH_KNOTS('',5,(#3174,#3175,#3176,#3177,#3178,
    #3179),.UNSPECIFIED.,.F.,.F.,(6,6),(3.678451472931E-02,1.),
  .PIECEWISE_BEZIER_KNOTS.);
#3174 = CARTESIAN_POINT('',(0.668598627989,-3.200997603949,1.8000001));
#3175 = CARTESIAN_POINT('',(0.537449637412,-3.240338031927,1.8000001));
#3176 = CARTESIAN_POINT('',(0.40335043489,-3.269843352911,1.8000001));
#3177 = CARTESIAN_POINT('',(0.266196708108,-3.289546017632,1.8000001));
#3178 = CARTESIAN_POINT('',(0.125874756733,-3.29942292045,1.8000001));
#3179 = CARTESIAN_POINT('',(-1.768256929901E-02,-3.29942292045,1.8000001
    ));
#3180 = PCURVE('',#126,#3181);
#3181 = DEFINITIONAL_REPRESENTATION('',(#3182),#3189);
#3182 = B_SPLINE_CURVE_WITH_KNOTS('',5,(#3183,#3184,#3185,#3186,#3187,
    #3188),.UNSPECIFIED.,.F.,.F.,(6,6),(3.678451472931E-02,1.),
  .PIECEWISE_BEZIER_KNOTS.);
#3183 = CARTESIAN_POINT('',(-0.668598627989,-3.241626711423));
#3184 = CARTESIAN_POINT('',(-0.537449637412,-3.280967139401));
#3185 = CARTESIAN_POINT('',(-0.40335043489,-3.310472460384));
#3186 = CARTESIAN_POINT('',(-0.266196708108,-3.330175125105));
#3187 = CARTESIAN_POINT('',(-0.125874756733,-3.340052027923));
#3188 = CARTESIAN_POINT('',(1.768256929901E-02,-3.340052027923));
#3189 = ( GEOMETRIC_REPRESENTATION_CONTEXT(2) 
PARAMETRIC_REPRESENTATION_CONTEXT() REPRESENTATION_CONTEXT('2D SPACE',''
  ) );
#3190 = PCURVE('',#3191,#3204);
#3191 = B_SPLINE_SURFACE_WITH_KNOTS('',5,1,(
    (#3192,#3193)
    ,(#3194,#3195)
    ,(#3196,#3197)
    ,(#3198,#3199)
    ,(#3200,#3201)
    ,(#3202,#3203
    )),.UNSPECIFIED.,.F.,.F.,.F.,(6,6),(2,2),(3.678451472931E-02,1.),(
    -0.4,0.),.PIECEWISE_BEZIER_KNOTS.);
#3192 = CARTESIAN_POINT('',(0.668598627989,-3.200997603949,2.2000001));
#3193 = CARTESIAN_POINT('',(0.668598627989,-3.200997603949,1.8000001));
#3194 = CARTESIAN_POINT('',(0.537449637412,-3.240338031927,2.2000001));
#3195 = CARTESIAN_POINT('',(0.537449637412,-3.240338031927,1.8000001));
#3196 = CARTESIAN_POINT('',(0.40335043489,-3.269843352911,2.2000001));
#3197 = CARTESIAN_POINT('',(0.40335043489,-3.269843352911,1.8000001));
#3198 = CARTESIAN_POINT('',(0.266196708108,-3.289546017632,2.2000001));
#3199 = CARTESIAN_POINT('',(0.266196708108,-3.289546017632,1.8000001));
#3200 = CARTESIAN_POINT('',(0.125874756733,-3.29942292045,2.2000001));
#3201 = CARTESIAN_POINT('',(0.125874756733,-3.29942292045,1.8000001));
#3202 = CARTESIAN_POINT('',(-1.768256929901E-02,-3.29942292045,2.2000001
    ));
#3203 = CARTESIAN_POINT('',(-1.768256929901E-02,-3.29942292045,1.8000001
    ));
#3204 = DEFINITIONAL_REPRESENTATION('',(#3205),#3209);
#3205 = B_SPLINE_CURVE_WITH_KNOTS('',2,(#3206,#3207,#3208),
  .UNSPECIFIED.,.F.,.F.,(3,3),(3.678451472931E-02,1.),
  .PIECEWISE_BEZIER_KNOTS.);
#3206 = CARTESIAN_POINT('',(3.678451472931E-02,-2.22044604925E-16));
#3207 = CARTESIAN_POINT('',(0.518392257365,-3.076472001924E-16));
#3208 = CARTESIAN_POINT('',(1.,-2.22044604925E-16));
#3209 = ( GEOMETRIC_REPRESENTATION_CONTEXT(2) 
PARAMETRIC_REPRESENTATION_CONTEXT() REPRESENTATION_CONTEXT('2D SPACE',''
  ) );
#3210 = ORIENTED_EDGE('',*,*,#3211,.T.);
#3211 = EDGE_CURVE('',#3170,#3212,#3214,.T.);
#3212 = VERTEX_POINT('',#3213);
#3213 = CARTESIAN_POINT('',(-0.816181641156,-3.157102754303,1.8000001));
#3214 = SURFACE_CURVE('',#3215,(#3222,#3232),.PCURVE_S1.);
#3215 = B_SPLINE_CURVE_WITH_KNOTS('',5,(#3216,#3217,#3218,#3219,#3220,
    #3221),.UNSPECIFIED.,.F.,.F.,(6,6),(0.,1.),
  .PIECEWISE_BEZIER_KNOTS.);
#3216 = CARTESIAN_POINT('',(-1.768256929901E-02,-3.29942292045,1.8000001
    ));
#3217 = CARTESIAN_POINT('',(-0.19686741425,-3.29942292045,1.8000001));
#3218 = CARTESIAN_POINT('',(-0.366208094929,-3.285024386269,1.8000001));
#3219 = CARTESIAN_POINT('',(-0.525722048337,-3.256390230966,1.8000001));
#3220 = CARTESIAN_POINT('',(-0.675599230409,-3.21375098414,1.8000001));
#3221 = CARTESIAN_POINT('',(-0.816181641156,-3.157102754303,1.8000001));
#3222 = PCURVE('',#126,#3223);
#3223 = DEFINITIONAL_REPRESENTATION('',(#3224),#3231);
#3224 = B_SPLINE_CURVE_WITH_KNOTS('',5,(#3225,#3226,#3227,#3228,#3229,
    #3230),.UNSPECIFIED.,.F.,.F.,(6,6),(0.,1.),
  .PIECEWISE_BEZIER_KNOTS.);
#3225 = CARTESIAN_POINT('',(1.768256929901E-02,-3.340052027923));
#3226 = CARTESIAN_POINT('',(0.19686741425,-3.340052027923));
#3227 = CARTESIAN_POINT('',(0.366208094929,-3.325653493743));
#3228 = CARTESIAN_POINT('',(0.525722048337,-3.297019338439));
#3229 = CARTESIAN_POINT('',(0.675599230409,-3.254380091613));
#3230 = CARTESIAN_POINT('',(0.816181641156,-3.197731861776));
#3231 = ( GEOMETRIC_REPRESENTATION_CONTEXT(2) 
PARAMETRIC_REPRESENTATION_CONTEXT() REPRESENTATION_CONTEXT('2D SPACE',''
  ) );
#3232 = PCURVE('',#3233,#3246);
#3233 = B_SPLINE_SURFACE_WITH_KNOTS('',5,1,(
    (#3234,#3235)
    ,(#3236,#3237)
    ,(#3238,#3239)
    ,(#3240,#3241)
    ,(#3242,#3243)
    ,(#3244,#3245
    )),.UNSPECIFIED.,.F.,.F.,.F.,(6,6),(2,2),(0.,1.),(-0.4,0.),
  .PIECEWISE_BEZIER_KNOTS.);
#3234 = CARTESIAN_POINT('',(-1.768256929901E-02,-3.29942292045,2.2000001
    ));
#3235 = CARTESIAN_POINT('',(-1.768256929901E-02,-3.29942292045,1.8000001
    ));
#3236 = CARTESIAN_POINT('',(-0.19686741425,-3.29942292045,2.2000001));
#3237 = CARTESIAN_POINT('',(-0.19686741425,-3.29942292045,1.8000001));
#3238 = CARTESIAN_POINT('',(-0.366208094929,-3.285024386269,2.2000001));
#3239 = CARTESIAN_POINT('',(-0.366208094929,-3.285024386269,1.8000001));
#3240 = CARTESIAN_POINT('',(-0.525722048337,-3.256390230966,2.2000001));
#3241 = CARTESIAN_POINT('',(-0.525722048337,-3.256390230966,1.8000001));
#3242 = CARTESIAN_POINT('',(-0.675599230409,-3.21375098414,2.2000001));
#3243 = CARTESIAN_POINT('',(-0.675599230409,-3.21375098414,1.8000001));
#3244 = CARTESIAN_POINT('',(-0.816181641156,-3.157102754303,2.2000001));
#3245 = CARTESIAN_POINT('',(-0.816181641156,-3.157102754303,1.8000001));
#3246 = DEFINITIONAL_REPRESENTATION('',(#3247),#3251);
#3247 = B_SPLINE_CURVE_WITH_KNOTS('',2,(#3248,#3249,#3250),
  .UNSPECIFIED.,.F.,.F.,(3,3),(0.,1.),.PIECEWISE_BEZIER_KNOTS.);
#3248 = CARTESIAN_POINT('',(-6.195964982019E-17,2.22044604925E-16));
#3249 = CARTESIAN_POINT('',(0.5,-9.256870051992E-17));
#3250 = CARTESIAN_POINT('',(1.,2.22044604925E-16));
#3251 = ( GEOMETRIC_REPRESENTATION_CONTEXT(2) 
PARAMETRIC_REPRESENTATION_CONTEXT() REPRESENTATION_CONTEXT('2D SPACE',''
  ) );
#3252 = ORIENTED_EDGE('',*,*,#3253,.T.);
#3253 = EDGE_CURVE('',#3212,#3254,#3256,.T.);
#3254 = VERTEX_POINT('',#3255);
#3255 = CARTESIAN_POINT('',(-1.392982928918,-2.774847198008,1.8000001));
#3256 = SURFACE_CURVE('',#3257,(#3264,#3274),.PCURVE_S1.);
#3257 = B_SPLINE_CURVE_WITH_KNOTS('',5,(#3258,#3259,#3260,#3261,#3262,
    #3263),.UNSPECIFIED.,.F.,.F.,(6,6),(0.,0.980474980224),
  .PIECEWISE_BEZIER_KNOTS.);
#3258 = CARTESIAN_POINT('',(-0.816181641156,-3.157102754303,1.8000001));
#3259 = CARTESIAN_POINT('',(-0.954762526457,-3.101261046938,1.8000001));
#3260 = CARTESIAN_POINT('',(-1.081475458048,-3.035058853429,1.8000001));
#3261 = CARTESIAN_POINT('',(-1.196496858149,-2.958640162289,1.8000001));
#3262 = CARTESIAN_POINT('',(-1.300244528937,-2.871998289946,1.8000001));
#3263 = CARTESIAN_POINT('',(-1.392982928918,-2.774847198008,1.8000001));
#3264 = PCURVE('',#126,#3265);
#3265 = DEFINITIONAL_REPRESENTATION('',(#3266),#3273);
#3266 = B_SPLINE_CURVE_WITH_KNOTS('',5,(#3267,#3268,#3269,#3270,#3271,
    #3272),.UNSPECIFIED.,.F.,.F.,(6,6),(0.,0.980474980224),
  .PIECEWISE_BEZIER_KNOTS.);
#3267 = CARTESIAN_POINT('',(0.816181641156,-3.197731861776));
#3268 = CARTESIAN_POINT('',(0.954762526457,-3.141890154411));
#3269 = CARTESIAN_POINT('',(1.081475458048,-3.075687960903));
#3270 = CARTESIAN_POINT('',(1.196496858149,-2.999269269763));
#3271 = CARTESIAN_POINT('',(1.300244528937,-2.912627397419));
#3272 = CARTESIAN_POINT('',(1.392982928918,-2.815476305481));
#3273 = ( GEOMETRIC_REPRESENTATION_CONTEXT(2) 
PARAMETRIC_REPRESENTATION_CONTEXT() REPRESENTATION_CONTEXT('2D SPACE',''
  ) );
#3274 = PCURVE('',#3275,#3288);
#3275 = B_SPLINE_SURFACE_WITH_KNOTS('',5,1,(
    (#3276,#3277)
    ,(#3278,#3279)
    ,(#3280,#3281)
    ,(#3282,#3283)
    ,(#3284,#3285)
    ,(#3286,#3287
    )),.UNSPECIFIED.,.F.,.F.,.F.,(6,6),(2,2),(0.,0.980474980224),(-0.4,
    0.),.PIECEWISE_BEZIER_KNOTS.);
#3276 = CARTESIAN_POINT('',(-0.816181641156,-3.157102754303,2.2000001));
#3277 = CARTESIAN_POINT('',(-0.816181641156,-3.157102754303,1.8000001));
#3278 = CARTESIAN_POINT('',(-0.954762526457,-3.101261046938,2.2000001));
#3279 = CARTESIAN_POINT('',(-0.954762526457,-3.101261046938,1.8000001));
#3280 = CARTESIAN_POINT('',(-1.081475458048,-3.035058853429,2.2000001));
#3281 = CARTESIAN_POINT('',(-1.081475458048,-3.035058853429,1.8000001));
#3282 = CARTESIAN_POINT('',(-1.196496858149,-2.958640162289,2.2000001));
#3283 = CARTESIAN_POINT('',(-1.196496858149,-2.958640162289,1.8000001));
#3284 = CARTESIAN_POINT('',(-1.300244528937,-2.871998289946,2.2000001));
#3285 = CARTESIAN_POINT('',(-1.300244528937,-2.871998289946,1.8000001));
#3286 = CARTESIAN_POINT('',(-1.392982928918,-2.774847198008,2.2000001));
#3287 = CARTESIAN_POINT('',(-1.392982928918,-2.774847198008,1.8000001));
#3288 = DEFINITIONAL_REPRESENTATION('',(#3289),#3293);
#3289 = B_SPLINE_CURVE_WITH_KNOTS('',2,(#3290,#3291,#3292),
  .UNSPECIFIED.,.F.,.F.,(3,3),(0.,0.980474980224),
  .PIECEWISE_BEZIER_KNOTS.);
#3290 = CARTESIAN_POINT('',(-2.178430344341E-16,-2.22044604925E-16));
#3291 = CARTESIAN_POINT('',(0.490237490112,-5.3665791037E-16));
#3292 = CARTESIAN_POINT('',(0.980474980224,-2.22044604925E-16));
#3293 = ( GEOMETRIC_REPRESENTATION_CONTEXT(2) 
PARAMETRIC_REPRESENTATION_CONTEXT() REPRESENTATION_CONTEXT('2D SPACE',''
  ) );
#3294 = ORIENTED_EDGE('',*,*,#3295,.T.);
#3295 = EDGE_CURVE('',#3254,#3296,#3298,.T.);
#3296 = VERTEX_POINT('',#3297);
#3297 = CARTESIAN_POINT('',(-1.40217317792,-2.76513224567,1.8000001));
#3298 = SURFACE_CURVE('',#3299,(#3304,#3312),.PCURVE_S1.);
#3299 = B_SPLINE_CURVE_WITH_KNOTS('',3,(#3300,#3301,#3302,#3303),
  .UNSPECIFIED.,.F.,.F.,(4,4),(0.980474980224,1.),
  .PIECEWISE_BEZIER_KNOTS.);
#3300 = CARTESIAN_POINT('',(-1.392982928928,-2.774847198016,1.8000001));
#3301 = CARTESIAN_POINT('',(-1.396060891337,-2.771622779507,1.8000001));
#3302 = CARTESIAN_POINT('',(-1.399124300996,-2.768384469245,1.8000001));
#3303 = CARTESIAN_POINT('',(-1.402173177929,-2.765132245679,1.8000001));
#3304 = PCURVE('',#126,#3305);
#3305 = DEFINITIONAL_REPRESENTATION('',(#3306),#3311);
#3306 = B_SPLINE_CURVE_WITH_KNOTS('',3,(#3307,#3308,#3309,#3310),
  .UNSPECIFIED.,.F.,.F.,(4,4),(0.980474980224,1.),
  .PIECEWISE_BEZIER_KNOTS.);
#3307 = CARTESIAN_POINT('',(1.392982928928,-2.81547630549));
#3308 = CARTESIAN_POINT('',(1.396060891337,-2.81225188698));
#3309 = CARTESIAN_POINT('',(1.399124300996,-2.809013576718));
#3310 = CARTESIAN_POINT('',(1.402173177929,-2.805761353152));
#3311 = ( GEOMETRIC_REPRESENTATION_CONTEXT(2) 
PARAMETRIC_REPRESENTATION_CONTEXT() REPRESENTATION_CONTEXT('2D SPACE',''
  ) );
#3312 = PCURVE('',#3313,#3322);
#3313 = B_SPLINE_SURFACE_WITH_KNOTS('',3,1,(
    (#3314,#3315)
    ,(#3316,#3317)
    ,(#3318,#3319)
    ,(#3320,#3321
    )),.UNSPECIFIED.,.F.,.F.,.F.,(4,4),(2,2),(0.980474980224,1.),(-0.4,
    0.),.PIECEWISE_BEZIER_KNOTS.);
#3314 = CARTESIAN_POINT('',(-1.392982928928,-2.774847198016,2.2000001));
#3315 = CARTESIAN_POINT('',(-1.392982928928,-2.774847198016,1.8000001));
#3316 = CARTESIAN_POINT('',(-1.396060891337,-2.771622779507,2.2000001));
#3317 = CARTESIAN_POINT('',(-1.396060891337,-2.771622779507,1.8000001));
#3318 = CARTESIAN_POINT('',(-1.399124300996,-2.768384469245,2.2000001));
#3319 = CARTESIAN_POINT('',(-1.399124300996,-2.768384469245,1.8000001));
#3320 = CARTESIAN_POINT('',(-1.402173177929,-2.765132245679,2.2000001));
#3321 = CARTESIAN_POINT('',(-1.402173177929,-2.765132245679,1.8000001));
#3322 = DEFINITIONAL_REPRESENTATION('',(#3323),#3327);
#3323 = B_SPLINE_CURVE_WITH_KNOTS('',2,(#3324,#3325,#3326),
  .UNSPECIFIED.,.F.,.F.,(3,3),(0.980474980224,1.),
  .PIECEWISE_BEZIER_KNOTS.);
#3324 = CARTESIAN_POINT('',(0.980474980224,-2.22044604925E-16));
#3325 = CARTESIAN_POINT('',(0.990237490112,2.73721109779E-16));
#3326 = CARTESIAN_POINT('',(1.,-2.22044604925E-16));
#3327 = ( GEOMETRIC_REPRESENTATION_CONTEXT(2) 
PARAMETRIC_REPRESENTATION_CONTEXT() REPRESENTATION_CONTEXT('2D SPACE',''
  ) );
#3328 = ORIENTED_EDGE('',*,*,#3329,.T.);
#3329 = EDGE_CURVE('',#3296,#3330,#3332,.T.);
#3330 = VERTEX_POINT('',#3331);
#3331 = CARTESIAN_POINT('',(-1.418072778818,-2.747907498676,1.8000001));
#3332 = SURFACE_CURVE('',#3333,(#3338,#3346),.PCURVE_S1.);
#3333 = B_SPLINE_CURVE_WITH_KNOTS('',3,(#3334,#3335,#3336,#3337),
  .UNSPECIFIED.,.F.,.F.,(4,4),(0.,3.418508559325E-02),
  .PIECEWISE_BEZIER_KNOTS.);
#3334 = CARTESIAN_POINT('',(-1.402173177995,-2.765132245746,1.8000001));
#3335 = CARTESIAN_POINT('',(-1.407517776618,-2.759431185485,1.8000001));
#3336 = CARTESIAN_POINT('',(-1.412817609689,-2.753689638754,1.8000001));
#3337 = CARTESIAN_POINT('',(-1.418072778894,-2.74790749875,1.8000001));
#3338 = PCURVE('',#126,#3339);
#3339 = DEFINITIONAL_REPRESENTATION('',(#3340),#3345);
#3340 = B_SPLINE_CURVE_WITH_KNOTS('',3,(#3341,#3342,#3343,#3344),
  .UNSPECIFIED.,.F.,.F.,(4,4),(0.,3.418508559325E-02),
  .PIECEWISE_BEZIER_KNOTS.);
#3341 = CARTESIAN_POINT('',(1.402173177996,-2.805761353219));
#3342 = CARTESIAN_POINT('',(1.407517776618,-2.800060292959));
#3343 = CARTESIAN_POINT('',(1.412817609689,-2.794318746227));
#3344 = CARTESIAN_POINT('',(1.418072778894,-2.788536606224));
#3345 = ( GEOMETRIC_REPRESENTATION_CONTEXT(2) 
PARAMETRIC_REPRESENTATION_CONTEXT() REPRESENTATION_CONTEXT('2D SPACE',''
  ) );
#3346 = PCURVE('',#3347,#3356);
#3347 = B_SPLINE_SURFACE_WITH_KNOTS('',3,1,(
    (#3348,#3349)
    ,(#3350,#3351)
    ,(#3352,#3353)
    ,(#3354,#3355
    )),.UNSPECIFIED.,.F.,.F.,.F.,(4,4),(2,2),(0.,3.418508559325E-02),(
    -0.4,0.),.PIECEWISE_BEZIER_KNOTS.);
#3348 = CARTESIAN_POINT('',(-1.402173177995,-2.765132245746,2.2000001));
#3349 = CARTESIAN_POINT('',(-1.402173177995,-2.765132245746,1.8000001));
#3350 = CARTESIAN_POINT('',(-1.407517776618,-2.759431185485,2.2000001));
#3351 = CARTESIAN_POINT('',(-1.407517776618,-2.759431185485,1.8000001));
#3352 = CARTESIAN_POINT('',(-1.412817609689,-2.753689638754,2.2000001));
#3353 = CARTESIAN_POINT('',(-1.412817609689,-2.753689638754,1.8000001));
#3354 = CARTESIAN_POINT('',(-1.418072778894,-2.74790749875,2.2000001));
#3355 = CARTESIAN_POINT('',(-1.418072778894,-2.74790749875,1.8000001));
#3356 = DEFINITIONAL_REPRESENTATION('',(#3357),#3361);
#3357 = B_SPLINE_CURVE_WITH_KNOTS('',2,(#3358,#3359,#3360),
  .UNSPECIFIED.,.F.,.F.,(3,3),(4.810530353903E-12,3.418508559325E-02),
  .PIECEWISE_BEZIER_KNOTS.);
#3358 = CARTESIAN_POINT('',(4.810057925559E-12,-6.661338147751E-16));
#3359 = CARTESIAN_POINT('',(1.709254279903E-02,-6.661338147751E-16));
#3360 = CARTESIAN_POINT('',(3.418508559325E-02,-6.661338147751E-16));
#3361 = ( GEOMETRIC_REPRESENTATION_CONTEXT(2) 
PARAMETRIC_REPRESENTATION_CONTEXT() REPRESENTATION_CONTEXT('2D SPACE',''
  ) );
#3362 = ORIENTED_EDGE('',*,*,#3363,.T.);
#3363 = EDGE_CURVE('',#3330,#3364,#3366,.T.);
#3364 = VERTEX_POINT('',#3365);
#3365 = CARTESIAN_POINT('',(-1.757798805154,-2.157830428828,1.8000001));
#3366 = SURFACE_CURVE('',#3367,(#3374,#3384),.PCURVE_S1.);
#3367 = B_SPLINE_CURVE_WITH_KNOTS('',5,(#3368,#3369,#3370,#3371,#3372,
    #3373),.UNSPECIFIED.,.F.,.F.,(6,6),(3.418508559325E-02,1.),
  .PIECEWISE_BEZIER_KNOTS.);
#3368 = CARTESIAN_POINT('',(-1.418072778818,-2.747907498676,1.8000001));
#3369 = CARTESIAN_POINT('',(-1.507155848408,-2.649891469523,1.8000001));
#3370 = CARTESIAN_POINT('',(-1.585543493158,-2.542154772402,1.8000001));
#3371 = CARTESIAN_POINT('',(-1.653472614857,-2.42444497928,1.8000001));
#3372 = CARTESIAN_POINT('',(-1.710935537691,-2.296390484601,1.8000001));
#3373 = CARTESIAN_POINT('',(-1.757798805154,-2.157830428828,1.8000001));
#3374 = PCURVE('',#126,#3375);
#3375 = DEFINITIONAL_REPRESENTATION('',(#3376),#3383);
#3376 = B_SPLINE_CURVE_WITH_KNOTS('',5,(#3377,#3378,#3379,#3380,#3381,
    #3382),.UNSPECIFIED.,.F.,.F.,(6,6),(3.418508559325E-02,1.),
  .PIECEWISE_BEZIER_KNOTS.);
#3377 = CARTESIAN_POINT('',(1.418072778818,-2.78853660615));
#3378 = CARTESIAN_POINT('',(1.507155848408,-2.690520576996));
#3379 = CARTESIAN_POINT('',(1.585543493158,-2.582783879876));
#3380 = CARTESIAN_POINT('',(1.653472614857,-2.465074086753));
#3381 = CARTESIAN_POINT('',(1.710935537691,-2.337019592074));
#3382 = CARTESIAN_POINT('',(1.757798805154,-2.198459536302));
#3383 = ( GEOMETRIC_REPRESENTATION_CONTEXT(2) 
PARAMETRIC_REPRESENTATION_CONTEXT() REPRESENTATION_CONTEXT('2D SPACE',''
  ) );
#3384 = PCURVE('',#3385,#3398);
#3385 = B_SPLINE_SURFACE_WITH_KNOTS('',5,1,(
    (#3386,#3387)
    ,(#3388,#3389)
    ,(#3390,#3391)
    ,(#3392,#3393)
    ,(#3394,#3395)
    ,(#3396,#3397
    )),.UNSPECIFIED.,.F.,.F.,.F.,(6,6),(2,2),(3.418508559325E-02,1.),(
    -0.4,0.),.PIECEWISE_BEZIER_KNOTS.);
#3386 = CARTESIAN_POINT('',(-1.418072778818,-2.747907498676,2.2000001));
#3387 = CARTESIAN_POINT('',(-1.418072778818,-2.747907498676,1.8000001));
#3388 = CARTESIAN_POINT('',(-1.507155848408,-2.649891469523,2.2000001));
#3389 = CARTESIAN_POINT('',(-1.507155848408,-2.649891469523,1.8000001));
#3390 = CARTESIAN_POINT('',(-1.585543493158,-2.542154772402,2.2000001));
#3391 = CARTESIAN_POINT('',(-1.585543493158,-2.542154772402,1.8000001));
#3392 = CARTESIAN_POINT('',(-1.653472614857,-2.42444497928,2.2000001));
#3393 = CARTESIAN_POINT('',(-1.653472614857,-2.42444497928,1.8000001));
#3394 = CARTESIAN_POINT('',(-1.710935537691,-2.296390484601,2.2000001));
#3395 = CARTESIAN_POINT('',(-1.710935537691,-2.296390484601,1.8000001));
#3396 = CARTESIAN_POINT('',(-1.757798805154,-2.157830428828,2.2000001));
#3397 = CARTESIAN_POINT('',(-1.757798805154,-2.157830428828,1.8000001));
#3398 = DEFINITIONAL_REPRESENTATION('',(#3399),#3403);
#3399 = B_SPLINE_CURVE_WITH_KNOTS('',2,(#3400,#3401,#3402),
  .UNSPECIFIED.,.F.,.F.,(3,3),(3.418508559325E-02,1.),
  .PIECEWISE_BEZIER_KNOTS.);
#3400 = CARTESIAN_POINT('',(3.418508559325E-02,-2.22044604925E-16));
#3401 = CARTESIAN_POINT('',(0.517092542797,-8.751169723516E-16));
#3402 = CARTESIAN_POINT('',(1.,-2.22044604925E-16));
#3403 = ( GEOMETRIC_REPRESENTATION_CONTEXT(2) 
PARAMETRIC_REPRESENTATION_CONTEXT() REPRESENTATION_CONTEXT('2D SPACE',''
  ) );
#3404 = ORIENTED_EDGE('',*,*,#3405,.T.);
#3405 = EDGE_CURVE('',#3364,#317,#3406,.T.);
#3406 = SURFACE_CURVE('',#3407,(#3414,#3424),.PCURVE_S1.);
#3407 = B_SPLINE_CURVE_WITH_KNOTS('',5,(#3408,#3409,#3410,#3411,#3412,
    #3413),.UNSPECIFIED.,.F.,.F.,(6,6),(0.,1.),
  .PIECEWISE_BEZIER_KNOTS.);
#3408 = CARTESIAN_POINT('',(-1.757798805154,-2.157830428828,1.8000001));
#3409 = CARTESIAN_POINT('',(-1.806074307652,-2.015094834818,1.8000001));
#3410 = CARTESIAN_POINT('',(-1.840332385595,-1.863518582605,1.8000001));
#3411 = CARTESIAN_POINT('',(-1.860535596949,-1.70277793479,1.8000001));
#3412 = CARTESIAN_POINT('',(-1.866446924761,-1.532726573526,1.8000001));
#3413 = CARTESIAN_POINT('',(-1.857911827773,-1.353364429494,1.8000001));
#3414 = PCURVE('',#126,#3415);
#3415 = DEFINITIONAL_REPRESENTATION('',(#3416),#3423);
#3416 = B_SPLINE_CURVE_WITH_KNOTS('',5,(#3417,#3418,#3419,#3420,#3421,
    #3422),.UNSPECIFIED.,.F.,.F.,(6,6),(0.,1.),
  .PIECEWISE_BEZIER_KNOTS.);
#3417 = CARTESIAN_POINT('',(1.757798805154,-2.198459536302));
#3418 = CARTESIAN_POINT('',(1.806074307652,-2.055723942291));
#3419 = CARTESIAN_POINT('',(1.840332385595,-1.904147690079));
#3420 = CARTESIAN_POINT('',(1.860535596949,-1.743407042263));
#3421 = CARTESIAN_POINT('',(1.866446924761,-1.573355680999));
#3422 = CARTESIAN_POINT('',(1.857911827773,-1.393993536968));
#3423 = ( GEOMETRIC_REPRESENTATION_CONTEXT(2) 
PARAMETRIC_REPRESENTATION_CONTEXT() REPRESENTATION_CONTEXT('2D SPACE',''
  ) );
#3424 = PCURVE('',#3425,#3438);
#3425 = B_SPLINE_SURFACE_WITH_KNOTS('',5,1,(
    (#3426,#3427)
    ,(#3428,#3429)
    ,(#3430,#3431)
    ,(#3432,#3433)
    ,(#3434,#3435)
    ,(#3436,#3437
    )),.UNSPECIFIED.,.F.,.F.,.F.,(6,6),(2,2),(0.,1.),(-0.4,0.),
  .PIECEWISE_BEZIER_KNOTS.);
#3426 = CARTESIAN_POINT('',(-1.757798805154,-2.157830428828,2.2000001));
#3427 = CARTESIAN_POINT('',(-1.757798805154,-2.157830428828,1.8000001));
#3428 = CARTESIAN_POINT('',(-1.806074307652,-2.015094834818,2.2000001));
#3429 = CARTESIAN_POINT('',(-1.806074307652,-2.015094834818,1.8000001));
#3430 = CARTESIAN_POINT('',(-1.840332385595,-1.863518582605,2.2000001));
#3431 = CARTESIAN_POINT('',(-1.840332385595,-1.863518582605,1.8000001));
#3432 = CARTESIAN_POINT('',(-1.860535596949,-1.70277793479,2.2000001));
#3433 = CARTESIAN_POINT('',(-1.860535596949,-1.70277793479,1.8000001));
#3434 = CARTESIAN_POINT('',(-1.866446924761,-1.532726573526,2.2000001));
#3435 = CARTESIAN_POINT('',(-1.866446924761,-1.532726573526,1.8000001));
#3436 = CARTESIAN_POINT('',(-1.857911827773,-1.353364429494,2.2000001));
#3437 = CARTESIAN_POINT('',(-1.857911827773,-1.353364429494,1.8000001));
#3438 = DEFINITIONAL_REPRESENTATION('',(#3439),#3443);
#3439 = B_SPLINE_CURVE_WITH_KNOTS('',2,(#3440,#3441,#3442),
  .UNSPECIFIED.,.F.,.F.,(3,3),(0.,1.),.PIECEWISE_BEZIER_KNOTS.);
#3440 = CARTESIAN_POINT('',(-9.442677223458E-17,2.22044604925E-16));
#3441 = CARTESIAN_POINT('',(0.5,-9.256870051992E-17));
#3442 = CARTESIAN_POINT('',(1.,2.22044604925E-16));
#3443 = ( GEOMETRIC_REPRESENTATION_CONTEXT(2) 
PARAMETRIC_REPRESENTATION_CONTEXT() REPRESENTATION_CONTEXT('2D SPACE',''
  ) );
#3444 = ADVANCED_FACE('',(#3445,#3471),#72,.F.);
#3445 = FACE_BOUND('',#3446,.F.);
#3446 = EDGE_LOOP('',(#3447,#3448,#3449,#3470));
#3447 = ORIENTED_EDGE('',*,*,#56,.T.);
#3448 = ORIENTED_EDGE('',*,*,#218,.T.);
#3449 = ORIENTED_EDGE('',*,*,#3450,.T.);
#3450 = EDGE_CURVE('',#219,#144,#3451,.T.);
#3451 = SURFACE_CURVE('',#3452,(#3456,#3463),.PCURVE_S1.);
#3452 = LINE('',#3453,#3454);
#3453 = CARTESIAN_POINT('',(26.8775,-9.95,2.2));
#3454 = VECTOR('',#3455,1.);
#3455 = DIRECTION('',(-1.,0.,0.));
#3456 = PCURVE('',#72,#3457);
#3457 = DEFINITIONAL_REPRESENTATION('',(#3458),#3462);
#3458 = LINE('',#3459,#3460);
#3459 = CARTESIAN_POINT('',(-26.8775,-9.990629107473));
#3460 = VECTOR('',#3461,1.);
#3461 = DIRECTION('',(1.,0.));
#3462 = ( GEOMETRIC_REPRESENTATION_CONTEXT(2) 
PARAMETRIC_REPRESENTATION_CONTEXT() REPRESENTATION_CONTEXT('2D SPACE',''
  ) );
#3463 = PCURVE('',#159,#3464);
#3464 = DEFINITIONAL_REPRESENTATION('',(#3465),#3469);
#3465 = LINE('',#3466,#3467);
#3466 = CARTESIAN_POINT('',(0.,-0.4));
#3467 = VECTOR('',#3468,1.);
#3468 = DIRECTION('',(1.,0.));
#3469 = ( GEOMETRIC_REPRESENTATION_CONTEXT(2) 
PARAMETRIC_REPRESENTATION_CONTEXT() REPRESENTATION_CONTEXT('2D SPACE',''
  ) );
#3470 = ORIENTED_EDGE('',*,*,#171,.T.);
#3471 = FACE_BOUND('',#3472,.F.);
#3472 = EDGE_LOOP('',(#3473,#3498,#3518,#3541,#3570,#3599,#3628,#3657,
    #3686,#3715,#3740,#3769,#3792,#3821,#3850,#3879,#3908,#3937,#3966,
    #3995,#4024,#4053,#4082,#4111,#4140,#4169,#4198,#4227,#4256,#4285,
    #4314,#4343,#4370,#4397,#4426,#4455,#4478,#4498,#4521,#4550,#4579,
    #4604,#4633,#4662,#4691,#4720,#4749,#4776,#4805,#4834,#4863,#4892,
    #4921,#4950,#4979,#5008,#5037,#5057,#5080,#5100,#5123,#5143,#5172,
    #5201,#5226,#5255,#5284,#5313,#5342,#5371,#5400,#5429,#5458,#5483,
    #5512,#5541,#5570,#5595,#5620,#5649));
#3473 = ORIENTED_EDGE('',*,*,#3474,.F.);
#3474 = EDGE_CURVE('',#3475,#3477,#3479,.T.);
#3475 = VERTEX_POINT('',#3476);
#3476 = CARTESIAN_POINT('',(-1.937821404851,-1.269561865724,2.2000001));
#3477 = VERTEX_POINT('',#3478);
#3478 = CARTESIAN_POINT('',(-1.857911827773,-1.353364429494,2.2000001));
#3479 = SURFACE_CURVE('',#3480,(#3484,#3491),.PCURVE_S1.);
#3480 = ( BOUNDED_CURVE() B_SPLINE_CURVE(2,(#3481,#3482,#3483),
.UNSPECIFIED.,.F.,.F.) B_SPLINE_CURVE_WITH_KNOTS((3,3),(1.570796326795,
3.189142617094),.PIECEWISE_BEZIER_KNOTS.) CURVE() 
GEOMETRIC_REPRESENTATION_ITEM() RATIONAL_B_SPLINE_CURVE((1.,
0.690097077545,1.)) REPRESENTATION_ITEM('') );
#3481 = CARTESIAN_POINT('',(-1.937821404851,-1.269561865724,2.2000001));
#3482 = CARTESIAN_POINT('',(-1.853924012989,-1.269561865724,2.2000001));
#3483 = CARTESIAN_POINT('',(-1.857911827773,-1.353364429494,2.2000001));
#3484 = PCURVE('',#72,#3485);
#3485 = DEFINITIONAL_REPRESENTATION('',(#3486),#3490);
#3486 = ( BOUNDED_CURVE() B_SPLINE_CURVE(2,(#3487,#3488,#3489),
.UNSPECIFIED.,.F.,.F.) B_SPLINE_CURVE_WITH_KNOTS((3,3),(1.570796326795,
3.189142617094),.PIECEWISE_BEZIER_KNOTS.) CURVE() 
GEOMETRIC_REPRESENTATION_ITEM() RATIONAL_B_SPLINE_CURVE((1.,
0.690097077545,1.)) REPRESENTATION_ITEM('') );
#3487 = CARTESIAN_POINT('',(1.937821404851,-1.310190973197));
#3488 = CARTESIAN_POINT('',(1.853924012989,-1.310190973197));
#3489 = CARTESIAN_POINT('',(1.857911827773,-1.393993536968));
#3490 = ( GEOMETRIC_REPRESENTATION_CONTEXT(2) 
PARAMETRIC_REPRESENTATION_CONTEXT() REPRESENTATION_CONTEXT('2D SPACE',''
  ) );
#3491 = PCURVE('',#332,#3492);
#3492 = DEFINITIONAL_REPRESENTATION('',(#3493),#3497);
#3493 = B_SPLINE_CURVE_WITH_KNOTS('',2,(#3494,#3495,#3496),
  .UNSPECIFIED.,.F.,.F.,(3,3),(1.570796326795,3.189142617094),
  .PIECEWISE_BEZIER_KNOTS.);
#3494 = CARTESIAN_POINT('',(1.570796326795,-0.4));
#3495 = CARTESIAN_POINT('',(2.379969471945,-0.4));
#3496 = CARTESIAN_POINT('',(3.189142617094,-0.4));
#3497 = ( GEOMETRIC_REPRESENTATION_CONTEXT(2) 
PARAMETRIC_REPRESENTATION_CONTEXT() REPRESENTATION_CONTEXT('2D SPACE',''
  ) );
#3498 = ORIENTED_EDGE('',*,*,#3499,.T.);
#3499 = EDGE_CURVE('',#3475,#3500,#3502,.T.);
#3500 = VERTEX_POINT('',#3501);
#3501 = CARTESIAN_POINT('',(-2.629049955528,-1.269561865724,2.2000001));
#3502 = SURFACE_CURVE('',#3503,(#3506,#3512),.PCURVE_S1.);
#3503 = B_SPLINE_CURVE_WITH_KNOTS('',1,(#3504,#3505),.UNSPECIFIED.,.F.,
  .F.,(2,2),(-0.,0.691228550678),.PIECEWISE_BEZIER_KNOTS.);
#3504 = CARTESIAN_POINT('',(-1.937821404851,-1.269561865724,2.2000001));
#3505 = CARTESIAN_POINT('',(-2.629049955528,-1.269561865724,2.2000001));
#3506 = PCURVE('',#72,#3507);
#3507 = DEFINITIONAL_REPRESENTATION('',(#3508),#3511);
#3508 = B_SPLINE_CURVE_WITH_KNOTS('',1,(#3509,#3510),.UNSPECIFIED.,.F.,
  .F.,(2,2),(-0.,0.691228550678),.PIECEWISE_BEZIER_KNOTS.);
#3509 = CARTESIAN_POINT('',(1.937821404851,-1.310190973197));
#3510 = CARTESIAN_POINT('',(2.629049955528,-1.310190973197));
#3511 = ( GEOMETRIC_REPRESENTATION_CONTEXT(2) 
PARAMETRIC_REPRESENTATION_CONTEXT() REPRESENTATION_CONTEXT('2D SPACE',''
  ) );
#3512 = PCURVE('',#360,#3513);
#3513 = DEFINITIONAL_REPRESENTATION('',(#3514),#3517);
#3514 = B_SPLINE_CURVE_WITH_KNOTS('',1,(#3515,#3516),.UNSPECIFIED.,.F.,
  .F.,(2,2),(-0.,0.691228550678),.PIECEWISE_BEZIER_KNOTS.);
#3515 = CARTESIAN_POINT('',(0.,-0.4));
#3516 = CARTESIAN_POINT('',(0.691228550678,-0.4));
#3517 = ( GEOMETRIC_REPRESENTATION_CONTEXT(2) 
PARAMETRIC_REPRESENTATION_CONTEXT() REPRESENTATION_CONTEXT('2D SPACE',''
  ) );
#3518 = ORIENTED_EDGE('',*,*,#3519,.F.);
#3519 = EDGE_CURVE('',#3520,#3500,#3522,.T.);
#3520 = VERTEX_POINT('',#3521);
#3521 = CARTESIAN_POINT('',(-2.708853646164,-1.343960887151,2.2000001));
#3522 = SURFACE_CURVE('',#3523,(#3527,#3534),.PCURVE_S1.);
#3523 = ( BOUNDED_CURVE() B_SPLINE_CURVE(2,(#3524,#3525,#3526),
.UNSPECIFIED.,.F.,.F.) B_SPLINE_CURVE_WITH_KNOTS((3,3),(1.570796326795,
3.071523098255),.PIECEWISE_BEZIER_KNOTS.) CURVE() 
GEOMETRIC_REPRESENTATION_ITEM() RATIONAL_B_SPLINE_CURVE((1.,
0.731441122771,1.)) REPRESENTATION_ITEM('') );
#3524 = CARTESIAN_POINT('',(-2.708853646164,-1.343960887151,2.2000001));
#3525 = CARTESIAN_POINT('',(-2.703631991356,-1.269561865724,2.2000001));
#3526 = CARTESIAN_POINT('',(-2.629049955528,-1.269561865724,2.2000001));
#3527 = PCURVE('',#72,#3528);
#3528 = DEFINITIONAL_REPRESENTATION('',(#3529),#3533);
#3529 = ( BOUNDED_CURVE() B_SPLINE_CURVE(2,(#3530,#3531,#3532),
.UNSPECIFIED.,.F.,.F.) B_SPLINE_CURVE_WITH_KNOTS((3,3),(1.570796326795,
3.071523098255),.PIECEWISE_BEZIER_KNOTS.) CURVE() 
GEOMETRIC_REPRESENTATION_ITEM() RATIONAL_B_SPLINE_CURVE((1.,
0.731441122771,1.)) REPRESENTATION_ITEM('') );
#3530 = CARTESIAN_POINT('',(2.708853646164,-1.384589994624));
#3531 = CARTESIAN_POINT('',(2.703631991356,-1.310190973197));
#3532 = CARTESIAN_POINT('',(2.629049955528,-1.310190973197));
#3533 = ( GEOMETRIC_REPRESENTATION_CONTEXT(2) 
PARAMETRIC_REPRESENTATION_CONTEXT() REPRESENTATION_CONTEXT('2D SPACE',''
  ) );
#3534 = PCURVE('',#387,#3535);
#3535 = DEFINITIONAL_REPRESENTATION('',(#3536),#3540);
#3536 = B_SPLINE_CURVE_WITH_KNOTS('',2,(#3537,#3538,#3539),
  .UNSPECIFIED.,.F.,.F.,(3,3),(1.570796326795,3.071523098255),
  .PIECEWISE_BEZIER_KNOTS.);
#3537 = CARTESIAN_POINT('',(1.570796326795,-0.4));
#3538 = CARTESIAN_POINT('',(2.321159712525,-0.4));
#3539 = CARTESIAN_POINT('',(3.071523098255,-0.4));
#3540 = ( GEOMETRIC_REPRESENTATION_CONTEXT(2) 
PARAMETRIC_REPRESENTATION_CONTEXT() REPRESENTATION_CONTEXT('2D SPACE',''
  ) );
#3541 = ORIENTED_EDGE('',*,*,#3542,.T.);
#3542 = EDGE_CURVE('',#3520,#3543,#3545,.T.);
#3543 = VERTEX_POINT('',#3544);
#3544 = CARTESIAN_POINT('',(-2.566821715817,-2.485855958778,2.2000001));
#3545 = SURFACE_CURVE('',#3546,(#3553,#3563),.PCURVE_S1.);
#3546 = B_SPLINE_CURVE_WITH_KNOTS('',5,(#3547,#3548,#3549,#3550,#3551,
    #3552),.UNSPECIFIED.,.F.,.F.,(6,6),(0.,1.),
  .PIECEWISE_BEZIER_KNOTS.);
#3547 = CARTESIAN_POINT('',(-2.708853646164,-1.343960887151,2.2000001));
#3548 = CARTESIAN_POINT('',(-2.726795094627,-1.599593681322,2.2000001));
#3549 = CARTESIAN_POINT('',(-2.721825594152,-1.841680075581,2.2000001));
#3550 = CARTESIAN_POINT('',(-2.693726859572,-2.070267261285,2.2000001));
#3551 = CARTESIAN_POINT('',(-2.642074628209,-2.285174102143,2.2000001));
#3552 = CARTESIAN_POINT('',(-2.566821715817,-2.485855958778,2.2000001));
#3553 = PCURVE('',#72,#3554);
#3554 = DEFINITIONAL_REPRESENTATION('',(#3555),#3562);
#3555 = B_SPLINE_CURVE_WITH_KNOTS('',5,(#3556,#3557,#3558,#3559,#3560,
    #3561),.UNSPECIFIED.,.F.,.F.,(6,6),(0.,1.),
  .PIECEWISE_BEZIER_KNOTS.);
#3556 = CARTESIAN_POINT('',(2.708853646164,-1.384589994624));
#3557 = CARTESIAN_POINT('',(2.726795094627,-1.640222788795));
#3558 = CARTESIAN_POINT('',(2.721825594152,-1.882309183054));
#3559 = CARTESIAN_POINT('',(2.693726859572,-2.110896368758));
#3560 = CARTESIAN_POINT('',(2.642074628209,-2.325803209616));
#3561 = CARTESIAN_POINT('',(2.566821715817,-2.526485066252));
#3562 = ( GEOMETRIC_REPRESENTATION_CONTEXT(2) 
PARAMETRIC_REPRESENTATION_CONTEXT() REPRESENTATION_CONTEXT('2D SPACE',''
  ) );
#3563 = PCURVE('',#423,#3564);
#3564 = DEFINITIONAL_REPRESENTATION('',(#3565),#3569);
#3565 = B_SPLINE_CURVE_WITH_KNOTS('',2,(#3566,#3567,#3568),
  .UNSPECIFIED.,.F.,.F.,(3,3),(3.457400006792E-16,1.),
  .PIECEWISE_BEZIER_KNOTS.);
#3566 = CARTESIAN_POINT('',(1.728700003396E-16,-0.4));
#3567 = CARTESIAN_POINT('',(0.5,-0.4));
#3568 = CARTESIAN_POINT('',(1.,-0.4));
#3569 = ( GEOMETRIC_REPRESENTATION_CONTEXT(2) 
PARAMETRIC_REPRESENTATION_CONTEXT() REPRESENTATION_CONTEXT('2D SPACE',''
  ) );
#3570 = ORIENTED_EDGE('',*,*,#3571,.T.);
#3571 = EDGE_CURVE('',#3543,#3572,#3574,.T.);
#3572 = VERTEX_POINT('',#3573);
#3573 = CARTESIAN_POINT('',(-2.163774020537,-3.169113289126,2.2000001));
#3574 = SURFACE_CURVE('',#3575,(#3582,#3592),.PCURVE_S1.);
#3575 = B_SPLINE_CURVE_WITH_KNOTS('',5,(#3576,#3577,#3578,#3579,#3580,
    #3581),.UNSPECIFIED.,.F.,.F.,(6,6),(0.,0.778627941978),
  .PIECEWISE_BEZIER_KNOTS.);
#3576 = CARTESIAN_POINT('',(-2.566821715817,-2.485855958778,2.2000001));
#3577 = CARTESIAN_POINT('',(-2.508587243025,-2.641153630968,2.2000001));
#3578 = CARTESIAN_POINT('',(-2.439186816224,-2.787292926957,2.2000001));
#3579 = CARTESIAN_POINT('',(-2.358550617502,-2.924143382714,2.2000001));
#3580 = CARTESIAN_POINT('',(-2.266697541672,-3.051471022323,2.2000001));
#3581 = CARTESIAN_POINT('',(-2.163774020537,-3.169113289126,2.2000001));
#3582 = PCURVE('',#72,#3583);
#3583 = DEFINITIONAL_REPRESENTATION('',(#3584),#3591);
#3584 = B_SPLINE_CURVE_WITH_KNOTS('',5,(#3585,#3586,#3587,#3588,#3589,
    #3590),.UNSPECIFIED.,.F.,.F.,(6,6),(0.,0.778627941978),
  .PIECEWISE_BEZIER_KNOTS.);
#3585 = CARTESIAN_POINT('',(2.566821715817,-2.526485066252));
#3586 = CARTESIAN_POINT('',(2.508587243025,-2.681782738442));
#3587 = CARTESIAN_POINT('',(2.439186816224,-2.82792203443));
#3588 = CARTESIAN_POINT('',(2.358550617502,-2.964772490187));
#3589 = CARTESIAN_POINT('',(2.266697541672,-3.092100129797));
#3590 = CARTESIAN_POINT('',(2.163774020537,-3.209742396599));
#3591 = ( GEOMETRIC_REPRESENTATION_CONTEXT(2) 
PARAMETRIC_REPRESENTATION_CONTEXT() REPRESENTATION_CONTEXT('2D SPACE',''
  ) );
#3592 = PCURVE('',#465,#3593);
#3593 = DEFINITIONAL_REPRESENTATION('',(#3594),#3598);
#3594 = B_SPLINE_CURVE_WITH_KNOTS('',2,(#3595,#3596,#3597),
  .UNSPECIFIED.,.F.,.F.,(3,3),(0.,0.778627941978),
  .PIECEWISE_BEZIER_KNOTS.);
#3595 = CARTESIAN_POINT('',(0.,-0.4));
#3596 = CARTESIAN_POINT('',(0.389313970989,-0.4));
#3597 = CARTESIAN_POINT('',(0.778627941978,-0.4));
#3598 = ( GEOMETRIC_REPRESENTATION_CONTEXT(2) 
PARAMETRIC_REPRESENTATION_CONTEXT() REPRESENTATION_CONTEXT('2D SPACE',''
  ) );
#3599 = ORIENTED_EDGE('',*,*,#3600,.T.);
#3600 = EDGE_CURVE('',#3572,#3601,#3603,.T.);
#3601 = VERTEX_POINT('',#3602);
#3602 = CARTESIAN_POINT('',(-2.008549289319,-3.328484976846,2.2000001));
#3603 = SURFACE_CURVE('',#3604,(#3611,#3621),.PCURVE_S1.);
#3604 = B_SPLINE_CURVE_WITH_KNOTS('',5,(#3605,#3606,#3607,#3608,#3609,
    #3610),.UNSPECIFIED.,.F.,.F.,(6,6),(0.778627941978,1.),
  .PIECEWISE_BEZIER_KNOTS.);
#3605 = CARTESIAN_POINT('',(-2.163774020537,-3.169113289126,2.2000001));
#3606 = CARTESIAN_POINT('',(-2.134511788264,-3.202560214555,2.2000001));
#3607 = CARTESIAN_POINT('',(-2.104354704994,-3.235224247764,2.2000001));
#3608 = CARTESIAN_POINT('',(-2.073305996959,-3.26710169578,2.2000001));
#3609 = CARTESIAN_POINT('',(-2.041369494713,-3.298189402636,2.2000001));
#3610 = CARTESIAN_POINT('',(-2.008549289319,-3.328484976846,2.2000001));
#3611 = PCURVE('',#72,#3612);
#3612 = DEFINITIONAL_REPRESENTATION('',(#3613),#3620);
#3613 = B_SPLINE_CURVE_WITH_KNOTS('',5,(#3614,#3615,#3616,#3617,#3618,
    #3619),.UNSPECIFIED.,.F.,.F.,(6,6),(0.778627941978,1.),
  .PIECEWISE_BEZIER_KNOTS.);
#3614 = CARTESIAN_POINT('',(2.163774020537,-3.209742396599));
#3615 = CARTESIAN_POINT('',(2.134511788264,-3.243189322029));
#3616 = CARTESIAN_POINT('',(2.104354704994,-3.275853355238));
#3617 = CARTESIAN_POINT('',(2.073305996959,-3.307730803253));
#3618 = CARTESIAN_POINT('',(2.041369494713,-3.33881851011));
#3619 = CARTESIAN_POINT('',(2.008549289319,-3.369114084319));
#3620 = ( GEOMETRIC_REPRESENTATION_CONTEXT(2) 
PARAMETRIC_REPRESENTATION_CONTEXT() REPRESENTATION_CONTEXT('2D SPACE',''
  ) );
#3621 = PCURVE('',#507,#3622);
#3622 = DEFINITIONAL_REPRESENTATION('',(#3623),#3627);
#3623 = B_SPLINE_CURVE_WITH_KNOTS('',2,(#3624,#3625,#3626),
  .UNSPECIFIED.,.F.,.F.,(3,3),(0.778627941978,1.),
  .PIECEWISE_BEZIER_KNOTS.);
#3624 = CARTESIAN_POINT('',(0.778627941978,-0.4));
#3625 = CARTESIAN_POINT('',(0.889313970989,-0.4));
#3626 = CARTESIAN_POINT('',(1.,-0.4));
#3627 = ( GEOMETRIC_REPRESENTATION_CONTEXT(2) 
PARAMETRIC_REPRESENTATION_CONTEXT() REPRESENTATION_CONTEXT('2D SPACE',''
  ) );
#3628 = ORIENTED_EDGE('',*,*,#3629,.T.);
#3629 = EDGE_CURVE('',#3601,#3630,#3632,.T.);
#3630 = VERTEX_POINT('',#3631);
#3631 = CARTESIAN_POINT('',(-1.124978880672,-3.849903153824,2.2000001));
#3632 = SURFACE_CURVE('',#3633,(#3640,#3650),.PCURVE_S1.);
#3633 = B_SPLINE_CURVE_WITH_KNOTS('',5,(#3634,#3635,#3636,#3637,#3638,
    #3639),.UNSPECIFIED.,.F.,.F.,(6,6),(0.,1.),
  .PIECEWISE_BEZIER_KNOTS.);
#3634 = CARTESIAN_POINT('',(-2.008549289319,-3.328484976846,2.2000001));
#3635 = CARTESIAN_POINT('',(-1.860831999955,-3.464839397798,2.2000001));
#3636 = CARTESIAN_POINT('',(-1.698346509027,-3.585282290861,2.2000001));
#3637 = CARTESIAN_POINT('',(-1.521336901591,-3.68958400332,2.2000001));
#3638 = CARTESIAN_POINT('',(-1.33016152327,-3.777748676811,2.2000001));
#3639 = CARTESIAN_POINT('',(-1.124978880672,-3.849903153824,2.2000001));
#3640 = PCURVE('',#72,#3641);
#3641 = DEFINITIONAL_REPRESENTATION('',(#3642),#3649);
#3642 = B_SPLINE_CURVE_WITH_KNOTS('',5,(#3643,#3644,#3645,#3646,#3647,
    #3648),.UNSPECIFIED.,.F.,.F.,(6,6),(0.,1.),
  .PIECEWISE_BEZIER_KNOTS.);
#3643 = CARTESIAN_POINT('',(2.008549289319,-3.369114084319));
#3644 = CARTESIAN_POINT('',(1.860831999955,-3.505468505271));
#3645 = CARTESIAN_POINT('',(1.698346509027,-3.625911398334));
#3646 = CARTESIAN_POINT('',(1.521336901591,-3.730213110793));
#3647 = CARTESIAN_POINT('',(1.33016152327,-3.818377784284));
#3648 = CARTESIAN_POINT('',(1.124978880672,-3.890532261297));
#3649 = ( GEOMETRIC_REPRESENTATION_CONTEXT(2) 
PARAMETRIC_REPRESENTATION_CONTEXT() REPRESENTATION_CONTEXT('2D SPACE',''
  ) );
#3650 = PCURVE('',#549,#3651);
#3651 = DEFINITIONAL_REPRESENTATION('',(#3652),#3656);
#3652 = B_SPLINE_CURVE_WITH_KNOTS('',2,(#3653,#3654,#3655),
  .UNSPECIFIED.,.F.,.F.,(3,3),(0.,1.),.PIECEWISE_BEZIER_KNOTS.);
#3653 = CARTESIAN_POINT('',(-5.993481147508E-16,-0.4));
#3654 = CARTESIAN_POINT('',(0.5,-0.4));
#3655 = CARTESIAN_POINT('',(1.,-0.4));
#3656 = ( GEOMETRIC_REPRESENTATION_CONTEXT(2) 
PARAMETRIC_REPRESENTATION_CONTEXT() REPRESENTATION_CONTEXT('2D SPACE',''
  ) );
#3657 = ORIENTED_EDGE('',*,*,#3658,.T.);
#3658 = EDGE_CURVE('',#3630,#3659,#3661,.T.);
#3659 = VERTEX_POINT('',#3660);
#3660 = CARTESIAN_POINT('',(-6.71749075522E-03,-4.029999890278,2.2000001
    ));
#3661 = SURFACE_CURVE('',#3662,(#3669,#3679),.PCURVE_S1.);
#3662 = B_SPLINE_CURVE_WITH_KNOTS('',5,(#3663,#3664,#3665,#3666,#3667,
    #3668),.UNSPECIFIED.,.F.,.F.,(6,6),(0.,1.),
  .PIECEWISE_BEZIER_KNOTS.);
#3663 = CARTESIAN_POINT('',(-1.124978880672,-3.849903153824,2.2000001));
#3664 = CARTESIAN_POINT('',(-0.919672939971,-3.922100989817,2.2000001));
#3665 = CARTESIAN_POINT('',(-0.705019153412,-3.976166397026,2.2000001));
#3666 = CARTESIAN_POINT('',(-0.481228034795,-4.012092020978,2.2000001));
#3667 = CARTESIAN_POINT('',(-0.248447313515,-4.029999890278,2.2000001));
#3668 = CARTESIAN_POINT('',(-6.71749075522E-03,-4.029999890278,2.2000001
    ));
#3669 = PCURVE('',#72,#3670);
#3670 = DEFINITIONAL_REPRESENTATION('',(#3671),#3678);
#3671 = B_SPLINE_CURVE_WITH_KNOTS('',5,(#3672,#3673,#3674,#3675,#3676,
    #3677),.UNSPECIFIED.,.F.,.F.,(6,6),(0.,1.),
  .PIECEWISE_BEZIER_KNOTS.);
#3672 = CARTESIAN_POINT('',(1.124978880672,-3.890532261297));
#3673 = CARTESIAN_POINT('',(0.919672939971,-3.962730097291));
#3674 = CARTESIAN_POINT('',(0.705019153412,-4.016795504499));
#3675 = CARTESIAN_POINT('',(0.481228034795,-4.052721128451));
#3676 = CARTESIAN_POINT('',(0.248447313515,-4.070628997751));
#3677 = CARTESIAN_POINT('',(6.71749075522E-03,-4.070628997751));
#3678 = ( GEOMETRIC_REPRESENTATION_CONTEXT(2) 
PARAMETRIC_REPRESENTATION_CONTEXT() REPRESENTATION_CONTEXT('2D SPACE',''
  ) );
#3679 = PCURVE('',#591,#3680);
#3680 = DEFINITIONAL_REPRESENTATION('',(#3681),#3685);
#3681 = B_SPLINE_CURVE_WITH_KNOTS('',2,(#3682,#3683,#3684),
  .UNSPECIFIED.,.F.,.F.,(3,3),(0.,1.),.PIECEWISE_BEZIER_KNOTS.);
#3682 = CARTESIAN_POINT('',(1.925005671621E-16,-0.4));
#3683 = CARTESIAN_POINT('',(0.5,-0.4));
#3684 = CARTESIAN_POINT('',(1.,-0.4));
#3685 = ( GEOMETRIC_REPRESENTATION_CONTEXT(2) 
PARAMETRIC_REPRESENTATION_CONTEXT() REPRESENTATION_CONTEXT('2D SPACE',''
  ) );
#3686 = ORIENTED_EDGE('',*,*,#3687,.T.);
#3687 = EDGE_CURVE('',#3659,#3688,#3690,.T.);
#3688 = VERTEX_POINT('',#3689);
#3689 = CARTESIAN_POINT('',(0.995021978919,-3.887751942417,2.2000001));
#3690 = SURFACE_CURVE('',#3691,(#3698,#3708),.PCURVE_S1.);
#3691 = B_SPLINE_CURVE_WITH_KNOTS('',5,(#3692,#3693,#3694,#3695,#3696,
    #3697),.UNSPECIFIED.,.F.,.F.,(6,6),(0.,0.968503792861),
  .PIECEWISE_BEZIER_KNOTS.);
#3692 = CARTESIAN_POINT('',(-6.71749075522E-03,-4.029999890278,2.2000001
    ));
#3693 = CARTESIAN_POINT('',(0.201677968086,-4.029999890278,2.2000001));
#3694 = CARTESIAN_POINT('',(0.406131887716,-4.015807950793,2.2000001));
#3695 = CARTESIAN_POINT('',(0.606578740384,-3.987375098389,2.2000001));
#3696 = CARTESIAN_POINT('',(0.802908976868,-3.944679460116,2.2000001));
#3697 = CARTESIAN_POINT('',(0.995021978919,-3.887751942417,2.2000001));
#3698 = PCURVE('',#72,#3699);
#3699 = DEFINITIONAL_REPRESENTATION('',(#3700),#3707);
#3700 = B_SPLINE_CURVE_WITH_KNOTS('',5,(#3701,#3702,#3703,#3704,#3705,
    #3706),.UNSPECIFIED.,.F.,.F.,(6,6),(0.,0.968503792861),
  .PIECEWISE_BEZIER_KNOTS.);
#3701 = CARTESIAN_POINT('',(6.71749075522E-03,-4.070628997751));
#3702 = CARTESIAN_POINT('',(-0.201677968086,-4.070628997751));
#3703 = CARTESIAN_POINT('',(-0.406131887716,-4.056437058266));
#3704 = CARTESIAN_POINT('',(-0.606578740384,-4.028004205863));
#3705 = CARTESIAN_POINT('',(-0.802908976868,-3.985308567589));
#3706 = CARTESIAN_POINT('',(-0.995021978919,-3.928381049891));
#3707 = ( GEOMETRIC_REPRESENTATION_CONTEXT(2) 
PARAMETRIC_REPRESENTATION_CONTEXT() REPRESENTATION_CONTEXT('2D SPACE',''
  ) );
#3708 = PCURVE('',#633,#3709);
#3709 = DEFINITIONAL_REPRESENTATION('',(#3710),#3714);
#3710 = B_SPLINE_CURVE_WITH_KNOTS('',2,(#3711,#3712,#3713),
  .UNSPECIFIED.,.F.,.F.,(3,3),(0.,0.968503792861),
  .PIECEWISE_BEZIER_KNOTS.);
#3711 = CARTESIAN_POINT('',(0.,-0.4));
#3712 = CARTESIAN_POINT('',(0.484251896431,-0.4));
#3713 = CARTESIAN_POINT('',(0.968503792861,-0.4));
#3714 = ( GEOMETRIC_REPRESENTATION_CONTEXT(2) 
PARAMETRIC_REPRESENTATION_CONTEXT() REPRESENTATION_CONTEXT('2D SPACE',''
  ) );
#3715 = ORIENTED_EDGE('',*,*,#3716,.T.);
#3716 = EDGE_CURVE('',#3688,#3717,#3719,.T.);
#3717 = VERTEX_POINT('',#3718);
#3718 = CARTESIAN_POINT('',(1.026215378108,-3.87834488842,2.2000001));
#3719 = SURFACE_CURVE('',#3720,(#3725,#3733),.PCURVE_S1.);
#3720 = B_SPLINE_CURVE_WITH_KNOTS('',3,(#3721,#3722,#3723,#3724),
  .UNSPECIFIED.,.F.,.F.,(4,4),(0.968503792861,1.),
  .PIECEWISE_BEZIER_KNOTS.);
#3721 = CARTESIAN_POINT('',(0.995021978914,-3.887751942402,2.2000001));
#3722 = CARTESIAN_POINT('',(1.005434656969,-3.884666425548,2.2000001));
#3723 = CARTESIAN_POINT('',(1.015832468088,-3.881530737328,2.2000001));
#3724 = CARTESIAN_POINT('',(1.026215378103,-3.878344888404,2.2000001));
#3725 = PCURVE('',#72,#3726);
#3726 = DEFINITIONAL_REPRESENTATION('',(#3727),#3732);
#3727 = B_SPLINE_CURVE_WITH_KNOTS('',3,(#3728,#3729,#3730,#3731),
  .UNSPECIFIED.,.F.,.F.,(4,4),(0.968503792861,1.),
  .PIECEWISE_BEZIER_KNOTS.);
#3728 = CARTESIAN_POINT('',(-0.995021978914,-3.928381049875));
#3729 = CARTESIAN_POINT('',(-1.005434656969,-3.925295533022));
#3730 = CARTESIAN_POINT('',(-1.015832468088,-3.922159844801));
#3731 = CARTESIAN_POINT('',(-1.026215378103,-3.918973995878));
#3732 = ( GEOMETRIC_REPRESENTATION_CONTEXT(2) 
PARAMETRIC_REPRESENTATION_CONTEXT() REPRESENTATION_CONTEXT('2D SPACE',''
  ) );
#3733 = PCURVE('',#671,#3734);
#3734 = DEFINITIONAL_REPRESENTATION('',(#3735),#3739);
#3735 = B_SPLINE_CURVE_WITH_KNOTS('',2,(#3736,#3737,#3738),
  .UNSPECIFIED.,.F.,.F.,(3,3),(0.968503792862,1.),
  .PIECEWISE_BEZIER_KNOTS.);
#3736 = CARTESIAN_POINT('',(0.968503792862,-0.4));
#3737 = CARTESIAN_POINT('',(0.984251896431,-0.4));
#3738 = CARTESIAN_POINT('',(1.,-0.4));
#3739 = ( GEOMETRIC_REPRESENTATION_CONTEXT(2) 
PARAMETRIC_REPRESENTATION_CONTEXT() REPRESENTATION_CONTEXT('2D SPACE',''
  ) );
#3740 = ORIENTED_EDGE('',*,*,#3741,.T.);
#3741 = EDGE_CURVE('',#3717,#3742,#3744,.T.);
#3742 = VERTEX_POINT('',#3743);
#3743 = CARTESIAN_POINT('',(1.894826989226,-3.422222529307,2.2000001));
#3744 = SURFACE_CURVE('',#3745,(#3752,#3762),.PCURVE_S1.);
#3745 = B_SPLINE_CURVE_WITH_KNOTS('',5,(#3746,#3747,#3748,#3749,#3750,
    #3751),.UNSPECIFIED.,.F.,.F.,(6,6),(0.,0.995408277457),
  .PIECEWISE_BEZIER_KNOTS.);
#3746 = CARTESIAN_POINT('',(1.026215378108,-3.87834488842,2.2000001));
#3747 = CARTESIAN_POINT('',(1.223778982961,-3.817725294492,2.2000001));
#3748 = CARTESIAN_POINT('',(1.409618271722,-3.741849859855,2.2000001));
#3749 = CARTESIAN_POINT('',(1.583590477386,-3.650613244487,2.2000001));
#3750 = CARTESIAN_POINT('',(1.745397510514,-3.54401124825,2.2000001));
#3751 = CARTESIAN_POINT('',(1.894826989226,-3.422222529307,2.2000001));
#3752 = PCURVE('',#72,#3753);
#3753 = DEFINITIONAL_REPRESENTATION('',(#3754),#3761);
#3754 = B_SPLINE_CURVE_WITH_KNOTS('',5,(#3755,#3756,#3757,#3758,#3759,
    #3760),.UNSPECIFIED.,.F.,.F.,(6,6),(0.,0.995408277457),
  .PIECEWISE_BEZIER_KNOTS.);
#3755 = CARTESIAN_POINT('',(-1.026215378108,-3.918973995893));
#3756 = CARTESIAN_POINT('',(-1.223778982961,-3.858354401965));
#3757 = CARTESIAN_POINT('',(-1.409618271722,-3.782478967329));
#3758 = CARTESIAN_POINT('',(-1.583590477386,-3.691242351961));
#3759 = CARTESIAN_POINT('',(-1.745397510514,-3.584640355723));
#3760 = CARTESIAN_POINT('',(-1.894826989226,-3.46285163678));
#3761 = ( GEOMETRIC_REPRESENTATION_CONTEXT(2) 
PARAMETRIC_REPRESENTATION_CONTEXT() REPRESENTATION_CONTEXT('2D SPACE',''
  ) );
#3762 = PCURVE('',#709,#3763);
#3763 = DEFINITIONAL_REPRESENTATION('',(#3764),#3768);
#3764 = B_SPLINE_CURVE_WITH_KNOTS('',2,(#3765,#3766,#3767),
  .UNSPECIFIED.,.F.,.F.,(3,3),(0.,0.995408277457),
  .PIECEWISE_BEZIER_KNOTS.);
#3765 = CARTESIAN_POINT('',(-7.108975083452E-46,-0.4));
#3766 = CARTESIAN_POINT('',(0.497704138728,-0.4));
#3767 = CARTESIAN_POINT('',(0.995408277457,-0.4));
#3768 = ( GEOMETRIC_REPRESENTATION_CONTEXT(2) 
PARAMETRIC_REPRESENTATION_CONTEXT() REPRESENTATION_CONTEXT('2D SPACE',''
  ) );
#3769 = ORIENTED_EDGE('',*,*,#3770,.T.);
#3770 = EDGE_CURVE('',#3742,#3771,#3773,.T.);
#3771 = VERTEX_POINT('',#3772);
#3772 = CARTESIAN_POINT('',(1.898270874206,-3.419410299737,2.2000001));
#3773 = SURFACE_CURVE('',#3774,(#3778,#3785),.PCURVE_S1.);
#3774 = B_SPLINE_CURVE_WITH_KNOTS('',2,(#3775,#3776,#3777),
  .UNSPECIFIED.,.F.,.F.,(3,3),(0.995408277457,1.),
  .PIECEWISE_BEZIER_KNOTS.);
#3775 = CARTESIAN_POINT('',(1.894826989201,-3.422222529328,2.2000001));
#3776 = CARTESIAN_POINT('',(1.896550248772,-3.420818030179,2.2000001));
#3777 = CARTESIAN_POINT('',(1.898270874232,-3.419410299716,2.2000001));
#3778 = PCURVE('',#72,#3779);
#3779 = DEFINITIONAL_REPRESENTATION('',(#3780),#3784);
#3780 = B_SPLINE_CURVE_WITH_KNOTS('',2,(#3781,#3782,#3783),
  .UNSPECIFIED.,.F.,.F.,(3,3),(0.995408277457,1.),
  .PIECEWISE_BEZIER_KNOTS.);
#3781 = CARTESIAN_POINT('',(-1.894826989201,-3.462851636801));
#3782 = CARTESIAN_POINT('',(-1.896550248772,-3.461447137653));
#3783 = CARTESIAN_POINT('',(-1.898270874232,-3.46003940719));
#3784 = ( GEOMETRIC_REPRESENTATION_CONTEXT(2) 
PARAMETRIC_REPRESENTATION_CONTEXT() REPRESENTATION_CONTEXT('2D SPACE',''
  ) );
#3785 = PCURVE('',#745,#3786);
#3786 = DEFINITIONAL_REPRESENTATION('',(#3787),#3791);
#3787 = B_SPLINE_CURVE_WITH_KNOTS('',2,(#3788,#3789,#3790),
  .UNSPECIFIED.,.F.,.F.,(3,3),(0.995408277491,0.999999999966),
  .PIECEWISE_BEZIER_KNOTS.);
#3788 = CARTESIAN_POINT('',(0.995408277491,-0.4));
#3789 = CARTESIAN_POINT('',(0.997704138728,-0.4));
#3790 = CARTESIAN_POINT('',(0.999999999966,-0.4));
#3791 = ( GEOMETRIC_REPRESENTATION_CONTEXT(2) 
PARAMETRIC_REPRESENTATION_CONTEXT() REPRESENTATION_CONTEXT('2D SPACE',''
  ) );
#3792 = ORIENTED_EDGE('',*,*,#3793,.T.);
#3793 = EDGE_CURVE('',#3771,#3794,#3796,.T.);
#3794 = VERTEX_POINT('',#3795);
#3795 = CARTESIAN_POINT('',(2.122164391559,-3.20897883159,2.2000001));
#3796 = SURFACE_CURVE('',#3797,(#3804,#3814),.PCURVE_S1.);
#3797 = B_SPLINE_CURVE_WITH_KNOTS('',5,(#3798,#3799,#3800,#3801,#3802,
    #3803),.UNSPECIFIED.,.F.,.F.,(6,6),(0.,0.318874692817),
  .PIECEWISE_BEZIER_KNOTS.);
#3798 = CARTESIAN_POINT('',(1.898270874206,-3.419410299737,2.2000001));
#3799 = CARTESIAN_POINT('',(1.946141901643,-3.380244597981,2.2000001));
#3800 = CARTESIAN_POINT('',(1.992475778567,-3.339613548098,2.2000001));
#3801 = CARTESIAN_POINT('',(2.037263182707,-3.297521120524,2.2000001));
#3802 = CARTESIAN_POINT('',(2.080495147127,-3.253973586632,2.2000001));
#3803 = CARTESIAN_POINT('',(2.122164391559,-3.20897883159,2.2000001));
#3804 = PCURVE('',#72,#3805);
#3805 = DEFINITIONAL_REPRESENTATION('',(#3806),#3813);
#3806 = B_SPLINE_CURVE_WITH_KNOTS('',5,(#3807,#3808,#3809,#3810,#3811,
    #3812),.UNSPECIFIED.,.F.,.F.,(6,6),(0.,0.318874692817),
  .PIECEWISE_BEZIER_KNOTS.);
#3807 = CARTESIAN_POINT('',(-1.898270874206,-3.460039407211));
#3808 = CARTESIAN_POINT('',(-1.946141901643,-3.420873705454));
#3809 = CARTESIAN_POINT('',(-1.992475778567,-3.380242655571));
#3810 = CARTESIAN_POINT('',(-2.037263182707,-3.338150227997));
#3811 = CARTESIAN_POINT('',(-2.080495147127,-3.294602694105));
#3812 = CARTESIAN_POINT('',(-2.122164391559,-3.249607939064));
#3813 = ( GEOMETRIC_REPRESENTATION_CONTEXT(2) 
PARAMETRIC_REPRESENTATION_CONTEXT() REPRESENTATION_CONTEXT('2D SPACE',''
  ) );
#3814 = PCURVE('',#781,#3815);
#3815 = DEFINITIONAL_REPRESENTATION('',(#3816),#3820);
#3816 = B_SPLINE_CURVE_WITH_KNOTS('',2,(#3817,#3818,#3819),
  .UNSPECIFIED.,.F.,.F.,(3,3),(0.,0.318874692817),
  .PIECEWISE_BEZIER_KNOTS.);
#3817 = CARTESIAN_POINT('',(-1.772004774202E-16,-0.4));
#3818 = CARTESIAN_POINT('',(0.159437346408,-0.4));
#3819 = CARTESIAN_POINT('',(0.318874692817,-0.4));
#3820 = ( GEOMETRIC_REPRESENTATION_CONTEXT(2) 
PARAMETRIC_REPRESENTATION_CONTEXT() REPRESENTATION_CONTEXT('2D SPACE',''
  ) );
#3821 = ORIENTED_EDGE('',*,*,#3822,.T.);
#3822 = EDGE_CURVE('',#3794,#3823,#3825,.T.);
#3823 = VERTEX_POINT('',#3824);
#3824 = CARTESIAN_POINT('',(2.495389407617,-2.663264373809,2.2000001));
#3825 = SURFACE_CURVE('',#3826,(#3833,#3843),.PCURVE_S1.);
#3826 = B_SPLINE_CURVE_WITH_KNOTS('',5,(#3827,#3828,#3829,#3830,#3831,
    #3832),.UNSPECIFIED.,.F.,.F.,(6,6),(0.318874692817,1.),
  .PIECEWISE_BEZIER_KNOTS.);
#3827 = CARTESIAN_POINT('',(2.122164391559,-3.20897883159,2.2000001));
#3828 = CARTESIAN_POINT('',(2.211171068958,-3.112868770052,2.2000001));
#3829 = CARTESIAN_POINT('',(2.293047655012,-3.01015559402,2.2000001));
#3830 = CARTESIAN_POINT('',(2.367721548985,-2.900916147897,2.2000001));
#3831 = CARTESIAN_POINT('',(2.435163784471,-2.785258835718,2.2000001));
#3832 = CARTESIAN_POINT('',(2.495389407617,-2.663264373809,2.2000001));
#3833 = PCURVE('',#72,#3834);
#3834 = DEFINITIONAL_REPRESENTATION('',(#3835),#3842);
#3835 = B_SPLINE_CURVE_WITH_KNOTS('',5,(#3836,#3837,#3838,#3839,#3840,
    #3841),.UNSPECIFIED.,.F.,.F.,(6,6),(0.318874692817,1.),
  .PIECEWISE_BEZIER_KNOTS.);
#3836 = CARTESIAN_POINT('',(-2.122164391559,-3.249607939064));
#3837 = CARTESIAN_POINT('',(-2.211171068958,-3.153497877526));
#3838 = CARTESIAN_POINT('',(-2.293047655012,-3.050784701493));
#3839 = CARTESIAN_POINT('',(-2.367721548985,-2.94154525537));
#3840 = CARTESIAN_POINT('',(-2.435163784471,-2.825887943191));
#3841 = CARTESIAN_POINT('',(-2.495389407617,-2.703893481283));
#3842 = ( GEOMETRIC_REPRESENTATION_CONTEXT(2) 
PARAMETRIC_REPRESENTATION_CONTEXT() REPRESENTATION_CONTEXT('2D SPACE',''
  ) );
#3843 = PCURVE('',#823,#3844);
#3844 = DEFINITIONAL_REPRESENTATION('',(#3845),#3849);
#3845 = B_SPLINE_CURVE_WITH_KNOTS('',2,(#3846,#3847,#3848),
  .UNSPECIFIED.,.F.,.F.,(3,3),(0.318874692817,1.),
  .PIECEWISE_BEZIER_KNOTS.);
#3846 = CARTESIAN_POINT('',(0.318874692817,-0.4));
#3847 = CARTESIAN_POINT('',(0.659437346408,-0.4));
#3848 = CARTESIAN_POINT('',(1.,-0.4));
#3849 = ( GEOMETRIC_REPRESENTATION_CONTEXT(2) 
PARAMETRIC_REPRESENTATION_CONTEXT() REPRESENTATION_CONTEXT('2D SPACE',''
  ) );
#3850 = ORIENTED_EDGE('',*,*,#3851,.T.);
#3851 = EDGE_CURVE('',#3823,#3852,#3854,.T.);
#3852 = VERTEX_POINT('',#3853);
#3853 = CARTESIAN_POINT('',(2.717616564842,-1.62386741366,2.2000001));
#3854 = SURFACE_CURVE('',#3855,(#3862,#3872),.PCURVE_S1.);
#3855 = B_SPLINE_CURVE_WITH_KNOTS('',5,(#3856,#3857,#3858,#3859,#3860,
    #3861),.UNSPECIFIED.,.F.,.F.,(6,6),(0.,1.),
  .PIECEWISE_BEZIER_KNOTS.);
#3856 = CARTESIAN_POINT('',(2.495389407617,-2.663264373809,2.2000001));
#3857 = CARTESIAN_POINT('',(2.584675345442,-2.482404643814,2.2000001));
#3858 = CARTESIAN_POINT('',(2.651477360742,-2.287563684154,2.2000001));
#3859 = CARTESIAN_POINT('',(2.695657898408,-2.079332881499,2.2000001));
#3860 = CARTESIAN_POINT('',(2.717616564842,-1.858098076395,2.2000001));
#3861 = CARTESIAN_POINT('',(2.717616564842,-1.62386741366,2.2000001));
#3862 = PCURVE('',#72,#3863);
#3863 = DEFINITIONAL_REPRESENTATION('',(#3864),#3871);
#3864 = B_SPLINE_CURVE_WITH_KNOTS('',5,(#3865,#3866,#3867,#3868,#3869,
    #3870),.UNSPECIFIED.,.F.,.F.,(6,6),(0.,1.),
  .PIECEWISE_BEZIER_KNOTS.);
#3865 = CARTESIAN_POINT('',(-2.495389407617,-2.703893481283));
#3866 = CARTESIAN_POINT('',(-2.584675345442,-2.523033751287));
#3867 = CARTESIAN_POINT('',(-2.651477360742,-2.328192791627));
#3868 = CARTESIAN_POINT('',(-2.695657898408,-2.119961988972));
#3869 = CARTESIAN_POINT('',(-2.717616564842,-1.898727183869));
#3870 = CARTESIAN_POINT('',(-2.717616564842,-1.664496521133));
#3871 = ( GEOMETRIC_REPRESENTATION_CONTEXT(2) 
PARAMETRIC_REPRESENTATION_CONTEXT() REPRESENTATION_CONTEXT('2D SPACE',''
  ) );
#3872 = PCURVE('',#865,#3873);
#3873 = DEFINITIONAL_REPRESENTATION('',(#3874),#3878);
#3874 = B_SPLINE_CURVE_WITH_KNOTS('',2,(#3875,#3876,#3877),
  .UNSPECIFIED.,.F.,.F.,(3,3),(7.847147736044E-16,1.),
  .PIECEWISE_BEZIER_KNOTS.);
#3875 = CARTESIAN_POINT('',(2.354144320813E-15,-0.4));
#3876 = CARTESIAN_POINT('',(0.5,-0.4));
#3877 = CARTESIAN_POINT('',(1.,-0.4));
#3878 = ( GEOMETRIC_REPRESENTATION_CONTEXT(2) 
PARAMETRIC_REPRESENTATION_CONTEXT() REPRESENTATION_CONTEXT('2D SPACE',''
  ) );
#3879 = ORIENTED_EDGE('',*,*,#3880,.T.);
#3880 = EDGE_CURVE('',#3852,#3881,#3883,.T.);
#3881 = VERTEX_POINT('',#3882);
#3882 = CARTESIAN_POINT('',(2.435140640085,-0.516364837319,2.2000001));
#3883 = SURFACE_CURVE('',#3884,(#3891,#3901),.PCURVE_S1.);
#3884 = B_SPLINE_CURVE_WITH_KNOTS('',5,(#3885,#3886,#3887,#3888,#3889,
    #3890),.UNSPECIFIED.,.F.,.F.,(6,6),(0.,0.811678794276),
  .PIECEWISE_BEZIER_KNOTS.);
#3885 = CARTESIAN_POINT('',(2.717616564842,-1.62386741366,2.2000001));
#3886 = CARTESIAN_POINT('',(2.717616564842,-1.371014959756,2.2000001));
#3887 = CARTESIAN_POINT('',(2.689730325563,-1.133490838221,2.2000001));
#3888 = CARTESIAN_POINT('',(2.63353658898,-0.91131947045,2.2000001));
#3889 = CARTESIAN_POINT('',(2.54850975374,-0.705340700495,2.2000001));
#3890 = CARTESIAN_POINT('',(2.435140640085,-0.516364837319,2.2000001));
#3891 = PCURVE('',#72,#3892);
#3892 = DEFINITIONAL_REPRESENTATION('',(#3893),#3900);
#3893 = B_SPLINE_CURVE_WITH_KNOTS('',5,(#3894,#3895,#3896,#3897,#3898,
    #3899),.UNSPECIFIED.,.F.,.F.,(6,6),(0.,0.811678794276),
  .PIECEWISE_BEZIER_KNOTS.);
#3894 = CARTESIAN_POINT('',(-2.717616564842,-1.664496521133));
#3895 = CARTESIAN_POINT('',(-2.717616564842,-1.41164406723));
#3896 = CARTESIAN_POINT('',(-2.689730325563,-1.174119945694));
#3897 = CARTESIAN_POINT('',(-2.63353658898,-0.951948577923));
#3898 = CARTESIAN_POINT('',(-2.54850975374,-0.745969807968));
#3899 = CARTESIAN_POINT('',(-2.435140640085,-0.556993944793));
#3900 = ( GEOMETRIC_REPRESENTATION_CONTEXT(2) 
PARAMETRIC_REPRESENTATION_CONTEXT() REPRESENTATION_CONTEXT('2D SPACE',''
  ) );
#3901 = PCURVE('',#907,#3902);
#3902 = DEFINITIONAL_REPRESENTATION('',(#3903),#3907);
#3903 = B_SPLINE_CURVE_WITH_KNOTS('',2,(#3904,#3905,#3906),
  .UNSPECIFIED.,.F.,.F.,(3,3),(1.425565735421E-16,0.811678794276),
  .PIECEWISE_BEZIER_KNOTS.);
#3904 = CARTESIAN_POINT('',(-1.425565735421E-16,-0.4));
#3905 = CARTESIAN_POINT('',(0.405839397138,-0.4));
#3906 = CARTESIAN_POINT('',(0.811678794276,-0.4));
#3907 = ( GEOMETRIC_REPRESENTATION_CONTEXT(2) 
PARAMETRIC_REPRESENTATION_CONTEXT() REPRESENTATION_CONTEXT('2D SPACE',''
  ) );
#3908 = ORIENTED_EDGE('',*,*,#3909,.T.);
#3909 = EDGE_CURVE('',#3881,#3910,#3912,.T.);
#3910 = VERTEX_POINT('',#3911);
#3911 = CARTESIAN_POINT('',(2.288431629676,-0.306377442263,2.2000001));
#3912 = SURFACE_CURVE('',#3913,(#3920,#3930),.PCURVE_S1.);
#3913 = B_SPLINE_CURVE_WITH_KNOTS('',5,(#3914,#3915,#3916,#3917,#3918,
    #3919),.UNSPECIFIED.,.F.,.F.,(6,6),(0.811678794276,1.),
  .PIECEWISE_BEZIER_KNOTS.);
#3914 = CARTESIAN_POINT('',(2.435140640085,-0.516364837319,2.2000001));
#3915 = CARTESIAN_POINT('',(2.408837367995,-0.472519707131,2.2000001));
#3916 = CARTESIAN_POINT('',(2.38100841113,-0.42958985537,2.2000001));
#3917 = CARTESIAN_POINT('',(2.351659308,-0.387584546115,2.2000001));
#3918 = CARTESIAN_POINT('',(2.320797594359,-0.34651180038,2.2000001));
#3919 = CARTESIAN_POINT('',(2.288431629676,-0.306377442263,2.2000001));
#3920 = PCURVE('',#72,#3921);
#3921 = DEFINITIONAL_REPRESENTATION('',(#3922),#3929);
#3922 = B_SPLINE_CURVE_WITH_KNOTS('',5,(#3923,#3924,#3925,#3926,#3927,
    #3928),.UNSPECIFIED.,.F.,.F.,(6,6),(0.811678794276,1.),
  .PIECEWISE_BEZIER_KNOTS.);
#3923 = CARTESIAN_POINT('',(-2.435140640085,-0.556993944793));
#3924 = CARTESIAN_POINT('',(-2.408837367995,-0.513148814605));
#3925 = CARTESIAN_POINT('',(-2.38100841113,-0.470218962844));
#3926 = CARTESIAN_POINT('',(-2.351659308,-0.428213653589));
#3927 = CARTESIAN_POINT('',(-2.320797594359,-0.387140907853));
#3928 = CARTESIAN_POINT('',(-2.288431629676,-0.347006549737));
#3929 = ( GEOMETRIC_REPRESENTATION_CONTEXT(2) 
PARAMETRIC_REPRESENTATION_CONTEXT() REPRESENTATION_CONTEXT('2D SPACE',''
  ) );
#3930 = PCURVE('',#949,#3931);
#3931 = DEFINITIONAL_REPRESENTATION('',(#3932),#3936);
#3932 = B_SPLINE_CURVE_WITH_KNOTS('',2,(#3933,#3934,#3935),
  .UNSPECIFIED.,.F.,.F.,(3,3),(0.811678794276,1.),
  .PIECEWISE_BEZIER_KNOTS.);
#3933 = CARTESIAN_POINT('',(0.811678794276,-0.4));
#3934 = CARTESIAN_POINT('',(0.905839397138,-0.4));
#3935 = CARTESIAN_POINT('',(1.,-0.4));
#3936 = ( GEOMETRIC_REPRESENTATION_CONTEXT(2) 
PARAMETRIC_REPRESENTATION_CONTEXT() REPRESENTATION_CONTEXT('2D SPACE',''
  ) );
#3937 = ORIENTED_EDGE('',*,*,#3938,.T.);
#3938 = EDGE_CURVE('',#3910,#3939,#3941,.T.);
#3939 = VERTEX_POINT('',#3940);
#3940 = CARTESIAN_POINT('',(2.09270031168,-0.100975125339,2.2000001));
#3941 = SURFACE_CURVE('',#3942,(#3949,#3959),.PCURVE_S1.);
#3942 = B_SPLINE_CURVE_WITH_KNOTS('',5,(#3943,#3944,#3945,#3946,#3947,
    #3948),.UNSPECIFIED.,.F.,.F.,(6,6),(0.,0.208449022742),
  .PIECEWISE_BEZIER_KNOTS.);
#3943 = CARTESIAN_POINT('',(2.288431629676,-0.306377442263,2.2000001));
#3944 = CARTESIAN_POINT('',(2.252483941291,-0.261801684575,2.2000001));
#3945 = CARTESIAN_POINT('',(2.214928889653,-0.218957551266,2.2000001));
#3946 = CARTESIAN_POINT('',(2.175772187744,-0.177861527909,2.2000001));
#3947 = CARTESIAN_POINT('',(2.135024587886,-0.138529867791,2.2000001));
#3948 = CARTESIAN_POINT('',(2.09270031168,-0.100975125339,2.2000001));
#3949 = PCURVE('',#72,#3950);
#3950 = DEFINITIONAL_REPRESENTATION('',(#3951),#3958);
#3951 = B_SPLINE_CURVE_WITH_KNOTS('',5,(#3952,#3953,#3954,#3955,#3956,
    #3957),.UNSPECIFIED.,.F.,.F.,(6,6),(0.,0.208449022742),
  .PIECEWISE_BEZIER_KNOTS.);
#3952 = CARTESIAN_POINT('',(-2.288431629676,-0.347006549737));
#3953 = CARTESIAN_POINT('',(-2.252483941291,-0.302430792048));
#3954 = CARTESIAN_POINT('',(-2.214928889653,-0.259586658739));
#3955 = CARTESIAN_POINT('',(-2.175772187744,-0.218490635382));
#3956 = CARTESIAN_POINT('',(-2.135024587886,-0.179158975265));
#3957 = CARTESIAN_POINT('',(-2.09270031168,-0.141604232813));
#3958 = ( GEOMETRIC_REPRESENTATION_CONTEXT(2) 
PARAMETRIC_REPRESENTATION_CONTEXT() REPRESENTATION_CONTEXT('2D SPACE',''
  ) );
#3959 = PCURVE('',#991,#3960);
#3960 = DEFINITIONAL_REPRESENTATION('',(#3961),#3965);
#3961 = B_SPLINE_CURVE_WITH_KNOTS('',2,(#3962,#3963,#3964),
  .UNSPECIFIED.,.F.,.F.,(3,3),(0.,0.208449022742),
  .PIECEWISE_BEZIER_KNOTS.);
#3962 = CARTESIAN_POINT('',(0.,-0.4));
#3963 = CARTESIAN_POINT('',(0.104224511371,-0.4));
#3964 = CARTESIAN_POINT('',(0.208449022742,-0.4));
#3965 = ( GEOMETRIC_REPRESENTATION_CONTEXT(2) 
PARAMETRIC_REPRESENTATION_CONTEXT() REPRESENTATION_CONTEXT('2D SPACE',''
  ) );
#3966 = ORIENTED_EDGE('',*,*,#3967,.T.);
#3967 = EDGE_CURVE('',#3939,#3968,#3970,.T.);
#3968 = VERTEX_POINT('',#3969);
#3969 = CARTESIAN_POINT('',(1.331315277528,0.297788056473,2.2000001));
#3970 = SURFACE_CURVE('',#3971,(#3978,#3988),.PCURVE_S1.);
#3971 = B_SPLINE_CURVE_WITH_KNOTS('',5,(#3972,#3973,#3974,#3975,#3976,
    #3977),.UNSPECIFIED.,.F.,.F.,(6,6),(0.208449022742,0.826124931257),
  .PIECEWISE_BEZIER_KNOTS.);
#3972 = CARTESIAN_POINT('',(2.09270031168,-0.100975125339,2.2000001));
#3973 = CARTESIAN_POINT('',(1.967285064277,1.030704503472E-02,2.2000001)
  );
#3974 = CARTESIAN_POINT('',(1.828025735246,0.105986905372,2.2000001));
#3975 = CARTESIAN_POINT('',(1.67530792363,0.185712075333,2.2000001));
#3976 = CARTESIAN_POINT('',(1.509682286851,0.249570552682,2.2000001));
#3977 = CARTESIAN_POINT('',(1.331315277528,0.297788056473,2.2000001));
#3978 = PCURVE('',#72,#3979);
#3979 = DEFINITIONAL_REPRESENTATION('',(#3980),#3987);
#3980 = B_SPLINE_CURVE_WITH_KNOTS('',5,(#3981,#3982,#3983,#3984,#3985,
    #3986),.UNSPECIFIED.,.F.,.F.,(6,6),(0.208449022742,0.826124931257),
  .PIECEWISE_BEZIER_KNOTS.);
#3981 = CARTESIAN_POINT('',(-2.09270031168,-0.141604232813));
#3982 = CARTESIAN_POINT('',(-1.967285064277,-3.032206243871E-02));
#3983 = CARTESIAN_POINT('',(-1.828025735246,6.535779789834E-02));
#3984 = CARTESIAN_POINT('',(-1.67530792363,0.145082967859));
#3985 = CARTESIAN_POINT('',(-1.509682286851,0.208941445208));
#3986 = CARTESIAN_POINT('',(-1.331315277528,0.257158949));
#3987 = ( GEOMETRIC_REPRESENTATION_CONTEXT(2) 
PARAMETRIC_REPRESENTATION_CONTEXT() REPRESENTATION_CONTEXT('2D SPACE',''
  ) );
#3988 = PCURVE('',#1033,#3989);
#3989 = DEFINITIONAL_REPRESENTATION('',(#3990),#3994);
#3990 = B_SPLINE_CURVE_WITH_KNOTS('',2,(#3991,#3992,#3993),
  .UNSPECIFIED.,.F.,.F.,(3,3),(0.208449022742,0.826124931257),
  .PIECEWISE_BEZIER_KNOTS.);
#3991 = CARTESIAN_POINT('',(0.208449022742,-0.4));
#3992 = CARTESIAN_POINT('',(0.517286976999,-0.4));
#3993 = CARTESIAN_POINT('',(0.826124931257,-0.4));
#3994 = ( GEOMETRIC_REPRESENTATION_CONTEXT(2) 
PARAMETRIC_REPRESENTATION_CONTEXT() REPRESENTATION_CONTEXT('2D SPACE',''
  ) );
#3995 = ORIENTED_EDGE('',*,*,#3996,.T.);
#3996 = EDGE_CURVE('',#3968,#3997,#3999,.T.);
#3997 = VERTEX_POINT('',#3998);
#3998 = CARTESIAN_POINT('',(1.889160792406,0.643266714685,2.2000001));
#3999 = SURFACE_CURVE('',#4000,(#4007,#4017),.PCURVE_S1.);
#4000 = B_SPLINE_CURVE_WITH_KNOTS('',5,(#4001,#4002,#4003,#4004,#4005,
    #4006),.UNSPECIFIED.,.F.,.F.,(6,6),(0.205772864339,0.752469119214),
  .PIECEWISE_BEZIER_KNOTS.);
#4001 = CARTESIAN_POINT('',(1.331315277528,0.297788056473,2.2000001));
#4002 = CARTESIAN_POINT('',(1.460265992964,0.347220090507,2.2000001));
#4003 = CARTESIAN_POINT('',(1.580732744274,0.40644764551,2.2000001));
#4004 = CARTESIAN_POINT('',(1.692562078072,0.475572547605,2.2000001));
#4005 = CARTESIAN_POINT('',(1.795440993819,0.554580167637,2.2000001));
#4006 = CARTESIAN_POINT('',(1.889160792406,0.643266714685,2.2000001));
#4007 = PCURVE('',#72,#4008);
#4008 = DEFINITIONAL_REPRESENTATION('',(#4009),#4016);
#4009 = B_SPLINE_CURVE_WITH_KNOTS('',5,(#4010,#4011,#4012,#4013,#4014,
    #4015),.UNSPECIFIED.,.F.,.F.,(6,6),(0.205772864339,0.752469119214),
  .PIECEWISE_BEZIER_KNOTS.);
#4010 = CARTESIAN_POINT('',(-1.331315277528,0.257158949));
#4011 = CARTESIAN_POINT('',(-1.460265992964,0.306590983033));
#4012 = CARTESIAN_POINT('',(-1.580732744274,0.365818538037));
#4013 = CARTESIAN_POINT('',(-1.692562078072,0.434943440131));
#4014 = CARTESIAN_POINT('',(-1.795440993819,0.513951060164));
#4015 = CARTESIAN_POINT('',(-1.889160792406,0.602637607211));
#4016 = ( GEOMETRIC_REPRESENTATION_CONTEXT(2) 
PARAMETRIC_REPRESENTATION_CONTEXT() REPRESENTATION_CONTEXT('2D SPACE',''
  ) );
#4017 = PCURVE('',#1075,#4018);
#4018 = DEFINITIONAL_REPRESENTATION('',(#4019),#4023);
#4019 = B_SPLINE_CURVE_WITH_KNOTS('',2,(#4020,#4021,#4022),
  .UNSPECIFIED.,.F.,.F.,(3,3),(0.205772864339,0.752469119214),
  .PIECEWISE_BEZIER_KNOTS.);
#4020 = CARTESIAN_POINT('',(0.205772864339,-0.4));
#4021 = CARTESIAN_POINT('',(0.479120991776,-0.4));
#4022 = CARTESIAN_POINT('',(0.752469119214,-0.4));
#4023 = ( GEOMETRIC_REPRESENTATION_CONTEXT(2) 
PARAMETRIC_REPRESENTATION_CONTEXT() REPRESENTATION_CONTEXT('2D SPACE',''
  ) );
#4024 = ORIENTED_EDGE('',*,*,#4025,.T.);
#4025 = EDGE_CURVE('',#3997,#4026,#4028,.T.);
#4026 = VERTEX_POINT('',#4027);
#4027 = CARTESIAN_POINT('',(2.082393631147,0.863683511199,2.2000001));
#4028 = SURFACE_CURVE('',#4029,(#4036,#4046),.PCURVE_S1.);
#4029 = B_SPLINE_CURVE_WITH_KNOTS('',5,(#4030,#4031,#4032,#4033,#4034,
    #4035),.UNSPECIFIED.,.F.,.F.,(6,6),(0.752469119214,1.),
  .PIECEWISE_BEZIER_KNOTS.);
#4030 = CARTESIAN_POINT('',(1.889160792406,0.643266714685,2.2000001));
#4031 = CARTESIAN_POINT('',(1.931594857181,0.683421844537,2.2000001));
#4032 = CARTESIAN_POINT('',(1.972151247962,0.725561212524,2.2000001));
#4033 = CARTESIAN_POINT('',(2.010810852631,0.769666855268,2.2000001));
#4034 = CARTESIAN_POINT('',(2.04756019774,0.815715276551,2.2000001));
#4035 = CARTESIAN_POINT('',(2.082393631147,0.863683511199,2.2000001));
#4036 = PCURVE('',#72,#4037);
#4037 = DEFINITIONAL_REPRESENTATION('',(#4038),#4045);
#4038 = B_SPLINE_CURVE_WITH_KNOTS('',5,(#4039,#4040,#4041,#4042,#4043,
    #4044),.UNSPECIFIED.,.F.,.F.,(6,6),(0.752469119214,1.),
  .PIECEWISE_BEZIER_KNOTS.);
#4039 = CARTESIAN_POINT('',(-1.889160792406,0.602637607211));
#4040 = CARTESIAN_POINT('',(-1.931594857181,0.642792737064));
#4041 = CARTESIAN_POINT('',(-1.972151247962,0.684932105051));
#4042 = CARTESIAN_POINT('',(-2.010810852631,0.729037747795));
#4043 = CARTESIAN_POINT('',(-2.04756019774,0.775086169078));
#4044 = CARTESIAN_POINT('',(-2.082393631147,0.823054403725));
#4045 = ( GEOMETRIC_REPRESENTATION_CONTEXT(2) 
PARAMETRIC_REPRESENTATION_CONTEXT() REPRESENTATION_CONTEXT('2D SPACE',''
  ) );
#4046 = PCURVE('',#1117,#4047);
#4047 = DEFINITIONAL_REPRESENTATION('',(#4048),#4052);
#4048 = B_SPLINE_CURVE_WITH_KNOTS('',2,(#4049,#4050,#4051),
  .UNSPECIFIED.,.F.,.F.,(3,3),(0.752469119214,1.),
  .PIECEWISE_BEZIER_KNOTS.);
#4049 = CARTESIAN_POINT('',(0.752469119214,-0.4));
#4050 = CARTESIAN_POINT('',(0.876234559607,-0.4));
#4051 = CARTESIAN_POINT('',(1.,-0.4));
#4052 = ( GEOMETRIC_REPRESENTATION_CONTEXT(2) 
PARAMETRIC_REPRESENTATION_CONTEXT() REPRESENTATION_CONTEXT('2D SPACE',''
  ) );
#4053 = ORIENTED_EDGE('',*,*,#4054,.T.);
#4054 = EDGE_CURVE('',#4026,#4055,#4057,.T.);
#4055 = VERTEX_POINT('',#4056);
#4056 = CARTESIAN_POINT('',(2.240750196221,1.125956110191,2.2000001));
#4057 = SURFACE_CURVE('',#4058,(#4065,#4075),.PCURVE_S1.);
#4058 = B_SPLINE_CURVE_WITH_KNOTS('',5,(#4059,#4060,#4061,#4062,#4063,
    #4064),.UNSPECIFIED.,.F.,.F.,(6,6),(0.,0.259813349647),
  .PIECEWISE_BEZIER_KNOTS.);
#4059 = CARTESIAN_POINT('',(2.082393631147,0.863683511199,2.2000001));
#4060 = CARTESIAN_POINT('',(2.11874833224,0.913746644862,2.2000001));
#4061 = CARTESIAN_POINT('',(2.152775890613,0.96501835971,2.2000001));
#4062 = CARTESIAN_POINT('',(2.184460597293,1.017488196005,2.2000001));
#4063 = CARTESIAN_POINT('',(2.213788382031,1.071140287722,2.2000001));
#4064 = CARTESIAN_POINT('',(2.240750196221,1.125956110191,2.2000001));
#4065 = PCURVE('',#72,#4066);
#4066 = DEFINITIONAL_REPRESENTATION('',(#4067),#4074);
#4067 = B_SPLINE_CURVE_WITH_KNOTS('',5,(#4068,#4069,#4070,#4071,#4072,
    #4073),.UNSPECIFIED.,.F.,.F.,(6,6),(0.,0.259813349647),
  .PIECEWISE_BEZIER_KNOTS.);
#4068 = CARTESIAN_POINT('',(-2.082393631147,0.823054403725));
#4069 = CARTESIAN_POINT('',(-2.11874833224,0.873117537388));
#4070 = CARTESIAN_POINT('',(-2.152775890613,0.924389252237));
#4071 = CARTESIAN_POINT('',(-2.184460597293,0.976859088531));
#4072 = CARTESIAN_POINT('',(-2.213788382031,1.030511180249));
#4073 = CARTESIAN_POINT('',(-2.240750196221,1.085327002717));
#4074 = ( GEOMETRIC_REPRESENTATION_CONTEXT(2) 
PARAMETRIC_REPRESENTATION_CONTEXT() REPRESENTATION_CONTEXT('2D SPACE',''
  ) );
#4075 = PCURVE('',#1159,#4076);
#4076 = DEFINITIONAL_REPRESENTATION('',(#4077),#4081);
#4077 = B_SPLINE_CURVE_WITH_KNOTS('',2,(#4078,#4079,#4080),
  .UNSPECIFIED.,.F.,.F.,(3,3),(0.,0.259813349647),
  .PIECEWISE_BEZIER_KNOTS.);
#4078 = CARTESIAN_POINT('',(2.191555183008E-16,-0.4));
#4079 = CARTESIAN_POINT('',(0.129906674823,-0.4));
#4080 = CARTESIAN_POINT('',(0.259813349647,-0.4));
#4081 = ( GEOMETRIC_REPRESENTATION_CONTEXT(2) 
PARAMETRIC_REPRESENTATION_CONTEXT() REPRESENTATION_CONTEXT('2D SPACE',''
  ) );
#4082 = ORIENTED_EDGE('',*,*,#4083,.T.);
#4083 = EDGE_CURVE('',#4055,#4084,#4086,.T.);
#4084 = VERTEX_POINT('',#4085);
#4085 = CARTESIAN_POINT('',(2.432310221494,1.996965819095,2.2000001));
#4086 = SURFACE_CURVE('',#4087,(#4094,#4104),.PCURVE_S1.);
#4087 = B_SPLINE_CURVE_WITH_KNOTS('',5,(#4088,#4089,#4090,#4091,#4092,
    #4093),.UNSPECIFIED.,.F.,.F.,(6,6),(0.259813349647,1.),
  .PIECEWISE_BEZIER_KNOTS.);
#4088 = CARTESIAN_POINT('',(2.240750196221,1.125956110191,2.2000001));
#4089 = CARTESIAN_POINT('',(2.317562165122,1.282121834832,2.2000001));
#4090 = CARTESIAN_POINT('',(2.375171141798,1.447732779569,2.2000001));
#4091 = CARTESIAN_POINT('',(2.413348173009,1.622340489456,2.2000001));
#4092 = CARTESIAN_POINT('',(2.432310221494,1.805452700472,2.2000001));
#4093 = CARTESIAN_POINT('',(2.432310221494,1.996965819095,2.2000001));
#4094 = PCURVE('',#72,#4095);
#4095 = DEFINITIONAL_REPRESENTATION('',(#4096),#4103);
#4096 = B_SPLINE_CURVE_WITH_KNOTS('',5,(#4097,#4098,#4099,#4100,#4101,
    #4102),.UNSPECIFIED.,.F.,.F.,(6,6),(0.259813349647,1.),
  .PIECEWISE_BEZIER_KNOTS.);
#4097 = CARTESIAN_POINT('',(-2.240750196221,1.085327002717));
#4098 = CARTESIAN_POINT('',(-2.317562165122,1.241492727359));
#4099 = CARTESIAN_POINT('',(-2.375171141798,1.407103672095));
#4100 = CARTESIAN_POINT('',(-2.413348173009,1.581711381983));
#4101 = CARTESIAN_POINT('',(-2.432310221494,1.764823592999));
#4102 = CARTESIAN_POINT('',(-2.432310221494,1.956336711621));
#4103 = ( GEOMETRIC_REPRESENTATION_CONTEXT(2) 
PARAMETRIC_REPRESENTATION_CONTEXT() REPRESENTATION_CONTEXT('2D SPACE',''
  ) );
#4104 = PCURVE('',#1201,#4105);
#4105 = DEFINITIONAL_REPRESENTATION('',(#4106),#4110);
#4106 = B_SPLINE_CURVE_WITH_KNOTS('',2,(#4107,#4108,#4109),
  .UNSPECIFIED.,.F.,.F.,(3,3),(0.259813349647,1.),
  .PIECEWISE_BEZIER_KNOTS.);
#4107 = CARTESIAN_POINT('',(0.259813349647,-0.4));
#4108 = CARTESIAN_POINT('',(0.629906674823,-0.4));
#4109 = CARTESIAN_POINT('',(1.,-0.4));
#4110 = ( GEOMETRIC_REPRESENTATION_CONTEXT(2) 
PARAMETRIC_REPRESENTATION_CONTEXT() REPRESENTATION_CONTEXT('2D SPACE',''
  ) );
#4111 = ORIENTED_EDGE('',*,*,#4112,.T.);
#4112 = EDGE_CURVE('',#4084,#4113,#4115,.T.);
#4113 = VERTEX_POINT('',#4114);
#4114 = CARTESIAN_POINT('',(2.219362481514,2.9188816024,2.2000001));
#4115 = SURFACE_CURVE('',#4116,(#4123,#4133),.PCURVE_S1.);
#4116 = B_SPLINE_CURVE_WITH_KNOTS('',5,(#4117,#4118,#4119,#4120,#4121,
    #4122),.UNSPECIFIED.,.F.,.F.,(6,6),(0.,1.),
  .PIECEWISE_BEZIER_KNOTS.);
#4117 = CARTESIAN_POINT('',(2.432310221494,1.996965819095,2.2000001));
#4118 = CARTESIAN_POINT('',(2.432310221494,2.209535701627,2.2000001));
#4119 = CARTESIAN_POINT('',(2.411392597127,2.40819825524,2.2000001));
#4120 = CARTESIAN_POINT('',(2.369225306726,2.593019438922,2.2000001));
#4121 = CARTESIAN_POINT('',(2.30514620247,2.763541065297,2.2000001));
#4122 = CARTESIAN_POINT('',(2.219362481514,2.9188816024,2.2000001));
#4123 = PCURVE('',#72,#4124);
#4124 = DEFINITIONAL_REPRESENTATION('',(#4125),#4132);
#4125 = B_SPLINE_CURVE_WITH_KNOTS('',5,(#4126,#4127,#4128,#4129,#4130,
    #4131),.UNSPECIFIED.,.F.,.F.,(6,6),(0.,1.),
  .PIECEWISE_BEZIER_KNOTS.);
#4126 = CARTESIAN_POINT('',(-2.432310221494,1.956336711621));
#4127 = CARTESIAN_POINT('',(-2.432310221494,2.168906594154));
#4128 = CARTESIAN_POINT('',(-2.411392597127,2.367569147767));
#4129 = CARTESIAN_POINT('',(-2.369225306726,2.552390331448));
#4130 = CARTESIAN_POINT('',(-2.30514620247,2.722911957823));
#4131 = CARTESIAN_POINT('',(-2.219362481514,2.878252494927));
#4132 = ( GEOMETRIC_REPRESENTATION_CONTEXT(2) 
PARAMETRIC_REPRESENTATION_CONTEXT() REPRESENTATION_CONTEXT('2D SPACE',''
  ) );
#4133 = PCURVE('',#1243,#4134);
#4134 = DEFINITIONAL_REPRESENTATION('',(#4135),#4139);
#4135 = B_SPLINE_CURVE_WITH_KNOTS('',2,(#4136,#4137,#4138),
  .UNSPECIFIED.,.F.,.F.,(3,3),(2.08914454183E-16,1.),
  .PIECEWISE_BEZIER_KNOTS.);
#4136 = CARTESIAN_POINT('',(2.08914454183E-16,-0.4));
#4137 = CARTESIAN_POINT('',(0.5,-0.4));
#4138 = CARTESIAN_POINT('',(1.,-0.4));
#4139 = ( GEOMETRIC_REPRESENTATION_CONTEXT(2) 
PARAMETRIC_REPRESENTATION_CONTEXT() REPRESENTATION_CONTEXT('2D SPACE',''
  ) );
#4140 = ORIENTED_EDGE('',*,*,#4141,.T.);
#4141 = EDGE_CURVE('',#4113,#4142,#4144,.T.);
#4142 = VERTEX_POINT('',#4143);
#4143 = CARTESIAN_POINT('',(1.900815577949,3.344729780034,2.2000001));
#4144 = SURFACE_CURVE('',#4145,(#4152,#4162),.PCURVE_S1.);
#4145 = B_SPLINE_CURVE_WITH_KNOTS('',5,(#4146,#4147,#4148,#4149,#4150,
    #4151),.UNSPECIFIED.,.F.,.F.,(6,6),(0.,0.624878485211),
  .PIECEWISE_BEZIER_KNOTS.);
#4146 = CARTESIAN_POINT('',(2.219362481514,2.9188816024,2.2000001));
#4147 = CARTESIAN_POINT('',(2.16656824545,3.014483482277,2.2000001));
#4148 = CARTESIAN_POINT('',(2.108305352369,3.104950787224,2.2000001));
#4149 = CARTESIAN_POINT('',(2.044564844978,3.190207753176,2.2000001));
#4150 = CARTESIAN_POINT('',(1.975378526574,3.270156717099,2.2000001));
#4151 = CARTESIAN_POINT('',(1.900815577949,3.344729780034,2.2000001));
#4152 = PCURVE('',#72,#4153);
#4153 = DEFINITIONAL_REPRESENTATION('',(#4154),#4161);
#4154 = B_SPLINE_CURVE_WITH_KNOTS('',5,(#4155,#4156,#4157,#4158,#4159,
    #4160),.UNSPECIFIED.,.F.,.F.,(6,6),(0.,0.624878485211),
  .PIECEWISE_BEZIER_KNOTS.);
#4155 = CARTESIAN_POINT('',(-2.219362481514,2.878252494927));
#4156 = CARTESIAN_POINT('',(-2.16656824545,2.973854374803));
#4157 = CARTESIAN_POINT('',(-2.108305352369,3.064321679751));
#4158 = CARTESIAN_POINT('',(-2.044564844978,3.149578645703));
#4159 = CARTESIAN_POINT('',(-1.975378526574,3.229527609626));
#4160 = CARTESIAN_POINT('',(-1.900815577949,3.30410067256));
#4161 = ( GEOMETRIC_REPRESENTATION_CONTEXT(2) 
PARAMETRIC_REPRESENTATION_CONTEXT() REPRESENTATION_CONTEXT('2D SPACE',''
  ) );
#4162 = PCURVE('',#1285,#4163);
#4163 = DEFINITIONAL_REPRESENTATION('',(#4164),#4168);
#4164 = B_SPLINE_CURVE_WITH_KNOTS('',2,(#4165,#4166,#4167),
  .UNSPECIFIED.,.F.,.F.,(3,3),(4.448696654527E-16,0.624878485211),
  .PIECEWISE_BEZIER_KNOTS.);
#4165 = CARTESIAN_POINT('',(2.669217992716E-15,-0.4));
#4166 = CARTESIAN_POINT('',(0.312439242605,-0.4));
#4167 = CARTESIAN_POINT('',(0.624878485211,-0.4));
#4168 = ( GEOMETRIC_REPRESENTATION_CONTEXT(2) 
PARAMETRIC_REPRESENTATION_CONTEXT() REPRESENTATION_CONTEXT('2D SPACE',''
  ) );
#4169 = ORIENTED_EDGE('',*,*,#4170,.T.);
#4170 = EDGE_CURVE('',#4142,#4171,#4173,.T.);
#4171 = VERTEX_POINT('',#4172);
#4172 = CARTESIAN_POINT('',(1.657796923155,3.549066692148,2.2000001));
#4173 = SURFACE_CURVE('',#4174,(#4181,#4191),.PCURVE_S1.);
#4174 = B_SPLINE_CURVE_WITH_KNOTS('',5,(#4175,#4176,#4177,#4178,#4179,
    #4180),.UNSPECIFIED.,.F.,.F.,(6,6),(0.624878485211,1.),
  .PIECEWISE_BEZIER_KNOTS.);
#4175 = CARTESIAN_POINT('',(1.900815577949,3.344729780034,2.2000001));
#4176 = CARTESIAN_POINT('',(1.856054609381,3.389496820335,2.2000001));
#4177 = CARTESIAN_POINT('',(1.809356045963,3.432326528581,2.2000001));
#4178 = CARTESIAN_POINT('',(1.76073454583,3.47320416346,2.2000001));
#4179 = CARTESIAN_POINT('',(1.710208707274,3.512119167295,2.2000001));
#4180 = CARTESIAN_POINT('',(1.657796923155,3.549066692148,2.2000001));
#4181 = PCURVE('',#72,#4182);
#4182 = DEFINITIONAL_REPRESENTATION('',(#4183),#4190);
#4183 = B_SPLINE_CURVE_WITH_KNOTS('',5,(#4184,#4185,#4186,#4187,#4188,
    #4189),.UNSPECIFIED.,.F.,.F.,(6,6),(0.624878485211,1.),
  .PIECEWISE_BEZIER_KNOTS.);
#4184 = CARTESIAN_POINT('',(-1.900815577949,3.30410067256));
#4185 = CARTESIAN_POINT('',(-1.856054609381,3.348867712861));
#4186 = CARTESIAN_POINT('',(-1.809356045963,3.391697421107));
#4187 = CARTESIAN_POINT('',(-1.76073454583,3.432575055986));
#4188 = CARTESIAN_POINT('',(-1.710208707274,3.471490059822));
#4189 = CARTESIAN_POINT('',(-1.657796923155,3.508437584675));
#4190 = ( GEOMETRIC_REPRESENTATION_CONTEXT(2) 
PARAMETRIC_REPRESENTATION_CONTEXT() REPRESENTATION_CONTEXT('2D SPACE',''
  ) );
#4191 = PCURVE('',#1327,#4192);
#4192 = DEFINITIONAL_REPRESENTATION('',(#4193),#4197);
#4193 = B_SPLINE_CURVE_WITH_KNOTS('',2,(#4194,#4195,#4196),
  .UNSPECIFIED.,.F.,.F.,(3,3),(0.624878485211,1.),
  .PIECEWISE_BEZIER_KNOTS.);
#4194 = CARTESIAN_POINT('',(0.624878485211,-0.4));
#4195 = CARTESIAN_POINT('',(0.812439242605,-0.4));
#4196 = CARTESIAN_POINT('',(1.,-0.4));
#4197 = ( GEOMETRIC_REPRESENTATION_CONTEXT(2) 
PARAMETRIC_REPRESENTATION_CONTEXT() REPRESENTATION_CONTEXT('2D SPACE',''
  ) );
#4198 = ORIENTED_EDGE('',*,*,#4199,.T.);
#4199 = EDGE_CURVE('',#4171,#4200,#4202,.T.);
#4200 = VERTEX_POINT('',#4201);
#4201 = CARTESIAN_POINT('',(0.86992705852,3.912044641521,2.2000001));
#4202 = SURFACE_CURVE('',#4203,(#4210,#4220),.PCURVE_S1.);
#4203 = B_SPLINE_CURVE_WITH_KNOTS('',5,(#4204,#4205,#4206,#4207,#4208,
    #4209),.UNSPECIFIED.,.F.,.F.,(6,6),(0.,1.),
  .PIECEWISE_BEZIER_KNOTS.);
#4204 = CARTESIAN_POINT('',(1.657796923155,3.549066692148,2.2000001));
#4205 = CARTESIAN_POINT('',(1.519069787992,3.646861956329,2.2000001));
#4206 = CARTESIAN_POINT('',(1.370735662345,3.732105750393,2.2000001));
#4207 = CARTESIAN_POINT('',(1.212976347337,3.804689813761,2.2000001));
#4208 = CARTESIAN_POINT('',(1.046005396603,3.864641196108,2.2000001));
#4209 = CARTESIAN_POINT('',(0.86992705852,3.912044641521,2.2000001));
#4210 = PCURVE('',#72,#4211);
#4211 = DEFINITIONAL_REPRESENTATION('',(#4212),#4219);
#4212 = B_SPLINE_CURVE_WITH_KNOTS('',5,(#4213,#4214,#4215,#4216,#4217,
    #4218),.UNSPECIFIED.,.F.,.F.,(6,6),(0.,1.),
  .PIECEWISE_BEZIER_KNOTS.);
#4213 = CARTESIAN_POINT('',(-1.657796923155,3.508437584675));
#4214 = CARTESIAN_POINT('',(-1.519069787992,3.606232848856));
#4215 = CARTESIAN_POINT('',(-1.370735662345,3.691476642919));
#4216 = CARTESIAN_POINT('',(-1.212976347337,3.764060706288));
#4217 = CARTESIAN_POINT('',(-1.046005396603,3.824012088635));
#4218 = CARTESIAN_POINT('',(-0.86992705852,3.871415534048));
#4219 = ( GEOMETRIC_REPRESENTATION_CONTEXT(2) 
PARAMETRIC_REPRESENTATION_CONTEXT() REPRESENTATION_CONTEXT('2D SPACE',''
  ) );
#4220 = PCURVE('',#1369,#4221);
#4221 = DEFINITIONAL_REPRESENTATION('',(#4222),#4226);
#4222 = B_SPLINE_CURVE_WITH_KNOTS('',2,(#4223,#4224,#4225),
  .UNSPECIFIED.,.F.,.F.,(3,3),(0.,1.),.PIECEWISE_BEZIER_KNOTS.);
#4223 = CARTESIAN_POINT('',(2.138461666378E-16,-0.4));
#4224 = CARTESIAN_POINT('',(0.5,-0.4));
#4225 = CARTESIAN_POINT('',(1.,-0.4));
#4226 = ( GEOMETRIC_REPRESENTATION_CONTEXT(2) 
PARAMETRIC_REPRESENTATION_CONTEXT() REPRESENTATION_CONTEXT('2D SPACE',''
  ) );
#4227 = ORIENTED_EDGE('',*,*,#4228,.T.);
#4228 = EDGE_CURVE('',#4200,#4229,#4231,.T.);
#4229 = VERTEX_POINT('',#4230);
#4230 = CARTESIAN_POINT('',(0.620407800234,3.969310100277,2.2000001));
#4231 = SURFACE_CURVE('',#4232,(#4239,#4249),.PCURVE_S1.);
#4232 = B_SPLINE_CURVE_WITH_KNOTS('',5,(#4233,#4234,#4235,#4236,#4237,
    #4238),.UNSPECIFIED.,.F.,.F.,(6,6),(0.,0.282678760528),
  .PIECEWISE_BEZIER_KNOTS.);
#4233 = CARTESIAN_POINT('',(0.86992705852,3.912044641521,2.2000001));
#4234 = CARTESIAN_POINT('',(0.820388574842,3.925381289472,2.2000001));
#4235 = CARTESIAN_POINT('',(0.770665842404,3.93777674282,2.2000001));
#4236 = CARTESIAN_POINT('',(0.720760381467,3.94923033386,2.2000001));
#4237 = CARTESIAN_POINT('',(0.670673814432,3.95974155813,2.2000001));
#4238 = CARTESIAN_POINT('',(0.620407800234,3.969310100277,2.2000001));
#4239 = PCURVE('',#72,#4240);
#4240 = DEFINITIONAL_REPRESENTATION('',(#4241),#4248);
#4241 = B_SPLINE_CURVE_WITH_KNOTS('',5,(#4242,#4243,#4244,#4245,#4246,
    #4247),.UNSPECIFIED.,.F.,.F.,(6,6),(0.,0.282678760528),
  .PIECEWISE_BEZIER_KNOTS.);
#4242 = CARTESIAN_POINT('',(-0.86992705852,3.871415534048));
#4243 = CARTESIAN_POINT('',(-0.820388574842,3.884752181999));
#4244 = CARTESIAN_POINT('',(-0.770665842404,3.897147635346));
#4245 = CARTESIAN_POINT('',(-0.720760381467,3.908601226387));
#4246 = CARTESIAN_POINT('',(-0.670673814432,3.919112450656));
#4247 = CARTESIAN_POINT('',(-0.620407800234,3.928680992803));
#4248 = ( GEOMETRIC_REPRESENTATION_CONTEXT(2) 
PARAMETRIC_REPRESENTATION_CONTEXT() REPRESENTATION_CONTEXT('2D SPACE',''
  ) );
#4249 = PCURVE('',#1411,#4250);
#4250 = DEFINITIONAL_REPRESENTATION('',(#4251),#4255);
#4251 = B_SPLINE_CURVE_WITH_KNOTS('',2,(#4252,#4253,#4254),
  .UNSPECIFIED.,.F.,.F.,(3,3),(0.,0.282678760528),
  .PIECEWISE_BEZIER_KNOTS.);
#4252 = CARTESIAN_POINT('',(-2.544463052487E-16,-0.4));
#4253 = CARTESIAN_POINT('',(0.141339380264,-0.4));
#4254 = CARTESIAN_POINT('',(0.282678760528,-0.4));
#4255 = ( GEOMETRIC_REPRESENTATION_CONTEXT(2) 
PARAMETRIC_REPRESENTATION_CONTEXT() REPRESENTATION_CONTEXT('2D SPACE',''
  ) );
#4256 = ORIENTED_EDGE('',*,*,#4257,.T.);
#4257 = EDGE_CURVE('',#4229,#4258,#4260,.T.);
#4258 = VERTEX_POINT('',#4259);
#4259 = CARTESIAN_POINT('',(-2.864764784281E-02,4.029999890278,2.2000001
    ));
#4260 = SURFACE_CURVE('',#4261,(#4268,#4278),.PCURVE_S1.);
#4261 = B_SPLINE_CURVE_WITH_KNOTS('',5,(#4262,#4263,#4264,#4265,#4266,
    #4267),.UNSPECIFIED.,.F.,.F.,(6,6),(0.282678760528,1.),
  .PIECEWISE_BEZIER_KNOTS.);
#4262 = CARTESIAN_POINT('',(0.620407800234,3.969310100277,2.2000001));
#4263 = CARTESIAN_POINT('',(0.492853542034,3.993591084459,2.2000001));
#4264 = CARTESIAN_POINT('',(0.364143763428,4.011801822595,2.2000001));
#4265 = CARTESIAN_POINT('',(0.234305610913,4.023937047311,2.2000001));
#4266 = CARTESIAN_POINT('',(0.103367493926,4.029999890278,2.2000001));
#4267 = CARTESIAN_POINT('',(-2.864764784281E-02,4.029999890278,2.2000001
    ));
#4268 = PCURVE('',#72,#4269);
#4269 = DEFINITIONAL_REPRESENTATION('',(#4270),#4277);
#4270 = B_SPLINE_CURVE_WITH_KNOTS('',5,(#4271,#4272,#4273,#4274,#4275,
    #4276),.UNSPECIFIED.,.F.,.F.,(6,6),(0.282678760528,1.),
  .PIECEWISE_BEZIER_KNOTS.);
#4271 = CARTESIAN_POINT('',(-0.620407800234,3.928680992803));
#4272 = CARTESIAN_POINT('',(-0.492853542034,3.952961976985));
#4273 = CARTESIAN_POINT('',(-0.364143763428,3.971172715121));
#4274 = CARTESIAN_POINT('',(-0.234305610913,3.983307939838));
#4275 = CARTESIAN_POINT('',(-0.103367493926,3.989370782804));
#4276 = CARTESIAN_POINT('',(2.864764784281E-02,3.989370782804));
#4277 = ( GEOMETRIC_REPRESENTATION_CONTEXT(2) 
PARAMETRIC_REPRESENTATION_CONTEXT() REPRESENTATION_CONTEXT('2D SPACE',''
  ) );
#4278 = PCURVE('',#1453,#4279);
#4279 = DEFINITIONAL_REPRESENTATION('',(#4280),#4284);
#4280 = B_SPLINE_CURVE_WITH_KNOTS('',2,(#4281,#4282,#4283),
  .UNSPECIFIED.,.F.,.F.,(3,3),(0.282678760528,1.),
  .PIECEWISE_BEZIER_KNOTS.);
#4281 = CARTESIAN_POINT('',(0.282678760528,-0.4));
#4282 = CARTESIAN_POINT('',(0.641339380264,-0.4));
#4283 = CARTESIAN_POINT('',(1.,-0.4));
#4284 = ( GEOMETRIC_REPRESENTATION_CONTEXT(2) 
PARAMETRIC_REPRESENTATION_CONTEXT() REPRESENTATION_CONTEXT('2D SPACE',''
  ) );
#4285 = ORIENTED_EDGE('',*,*,#4286,.T.);
#4286 = EDGE_CURVE('',#4258,#4287,#4289,.T.);
#4287 = VERTEX_POINT('',#4288);
#4288 = CARTESIAN_POINT('',(-1.069500219056,3.831564211097,2.2000001));
#4289 = SURFACE_CURVE('',#4290,(#4297,#4307),.PCURVE_S1.);
#4290 = B_SPLINE_CURVE_WITH_KNOTS('',5,(#4291,#4292,#4293,#4294,#4295,
    #4296),.UNSPECIFIED.,.F.,.F.,(6,6),(0.,1.),
  .PIECEWISE_BEZIER_KNOTS.);
#4291 = CARTESIAN_POINT('',(-2.864764784281E-02,4.029999890278,2.2000001
    ));
#4292 = CARTESIAN_POINT('',(-0.257968383774,4.029999890278,2.2000001));
#4293 = CARTESIAN_POINT('',(-0.476856864282,4.010327517195,2.2000001));
#4294 = CARTESIAN_POINT('',(-0.685270783262,3.970799759439,2.2000001));
#4295 = CARTESIAN_POINT('',(-0.882942857225,3.911190456756,2.2000001));
#4296 = CARTESIAN_POINT('',(-1.069500219056,3.831564211097,2.2000001));
#4297 = PCURVE('',#72,#4298);
#4298 = DEFINITIONAL_REPRESENTATION('',(#4299),#4306);
#4299 = B_SPLINE_CURVE_WITH_KNOTS('',5,(#4300,#4301,#4302,#4303,#4304,
    #4305),.UNSPECIFIED.,.F.,.F.,(6,6),(0.,1.),
  .PIECEWISE_BEZIER_KNOTS.);
#4300 = CARTESIAN_POINT('',(2.864764784281E-02,3.989370782804));
#4301 = CARTESIAN_POINT('',(0.257968383774,3.989370782804));
#4302 = CARTESIAN_POINT('',(0.476856864282,3.969698409721));
#4303 = CARTESIAN_POINT('',(0.685270783262,3.930170651966));
#4304 = CARTESIAN_POINT('',(0.882942857225,3.870561349283));
#4305 = CARTESIAN_POINT('',(1.069500219056,3.790935103623));
#4306 = ( GEOMETRIC_REPRESENTATION_CONTEXT(2) 
PARAMETRIC_REPRESENTATION_CONTEXT() REPRESENTATION_CONTEXT('2D SPACE',''
  ) );
#4307 = PCURVE('',#1495,#4308);
#4308 = DEFINITIONAL_REPRESENTATION('',(#4309),#4313);
#4309 = B_SPLINE_CURVE_WITH_KNOTS('',2,(#4310,#4311,#4312),
  .UNSPECIFIED.,.F.,.F.,(3,3),(0.,1.),.PIECEWISE_BEZIER_KNOTS.);
#4310 = CARTESIAN_POINT('',(0.,-0.4));
#4311 = CARTESIAN_POINT('',(0.5,-0.4));
#4312 = CARTESIAN_POINT('',(1.,-0.4));
#4313 = ( GEOMETRIC_REPRESENTATION_CONTEXT(2) 
PARAMETRIC_REPRESENTATION_CONTEXT() REPRESENTATION_CONTEXT('2D SPACE',''
  ) );
#4314 = ORIENTED_EDGE('',*,*,#4315,.T.);
#4315 = EDGE_CURVE('',#4287,#4316,#4318,.T.);
#4316 = VERTEX_POINT('',#4317);
#4317 = CARTESIAN_POINT('',(-1.776741297198,3.369517305779,2.2000001));
#4318 = SURFACE_CURVE('',#4319,(#4326,#4336),.PCURVE_S1.);
#4319 = B_SPLINE_CURVE_WITH_KNOTS('',5,(#4320,#4321,#4322,#4323,#4324,
    #4325),.UNSPECIFIED.,.F.,.F.,(6,6),(0.,0.876422415597),
  .PIECEWISE_BEZIER_KNOTS.);
#4320 = CARTESIAN_POINT('',(-1.069500219056,3.831564211097,2.2000001));
#4321 = CARTESIAN_POINT('',(-1.232090106184,3.762167741469,2.2000001));
#4322 = CARTESIAN_POINT('',(-1.384277788697,3.681279944734,2.2000001));
#4323 = CARTESIAN_POINT('',(-1.525927934934,3.588834719087,2.2000001));
#4324 = CARTESIAN_POINT('',(-1.656802124262,3.484861338297,2.2000001));
#4325 = CARTESIAN_POINT('',(-1.776741297198,3.369517305779,2.2000001));
#4326 = PCURVE('',#72,#4327);
#4327 = DEFINITIONAL_REPRESENTATION('',(#4328),#4335);
#4328 = B_SPLINE_CURVE_WITH_KNOTS('',5,(#4329,#4330,#4331,#4332,#4333,
    #4334),.UNSPECIFIED.,.F.,.F.,(6,6),(0.,0.876422415597),
  .PIECEWISE_BEZIER_KNOTS.);
#4329 = CARTESIAN_POINT('',(1.069500219056,3.790935103623));
#4330 = CARTESIAN_POINT('',(1.232090106184,3.721538633995));
#4331 = CARTESIAN_POINT('',(1.384277788697,3.640650837261));
#4332 = CARTESIAN_POINT('',(1.525927934934,3.548205611613));
#4333 = CARTESIAN_POINT('',(1.656802124262,3.444232230824));
#4334 = CARTESIAN_POINT('',(1.776741297198,3.328888198306));
#4335 = ( GEOMETRIC_REPRESENTATION_CONTEXT(2) 
PARAMETRIC_REPRESENTATION_CONTEXT() REPRESENTATION_CONTEXT('2D SPACE',''
  ) );
#4336 = PCURVE('',#1537,#4337);
#4337 = DEFINITIONAL_REPRESENTATION('',(#4338),#4342);
#4338 = B_SPLINE_CURVE_WITH_KNOTS('',2,(#4339,#4340,#4341),
  .UNSPECIFIED.,.F.,.F.,(3,3),(0.,0.876422415597),
  .PIECEWISE_BEZIER_KNOTS.);
#4339 = CARTESIAN_POINT('',(0.,-0.4));
#4340 = CARTESIAN_POINT('',(0.438211207799,-0.4));
#4341 = CARTESIAN_POINT('',(0.876422415597,-0.4));
#4342 = ( GEOMETRIC_REPRESENTATION_CONTEXT(2) 
PARAMETRIC_REPRESENTATION_CONTEXT() REPRESENTATION_CONTEXT('2D SPACE',''
  ) );
#4343 = ORIENTED_EDGE('',*,*,#4344,.T.);
#4344 = EDGE_CURVE('',#4316,#4345,#4347,.T.);
#4345 = VERTEX_POINT('',#4346);
#4346 = CARTESIAN_POINT('',(-1.859121508587,3.285942163717,2.2000001));
#4347 = SURFACE_CURVE('',#4348,(#4354,#4363),.PCURVE_S1.);
#4348 = B_SPLINE_CURVE_WITH_KNOTS('',4,(#4349,#4350,#4351,#4352,#4353),
  .UNSPECIFIED.,.F.,.F.,(5,5),(0.876422415597,1.),
  .PIECEWISE_BEZIER_KNOTS.);
#4349 = CARTESIAN_POINT('',(-1.776741297451,3.36951730546,2.2000001));
#4350 = CARTESIAN_POINT('',(-1.797880922247,3.349187587591,2.2000001));
#4351 = CARTESIAN_POINT('',(-1.818658205096,3.328481088709,2.2000001));
#4352 = CARTESIAN_POINT('',(-1.839072038934,3.307398874772,2.2000001));
#4353 = CARTESIAN_POINT('',(-1.859121508333,3.285942164036,2.2000001));
#4354 = PCURVE('',#72,#4355);
#4355 = DEFINITIONAL_REPRESENTATION('',(#4356),#4362);
#4356 = B_SPLINE_CURVE_WITH_KNOTS('',4,(#4357,#4358,#4359,#4360,#4361),
  .UNSPECIFIED.,.F.,.F.,(5,5),(0.876422415597,1.),
  .PIECEWISE_BEZIER_KNOTS.);
#4357 = CARTESIAN_POINT('',(1.776741297451,3.328888197987));
#4358 = CARTESIAN_POINT('',(1.797880922247,3.308558480118));
#4359 = CARTESIAN_POINT('',(1.818658205096,3.287851981236));
#4360 = CARTESIAN_POINT('',(1.839072038934,3.266769767299));
#4361 = CARTESIAN_POINT('',(1.859121508333,3.245313056563));
#4362 = ( GEOMETRIC_REPRESENTATION_CONTEXT(2) 
PARAMETRIC_REPRESENTATION_CONTEXT() REPRESENTATION_CONTEXT('2D SPACE',''
  ) );
#4363 = PCURVE('',#1577,#4364);
#4364 = DEFINITIONAL_REPRESENTATION('',(#4365),#4369);
#4365 = B_SPLINE_CURVE_WITH_KNOTS('',2,(#4366,#4367,#4368),
  .UNSPECIFIED.,.F.,.F.,(3,3),(0.876422415597,1.),
  .PIECEWISE_BEZIER_KNOTS.);
#4366 = CARTESIAN_POINT('',(0.876422415597,-0.4));
#4367 = CARTESIAN_POINT('',(0.938211207799,-0.4));
#4368 = CARTESIAN_POINT('',(1.,-0.4));
#4369 = ( GEOMETRIC_REPRESENTATION_CONTEXT(2) 
PARAMETRIC_REPRESENTATION_CONTEXT() REPRESENTATION_CONTEXT('2D SPACE',''
  ) );
#4370 = ORIENTED_EDGE('',*,*,#4371,.T.);
#4371 = EDGE_CURVE('',#4345,#4372,#4374,.T.);
#4372 = VERTEX_POINT('',#4373);
#4373 = CARTESIAN_POINT('',(-1.900905584989,3.239987621683,2.2000001));
#4374 = SURFACE_CURVE('',#4375,(#4381,#4390),.PCURVE_S1.);
#4375 = B_SPLINE_CURVE_WITH_KNOTS('',4,(#4376,#4377,#4378,#4379,#4380),
  .UNSPECIFIED.,.F.,.F.,(5,5),(0.,6.544637340643E-02),
  .PIECEWISE_BEZIER_KNOTS.);
#4376 = CARTESIAN_POINT('',(-1.859121508597,3.285942163707,2.2000001));
#4377 = CARTESIAN_POINT('',(-1.869725536789,3.274593855065,2.2000001));
#4378 = CARTESIAN_POINT('',(-1.880224320616,3.263151900177,2.2000001));
#4379 = CARTESIAN_POINT('',(-1.890617714638,3.25161643862,2.2000001));
#4380 = CARTESIAN_POINT('',(-1.900905584979,3.239987621693,2.2000001));
#4381 = PCURVE('',#72,#4382);
#4382 = DEFINITIONAL_REPRESENTATION('',(#4383),#4389);
#4383 = B_SPLINE_CURVE_WITH_KNOTS('',4,(#4384,#4385,#4386,#4387,#4388),
  .UNSPECIFIED.,.F.,.F.,(5,5),(0.,6.544637340643E-02),
  .PIECEWISE_BEZIER_KNOTS.);
#4384 = CARTESIAN_POINT('',(1.859121508597,3.245313056234));
#4385 = CARTESIAN_POINT('',(1.869725536789,3.233964747591));
#4386 = CARTESIAN_POINT('',(1.880224320616,3.222522792704));
#4387 = CARTESIAN_POINT('',(1.890617714638,3.210987331146));
#4388 = CARTESIAN_POINT('',(1.900905584979,3.19935851422));
#4389 = ( GEOMETRIC_REPRESENTATION_CONTEXT(2) 
PARAMETRIC_REPRESENTATION_CONTEXT() REPRESENTATION_CONTEXT('2D SPACE',''
  ) );
#4390 = PCURVE('',#1615,#4391);
#4391 = DEFINITIONAL_REPRESENTATION('',(#4392),#4396);
#4392 = B_SPLINE_CURVE_WITH_KNOTS('',2,(#4393,#4394,#4395),
  .UNSPECIFIED.,.F.,.F.,(3,3),(0.,6.544637340643E-02),
  .PIECEWISE_BEZIER_KNOTS.);
#4393 = CARTESIAN_POINT('',(8.439411100279E-45,-0.4));
#4394 = CARTESIAN_POINT('',(3.272318670321E-02,-0.4));
#4395 = CARTESIAN_POINT('',(6.544637340643E-02,-0.4));
#4396 = ( GEOMETRIC_REPRESENTATION_CONTEXT(2) 
PARAMETRIC_REPRESENTATION_CONTEXT() REPRESENTATION_CONTEXT('2D SPACE',''
  ) );
#4397 = ORIENTED_EDGE('',*,*,#4398,.T.);
#4398 = EDGE_CURVE('',#4372,#4399,#4401,.T.);
#4399 = VERTEX_POINT('',#4400);
#4400 = CARTESIAN_POINT('',(-2.358488122269,2.463533966051,2.2000001));
#4401 = SURFACE_CURVE('',#4402,(#4409,#4419),.PCURVE_S1.);
#4402 = B_SPLINE_CURVE_WITH_KNOTS('',5,(#4403,#4404,#4405,#4406,#4407,
    #4408),.UNSPECIFIED.,.F.,.F.,(6,6),(6.544637340643E-02,1.),
  .PIECEWISE_BEZIER_KNOTS.);
#4403 = CARTESIAN_POINT('',(-1.900905584989,3.239987621683,2.2000001));
#4404 = CARTESIAN_POINT('',(-2.018431627274,3.107142943034,2.2000001));
#4405 = CARTESIAN_POINT('',(-2.123047314359,2.962876633002,2.2000001));
#4406 = CARTESIAN_POINT('',(-2.214589835548,2.807367259671,2.2000001));
#4407 = CARTESIAN_POINT('',(-2.293043170679,2.640873772394,2.2000001));
#4408 = CARTESIAN_POINT('',(-2.358488122269,2.463533966051,2.2000001));
#4409 = PCURVE('',#72,#4410);
#4410 = DEFINITIONAL_REPRESENTATION('',(#4411),#4418);
#4411 = B_SPLINE_CURVE_WITH_KNOTS('',5,(#4412,#4413,#4414,#4415,#4416,
    #4417),.UNSPECIFIED.,.F.,.F.,(6,6),(6.544637340643E-02,1.),
  .PIECEWISE_BEZIER_KNOTS.);
#4412 = CARTESIAN_POINT('',(1.900905584989,3.19935851421));
#4413 = CARTESIAN_POINT('',(2.018431627274,3.06651383556));
#4414 = CARTESIAN_POINT('',(2.123047314359,2.922247525528));
#4415 = CARTESIAN_POINT('',(2.214589835548,2.766738152197));
#4416 = CARTESIAN_POINT('',(2.293043170679,2.600244664921));
#4417 = CARTESIAN_POINT('',(2.358488122269,2.422904858578));
#4418 = ( GEOMETRIC_REPRESENTATION_CONTEXT(2) 
PARAMETRIC_REPRESENTATION_CONTEXT() REPRESENTATION_CONTEXT('2D SPACE',''
  ) );
#4419 = PCURVE('',#1655,#4420);
#4420 = DEFINITIONAL_REPRESENTATION('',(#4421),#4425);
#4421 = B_SPLINE_CURVE_WITH_KNOTS('',2,(#4422,#4423,#4424),
  .UNSPECIFIED.,.F.,.F.,(3,3),(6.544637340643E-02,1.),
  .PIECEWISE_BEZIER_KNOTS.);
#4422 = CARTESIAN_POINT('',(6.544637340643E-02,-0.4));
#4423 = CARTESIAN_POINT('',(0.532723186703,-0.4));
#4424 = CARTESIAN_POINT('',(1.,-0.4));
#4425 = ( GEOMETRIC_REPRESENTATION_CONTEXT(2) 
PARAMETRIC_REPRESENTATION_CONTEXT() REPRESENTATION_CONTEXT('2D SPACE',''
  ) );
#4426 = ORIENTED_EDGE('',*,*,#4427,.T.);
#4427 = EDGE_CURVE('',#4399,#4428,#4430,.T.);
#4428 = VERTEX_POINT('',#4429);
#4429 = CARTESIAN_POINT('',(-2.533501548223,1.426388849267,2.2000001));
#4430 = SURFACE_CURVE('',#4431,(#4438,#4448),.PCURVE_S1.);
#4431 = B_SPLINE_CURVE_WITH_KNOTS('',5,(#4432,#4433,#4434,#4435,#4436,
    #4437),.UNSPECIFIED.,.F.,.F.,(6,6),(0.,1.),
  .PIECEWISE_BEZIER_KNOTS.);
#4432 = CARTESIAN_POINT('',(-2.358488122269,2.463533966051,2.2000001));
#4433 = CARTESIAN_POINT('',(-2.428656381836,2.27339515075,2.2000001));
#4434 = CARTESIAN_POINT('',(-2.481205832997,2.074410500884,2.2000001));
#4435 = CARTESIAN_POINT('',(-2.516110577565,1.866816872787,2.2000001));
#4436 = CARTESIAN_POINT('',(-2.533501548223,1.650793183449,2.2000001));
#4437 = CARTESIAN_POINT('',(-2.533501548223,1.426388849267,2.2000001));
#4438 = PCURVE('',#72,#4439);
#4439 = DEFINITIONAL_REPRESENTATION('',(#4440),#4447);
#4440 = B_SPLINE_CURVE_WITH_KNOTS('',5,(#4441,#4442,#4443,#4444,#4445,
    #4446),.UNSPECIFIED.,.F.,.F.,(6,6),(0.,1.),
  .PIECEWISE_BEZIER_KNOTS.);
#4441 = CARTESIAN_POINT('',(2.358488122269,2.422904858578));
#4442 = CARTESIAN_POINT('',(2.428656381836,2.232766043277));
#4443 = CARTESIAN_POINT('',(2.481205832997,2.033781393411));
#4444 = CARTESIAN_POINT('',(2.516110577565,1.826187765314));
#4445 = CARTESIAN_POINT('',(2.533501548223,1.610164075976));
#4446 = CARTESIAN_POINT('',(2.533501548223,1.385759741794));
#4447 = ( GEOMETRIC_REPRESENTATION_CONTEXT(2) 
PARAMETRIC_REPRESENTATION_CONTEXT() REPRESENTATION_CONTEXT('2D SPACE',''
  ) );
#4448 = PCURVE('',#1697,#4449);
#4449 = DEFINITIONAL_REPRESENTATION('',(#4450),#4454);
#4450 = B_SPLINE_CURVE_WITH_KNOTS('',2,(#4451,#4452,#4453),
  .UNSPECIFIED.,.F.,.F.,(3,3),(0.,1.),.PIECEWISE_BEZIER_KNOTS.);
#4451 = CARTESIAN_POINT('',(6.068886668708E-16,-0.4));
#4452 = CARTESIAN_POINT('',(0.5,-0.4));
#4453 = CARTESIAN_POINT('',(1.,-0.4));
#4454 = ( GEOMETRIC_REPRESENTATION_CONTEXT(2) 
PARAMETRIC_REPRESENTATION_CONTEXT() REPRESENTATION_CONTEXT('2D SPACE',''
  ) );
#4455 = ORIENTED_EDGE('',*,*,#4456,.F.);
#4456 = EDGE_CURVE('',#4457,#4428,#4459,.T.);
#4457 = VERTEX_POINT('',#4458);
#4458 = CARTESIAN_POINT('',(-2.453501548223,1.346388849267,2.2000001));
#4459 = SURFACE_CURVE('',#4460,(#4464,#4471),.PCURVE_S1.);
#4460 = ( BOUNDED_CURVE() B_SPLINE_CURVE(2,(#4461,#4462,#4463),
.UNSPECIFIED.,.F.,.F.) B_SPLINE_CURVE_WITH_KNOTS((3,3),(1.570796326795,
3.14159265359),.PIECEWISE_BEZIER_KNOTS.) CURVE() 
GEOMETRIC_REPRESENTATION_ITEM() RATIONAL_B_SPLINE_CURVE((1.,
0.707106781187,1.)) REPRESENTATION_ITEM('') );
#4461 = CARTESIAN_POINT('',(-2.453501548223,1.346388849267,2.2000001));
#4462 = CARTESIAN_POINT('',(-2.533501548223,1.346388849267,2.2000001));
#4463 = CARTESIAN_POINT('',(-2.533501548223,1.426388849267,2.2000001));
#4464 = PCURVE('',#72,#4465);
#4465 = DEFINITIONAL_REPRESENTATION('',(#4466),#4470);
#4466 = ( BOUNDED_CURVE() B_SPLINE_CURVE(2,(#4467,#4468,#4469),
.UNSPECIFIED.,.F.,.F.) B_SPLINE_CURVE_WITH_KNOTS((3,3),(1.570796326795,
3.14159265359),.PIECEWISE_BEZIER_KNOTS.) CURVE() 
GEOMETRIC_REPRESENTATION_ITEM() RATIONAL_B_SPLINE_CURVE((1.,
0.707106781187,1.)) REPRESENTATION_ITEM('') );
#4467 = CARTESIAN_POINT('',(2.453501548223,1.305759741794));
#4468 = CARTESIAN_POINT('',(2.533501548223,1.305759741794));
#4469 = CARTESIAN_POINT('',(2.533501548223,1.385759741794));
#4470 = ( GEOMETRIC_REPRESENTATION_CONTEXT(2) 
PARAMETRIC_REPRESENTATION_CONTEXT() REPRESENTATION_CONTEXT('2D SPACE',''
  ) );
#4471 = PCURVE('',#1733,#4472);
#4472 = DEFINITIONAL_REPRESENTATION('',(#4473),#4477);
#4473 = B_SPLINE_CURVE_WITH_KNOTS('',2,(#4474,#4475,#4476),
  .UNSPECIFIED.,.F.,.F.,(3,3),(1.570796326795,3.14159265359),
  .PIECEWISE_BEZIER_KNOTS.);
#4474 = CARTESIAN_POINT('',(1.570796326795,-0.4));
#4475 = CARTESIAN_POINT('',(2.356194490192,-0.4));
#4476 = CARTESIAN_POINT('',(3.14159265359,-0.4));
#4477 = ( GEOMETRIC_REPRESENTATION_CONTEXT(2) 
PARAMETRIC_REPRESENTATION_CONTEXT() REPRESENTATION_CONTEXT('2D SPACE',''
  ) );
#4478 = ORIENTED_EDGE('',*,*,#4479,.T.);
#4479 = EDGE_CURVE('',#4457,#4480,#4482,.T.);
#4480 = VERTEX_POINT('',#4481);
#4481 = CARTESIAN_POINT('',(-1.762272997545,1.346388849267,2.2000001));
#4482 = SURFACE_CURVE('',#4483,(#4486,#4492),.PCURVE_S1.);
#4483 = B_SPLINE_CURVE_WITH_KNOTS('',1,(#4484,#4485),.UNSPECIFIED.,.F.,
  .F.,(2,2),(0.,0.691228550678),.PIECEWISE_BEZIER_KNOTS.);
#4484 = CARTESIAN_POINT('',(-2.453501548223,1.346388849267,2.2000001));
#4485 = CARTESIAN_POINT('',(-1.762272997545,1.346388849267,2.2000001));
#4486 = PCURVE('',#72,#4487);
#4487 = DEFINITIONAL_REPRESENTATION('',(#4488),#4491);
#4488 = B_SPLINE_CURVE_WITH_KNOTS('',1,(#4489,#4490),.UNSPECIFIED.,.F.,
  .F.,(2,2),(0.,0.691228550678),.PIECEWISE_BEZIER_KNOTS.);
#4489 = CARTESIAN_POINT('',(2.453501548223,1.305759741794));
#4490 = CARTESIAN_POINT('',(1.762272997545,1.305759741794));
#4491 = ( GEOMETRIC_REPRESENTATION_CONTEXT(2) 
PARAMETRIC_REPRESENTATION_CONTEXT() REPRESENTATION_CONTEXT('2D SPACE',''
  ) );
#4492 = PCURVE('',#1761,#4493);
#4493 = DEFINITIONAL_REPRESENTATION('',(#4494),#4497);
#4494 = B_SPLINE_CURVE_WITH_KNOTS('',1,(#4495,#4496),.UNSPECIFIED.,.F.,
  .F.,(2,2),(0.,0.691228550678),.PIECEWISE_BEZIER_KNOTS.);
#4495 = CARTESIAN_POINT('',(0.,-0.4));
#4496 = CARTESIAN_POINT('',(0.691228550678,-0.4));
#4497 = ( GEOMETRIC_REPRESENTATION_CONTEXT(2) 
PARAMETRIC_REPRESENTATION_CONTEXT() REPRESENTATION_CONTEXT('2D SPACE',''
  ) );
#4498 = ORIENTED_EDGE('',*,*,#4499,.F.);
#4499 = EDGE_CURVE('',#4500,#4480,#4502,.T.);
#4500 = VERTEX_POINT('',#4501);
#4501 = CARTESIAN_POINT('',(-1.682299247999,1.428438088989,2.2000001));
#4502 = SURFACE_CURVE('',#4503,(#4507,#4514),.PCURVE_S1.);
#4503 = ( BOUNDED_CURVE() B_SPLINE_CURVE(2,(#4504,#4505,#4506),
.UNSPECIFIED.,.F.,.F.) B_SPLINE_CURVE_WITH_KNOTS((3,3),(1.570796326795,
3.167210952228),.PIECEWISE_BEZIER_KNOTS.) CURVE() 
GEOMETRIC_REPRESENTATION_ITEM() RATIONAL_B_SPLINE_CURVE((1.,
0.697991584288,1.)) REPRESENTATION_ITEM('') );
#4504 = CARTESIAN_POINT('',(-1.682299247999,1.428438088989,2.2000001));
#4505 = CARTESIAN_POINT('',(-1.680196826114,1.346388849267,2.2000001));
#4506 = CARTESIAN_POINT('',(-1.762272997545,1.346388849267,2.2000001));
#4507 = PCURVE('',#72,#4508);
#4508 = DEFINITIONAL_REPRESENTATION('',(#4509),#4513);
#4509 = ( BOUNDED_CURVE() B_SPLINE_CURVE(2,(#4510,#4511,#4512),
.UNSPECIFIED.,.F.,.F.) B_SPLINE_CURVE_WITH_KNOTS((3,3),(1.570796326795,
3.167210952228),.PIECEWISE_BEZIER_KNOTS.) CURVE() 
GEOMETRIC_REPRESENTATION_ITEM() RATIONAL_B_SPLINE_CURVE((1.,
0.697991584288,1.)) REPRESENTATION_ITEM('') );
#4510 = CARTESIAN_POINT('',(1.682299247999,1.387808981516));
#4511 = CARTESIAN_POINT('',(1.680196826114,1.305759741794));
#4512 = CARTESIAN_POINT('',(1.762272997545,1.305759741794));
#4513 = ( GEOMETRIC_REPRESENTATION_CONTEXT(2) 
PARAMETRIC_REPRESENTATION_CONTEXT() REPRESENTATION_CONTEXT('2D SPACE',''
  ) );
#4514 = PCURVE('',#1788,#4515);
#4515 = DEFINITIONAL_REPRESENTATION('',(#4516),#4520);
#4516 = B_SPLINE_CURVE_WITH_KNOTS('',2,(#4517,#4518,#4519),
  .UNSPECIFIED.,.F.,.F.,(3,3),(1.570796326795,3.167210952228),
  .PIECEWISE_BEZIER_KNOTS.);
#4517 = CARTESIAN_POINT('',(1.570796326795,-0.4));
#4518 = CARTESIAN_POINT('',(2.369003639511,-0.4));
#4519 = CARTESIAN_POINT('',(3.167210952228,-0.4));
#4520 = ( GEOMETRIC_REPRESENTATION_CONTEXT(2) 
PARAMETRIC_REPRESENTATION_CONTEXT() REPRESENTATION_CONTEXT('2D SPACE',''
  ) );
#4521 = ORIENTED_EDGE('',*,*,#4522,.T.);
#4522 = EDGE_CURVE('',#4500,#4523,#4525,.T.);
#4523 = VERTEX_POINT('',#4524);
#4524 = CARTESIAN_POINT('',(-1.587053536217,2.18738299183,2.2000001));
#4525 = SURFACE_CURVE('',#4526,(#4533,#4543),.PCURVE_S1.);
#4526 = B_SPLINE_CURVE_WITH_KNOTS('',5,(#4527,#4528,#4529,#4530,#4531,
    #4532),.UNSPECIFIED.,.F.,.F.,(6,6),(0.,1.),
  .PIECEWISE_BEZIER_KNOTS.);
#4527 = CARTESIAN_POINT('',(-1.682299247999,1.428438088989,2.2000001));
#4528 = CARTESIAN_POINT('',(-1.686571515209,1.595167839618,2.2000001));
#4529 = CARTESIAN_POINT('',(-1.679073260919,1.75437123635,2.2000001));
#4530 = CARTESIAN_POINT('',(-1.659909692868,1.906060409889,2.2000001));
#4531 = CARTESIAN_POINT('',(-1.629223114558,2.050331862223,2.2000001));
#4532 = CARTESIAN_POINT('',(-1.587053536217,2.18738299183,2.2000001));
#4533 = PCURVE('',#72,#4534);
#4534 = DEFINITIONAL_REPRESENTATION('',(#4535),#4542);
#4535 = B_SPLINE_CURVE_WITH_KNOTS('',5,(#4536,#4537,#4538,#4539,#4540,
    #4541),.UNSPECIFIED.,.F.,.F.,(6,6),(0.,1.),
  .PIECEWISE_BEZIER_KNOTS.);
#4536 = CARTESIAN_POINT('',(1.682299247999,1.387808981516));
#4537 = CARTESIAN_POINT('',(1.686571515209,1.554538732145));
#4538 = CARTESIAN_POINT('',(1.679073260919,1.713742128877));
#4539 = CARTESIAN_POINT('',(1.659909692868,1.865431302415));
#4540 = CARTESIAN_POINT('',(1.629223114558,2.00970275475));
#4541 = CARTESIAN_POINT('',(1.587053536217,2.146753884357));
#4542 = ( GEOMETRIC_REPRESENTATION_CONTEXT(2) 
PARAMETRIC_REPRESENTATION_CONTEXT() REPRESENTATION_CONTEXT('2D SPACE',''
  ) );
#4543 = PCURVE('',#1824,#4544);
#4544 = DEFINITIONAL_REPRESENTATION('',(#4545),#4549);
#4545 = B_SPLINE_CURVE_WITH_KNOTS('',2,(#4546,#4547,#4548),
  .UNSPECIFIED.,.F.,.F.,(3,3),(0.,1.),.PIECEWISE_BEZIER_KNOTS.);
#4546 = CARTESIAN_POINT('',(-2.661779420977E-16,-0.4));
#4547 = CARTESIAN_POINT('',(0.5,-0.4));
#4548 = CARTESIAN_POINT('',(1.,-0.4));
#4549 = ( GEOMETRIC_REPRESENTATION_CONTEXT(2) 
PARAMETRIC_REPRESENTATION_CONTEXT() REPRESENTATION_CONTEXT('2D SPACE',''
  ) );
#4550 = ORIENTED_EDGE('',*,*,#4551,.T.);
#4551 = EDGE_CURVE('',#4523,#4552,#4554,.T.);
#4552 = VERTEX_POINT('',#4553);
#4553 = CARTESIAN_POINT('',(-1.276859462588,2.763184703116,2.2000001));
#4554 = SURFACE_CURVE('',#4555,(#4562,#4572),.PCURVE_S1.);
#4555 = B_SPLINE_CURVE_WITH_KNOTS('',5,(#4556,#4557,#4558,#4559,#4560,
    #4561),.UNSPECIFIED.,.F.,.F.,(6,6),(0.,0.980494775816),
  .PIECEWISE_BEZIER_KNOTS.);
#4556 = CARTESIAN_POINT('',(-1.587053536217,2.18738299183,2.2000001));
#4557 = CARTESIAN_POINT('',(-1.545741440855,2.321647301757,2.2000001));
#4558 = CARTESIAN_POINT('',(-1.494001995686,2.446130062733,2.2000001));
#4559 = CARTESIAN_POINT('',(-1.43197114197,2.56098768849,2.2000001));
#4560 = CARTESIAN_POINT('',(-1.359665901096,2.666587174173,2.2000001));
#4561 = CARTESIAN_POINT('',(-1.276859462588,2.763184703116,2.2000001));
#4562 = PCURVE('',#72,#4563);
#4563 = DEFINITIONAL_REPRESENTATION('',(#4564),#4571);
#4564 = B_SPLINE_CURVE_WITH_KNOTS('',5,(#4565,#4566,#4567,#4568,#4569,
    #4570),.UNSPECIFIED.,.F.,.F.,(6,6),(0.,0.980494775816),
  .PIECEWISE_BEZIER_KNOTS.);
#4565 = CARTESIAN_POINT('',(1.587053536217,2.146753884357));
#4566 = CARTESIAN_POINT('',(1.545741440855,2.281018194284));
#4567 = CARTESIAN_POINT('',(1.494001995686,2.405500955259));
#4568 = CARTESIAN_POINT('',(1.43197114197,2.520358581016));
#4569 = CARTESIAN_POINT('',(1.359665901096,2.625958066699));
#4570 = CARTESIAN_POINT('',(1.276859462588,2.722555595643));
#4571 = ( GEOMETRIC_REPRESENTATION_CONTEXT(2) 
PARAMETRIC_REPRESENTATION_CONTEXT() REPRESENTATION_CONTEXT('2D SPACE',''
  ) );
#4572 = PCURVE('',#1866,#4573);
#4573 = DEFINITIONAL_REPRESENTATION('',(#4574),#4578);
#4574 = B_SPLINE_CURVE_WITH_KNOTS('',2,(#4575,#4576,#4577),
  .UNSPECIFIED.,.F.,.F.,(3,3),(0.,0.980494775816),
  .PIECEWISE_BEZIER_KNOTS.);
#4575 = CARTESIAN_POINT('',(5.013594737556E-16,-0.4));
#4576 = CARTESIAN_POINT('',(0.490247387908,-0.4));
#4577 = CARTESIAN_POINT('',(0.980494775816,-0.4));
#4578 = ( GEOMETRIC_REPRESENTATION_CONTEXT(2) 
PARAMETRIC_REPRESENTATION_CONTEXT() REPRESENTATION_CONTEXT('2D SPACE',''
  ) );
#4579 = ORIENTED_EDGE('',*,*,#4580,.T.);
#4580 = EDGE_CURVE('',#4552,#4581,#4583,.T.);
#4581 = VERTEX_POINT('',#4582);
#4582 = CARTESIAN_POINT('',(-1.268581443609,2.77275729044,2.2000001));
#4583 = SURFACE_CURVE('',#4584,(#4589,#4597),.PCURVE_S1.);
#4584 = B_SPLINE_CURVE_WITH_KNOTS('',3,(#4585,#4586,#4587,#4588),
  .UNSPECIFIED.,.F.,.F.,(4,4),(0.980494775816,1.),
  .PIECEWISE_BEZIER_KNOTS.);
#4585 = CARTESIAN_POINT('',(-1.276859462596,2.763184703123,2.2000001));
#4586 = CARTESIAN_POINT('',(-1.274113981098,2.766387433849,2.2000001));
#4587 = CARTESIAN_POINT('',(-1.27135464714,2.769578289811,2.2000001));
#4588 = CARTESIAN_POINT('',(-1.268581443616,2.772757290447,2.2000001));
#4589 = PCURVE('',#72,#4590);
#4590 = DEFINITIONAL_REPRESENTATION('',(#4591),#4596);
#4591 = B_SPLINE_CURVE_WITH_KNOTS('',3,(#4592,#4593,#4594,#4595),
  .UNSPECIFIED.,.F.,.F.,(4,4),(0.980494775816,1.),
  .PIECEWISE_BEZIER_KNOTS.);
#4592 = CARTESIAN_POINT('',(1.276859462596,2.72255559565));
#4593 = CARTESIAN_POINT('',(1.274113981098,2.725758326375));
#4594 = CARTESIAN_POINT('',(1.27135464714,2.728949182337));
#4595 = CARTESIAN_POINT('',(1.268581443616,2.732128182973));
#4596 = ( GEOMETRIC_REPRESENTATION_CONTEXT(2) 
PARAMETRIC_REPRESENTATION_CONTEXT() REPRESENTATION_CONTEXT('2D SPACE',''
  ) );
#4597 = PCURVE('',#1904,#4598);
#4598 = DEFINITIONAL_REPRESENTATION('',(#4599),#4603);
#4599 = B_SPLINE_CURVE_WITH_KNOTS('',2,(#4600,#4601,#4602),
  .UNSPECIFIED.,.F.,.F.,(3,3),(0.980494775816,1.),
  .PIECEWISE_BEZIER_KNOTS.);
#4600 = CARTESIAN_POINT('',(0.980494775816,-0.4));
#4601 = CARTESIAN_POINT('',(0.990247387908,-0.4));
#4602 = CARTESIAN_POINT('',(1.,-0.4));
#4603 = ( GEOMETRIC_REPRESENTATION_CONTEXT(2) 
PARAMETRIC_REPRESENTATION_CONTEXT() REPRESENTATION_CONTEXT('2D SPACE',''
  ) );
#4604 = ORIENTED_EDGE('',*,*,#4605,.T.);
#4605 = EDGE_CURVE('',#4581,#4606,#4608,.T.);
#4606 = VERTEX_POINT('',#4607);
#4607 = CARTESIAN_POINT('',(-1.151624088158,2.891917256602,2.2000001));
#4608 = SURFACE_CURVE('',#4609,(#4616,#4626),.PCURVE_S1.);
#4609 = B_SPLINE_CURVE_WITH_KNOTS('',5,(#4610,#4611,#4612,#4613,#4614,
    #4615),.UNSPECIFIED.,.F.,.F.,(6,6),(0.,0.259115762334),
  .PIECEWISE_BEZIER_KNOTS.);
#4610 = CARTESIAN_POINT('',(-1.268581443609,2.77275729044,2.2000001));
#4611 = CARTESIAN_POINT('',(-1.246497400873,2.798072844946,2.2000001));
#4612 = CARTESIAN_POINT('',(-1.223763128397,2.822641165436,2.2000001));
#4613 = CARTESIAN_POINT('',(-1.20037569609,2.846467919513,2.2000001));
#4614 = CARTESIAN_POINT('',(-1.176330995136,2.869558463409,2.2000001));
#4615 = CARTESIAN_POINT('',(-1.151624088158,2.891917256602,2.2000001));
#4616 = PCURVE('',#72,#4617);
#4617 = DEFINITIONAL_REPRESENTATION('',(#4618),#4625);
#4618 = B_SPLINE_CURVE_WITH_KNOTS('',5,(#4619,#4620,#4621,#4622,#4623,
    #4624),.UNSPECIFIED.,.F.,.F.,(6,6),(0.,0.259115762334),
  .PIECEWISE_BEZIER_KNOTS.);
#4619 = CARTESIAN_POINT('',(1.268581443609,2.732128182966));
#4620 = CARTESIAN_POINT('',(1.246497400873,2.757443737473));
#4621 = CARTESIAN_POINT('',(1.223763128397,2.782012057962));
#4622 = CARTESIAN_POINT('',(1.20037569609,2.805838812039));
#4623 = CARTESIAN_POINT('',(1.176330995136,2.828929355935));
#4624 = CARTESIAN_POINT('',(1.151624088158,2.851288149128));
#4625 = ( GEOMETRIC_REPRESENTATION_CONTEXT(2) 
PARAMETRIC_REPRESENTATION_CONTEXT() REPRESENTATION_CONTEXT('2D SPACE',''
  ) );
#4626 = PCURVE('',#1942,#4627);
#4627 = DEFINITIONAL_REPRESENTATION('',(#4628),#4632);
#4628 = B_SPLINE_CURVE_WITH_KNOTS('',2,(#4629,#4630,#4631),
  .UNSPECIFIED.,.F.,.F.,(3,3),(0.,0.259115762334),
  .PIECEWISE_BEZIER_KNOTS.);
#4629 = CARTESIAN_POINT('',(2.910665672013E-16,-0.4));
#4630 = CARTESIAN_POINT('',(0.129557881167,-0.4));
#4631 = CARTESIAN_POINT('',(0.259115762334,-0.4));
#4632 = ( GEOMETRIC_REPRESENTATION_CONTEXT(2) 
PARAMETRIC_REPRESENTATION_CONTEXT() REPRESENTATION_CONTEXT('2D SPACE',''
  ) );
#4633 = ORIENTED_EDGE('',*,*,#4634,.T.);
#4634 = EDGE_CURVE('',#4606,#4635,#4637,.T.);
#4635 = VERTEX_POINT('',#4636);
#4636 = CARTESIAN_POINT('',(-0.742961747745,3.152437099429,2.2000001));
#4637 = SURFACE_CURVE('',#4638,(#4645,#4655),.PCURVE_S1.);
#4638 = B_SPLINE_CURVE_WITH_KNOTS('',5,(#4639,#4640,#4641,#4642,#4643,
    #4644),.UNSPECIFIED.,.F.,.F.,(6,6),(0.259115762334,1.),
  .PIECEWISE_BEZIER_KNOTS.);
#4639 = CARTESIAN_POINT('',(-1.151624088158,2.891917256602,2.2000001));
#4640 = CARTESIAN_POINT('',(-1.080980149803,2.955847282705,2.2000001));
#4641 = CARTESIAN_POINT('',(-1.004922362025,3.013794898533,2.2000001));
#4642 = CARTESIAN_POINT('',(-0.923334718314,3.065867770287,2.2000001));
#4643 = CARTESIAN_POINT('',(-0.836050501074,3.112094599343,2.2000001));
#4644 = CARTESIAN_POINT('',(-0.742961747745,3.152437099429,2.2000001));
#4645 = PCURVE('',#72,#4646);
#4646 = DEFINITIONAL_REPRESENTATION('',(#4647),#4654);
#4647 = B_SPLINE_CURVE_WITH_KNOTS('',5,(#4648,#4649,#4650,#4651,#4652,
    #4653),.UNSPECIFIED.,.F.,.F.,(6,6),(0.259115762334,1.),
  .PIECEWISE_BEZIER_KNOTS.);
#4648 = CARTESIAN_POINT('',(1.151624088158,2.851288149128));
#4649 = CARTESIAN_POINT('',(1.080980149803,2.915218175232));
#4650 = CARTESIAN_POINT('',(1.004922362025,2.97316579106));
#4651 = CARTESIAN_POINT('',(0.923334718314,3.025238662814));
#4652 = CARTESIAN_POINT('',(0.836050501074,3.07146549187));
#4653 = CARTESIAN_POINT('',(0.742961747745,3.111807991956));
#4654 = ( GEOMETRIC_REPRESENTATION_CONTEXT(2) 
PARAMETRIC_REPRESENTATION_CONTEXT() REPRESENTATION_CONTEXT('2D SPACE',''
  ) );
#4655 = PCURVE('',#1984,#4656);
#4656 = DEFINITIONAL_REPRESENTATION('',(#4657),#4661);
#4657 = B_SPLINE_CURVE_WITH_KNOTS('',2,(#4658,#4659,#4660),
  .UNSPECIFIED.,.F.,.F.,(3,3),(0.259115762334,1.),
  .PIECEWISE_BEZIER_KNOTS.);
#4658 = CARTESIAN_POINT('',(0.259115762334,-0.4));
#4659 = CARTESIAN_POINT('',(0.629557881167,-0.4));
#4660 = CARTESIAN_POINT('',(1.,-0.4));
#4661 = ( GEOMETRIC_REPRESENTATION_CONTEXT(2) 
PARAMETRIC_REPRESENTATION_CONTEXT() REPRESENTATION_CONTEXT('2D SPACE',''
  ) );
#4662 = ORIENTED_EDGE('',*,*,#4663,.T.);
#4663 = EDGE_CURVE('',#4635,#4664,#4666,.T.);
#4664 = VERTEX_POINT('',#4665);
#4665 = CARTESIAN_POINT('',(-1.768256929901E-02,3.288493558774,2.2000001
    ));
#4666 = SURFACE_CURVE('',#4667,(#4674,#4684),.PCURVE_S1.);
#4667 = B_SPLINE_CURVE_WITH_KNOTS('',5,(#4668,#4669,#4670,#4671,#4672,
    #4673),.UNSPECIFIED.,.F.,.F.,(6,6),(0.,1.),
  .PIECEWISE_BEZIER_KNOTS.);
#4668 = CARTESIAN_POINT('',(-0.742961747745,3.152437099429,2.2000001));
#4669 = CARTESIAN_POINT('',(-0.618258347025,3.206480652215,2.2000001));
#4670 = CARTESIAN_POINT('',(-0.483708179233,3.247227116916,2.2000001));
#4671 = CARTESIAN_POINT('',(-0.33886286657,3.274672760246,2.2000001));
#4672 = CARTESIAN_POINT('',(-0.183518310078,3.288493558774,2.2000001));
#4673 = CARTESIAN_POINT('',(-1.768256929901E-02,3.288493558774,2.2000001
    ));
#4674 = PCURVE('',#72,#4675);
#4675 = DEFINITIONAL_REPRESENTATION('',(#4676),#4683);
#4676 = B_SPLINE_CURVE_WITH_KNOTS('',5,(#4677,#4678,#4679,#4680,#4681,
    #4682),.UNSPECIFIED.,.F.,.F.,(6,6),(0.,1.),
  .PIECEWISE_BEZIER_KNOTS.);
#4677 = CARTESIAN_POINT('',(0.742961747745,3.111807991956));
#4678 = CARTESIAN_POINT('',(0.618258347025,3.165851544742));
#4679 = CARTESIAN_POINT('',(0.483708179233,3.206598009443));
#4680 = CARTESIAN_POINT('',(0.33886286657,3.234043652773));
#4681 = CARTESIAN_POINT('',(0.183518310078,3.247864451301));
#4682 = CARTESIAN_POINT('',(1.768256929901E-02,3.247864451301));
#4683 = ( GEOMETRIC_REPRESENTATION_CONTEXT(2) 
PARAMETRIC_REPRESENTATION_CONTEXT() REPRESENTATION_CONTEXT('2D SPACE',''
  ) );
#4684 = PCURVE('',#2026,#4685);
#4685 = DEFINITIONAL_REPRESENTATION('',(#4686),#4690);
#4686 = B_SPLINE_CURVE_WITH_KNOTS('',2,(#4687,#4688,#4689),
  .UNSPECIFIED.,.F.,.F.,(3,3),(0.,1.),.PIECEWISE_BEZIER_KNOTS.);
#4687 = CARTESIAN_POINT('',(0.,-0.4));
#4688 = CARTESIAN_POINT('',(0.5,-0.4));
#4689 = CARTESIAN_POINT('',(1.,-0.4));
#4690 = ( GEOMETRIC_REPRESENTATION_CONTEXT(2) 
PARAMETRIC_REPRESENTATION_CONTEXT() REPRESENTATION_CONTEXT('2D SPACE',''
  ) );
#4691 = ORIENTED_EDGE('',*,*,#4692,.T.);
#4692 = EDGE_CURVE('',#4664,#4693,#4695,.T.);
#4693 = VERTEX_POINT('',#4694);
#4694 = CARTESIAN_POINT('',(0.614136672446,3.209020788695,2.2000001));
#4695 = SURFACE_CURVE('',#4696,(#4703,#4713),.PCURVE_S1.);
#4696 = B_SPLINE_CURVE_WITH_KNOTS('',5,(#4697,#4698,#4699,#4700,#4701,
    #4702),.UNSPECIFIED.,.F.,.F.,(6,6),(0.,1.),
  .PIECEWISE_BEZIER_KNOTS.);
#4697 = CARTESIAN_POINT('',(-1.768256929901E-02,3.288493558774,2.2000001
    ));
#4698 = CARTESIAN_POINT('',(0.11902067216,3.288493558774,2.2000001));
#4699 = CARTESIAN_POINT('',(0.250520516627,3.280484092079,2.2000001));
#4700 = CARTESIAN_POINT('',(0.376830227864,3.264526185673,2.2000001));
#4701 = CARTESIAN_POINT('',(0.498002131896,3.240693845208,2.2000001));
#4702 = CARTESIAN_POINT('',(0.614136672446,3.209020788695,2.2000001));
#4703 = PCURVE('',#72,#4704);
#4704 = DEFINITIONAL_REPRESENTATION('',(#4705),#4712);
#4705 = B_SPLINE_CURVE_WITH_KNOTS('',5,(#4706,#4707,#4708,#4709,#4710,
    #4711),.UNSPECIFIED.,.F.,.F.,(6,6),(0.,1.),
  .PIECEWISE_BEZIER_KNOTS.);
#4706 = CARTESIAN_POINT('',(1.768256929901E-02,3.247864451301));
#4707 = CARTESIAN_POINT('',(-0.11902067216,3.247864451301));
#4708 = CARTESIAN_POINT('',(-0.250520516627,3.239854984606));
#4709 = CARTESIAN_POINT('',(-0.376830227864,3.223897078199));
#4710 = CARTESIAN_POINT('',(-0.498002131896,3.200064737735));
#4711 = CARTESIAN_POINT('',(-0.614136672446,3.168391681221));
#4712 = ( GEOMETRIC_REPRESENTATION_CONTEXT(2) 
PARAMETRIC_REPRESENTATION_CONTEXT() REPRESENTATION_CONTEXT('2D SPACE',''
  ) );
#4713 = PCURVE('',#2068,#4714);
#4714 = DEFINITIONAL_REPRESENTATION('',(#4715),#4719);
#4715 = B_SPLINE_CURVE_WITH_KNOTS('',2,(#4716,#4717,#4718),
  .UNSPECIFIED.,.F.,.F.,(3,3),(0.,1.),.PIECEWISE_BEZIER_KNOTS.);
#4716 = CARTESIAN_POINT('',(0.,-0.4));
#4717 = CARTESIAN_POINT('',(0.5,-0.4));
#4718 = CARTESIAN_POINT('',(1.,-0.4));
#4719 = ( GEOMETRIC_REPRESENTATION_CONTEXT(2) 
PARAMETRIC_REPRESENTATION_CONTEXT() REPRESENTATION_CONTEXT('2D SPACE',''
  ) );
#4720 = ORIENTED_EDGE('',*,*,#4721,.T.);
#4721 = EDGE_CURVE('',#4693,#4722,#4724,.T.);
#4722 = VERTEX_POINT('',#4723);
#4723 = CARTESIAN_POINT('',(1.074928661983,2.992340925381,2.2000001));
#4724 = SURFACE_CURVE('',#4725,(#4732,#4742),.PCURVE_S1.);
#4725 = B_SPLINE_CURVE_WITH_KNOTS('',5,(#4726,#4727,#4728,#4729,#4730,
    #4731),.UNSPECIFIED.,.F.,.F.,(6,6),(0.,0.902594755178),
  .PIECEWISE_BEZIER_KNOTS.);
#4726 = CARTESIAN_POINT('',(0.614136672446,3.209020788695,2.2000001));
#4727 = CARTESIAN_POINT('',(0.71799439186,3.180695956127,2.2000001));
#4728 = CARTESIAN_POINT('',(0.815841330285,3.144829258702,2.2000001));
#4729 = CARTESIAN_POINT('',(0.907800456902,3.101501528799,2.2000001));
#4730 = CARTESIAN_POINT('',(0.994104817914,3.050715325574,2.2000001));
#4731 = CARTESIAN_POINT('',(1.074928661983,2.992340925381,2.2000001));
#4732 = PCURVE('',#72,#4733);
#4733 = DEFINITIONAL_REPRESENTATION('',(#4734),#4741);
#4734 = B_SPLINE_CURVE_WITH_KNOTS('',5,(#4735,#4736,#4737,#4738,#4739,
    #4740),.UNSPECIFIED.,.F.,.F.,(6,6),(0.,0.902594755178),
  .PIECEWISE_BEZIER_KNOTS.);
#4735 = CARTESIAN_POINT('',(-0.614136672446,3.168391681221));
#4736 = CARTESIAN_POINT('',(-0.71799439186,3.140066848654));
#4737 = CARTESIAN_POINT('',(-0.815841330285,3.104200151229));
#4738 = CARTESIAN_POINT('',(-0.907800456902,3.060872421326));
#4739 = CARTESIAN_POINT('',(-0.994104817914,3.010086218101));
#4740 = CARTESIAN_POINT('',(-1.074928661983,2.951711817907));
#4741 = ( GEOMETRIC_REPRESENTATION_CONTEXT(2) 
PARAMETRIC_REPRESENTATION_CONTEXT() REPRESENTATION_CONTEXT('2D SPACE',''
  ) );
#4742 = PCURVE('',#2110,#4743);
#4743 = DEFINITIONAL_REPRESENTATION('',(#4744),#4748);
#4744 = B_SPLINE_CURVE_WITH_KNOTS('',2,(#4745,#4746,#4747),
  .UNSPECIFIED.,.F.,.F.,(3,3),(0.,0.902594755178),
  .PIECEWISE_BEZIER_KNOTS.);
#4745 = CARTESIAN_POINT('',(0.,-0.4));
#4746 = CARTESIAN_POINT('',(0.451297377589,-0.4));
#4747 = CARTESIAN_POINT('',(0.902594755178,-0.4));
#4748 = ( GEOMETRIC_REPRESENTATION_CONTEXT(2) 
PARAMETRIC_REPRESENTATION_CONTEXT() REPRESENTATION_CONTEXT('2D SPACE',''
  ) );
#4749 = ORIENTED_EDGE('',*,*,#4750,.T.);
#4750 = EDGE_CURVE('',#4722,#4751,#4753,.T.);
#4751 = VERTEX_POINT('',#4752);
#4752 = CARTESIAN_POINT('',(1.117903807186,2.959957649748,2.2000001));
#4753 = SURFACE_CURVE('',#4754,(#4760,#4769),.PCURVE_S1.);
#4754 = B_SPLINE_CURVE_WITH_KNOTS('',4,(#4755,#4756,#4757,#4758,#4759),
  .UNSPECIFIED.,.F.,.F.,(5,5),(0.902594755178,1.),
  .PIECEWISE_BEZIER_KNOTS.);
#4755 = CARTESIAN_POINT('',(1.074928661906,2.992340925448,2.2000001));
#4756 = CARTESIAN_POINT('',(1.08583148736,2.984466443528,2.2000001));
#4757 = CARTESIAN_POINT('',(1.09662793491,2.976444674382,2.2000001));
#4758 = CARTESIAN_POINT('',(1.107318545726,2.968275226932,2.2000001));
#4759 = CARTESIAN_POINT('',(1.117903807262,2.959957649681,2.2000001));
#4760 = PCURVE('',#72,#4761);
#4761 = DEFINITIONAL_REPRESENTATION('',(#4762),#4768);
#4762 = B_SPLINE_CURVE_WITH_KNOTS('',4,(#4763,#4764,#4765,#4766,#4767),
  .UNSPECIFIED.,.F.,.F.,(5,5),(0.902594755178,1.),
  .PIECEWISE_BEZIER_KNOTS.);
#4763 = CARTESIAN_POINT('',(-1.074928661906,2.951711817975));
#4764 = CARTESIAN_POINT('',(-1.08583148736,2.943837336055));
#4765 = CARTESIAN_POINT('',(-1.09662793491,2.935815566908));
#4766 = CARTESIAN_POINT('',(-1.107318545726,2.927646119459));
#4767 = CARTESIAN_POINT('',(-1.117903807262,2.919328542207));
#4768 = ( GEOMETRIC_REPRESENTATION_CONTEXT(2) 
PARAMETRIC_REPRESENTATION_CONTEXT() REPRESENTATION_CONTEXT('2D SPACE',''
  ) );
#4769 = PCURVE('',#2150,#4770);
#4770 = DEFINITIONAL_REPRESENTATION('',(#4771),#4775);
#4771 = B_SPLINE_CURVE_WITH_KNOTS('',2,(#4772,#4773,#4774),
  .UNSPECIFIED.,.F.,.F.,(3,3),(0.902594755362,0.999999999816),
  .PIECEWISE_BEZIER_KNOTS.);
#4772 = CARTESIAN_POINT('',(0.902594755362,-0.4));
#4773 = CARTESIAN_POINT('',(0.951297377589,-0.4));
#4774 = CARTESIAN_POINT('',(0.999999999816,-0.4));
#4775 = ( GEOMETRIC_REPRESENTATION_CONTEXT(2) 
PARAMETRIC_REPRESENTATION_CONTEXT() REPRESENTATION_CONTEXT('2D SPACE',''
  ) );
#4776 = ORIENTED_EDGE('',*,*,#4777,.T.);
#4777 = EDGE_CURVE('',#4751,#4778,#4780,.T.);
#4778 = VERTEX_POINT('',#4779);
#4779 = CARTESIAN_POINT('',(1.273386481228,2.813855992866,2.2000001));
#4780 = SURFACE_CURVE('',#4781,(#4788,#4798),.PCURVE_S1.);
#4781 = B_SPLINE_CURVE_WITH_KNOTS('',5,(#4782,#4783,#4784,#4785,#4786,
    #4787),.UNSPECIFIED.,.F.,.F.,(6,6),(0.,0.392984487284),
  .PIECEWISE_BEZIER_KNOTS.);
#4782 = CARTESIAN_POINT('',(1.117903807186,2.959957649748,2.2000001));
#4783 = CARTESIAN_POINT('',(1.151929004123,2.933221682724,2.2000001));
#4784 = CARTESIAN_POINT('',(1.184470015978,2.905252847889,2.2000001));
#4785 = CARTESIAN_POINT('',(1.215547167455,2.87604497717,2.2000001));
#4786 = CARTESIAN_POINT('',(1.245180829361,2.845585199193,2.2000001));
#4787 = CARTESIAN_POINT('',(1.273386481228,2.813855992866,2.2000001));
#4788 = PCURVE('',#72,#4789);
#4789 = DEFINITIONAL_REPRESENTATION('',(#4790),#4797);
#4790 = B_SPLINE_CURVE_WITH_KNOTS('',5,(#4791,#4792,#4793,#4794,#4795,
    #4796),.UNSPECIFIED.,.F.,.F.,(6,6),(0.,0.392984487284),
  .PIECEWISE_BEZIER_KNOTS.);
#4791 = CARTESIAN_POINT('',(-1.117903807186,2.919328542275));
#4792 = CARTESIAN_POINT('',(-1.151929004123,2.892592575251));
#4793 = CARTESIAN_POINT('',(-1.184470015978,2.864623740416));
#4794 = CARTESIAN_POINT('',(-1.215547167455,2.835415869697));
#4795 = CARTESIAN_POINT('',(-1.245180829361,2.804956091719));
#4796 = CARTESIAN_POINT('',(-1.273386481228,2.773226885393));
#4797 = ( GEOMETRIC_REPRESENTATION_CONTEXT(2) 
PARAMETRIC_REPRESENTATION_CONTEXT() REPRESENTATION_CONTEXT('2D SPACE',''
  ) );
#4798 = PCURVE('',#2190,#4799);
#4799 = DEFINITIONAL_REPRESENTATION('',(#4800),#4804);
#4800 = B_SPLINE_CURVE_WITH_KNOTS('',2,(#4801,#4802,#4803),
  .UNSPECIFIED.,.F.,.F.,(3,3),(0.,0.392984487284),
  .PIECEWISE_BEZIER_KNOTS.);
#4801 = CARTESIAN_POINT('',(1.727030084929E-45,-0.4));
#4802 = CARTESIAN_POINT('',(0.196492243642,-0.4));
#4803 = CARTESIAN_POINT('',(0.392984487284,-0.4));
#4804 = ( GEOMETRIC_REPRESENTATION_CONTEXT(2) 
PARAMETRIC_REPRESENTATION_CONTEXT() REPRESENTATION_CONTEXT('2D SPACE',''
  ) );
#4805 = ORIENTED_EDGE('',*,*,#4806,.T.);
#4806 = EDGE_CURVE('',#4778,#4807,#4809,.T.);
#4807 = VERTEX_POINT('',#4808);
#4808 = CARTESIAN_POINT('',(1.457566611869,2.537799822632,2.2000001));
#4809 = SURFACE_CURVE('',#4810,(#4817,#4827),.PCURVE_S1.);
#4810 = B_SPLINE_CURVE_WITH_KNOTS('',5,(#4811,#4812,#4813,#4814,#4815,
    #4816),.UNSPECIFIED.,.F.,.F.,(6,6),(0.392984487284,1.),
  .PIECEWISE_BEZIER_KNOTS.);
#4811 = CARTESIAN_POINT('',(1.273386481228,2.813855992866,2.2000001));
#4812 = CARTESIAN_POINT('',(1.316953768953,2.764846118253,2.2000001));
#4813 = CARTESIAN_POINT('',(1.357113994762,2.712807538754,2.2000001));
#4814 = CARTESIAN_POINT('',(1.393925382016,2.657675899257,2.2000001));
#4815 = CARTESIAN_POINT('',(1.427412851572,2.599362897872,2.2000001));
#4816 = CARTESIAN_POINT('',(1.457566611869,2.537799822632,2.2000001));
#4817 = PCURVE('',#72,#4818);
#4818 = DEFINITIONAL_REPRESENTATION('',(#4819),#4826);
#4819 = B_SPLINE_CURVE_WITH_KNOTS('',5,(#4820,#4821,#4822,#4823,#4824,
    #4825),.UNSPECIFIED.,.F.,.F.,(6,6),(0.392984487284,1.),
  .PIECEWISE_BEZIER_KNOTS.);
#4820 = CARTESIAN_POINT('',(-1.273386481228,2.773226885393));
#4821 = CARTESIAN_POINT('',(-1.316953768953,2.72421701078));
#4822 = CARTESIAN_POINT('',(-1.357113994762,2.672178431281));
#4823 = CARTESIAN_POINT('',(-1.393925382016,2.617046791784));
#4824 = CARTESIAN_POINT('',(-1.427412851572,2.558733790399));
#4825 = CARTESIAN_POINT('',(-1.457566611869,2.497170715159));
#4826 = ( GEOMETRIC_REPRESENTATION_CONTEXT(2) 
PARAMETRIC_REPRESENTATION_CONTEXT() REPRESENTATION_CONTEXT('2D SPACE',''
  ) );
#4827 = PCURVE('',#2232,#4828);
#4828 = DEFINITIONAL_REPRESENTATION('',(#4829),#4833);
#4829 = B_SPLINE_CURVE_WITH_KNOTS('',2,(#4830,#4831,#4832),
  .UNSPECIFIED.,.F.,.F.,(3,3),(0.392984487284,1.),
  .PIECEWISE_BEZIER_KNOTS.);
#4830 = CARTESIAN_POINT('',(0.392984487284,-0.4));
#4831 = CARTESIAN_POINT('',(0.696492243642,-0.4));
#4832 = CARTESIAN_POINT('',(1.,-0.4));
#4833 = ( GEOMETRIC_REPRESENTATION_CONTEXT(2) 
PARAMETRIC_REPRESENTATION_CONTEXT() REPRESENTATION_CONTEXT('2D SPACE',''
  ) );
#4834 = ORIENTED_EDGE('',*,*,#4835,.T.);
#4835 = EDGE_CURVE('',#4807,#4836,#4838,.T.);
#4836 = VERTEX_POINT('',#4837);
#4837 = CARTESIAN_POINT('',(1.581081670816,1.920138835552,2.2000001));
#4838 = SURFACE_CURVE('',#4839,(#4846,#4856),.PCURVE_S1.);
#4839 = B_SPLINE_CURVE_WITH_KNOTS('',5,(#4840,#4841,#4842,#4843,#4844,
    #4845),.UNSPECIFIED.,.F.,.F.,(6,6),(0.,1.),
  .PIECEWISE_BEZIER_KNOTS.);
#4840 = CARTESIAN_POINT('',(1.457566611869,2.537799822632,2.2000001));
#4841 = CARTESIAN_POINT('',(1.50626301874,2.438379367915,2.2000001));
#4842 = CARTESIAN_POINT('',(1.543238528527,2.327381913398,2.2000001));
#4843 = CARTESIAN_POINT('',(1.568384876939,2.204045993251,2.2000001));
#4844 = CARTESIAN_POINT('',(1.581081670816,2.068264079301,2.2000001));
#4845 = CARTESIAN_POINT('',(1.581081670816,1.920138835552,2.2000001));
#4846 = PCURVE('',#72,#4847);
#4847 = DEFINITIONAL_REPRESENTATION('',(#4848),#4855);
#4848 = B_SPLINE_CURVE_WITH_KNOTS('',5,(#4849,#4850,#4851,#4852,#4853,
    #4854),.UNSPECIFIED.,.F.,.F.,(6,6),(0.,1.),
  .PIECEWISE_BEZIER_KNOTS.);
#4849 = CARTESIAN_POINT('',(-1.457566611869,2.497170715159));
#4850 = CARTESIAN_POINT('',(-1.50626301874,2.397750260442));
#4851 = CARTESIAN_POINT('',(-1.543238528527,2.286752805925));
#4852 = CARTESIAN_POINT('',(-1.568384876939,2.163416885778));
#4853 = CARTESIAN_POINT('',(-1.581081670816,2.027634971827));
#4854 = CARTESIAN_POINT('',(-1.581081670816,1.879509728078));
#4855 = ( GEOMETRIC_REPRESENTATION_CONTEXT(2) 
PARAMETRIC_REPRESENTATION_CONTEXT() REPRESENTATION_CONTEXT('2D SPACE',''
  ) );
#4856 = PCURVE('',#2274,#4857);
#4857 = DEFINITIONAL_REPRESENTATION('',(#4858),#4862);
#4858 = B_SPLINE_CURVE_WITH_KNOTS('',2,(#4859,#4860,#4861),
  .UNSPECIFIED.,.F.,.F.,(3,3),(5.440504399064E-16,1.),
  .PIECEWISE_BEZIER_KNOTS.);
#4859 = CARTESIAN_POINT('',(5.440504399064E-16,-0.4));
#4860 = CARTESIAN_POINT('',(0.5,-0.4));
#4861 = CARTESIAN_POINT('',(1.,-0.4));
#4862 = ( GEOMETRIC_REPRESENTATION_CONTEXT(2) 
PARAMETRIC_REPRESENTATION_CONTEXT() REPRESENTATION_CONTEXT('2D SPACE',''
  ) );
#4863 = ORIENTED_EDGE('',*,*,#4864,.T.);
#4864 = EDGE_CURVE('',#4836,#4865,#4867,.T.);
#4865 = VERTEX_POINT('',#4866);
#4866 = CARTESIAN_POINT('',(1.448102167853,1.332837588109,2.2000001));
#4867 = SURFACE_CURVE('',#4868,(#4875,#4885),.PCURVE_S1.);
#4868 = B_SPLINE_CURVE_WITH_KNOTS('',5,(#4869,#4870,#4871,#4872,#4873,
    #4874),.UNSPECIFIED.,.F.,.F.,(6,6),(0.,1.),
  .PIECEWISE_BEZIER_KNOTS.);
#4869 = CARTESIAN_POINT('',(1.581081670816,1.920138835552,2.2000001));
#4870 = CARTESIAN_POINT('',(1.581081670816,1.781617323826,2.2000001));
#4871 = CARTESIAN_POINT('',(1.567438934872,1.653827290112,2.2000001));
#4872 = CARTESIAN_POINT('',(1.540476110053,1.536804891789,2.2000001));
#4873 = CARTESIAN_POINT('',(1.500768775884,1.430073321429,2.2000001));
#4874 = CARTESIAN_POINT('',(1.448102167853,1.332837588109,2.2000001));
#4875 = PCURVE('',#72,#4876);
#4876 = DEFINITIONAL_REPRESENTATION('',(#4877),#4884);
#4877 = B_SPLINE_CURVE_WITH_KNOTS('',5,(#4878,#4879,#4880,#4881,#4882,
    #4883),.UNSPECIFIED.,.F.,.F.,(6,6),(0.,1.),
  .PIECEWISE_BEZIER_KNOTS.);
#4878 = CARTESIAN_POINT('',(-1.581081670816,1.879509728078));
#4879 = CARTESIAN_POINT('',(-1.581081670816,1.740988216353));
#4880 = CARTESIAN_POINT('',(-1.567438934872,1.613198182638));
#4881 = CARTESIAN_POINT('',(-1.540476110053,1.496175784315));
#4882 = CARTESIAN_POINT('',(-1.500768775884,1.389444213955));
#4883 = CARTESIAN_POINT('',(-1.448102167853,1.292208480635));
#4884 = ( GEOMETRIC_REPRESENTATION_CONTEXT(2) 
PARAMETRIC_REPRESENTATION_CONTEXT() REPRESENTATION_CONTEXT('2D SPACE',''
  ) );
#4885 = PCURVE('',#2316,#4886);
#4886 = DEFINITIONAL_REPRESENTATION('',(#4887),#4891);
#4887 = B_SPLINE_CURVE_WITH_KNOTS('',2,(#4888,#4889,#4890),
  .UNSPECIFIED.,.F.,.F.,(3,3),(0.,1.),.PIECEWISE_BEZIER_KNOTS.);
#4888 = CARTESIAN_POINT('',(3.205922346051E-16,-0.4));
#4889 = CARTESIAN_POINT('',(0.5,-0.4));
#4890 = CARTESIAN_POINT('',(1.,-0.4));
#4891 = ( GEOMETRIC_REPRESENTATION_CONTEXT(2) 
PARAMETRIC_REPRESENTATION_CONTEXT() REPRESENTATION_CONTEXT('2D SPACE',''
  ) );
#4892 = ORIENTED_EDGE('',*,*,#4893,.T.);
#4893 = EDGE_CURVE('',#4865,#4894,#4896,.T.);
#4894 = VERTEX_POINT('',#4895);
#4895 = CARTESIAN_POINT('',(1.172622615578,0.982349902641,2.2000001));
#4896 = SURFACE_CURVE('',#4897,(#4904,#4914),.PCURVE_S1.);
#4897 = B_SPLINE_CURVE_WITH_KNOTS('',5,(#4898,#4899,#4900,#4901,#4902,
    #4903),.UNSPECIFIED.,.F.,.F.,(6,6),(0.,0.828609075735),
  .PIECEWISE_BEZIER_KNOTS.);
#4898 = CARTESIAN_POINT('',(1.448102167853,1.332837588109,2.2000001));
#4899 = CARTESIAN_POINT('',(1.403289091865,1.250101439553,2.2000001));
#4900 = CARTESIAN_POINT('',(1.353337847192,1.173839801757,2.2000001));
#4901 = CARTESIAN_POINT('',(1.298293054758,1.103921166885,2.2000001));
#4902 = CARTESIAN_POINT('',(1.23810566674,1.040134965377,2.2000001));
#4903 = CARTESIAN_POINT('',(1.172622615578,0.982349902641,2.2000001));
#4904 = PCURVE('',#72,#4905);
#4905 = DEFINITIONAL_REPRESENTATION('',(#4906),#4913);
#4906 = B_SPLINE_CURVE_WITH_KNOTS('',5,(#4907,#4908,#4909,#4910,#4911,
    #4912),.UNSPECIFIED.,.F.,.F.,(6,6),(0.,0.828609075735),
  .PIECEWISE_BEZIER_KNOTS.);
#4907 = CARTESIAN_POINT('',(-1.448102167853,1.292208480635));
#4908 = CARTESIAN_POINT('',(-1.403289091865,1.209472332079));
#4909 = CARTESIAN_POINT('',(-1.353337847192,1.133210694283));
#4910 = CARTESIAN_POINT('',(-1.298293054758,1.063292059412));
#4911 = CARTESIAN_POINT('',(-1.23810566674,0.999505857904));
#4912 = CARTESIAN_POINT('',(-1.172622615578,0.941720795167));
#4913 = ( GEOMETRIC_REPRESENTATION_CONTEXT(2) 
PARAMETRIC_REPRESENTATION_CONTEXT() REPRESENTATION_CONTEXT('2D SPACE',''
  ) );
#4914 = PCURVE('',#2358,#4915);
#4915 = DEFINITIONAL_REPRESENTATION('',(#4916),#4920);
#4916 = B_SPLINE_CURVE_WITH_KNOTS('',2,(#4917,#4918,#4919),
  .UNSPECIFIED.,.F.,.F.,(3,3),(0.,0.828609075735),
  .PIECEWISE_BEZIER_KNOTS.);
#4917 = CARTESIAN_POINT('',(0.,-0.4));
#4918 = CARTESIAN_POINT('',(0.414304537867,-0.4));
#4919 = CARTESIAN_POINT('',(0.828609075735,-0.4));
#4920 = ( GEOMETRIC_REPRESENTATION_CONTEXT(2) 
PARAMETRIC_REPRESENTATION_CONTEXT() REPRESENTATION_CONTEXT('2D SPACE',''
  ) );
#4921 = ORIENTED_EDGE('',*,*,#4922,.T.);
#4922 = EDGE_CURVE('',#4894,#4923,#4925,.T.);
#4923 = VERTEX_POINT('',#4924);
#4924 = CARTESIAN_POINT('',(1.102620140829,0.925144843722,2.2000001));
#4925 = SURFACE_CURVE('',#4926,(#4933,#4943),.PCURVE_S1.);
#4926 = B_SPLINE_CURVE_WITH_KNOTS('',5,(#4927,#4928,#4929,#4930,#4931,
    #4932),.UNSPECIFIED.,.F.,.F.,(6,6),(0.828609075735,1.),
  .PIECEWISE_BEZIER_KNOTS.);
#4927 = CARTESIAN_POINT('',(1.172622615578,0.982349902641,2.2000001));
#4928 = CARTESIAN_POINT('',(1.159077988816,0.970397541025,2.2000001));
#4929 = CARTESIAN_POINT('',(1.145306795071,0.958701929107,2.2000001));
#4930 = CARTESIAN_POINT('',(1.131307727143,0.947261912741,2.2000001));
#4931 = CARTESIAN_POINT('',(1.117079345201,0.936076488946,2.2000001));
#4932 = CARTESIAN_POINT('',(1.102620140829,0.925144843722,2.2000001));
#4933 = PCURVE('',#72,#4934);
#4934 = DEFINITIONAL_REPRESENTATION('',(#4935),#4942);
#4935 = B_SPLINE_CURVE_WITH_KNOTS('',5,(#4936,#4937,#4938,#4939,#4940,
    #4941),.UNSPECIFIED.,.F.,.F.,(6,6),(0.828609075735,1.),
  .PIECEWISE_BEZIER_KNOTS.);
#4936 = CARTESIAN_POINT('',(-1.172622615578,0.941720795167));
#4937 = CARTESIAN_POINT('',(-1.159077988816,0.929768433552));
#4938 = CARTESIAN_POINT('',(-1.145306795071,0.918072821633));
#4939 = CARTESIAN_POINT('',(-1.131307727143,0.906632805268));
#4940 = CARTESIAN_POINT('',(-1.117079345201,0.895447381472));
#4941 = CARTESIAN_POINT('',(-1.102620140829,0.884515736248));
#4942 = ( GEOMETRIC_REPRESENTATION_CONTEXT(2) 
PARAMETRIC_REPRESENTATION_CONTEXT() REPRESENTATION_CONTEXT('2D SPACE',''
  ) );
#4943 = PCURVE('',#2400,#4944);
#4944 = DEFINITIONAL_REPRESENTATION('',(#4945),#4949);
#4945 = B_SPLINE_CURVE_WITH_KNOTS('',2,(#4946,#4947,#4948),
  .UNSPECIFIED.,.F.,.F.,(3,3),(0.828609075735,1.),
  .PIECEWISE_BEZIER_KNOTS.);
#4946 = CARTESIAN_POINT('',(0.828609075735,-0.4));
#4947 = CARTESIAN_POINT('',(0.914304537867,-0.4));
#4948 = CARTESIAN_POINT('',(1.,-0.4));
#4949 = ( GEOMETRIC_REPRESENTATION_CONTEXT(2) 
PARAMETRIC_REPRESENTATION_CONTEXT() REPRESENTATION_CONTEXT('2D SPACE',''
  ) );
#4950 = ORIENTED_EDGE('',*,*,#4951,.T.);
#4951 = EDGE_CURVE('',#4923,#4952,#4954,.T.);
#4952 = VERTEX_POINT('',#4953);
#4953 = CARTESIAN_POINT('',(0.996462623158,0.85204943096,2.2000001));
#4954 = SURFACE_CURVE('',#4955,(#4962,#4972),.PCURVE_S1.);
#4955 = B_SPLINE_CURVE_WITH_KNOTS('',5,(#4956,#4957,#4958,#4959,#4960,
    #4961),.UNSPECIFIED.,.F.,.F.,(6,6),(0.,0.241847226743),
  .PIECEWISE_BEZIER_KNOTS.);
#4956 = CARTESIAN_POINT('',(1.102620140829,0.925144843722,2.2000001));
#4957 = CARTESIAN_POINT('',(1.081987634971,0.909545974773,2.2000001));
#4958 = CARTESIAN_POINT('',(1.061057652376,0.894438917216,2.2000001));
#4959 = CARTESIAN_POINT('',(1.039828321046,0.879821636582,2.2000001));
#4960 = CARTESIAN_POINT('',(1.018297445185,0.865692307557,2.2000001));
#4961 = CARTESIAN_POINT('',(0.996462623158,0.85204943096,2.2000001));
#4962 = PCURVE('',#72,#4963);
#4963 = DEFINITIONAL_REPRESENTATION('',(#4964),#4971);
#4964 = B_SPLINE_CURVE_WITH_KNOTS('',5,(#4965,#4966,#4967,#4968,#4969,
    #4970),.UNSPECIFIED.,.F.,.F.,(6,6),(0.,0.241847226743),
  .PIECEWISE_BEZIER_KNOTS.);
#4965 = CARTESIAN_POINT('',(-1.102620140829,0.884515736248));
#4966 = CARTESIAN_POINT('',(-1.081987634971,0.8689168673));
#4967 = CARTESIAN_POINT('',(-1.061057652376,0.853809809742));
#4968 = CARTESIAN_POINT('',(-1.039828321046,0.839192529109));
#4969 = CARTESIAN_POINT('',(-1.018297445185,0.825063200083));
#4970 = CARTESIAN_POINT('',(-0.996462623158,0.811420323486));
#4971 = ( GEOMETRIC_REPRESENTATION_CONTEXT(2) 
PARAMETRIC_REPRESENTATION_CONTEXT() REPRESENTATION_CONTEXT('2D SPACE',''
  ) );
#4972 = PCURVE('',#2442,#4973);
#4973 = DEFINITIONAL_REPRESENTATION('',(#4974),#4978);
#4974 = B_SPLINE_CURVE_WITH_KNOTS('',2,(#4975,#4976,#4977),
  .UNSPECIFIED.,.F.,.F.,(3,3),(0.,0.241847226743),
  .PIECEWISE_BEZIER_KNOTS.);
#4975 = CARTESIAN_POINT('',(1.2520800424E-16,-0.4));
#4976 = CARTESIAN_POINT('',(0.120923613371,-0.4));
#4977 = CARTESIAN_POINT('',(0.241847226743,-0.4));
#4978 = ( GEOMETRIC_REPRESENTATION_CONTEXT(2) 
PARAMETRIC_REPRESENTATION_CONTEXT() REPRESENTATION_CONTEXT('2D SPACE',''
  ) );
#4979 = ORIENTED_EDGE('',*,*,#4980,.T.);
#4980 = EDGE_CURVE('',#4952,#4981,#4983,.T.);
#4981 = VERTEX_POINT('',#4982);
#4982 = CARTESIAN_POINT('',(0.62355971388,0.685721765284,2.2000001));
#4983 = SURFACE_CURVE('',#4984,(#4991,#5001),.PCURVE_S1.);
#4984 = B_SPLINE_CURVE_WITH_KNOTS('',5,(#4985,#4986,#4987,#4988,#4989,
    #4990),.UNSPECIFIED.,.F.,.F.,(6,6),(0.241847226743,1.),
  .PIECEWISE_BEZIER_KNOTS.);
#4985 = CARTESIAN_POINT('',(0.996462623158,0.85204943096,2.2000001));
#4986 = CARTESIAN_POINT('',(0.928013912388,0.809281172392,2.2000001));
#4987 = CARTESIAN_POINT('',(0.856578251961,0.771293394958,2.2000001));
#4988 = CARTESIAN_POINT('',(0.78208141727,0.738038805616,2.2000001));
#4989 = CARTESIAN_POINT('',(0.704430841709,0.709507694756,2.2000001));
#4990 = CARTESIAN_POINT('',(0.62355971388,0.685721765284,2.2000001));
#4991 = PCURVE('',#72,#4992);
#4992 = DEFINITIONAL_REPRESENTATION('',(#4993),#5000);
#4993 = B_SPLINE_CURVE_WITH_KNOTS('',5,(#4994,#4995,#4996,#4997,#4998,
    #4999),.UNSPECIFIED.,.F.,.F.,(6,6),(0.241847226743,1.),
  .PIECEWISE_BEZIER_KNOTS.);
#4994 = CARTESIAN_POINT('',(-0.996462623158,0.811420323486));
#4995 = CARTESIAN_POINT('',(-0.928013912388,0.768652064918));
#4996 = CARTESIAN_POINT('',(-0.856578251961,0.730664287484));
#4997 = CARTESIAN_POINT('',(-0.78208141727,0.697409698142));
#4998 = CARTESIAN_POINT('',(-0.704430841709,0.668878587283));
#4999 = CARTESIAN_POINT('',(-0.62355971388,0.645092657811));
#5000 = ( GEOMETRIC_REPRESENTATION_CONTEXT(2) 
PARAMETRIC_REPRESENTATION_CONTEXT() REPRESENTATION_CONTEXT('2D SPACE',''
  ) );
#5001 = PCURVE('',#2484,#5002);
#5002 = DEFINITIONAL_REPRESENTATION('',(#5003),#5007);
#5003 = B_SPLINE_CURVE_WITH_KNOTS('',2,(#5004,#5005,#5006),
  .UNSPECIFIED.,.F.,.F.,(3,3),(0.241847226743,1.),
  .PIECEWISE_BEZIER_KNOTS.);
#5004 = CARTESIAN_POINT('',(0.241847226743,-0.4));
#5005 = CARTESIAN_POINT('',(0.620923613371,-0.4));
#5006 = CARTESIAN_POINT('',(1.,-0.4));
#5007 = ( GEOMETRIC_REPRESENTATION_CONTEXT(2) 
PARAMETRIC_REPRESENTATION_CONTEXT() REPRESENTATION_CONTEXT('2D SPACE',''
  ) );
#5008 = ORIENTED_EDGE('',*,*,#5009,.T.);
#5009 = EDGE_CURVE('',#4981,#5010,#5012,.T.);
#5010 = VERTEX_POINT('',#5011);
#5011 = CARTESIAN_POINT('',(0.103004728419,0.606680938784,2.2000001));
#5012 = SURFACE_CURVE('',#5013,(#5020,#5030),.PCURVE_S1.);
#5013 = B_SPLINE_CURVE_WITH_KNOTS('',5,(#5014,#5015,#5016,#5017,#5018,
    #5019),.UNSPECIFIED.,.F.,.F.,(6,6),(0.,1.),
  .PIECEWISE_BEZIER_KNOTS.);
#5014 = CARTESIAN_POINT('',(0.62355971388,0.685721765284,2.2000001));
#5015 = CARTESIAN_POINT('',(0.515555462315,0.653955403428,2.2000001));
#5016 = CARTESIAN_POINT('',(0.409530742452,0.63024600047,2.2000001));
#5017 = CARTESIAN_POINT('',(0.305478276778,0.614519501414,2.2000001));
#5018 = CARTESIAN_POINT('',(0.203341051806,0.606680938784,2.2000001));
#5019 = CARTESIAN_POINT('',(0.103004728419,0.606680938784,2.2000001));
#5020 = PCURVE('',#72,#5021);
#5021 = DEFINITIONAL_REPRESENTATION('',(#5022),#5029);
#5022 = B_SPLINE_CURVE_WITH_KNOTS('',5,(#5023,#5024,#5025,#5026,#5027,
    #5028),.UNSPECIFIED.,.F.,.F.,(6,6),(0.,1.),
  .PIECEWISE_BEZIER_KNOTS.);
#5023 = CARTESIAN_POINT('',(-0.62355971388,0.645092657811));
#5024 = CARTESIAN_POINT('',(-0.515555462315,0.613326295954));
#5025 = CARTESIAN_POINT('',(-0.409530742452,0.589616892996));
#5026 = CARTESIAN_POINT('',(-0.305478276778,0.573890393941));
#5027 = CARTESIAN_POINT('',(-0.203341051806,0.566051831311));
#5028 = CARTESIAN_POINT('',(-0.103004728419,0.566051831311));
#5029 = ( GEOMETRIC_REPRESENTATION_CONTEXT(2) 
PARAMETRIC_REPRESENTATION_CONTEXT() REPRESENTATION_CONTEXT('2D SPACE',''
  ) );
#5030 = PCURVE('',#2526,#5031);
#5031 = DEFINITIONAL_REPRESENTATION('',(#5032),#5036);
#5032 = B_SPLINE_CURVE_WITH_KNOTS('',2,(#5033,#5034,#5035),
  .UNSPECIFIED.,.F.,.F.,(3,3),(0.,1.),.PIECEWISE_BEZIER_KNOTS.);
#5033 = CARTESIAN_POINT('',(0.,-0.4));
#5034 = CARTESIAN_POINT('',(0.5,-0.4));
#5035 = CARTESIAN_POINT('',(1.,-0.4));
#5036 = ( GEOMETRIC_REPRESENTATION_CONTEXT(2) 
PARAMETRIC_REPRESENTATION_CONTEXT() REPRESENTATION_CONTEXT('2D SPACE',''
  ) );
#5037 = ORIENTED_EDGE('',*,*,#5038,.T.);
#5038 = EDGE_CURVE('',#5010,#5039,#5041,.T.);
#5039 = VERTEX_POINT('',#5040);
#5040 = CARTESIAN_POINT('',(-0.478501603084,0.606680938784,2.2000001));
#5041 = SURFACE_CURVE('',#5042,(#5045,#5051),.PCURVE_S1.);
#5042 = B_SPLINE_CURVE_WITH_KNOTS('',1,(#5043,#5044),.UNSPECIFIED.,.F.,
  .F.,(2,2),(-0.,0.581506331503),.PIECEWISE_BEZIER_KNOTS.);
#5043 = CARTESIAN_POINT('',(0.103004728419,0.606680938784,2.2000001));
#5044 = CARTESIAN_POINT('',(-0.478501603084,0.606680938784,2.2000001));
#5045 = PCURVE('',#72,#5046);
#5046 = DEFINITIONAL_REPRESENTATION('',(#5047),#5050);
#5047 = B_SPLINE_CURVE_WITH_KNOTS('',1,(#5048,#5049),.UNSPECIFIED.,.F.,
  .F.,(2,2),(-0.,0.581506331503),.PIECEWISE_BEZIER_KNOTS.);
#5048 = CARTESIAN_POINT('',(-0.103004728419,0.566051831311));
#5049 = CARTESIAN_POINT('',(0.478501603084,0.566051831311));
#5050 = ( GEOMETRIC_REPRESENTATION_CONTEXT(2) 
PARAMETRIC_REPRESENTATION_CONTEXT() REPRESENTATION_CONTEXT('2D SPACE',''
  ) );
#5051 = PCURVE('',#2560,#5052);
#5052 = DEFINITIONAL_REPRESENTATION('',(#5053),#5056);
#5053 = B_SPLINE_CURVE_WITH_KNOTS('',1,(#5054,#5055),.UNSPECIFIED.,.F.,
  .F.,(2,2),(-0.,0.581506331503),.PIECEWISE_BEZIER_KNOTS.);
#5054 = CARTESIAN_POINT('',(0.,-0.4));
#5055 = CARTESIAN_POINT('',(0.581506331503,-0.4));
#5056 = ( GEOMETRIC_REPRESENTATION_CONTEXT(2) 
PARAMETRIC_REPRESENTATION_CONTEXT() REPRESENTATION_CONTEXT('2D SPACE',''
  ) );
#5057 = ORIENTED_EDGE('',*,*,#5058,.F.);
#5058 = EDGE_CURVE('',#5059,#5039,#5061,.T.);
#5059 = VERTEX_POINT('',#5060);
#5060 = CARTESIAN_POINT('',(-0.558501603084,0.526680938784,2.2000001));
#5061 = SURFACE_CURVE('',#5062,(#5066,#5073),.PCURVE_S1.);
#5062 = ( BOUNDED_CURVE() B_SPLINE_CURVE(2,(#5063,#5064,#5065),
.UNSPECIFIED.,.F.,.F.) B_SPLINE_CURVE_WITH_KNOTS((3,3),(1.570796326795,
3.14159265359),.PIECEWISE_BEZIER_KNOTS.) CURVE() 
GEOMETRIC_REPRESENTATION_ITEM() RATIONAL_B_SPLINE_CURVE((1.,
0.707106781187,1.)) REPRESENTATION_ITEM('') );
#5063 = CARTESIAN_POINT('',(-0.558501603084,0.526680938784,2.2000001));
#5064 = CARTESIAN_POINT('',(-0.558501603084,0.606680938784,2.2000001));
#5065 = CARTESIAN_POINT('',(-0.478501603084,0.606680938784,2.2000001));
#5066 = PCURVE('',#72,#5067);
#5067 = DEFINITIONAL_REPRESENTATION('',(#5068),#5072);
#5068 = ( BOUNDED_CURVE() B_SPLINE_CURVE(2,(#5069,#5070,#5071),
.UNSPECIFIED.,.F.,.F.) B_SPLINE_CURVE_WITH_KNOTS((3,3),(1.570796326795,
3.14159265359),.PIECEWISE_BEZIER_KNOTS.) CURVE() 
GEOMETRIC_REPRESENTATION_ITEM() RATIONAL_B_SPLINE_CURVE((1.,
0.707106781187,1.)) REPRESENTATION_ITEM('') );
#5069 = CARTESIAN_POINT('',(0.558501603084,0.486051831311));
#5070 = CARTESIAN_POINT('',(0.558501603084,0.566051831311));
#5071 = CARTESIAN_POINT('',(0.478501603084,0.566051831311));
#5072 = ( GEOMETRIC_REPRESENTATION_CONTEXT(2) 
PARAMETRIC_REPRESENTATION_CONTEXT() REPRESENTATION_CONTEXT('2D SPACE',''
  ) );
#5073 = PCURVE('',#2587,#5074);
#5074 = DEFINITIONAL_REPRESENTATION('',(#5075),#5079);
#5075 = B_SPLINE_CURVE_WITH_KNOTS('',2,(#5076,#5077,#5078),
  .UNSPECIFIED.,.F.,.F.,(3,3),(1.570796326795,3.14159265359),
  .PIECEWISE_BEZIER_KNOTS.);
#5076 = CARTESIAN_POINT('',(1.570796326795,-0.4));
#5077 = CARTESIAN_POINT('',(2.356194490192,-0.4));
#5078 = CARTESIAN_POINT('',(3.14159265359,-0.4));
#5079 = ( GEOMETRIC_REPRESENTATION_CONTEXT(2) 
PARAMETRIC_REPRESENTATION_CONTEXT() REPRESENTATION_CONTEXT('2D SPACE',''
  ) );
#5080 = ORIENTED_EDGE('',*,*,#5081,.T.);
#5081 = EDGE_CURVE('',#5059,#5082,#5084,.T.);
#5082 = VERTEX_POINT('',#5083);
#5083 = CARTESIAN_POINT('',(-0.558501603084,-5.486110958719E-02,
    2.2000001));
#5084 = SURFACE_CURVE('',#5085,(#5088,#5094),.PCURVE_S1.);
#5085 = B_SPLINE_CURVE_WITH_KNOTS('',1,(#5086,#5087),.UNSPECIFIED.,.F.,
  .F.,(2,2),(0.,0.581542048372),.PIECEWISE_BEZIER_KNOTS.);
#5086 = CARTESIAN_POINT('',(-0.558501603084,0.526680938784,2.2000001));
#5087 = CARTESIAN_POINT('',(-0.558501603084,-5.486110958719E-02,
    2.2000001));
#5088 = PCURVE('',#72,#5089);
#5089 = DEFINITIONAL_REPRESENTATION('',(#5090),#5093);
#5090 = B_SPLINE_CURVE_WITH_KNOTS('',1,(#5091,#5092),.UNSPECIFIED.,.F.,
  .F.,(2,2),(0.,0.581542048372),.PIECEWISE_BEZIER_KNOTS.);
#5091 = CARTESIAN_POINT('',(0.558501603084,0.486051831311));
#5092 = CARTESIAN_POINT('',(0.558501603084,-9.549021706062E-02));
#5093 = ( GEOMETRIC_REPRESENTATION_CONTEXT(2) 
PARAMETRIC_REPRESENTATION_CONTEXT() REPRESENTATION_CONTEXT('2D SPACE',''
  ) );
#5094 = PCURVE('',#2615,#5095);
#5095 = DEFINITIONAL_REPRESENTATION('',(#5096),#5099);
#5096 = B_SPLINE_CURVE_WITH_KNOTS('',1,(#5097,#5098),.UNSPECIFIED.,.F.,
  .F.,(2,2),(0.,0.581542048372),.PIECEWISE_BEZIER_KNOTS.);
#5097 = CARTESIAN_POINT('',(0.,-0.4));
#5098 = CARTESIAN_POINT('',(0.581542048372,-0.4));
#5099 = ( GEOMETRIC_REPRESENTATION_CONTEXT(2) 
PARAMETRIC_REPRESENTATION_CONTEXT() REPRESENTATION_CONTEXT('2D SPACE',''
  ) );
#5100 = ORIENTED_EDGE('',*,*,#5101,.F.);
#5101 = EDGE_CURVE('',#5102,#5082,#5104,.T.);
#5102 = VERTEX_POINT('',#5103);
#5103 = CARTESIAN_POINT('',(-0.478501603084,-0.134861109587,2.2000001));
#5104 = SURFACE_CURVE('',#5105,(#5109,#5116),.PCURVE_S1.);
#5105 = ( BOUNDED_CURVE() B_SPLINE_CURVE(2,(#5106,#5107,#5108),
.UNSPECIFIED.,.F.,.F.) B_SPLINE_CURVE_WITH_KNOTS((3,3),(1.570796326795,
3.14159265359),.PIECEWISE_BEZIER_KNOTS.) CURVE() 
GEOMETRIC_REPRESENTATION_ITEM() RATIONAL_B_SPLINE_CURVE((1.,
0.707106781187,1.)) REPRESENTATION_ITEM('') );
#5106 = CARTESIAN_POINT('',(-0.478501603084,-0.134861109587,2.2000001));
#5107 = CARTESIAN_POINT('',(-0.558501603084,-0.134861109587,2.2000001));
#5108 = CARTESIAN_POINT('',(-0.558501603084,-5.486110958719E-02,
    2.2000001));
#5109 = PCURVE('',#72,#5110);
#5110 = DEFINITIONAL_REPRESENTATION('',(#5111),#5115);
#5111 = ( BOUNDED_CURVE() B_SPLINE_CURVE(2,(#5112,#5113,#5114),
.UNSPECIFIED.,.F.,.F.) B_SPLINE_CURVE_WITH_KNOTS((3,3),(1.570796326795,
3.14159265359),.PIECEWISE_BEZIER_KNOTS.) CURVE() 
GEOMETRIC_REPRESENTATION_ITEM() RATIONAL_B_SPLINE_CURVE((1.,
0.707106781187,1.)) REPRESENTATION_ITEM('') );
#5112 = CARTESIAN_POINT('',(0.478501603084,-0.175490217061));
#5113 = CARTESIAN_POINT('',(0.558501603084,-0.175490217061));
#5114 = CARTESIAN_POINT('',(0.558501603084,-9.549021706062E-02));
#5115 = ( GEOMETRIC_REPRESENTATION_CONTEXT(2) 
PARAMETRIC_REPRESENTATION_CONTEXT() REPRESENTATION_CONTEXT('2D SPACE',''
  ) );
#5116 = PCURVE('',#2642,#5117);
#5117 = DEFINITIONAL_REPRESENTATION('',(#5118),#5122);
#5118 = B_SPLINE_CURVE_WITH_KNOTS('',2,(#5119,#5120,#5121),
  .UNSPECIFIED.,.F.,.F.,(3,3),(1.570796326795,3.14159265359),
  .PIECEWISE_BEZIER_KNOTS.);
#5119 = CARTESIAN_POINT('',(1.570796326795,-0.4));
#5120 = CARTESIAN_POINT('',(2.356194490192,-0.4));
#5121 = CARTESIAN_POINT('',(3.14159265359,-0.4));
#5122 = ( GEOMETRIC_REPRESENTATION_CONTEXT(2) 
PARAMETRIC_REPRESENTATION_CONTEXT() REPRESENTATION_CONTEXT('2D SPACE',''
  ) );
#5123 = ORIENTED_EDGE('',*,*,#5124,.T.);
#5124 = EDGE_CURVE('',#5102,#5125,#5127,.T.);
#5125 = VERTEX_POINT('',#5126);
#5126 = CARTESIAN_POINT('',(0.103004728419,-0.134861109587,2.2000001));
#5127 = SURFACE_CURVE('',#5128,(#5131,#5137),.PCURVE_S1.);
#5128 = B_SPLINE_CURVE_WITH_KNOTS('',1,(#5129,#5130),.UNSPECIFIED.,.F.,
  .F.,(2,2),(0.,0.581506331503),.PIECEWISE_BEZIER_KNOTS.);
#5129 = CARTESIAN_POINT('',(-0.478501603084,-0.134861109587,2.2000001));
#5130 = CARTESIAN_POINT('',(0.103004728419,-0.134861109587,2.2000001));
#5131 = PCURVE('',#72,#5132);
#5132 = DEFINITIONAL_REPRESENTATION('',(#5133),#5136);
#5133 = B_SPLINE_CURVE_WITH_KNOTS('',1,(#5134,#5135),.UNSPECIFIED.,.F.,
  .F.,(2,2),(0.,0.581506331503),.PIECEWISE_BEZIER_KNOTS.);
#5134 = CARTESIAN_POINT('',(0.478501603084,-0.175490217061));
#5135 = CARTESIAN_POINT('',(-0.103004728419,-0.175490217061));
#5136 = ( GEOMETRIC_REPRESENTATION_CONTEXT(2) 
PARAMETRIC_REPRESENTATION_CONTEXT() REPRESENTATION_CONTEXT('2D SPACE',''
  ) );
#5137 = PCURVE('',#2670,#5138);
#5138 = DEFINITIONAL_REPRESENTATION('',(#5139),#5142);
#5139 = B_SPLINE_CURVE_WITH_KNOTS('',1,(#5140,#5141),.UNSPECIFIED.,.F.,
  .F.,(2,2),(0.,0.581506331503),.PIECEWISE_BEZIER_KNOTS.);
#5140 = CARTESIAN_POINT('',(0.,-0.4));
#5141 = CARTESIAN_POINT('',(0.581506331503,-0.4));
#5142 = ( GEOMETRIC_REPRESENTATION_CONTEXT(2) 
PARAMETRIC_REPRESENTATION_CONTEXT() REPRESENTATION_CONTEXT('2D SPACE',''
  ) );
#5143 = ORIENTED_EDGE('',*,*,#5144,.T.);
#5144 = EDGE_CURVE('',#5125,#5145,#5147,.T.);
#5145 = VERTEX_POINT('',#5146);
#5146 = CARTESIAN_POINT('',(0.799061302329,-0.230330501311,2.2000001));
#5147 = SURFACE_CURVE('',#5148,(#5155,#5165),.PCURVE_S1.);
#5148 = B_SPLINE_CURVE_WITH_KNOTS('',5,(#5149,#5150,#5151,#5152,#5153,
    #5154),.UNSPECIFIED.,.F.,.F.,(6,6),(0.,1.),
  .PIECEWISE_BEZIER_KNOTS.);
#5149 = CARTESIAN_POINT('',(0.103004728419,-0.134861109587,2.2000001));
#5150 = CARTESIAN_POINT('',(0.252501995978,-0.134861109587,2.2000001));
#5151 = CARTESIAN_POINT('',(0.396798807773,-0.144470605406,2.2000001));
#5152 = CARTESIAN_POINT('',(0.535927316635,-0.163621879452,2.2000001));
#5153 = CARTESIAN_POINT('',(0.669973888656,-0.192244892442,2.2000001));
#5154 = CARTESIAN_POINT('',(0.799061302329,-0.230330501311,2.2000001));
#5155 = PCURVE('',#72,#5156);
#5156 = DEFINITIONAL_REPRESENTATION('',(#5157),#5164);
#5157 = B_SPLINE_CURVE_WITH_KNOTS('',5,(#5158,#5159,#5160,#5161,#5162,
    #5163),.UNSPECIFIED.,.F.,.F.,(6,6),(0.,1.),
  .PIECEWISE_BEZIER_KNOTS.);
#5158 = CARTESIAN_POINT('',(-0.103004728419,-0.175490217061));
#5159 = CARTESIAN_POINT('',(-0.252501995978,-0.175490217061));
#5160 = CARTESIAN_POINT('',(-0.396798807773,-0.185099712879));
#5161 = CARTESIAN_POINT('',(-0.535927316635,-0.204250986926));
#5162 = CARTESIAN_POINT('',(-0.669973888656,-0.232873999916));
#5163 = CARTESIAN_POINT('',(-0.799061302329,-0.270959608784));
#5164 = ( GEOMETRIC_REPRESENTATION_CONTEXT(2) 
PARAMETRIC_REPRESENTATION_CONTEXT() REPRESENTATION_CONTEXT('2D SPACE',''
  ) );
#5165 = PCURVE('',#2703,#5166);
#5166 = DEFINITIONAL_REPRESENTATION('',(#5167),#5171);
#5167 = B_SPLINE_CURVE_WITH_KNOTS('',2,(#5168,#5169,#5170),
  .UNSPECIFIED.,.F.,.F.,(3,3),(0.,1.),.PIECEWISE_BEZIER_KNOTS.);
#5168 = CARTESIAN_POINT('',(0.,-0.4));
#5169 = CARTESIAN_POINT('',(0.5,-0.4));
#5170 = CARTESIAN_POINT('',(1.,-0.4));
#5171 = ( GEOMETRIC_REPRESENTATION_CONTEXT(2) 
PARAMETRIC_REPRESENTATION_CONTEXT() REPRESENTATION_CONTEXT('2D SPACE',''
  ) );
#5172 = ORIENTED_EDGE('',*,*,#5173,.T.);
#5173 = EDGE_CURVE('',#5145,#5174,#5176,.T.);
#5174 = VERTEX_POINT('',#5175);
#5175 = CARTESIAN_POINT('',(1.347883582078,-0.509146670184,2.2000001));
#5176 = SURFACE_CURVE('',#5177,(#5184,#5194),.PCURVE_S1.);
#5177 = B_SPLINE_CURVE_WITH_KNOTS('',5,(#5178,#5179,#5180,#5181,#5182,
    #5183),.UNSPECIFIED.,.F.,.F.,(6,6),(0.,0.977753922331),
  .PIECEWISE_BEZIER_KNOTS.);
#5178 = CARTESIAN_POINT('',(0.799061302329,-0.230330501311,2.2000001));
#5179 = CARTESIAN_POINT('',(0.924648489351,-0.267383412572,2.2000001));
#5180 = CARTESIAN_POINT('',(1.04213469901,-0.313837126934,2.2000001));
#5181 = CARTESIAN_POINT('',(1.151658699364,-0.369590228648,2.2000001));
#5182 = CARTESIAN_POINT('',(1.253506233324,-0.434637386145,2.2000001));
#5183 = CARTESIAN_POINT('',(1.347883582078,-0.509146670184,2.2000001));
#5184 = PCURVE('',#72,#5185);
#5185 = DEFINITIONAL_REPRESENTATION('',(#5186),#5193);
#5186 = B_SPLINE_CURVE_WITH_KNOTS('',5,(#5187,#5188,#5189,#5190,#5191,
    #5192),.UNSPECIFIED.,.F.,.F.,(6,6),(0.,0.977753922331),
  .PIECEWISE_BEZIER_KNOTS.);
#5187 = CARTESIAN_POINT('',(-0.799061302329,-0.270959608784));
#5188 = CARTESIAN_POINT('',(-0.924648489351,-0.308012520046));
#5189 = CARTESIAN_POINT('',(-1.04213469901,-0.354466234407));
#5190 = CARTESIAN_POINT('',(-1.151658699364,-0.410219336122));
#5191 = CARTESIAN_POINT('',(-1.253506233324,-0.475266493619));
#5192 = CARTESIAN_POINT('',(-1.347883582078,-0.549775777658));
#5193 = ( GEOMETRIC_REPRESENTATION_CONTEXT(2) 
PARAMETRIC_REPRESENTATION_CONTEXT() REPRESENTATION_CONTEXT('2D SPACE',''
  ) );
#5194 = PCURVE('',#2745,#5195);
#5195 = DEFINITIONAL_REPRESENTATION('',(#5196),#5200);
#5196 = B_SPLINE_CURVE_WITH_KNOTS('',2,(#5197,#5198,#5199),
  .UNSPECIFIED.,.F.,.F.,(3,3),(0.,0.977753922331),
  .PIECEWISE_BEZIER_KNOTS.);
#5197 = CARTESIAN_POINT('',(0.,-0.4));
#5198 = CARTESIAN_POINT('',(0.488876961166,-0.4));
#5199 = CARTESIAN_POINT('',(0.977753922331,-0.4));
#5200 = ( GEOMETRIC_REPRESENTATION_CONTEXT(2) 
PARAMETRIC_REPRESENTATION_CONTEXT() REPRESENTATION_CONTEXT('2D SPACE',''
  ) );
#5201 = ORIENTED_EDGE('',*,*,#5202,.T.);
#5202 = EDGE_CURVE('',#5174,#5203,#5205,.T.);
#5203 = VERTEX_POINT('',#5204);
#5204 = CARTESIAN_POINT('',(1.358581408933,-0.517671931316,2.2000001));
#5205 = SURFACE_CURVE('',#5206,(#5211,#5219),.PCURVE_S1.);
#5206 = B_SPLINE_CURVE_WITH_KNOTS('',3,(#5207,#5208,#5209,#5210),
  .UNSPECIFIED.,.F.,.F.,(4,4),(0.977753922331,1.),
  .PIECEWISE_BEZIER_KNOTS.);
#5207 = CARTESIAN_POINT('',(1.347883582086,-0.509146670174,2.2000001));
#5208 = CARTESIAN_POINT('',(1.35146240659,-0.511972090248,2.2000001));
#5209 = CARTESIAN_POINT('',(1.355028341012,-0.514813837574,2.2000001));
#5210 = CARTESIAN_POINT('',(1.358581408941,-0.517671931306,2.2000001));
#5211 = PCURVE('',#72,#5212);
#5212 = DEFINITIONAL_REPRESENTATION('',(#5213),#5218);
#5213 = B_SPLINE_CURVE_WITH_KNOTS('',3,(#5214,#5215,#5216,#5217),
  .UNSPECIFIED.,.F.,.F.,(4,4),(0.977753922331,1.),
  .PIECEWISE_BEZIER_KNOTS.);
#5214 = CARTESIAN_POINT('',(-1.347883582086,-0.549775777648));
#5215 = CARTESIAN_POINT('',(-1.35146240659,-0.552601197721));
#5216 = CARTESIAN_POINT('',(-1.355028341012,-0.555442945048));
#5217 = CARTESIAN_POINT('',(-1.358581408941,-0.558301038779));
#5218 = ( GEOMETRIC_REPRESENTATION_CONTEXT(2) 
PARAMETRIC_REPRESENTATION_CONTEXT() REPRESENTATION_CONTEXT('2D SPACE',''
  ) );
#5219 = PCURVE('',#2783,#5220);
#5220 = DEFINITIONAL_REPRESENTATION('',(#5221),#5225);
#5221 = B_SPLINE_CURVE_WITH_KNOTS('',2,(#5222,#5223,#5224),
  .UNSPECIFIED.,.F.,.F.,(3,3),(0.977753922331,1.),
  .PIECEWISE_BEZIER_KNOTS.);
#5222 = CARTESIAN_POINT('',(0.977753922331,-0.4));
#5223 = CARTESIAN_POINT('',(0.988876961166,-0.4));
#5224 = CARTESIAN_POINT('',(1.,-0.4));
#5225 = ( GEOMETRIC_REPRESENTATION_CONTEXT(2) 
PARAMETRIC_REPRESENTATION_CONTEXT() REPRESENTATION_CONTEXT('2D SPACE',''
  ) );
#5226 = ORIENTED_EDGE('',*,*,#5227,.T.);
#5227 = EDGE_CURVE('',#5203,#5228,#5230,.T.);
#5228 = VERTEX_POINT('',#5229);
#5229 = CARTESIAN_POINT('',(1.512850374166,-0.66346961904,2.2000001));
#5230 = SURFACE_CURVE('',#5231,(#5238,#5248),.PCURVE_S1.);
#5231 = B_SPLINE_CURVE_WITH_KNOTS('',5,(#5232,#5233,#5234,#5235,#5236,
    #5237),.UNSPECIFIED.,.F.,.F.,(6,6),(0.,0.350896082543),
  .PIECEWISE_BEZIER_KNOTS.);
#5232 = CARTESIAN_POINT('',(1.358581408933,-0.517671931316,2.2000001));
#5233 = CARTESIAN_POINT('',(1.392033763364,-0.544581061089,2.2000001));
#5234 = CARTESIAN_POINT('',(1.424172443782,-0.572608025287,2.2000001));
#5235 = CARTESIAN_POINT('',(1.455012274386,-0.601758153561,2.2000001));
#5236 = CARTESIAN_POINT('',(1.484567796965,-0.632041123036,2.2000001));
#5237 = CARTESIAN_POINT('',(1.512850374166,-0.66346961904,2.2000001));
#5238 = PCURVE('',#72,#5239);
#5239 = DEFINITIONAL_REPRESENTATION('',(#5240),#5247);
#5240 = B_SPLINE_CURVE_WITH_KNOTS('',5,(#5241,#5242,#5243,#5244,#5245,
    #5246),.UNSPECIFIED.,.F.,.F.,(6,6),(0.,0.350896082543),
  .PIECEWISE_BEZIER_KNOTS.);
#5241 = CARTESIAN_POINT('',(-1.358581408933,-0.558301038789));
#5242 = CARTESIAN_POINT('',(-1.392033763364,-0.585210168562));
#5243 = CARTESIAN_POINT('',(-1.424172443782,-0.613237132761));
#5244 = CARTESIAN_POINT('',(-1.455012274386,-0.642387261035));
#5245 = CARTESIAN_POINT('',(-1.484567796965,-0.672670230509));
#5246 = CARTESIAN_POINT('',(-1.512850374166,-0.704098726513));
#5247 = ( GEOMETRIC_REPRESENTATION_CONTEXT(2) 
PARAMETRIC_REPRESENTATION_CONTEXT() REPRESENTATION_CONTEXT('2D SPACE',''
  ) );
#5248 = PCURVE('',#2821,#5249);
#5249 = DEFINITIONAL_REPRESENTATION('',(#5250),#5254);
#5250 = B_SPLINE_CURVE_WITH_KNOTS('',2,(#5251,#5252,#5253),
  .UNSPECIFIED.,.F.,.F.,(3,3),(0.,0.350896082543),
  .PIECEWISE_BEZIER_KNOTS.);
#5251 = CARTESIAN_POINT('',(0.,-0.4));
#5252 = CARTESIAN_POINT('',(0.175448041271,-0.4));
#5253 = CARTESIAN_POINT('',(0.350896082543,-0.4));
#5254 = ( GEOMETRIC_REPRESENTATION_CONTEXT(2) 
PARAMETRIC_REPRESENTATION_CONTEXT() REPRESENTATION_CONTEXT('2D SPACE',''
  ) );
#5255 = ORIENTED_EDGE('',*,*,#5256,.T.);
#5256 = EDGE_CURVE('',#5228,#5257,#5259,.T.);
#5257 = VERTEX_POINT('',#5258);
#5258 = CARTESIAN_POINT('',(1.731390871945,-0.994259087368,2.2000001));
#5259 = SURFACE_CURVE('',#5260,(#5267,#5277),.PCURVE_S1.);
#5260 = B_SPLINE_CURVE_WITH_KNOTS('',5,(#5261,#5262,#5263,#5264,#5265,
    #5266),.UNSPECIFIED.,.F.,.F.,(6,6),(0.350896082543,1.),
  .PIECEWISE_BEZIER_KNOTS.);
#5261 = CARTESIAN_POINT('',(1.512850374166,-0.66346961904,2.2000001));
#5262 = CARTESIAN_POINT('',(1.565168802813,-0.721607514818,2.2000001));
#5263 = CARTESIAN_POINT('',(1.613131298478,-0.783665324898,2.2000001));
#5264 = CARTESIAN_POINT('',(1.656811555046,-0.849723286059,2.2000001));
#5265 = CARTESIAN_POINT('',(1.696237226628,-0.919893744779,2.2000001));
#5266 = CARTESIAN_POINT('',(1.731390871945,-0.994259087368,2.2000001));
#5267 = PCURVE('',#72,#5268);
#5268 = DEFINITIONAL_REPRESENTATION('',(#5269),#5276);
#5269 = B_SPLINE_CURVE_WITH_KNOTS('',5,(#5270,#5271,#5272,#5273,#5274,
    #5275),.UNSPECIFIED.,.F.,.F.,(6,6),(0.350896082543,1.),
  .PIECEWISE_BEZIER_KNOTS.);
#5270 = CARTESIAN_POINT('',(-1.512850374166,-0.704098726513));
#5271 = CARTESIAN_POINT('',(-1.565168802813,-0.762236622292));
#5272 = CARTESIAN_POINT('',(-1.613131298478,-0.824294432371));
#5273 = CARTESIAN_POINT('',(-1.656811555046,-0.890352393532));
#5274 = CARTESIAN_POINT('',(-1.696237226628,-0.960522852252));
#5275 = CARTESIAN_POINT('',(-1.731390871945,-1.034888194842));
#5276 = ( GEOMETRIC_REPRESENTATION_CONTEXT(2) 
PARAMETRIC_REPRESENTATION_CONTEXT() REPRESENTATION_CONTEXT('2D SPACE',''
  ) );
#5277 = PCURVE('',#2863,#5278);
#5278 = DEFINITIONAL_REPRESENTATION('',(#5279),#5283);
#5279 = B_SPLINE_CURVE_WITH_KNOTS('',2,(#5280,#5281,#5282),
  .UNSPECIFIED.,.F.,.F.,(3,3),(0.350896082543,1.),
  .PIECEWISE_BEZIER_KNOTS.);
#5280 = CARTESIAN_POINT('',(0.350896082543,-0.4));
#5281 = CARTESIAN_POINT('',(0.675448041271,-0.4));
#5282 = CARTESIAN_POINT('',(1.,-0.4));
#5283 = ( GEOMETRIC_REPRESENTATION_CONTEXT(2) 
PARAMETRIC_REPRESENTATION_CONTEXT() REPRESENTATION_CONTEXT('2D SPACE',''
  ) );
#5284 = ORIENTED_EDGE('',*,*,#5285,.T.);
#5285 = EDGE_CURVE('',#5257,#5286,#5288,.T.);
#5286 = VERTEX_POINT('',#5287);
#5287 = CARTESIAN_POINT('',(1.866352297296,-1.678728523247,2.2000001));
#5288 = SURFACE_CURVE('',#5289,(#5296,#5306),.PCURVE_S1.);
#5289 = B_SPLINE_CURVE_WITH_KNOTS('',5,(#5290,#5291,#5292,#5293,#5294,
    #5295),.UNSPECIFIED.,.F.,.F.,(6,6),(5.330849491144E-16,1.),
  .PIECEWISE_BEZIER_KNOTS.);
#5290 = CARTESIAN_POINT('',(1.731390871945,-0.994259087368,2.2000001));
#5291 = CARTESIAN_POINT('',(1.784794403289,-1.107230924804,2.2000001));
#5292 = CARTESIAN_POINT('',(1.825201278312,-1.231733775821,2.2000001));
#5293 = CARTESIAN_POINT('',(1.852556934697,-1.368412618855,2.2000001));
#5294 = CARTESIAN_POINT('',(1.866352297296,-1.517433150644,2.2000001));
#5295 = CARTESIAN_POINT('',(1.866352297296,-1.678728523247,2.2000001));
#5296 = PCURVE('',#72,#5297);
#5297 = DEFINITIONAL_REPRESENTATION('',(#5298),#5305);
#5298 = B_SPLINE_CURVE_WITH_KNOTS('',5,(#5299,#5300,#5301,#5302,#5303,
    #5304),.UNSPECIFIED.,.F.,.F.,(6,6),(5.330849491144E-16,1.),
  .PIECEWISE_BEZIER_KNOTS.);
#5299 = CARTESIAN_POINT('',(-1.731390871945,-1.034888194842));
#5300 = CARTESIAN_POINT('',(-1.784794403289,-1.147860032278));
#5301 = CARTESIAN_POINT('',(-1.825201278312,-1.272362883295));
#5302 = CARTESIAN_POINT('',(-1.852556934697,-1.409041726328));
#5303 = CARTESIAN_POINT('',(-1.866352297296,-1.558062258117));
#5304 = CARTESIAN_POINT('',(-1.866352297296,-1.719357630721));
#5305 = ( GEOMETRIC_REPRESENTATION_CONTEXT(2) 
PARAMETRIC_REPRESENTATION_CONTEXT() REPRESENTATION_CONTEXT('2D SPACE',''
  ) );
#5306 = PCURVE('',#2905,#5307);
#5307 = DEFINITIONAL_REPRESENTATION('',(#5308),#5312);
#5308 = B_SPLINE_CURVE_WITH_KNOTS('',2,(#5309,#5310,#5311),
  .UNSPECIFIED.,.F.,.F.,(3,3),(5.330849491144E-16,1.),
  .PIECEWISE_BEZIER_KNOTS.);
#5309 = CARTESIAN_POINT('',(8.456181088829E-16,-0.4));
#5310 = CARTESIAN_POINT('',(0.5,-0.4));
#5311 = CARTESIAN_POINT('',(1.,-0.4));
#5312 = ( GEOMETRIC_REPRESENTATION_CONTEXT(2) 
PARAMETRIC_REPRESENTATION_CONTEXT() REPRESENTATION_CONTEXT('2D SPACE',''
  ) );
#5313 = ORIENTED_EDGE('',*,*,#5314,.T.);
#5314 = EDGE_CURVE('',#5286,#5315,#5317,.T.);
#5315 = VERTEX_POINT('',#5316);
#5316 = CARTESIAN_POINT('',(1.710712062155,-2.366151074891,2.2000001));
#5317 = SURFACE_CURVE('',#5318,(#5325,#5335),.PCURVE_S1.);
#5318 = B_SPLINE_CURVE_WITH_KNOTS('',5,(#5319,#5320,#5321,#5322,#5323,
    #5324),.UNSPECIFIED.,.F.,.F.,(6,6),(0.,1.),
  .PIECEWISE_BEZIER_KNOTS.);
#5319 = CARTESIAN_POINT('',(1.866352297296,-1.678728523247,2.2000001));
#5320 = CARTESIAN_POINT('',(1.866352297296,-1.834639835572,2.2000001));
#5321 = CARTESIAN_POINT('',(1.85055130919,-1.981068731315,2.2000001));
#5322 = CARTESIAN_POINT('',(1.81924116087,-2.118096327024,2.2000001));
#5323 = CARTESIAN_POINT('',(1.772717798856,-2.2462773541,2.2000001));
#5324 = CARTESIAN_POINT('',(1.710712062155,-2.366151074891,2.2000001));
#5325 = PCURVE('',#72,#5326);
#5326 = DEFINITIONAL_REPRESENTATION('',(#5327),#5334);
#5327 = B_SPLINE_CURVE_WITH_KNOTS('',5,(#5328,#5329,#5330,#5331,#5332,
    #5333),.UNSPECIFIED.,.F.,.F.,(6,6),(0.,1.),
  .PIECEWISE_BEZIER_KNOTS.);
#5328 = CARTESIAN_POINT('',(-1.866352297296,-1.719357630721));
#5329 = CARTESIAN_POINT('',(-1.866352297296,-1.875268943046));
#5330 = CARTESIAN_POINT('',(-1.85055130919,-2.021697838788));
#5331 = CARTESIAN_POINT('',(-1.81924116087,-2.158725434497));
#5332 = CARTESIAN_POINT('',(-1.772717798856,-2.286906461574));
#5333 = CARTESIAN_POINT('',(-1.710712062155,-2.406780182364));
#5334 = ( GEOMETRIC_REPRESENTATION_CONTEXT(2) 
PARAMETRIC_REPRESENTATION_CONTEXT() REPRESENTATION_CONTEXT('2D SPACE',''
  ) );
#5335 = PCURVE('',#2947,#5336);
#5336 = DEFINITIONAL_REPRESENTATION('',(#5337),#5341);
#5337 = B_SPLINE_CURVE_WITH_KNOTS('',2,(#5338,#5339,#5340),
  .UNSPECIFIED.,.F.,.F.,(3,3),(0.,1.),.PIECEWISE_BEZIER_KNOTS.);
#5338 = CARTESIAN_POINT('',(0.,-0.4));
#5339 = CARTESIAN_POINT('',(0.5,-0.4));
#5340 = CARTESIAN_POINT('',(1.,-0.4));
#5341 = ( GEOMETRIC_REPRESENTATION_CONTEXT(2) 
PARAMETRIC_REPRESENTATION_CONTEXT() REPRESENTATION_CONTEXT('2D SPACE',''
  ) );
#5342 = ORIENTED_EDGE('',*,*,#5343,.T.);
#5343 = EDGE_CURVE('',#5315,#5344,#5346,.T.);
#5344 = VERTEX_POINT('',#5345);
#5345 = CARTESIAN_POINT('',(1.479240229719,-2.702440837463,2.2000001));
#5346 = SURFACE_CURVE('',#5347,(#5354,#5364),.PCURVE_S1.);
#5347 = B_SPLINE_CURVE_WITH_KNOTS('',5,(#5348,#5349,#5350,#5351,#5352,
    #5353),.UNSPECIFIED.,.F.,.F.,(6,6),(0.,0.613114190511),
  .PIECEWISE_BEZIER_KNOTS.);
#5348 = CARTESIAN_POINT('',(1.710712062155,-2.366151074891,2.2000001));
#5349 = CARTESIAN_POINT('',(1.672145577188,-2.440710434989,2.2000001));
#5350 = CARTESIAN_POINT('',(1.629724161537,-2.511557045792,2.2000001));
#5351 = CARTESIAN_POINT('',(1.58345244812,-2.578749552612,2.2000001));
#5352 = CARTESIAN_POINT('',(1.533307263818,-2.64235983595,2.2000001));
#5353 = CARTESIAN_POINT('',(1.479240229719,-2.702440837463,2.2000001));
#5354 = PCURVE('',#72,#5355);
#5355 = DEFINITIONAL_REPRESENTATION('',(#5356),#5363);
#5356 = B_SPLINE_CURVE_WITH_KNOTS('',5,(#5357,#5358,#5359,#5360,#5361,
    #5362),.UNSPECIFIED.,.F.,.F.,(6,6),(0.,0.613114190511),
  .PIECEWISE_BEZIER_KNOTS.);
#5357 = CARTESIAN_POINT('',(-1.710712062155,-2.406780182364));
#5358 = CARTESIAN_POINT('',(-1.672145577188,-2.481339542462));
#5359 = CARTESIAN_POINT('',(-1.629724161537,-2.552186153266));
#5360 = CARTESIAN_POINT('',(-1.58345244812,-2.619378660086));
#5361 = CARTESIAN_POINT('',(-1.533307263818,-2.682988943423));
#5362 = CARTESIAN_POINT('',(-1.479240229719,-2.743069944936));
#5363 = ( GEOMETRIC_REPRESENTATION_CONTEXT(2) 
PARAMETRIC_REPRESENTATION_CONTEXT() REPRESENTATION_CONTEXT('2D SPACE',''
  ) );
#5364 = PCURVE('',#2989,#5365);
#5365 = DEFINITIONAL_REPRESENTATION('',(#5366),#5370);
#5366 = B_SPLINE_CURVE_WITH_KNOTS('',2,(#5367,#5368,#5369),
  .UNSPECIFIED.,.F.,.F.,(3,3),(0.,0.613114190511),
  .PIECEWISE_BEZIER_KNOTS.);
#5367 = CARTESIAN_POINT('',(-4.271765363983E-16,-0.4));
#5368 = CARTESIAN_POINT('',(0.306557095256,-0.4));
#5369 = CARTESIAN_POINT('',(0.613114190511,-0.4));
#5370 = ( GEOMETRIC_REPRESENTATION_CONTEXT(2) 
PARAMETRIC_REPRESENTATION_CONTEXT() REPRESENTATION_CONTEXT('2D SPACE',''
  ) );
#5371 = ORIENTED_EDGE('',*,*,#5372,.T.);
#5372 = EDGE_CURVE('',#5344,#5373,#5375,.T.);
#5373 = VERTEX_POINT('',#5374);
#5374 = CARTESIAN_POINT('',(1.292904488033,-2.878064538997,2.2000001));
#5375 = SURFACE_CURVE('',#5376,(#5383,#5393),.PCURVE_S1.);
#5376 = B_SPLINE_CURVE_WITH_KNOTS('',5,(#5377,#5378,#5379,#5380,#5381,
    #5382),.UNSPECIFIED.,.F.,.F.,(6,6),(0.613114190511,1.),
  .PIECEWISE_BEZIER_KNOTS.);
#5377 = CARTESIAN_POINT('',(1.479240229719,-2.702440837463,2.2000001));
#5378 = CARTESIAN_POINT('',(1.445122982756,-2.740353003361,2.2000001));
#5379 = CARTESIAN_POINT('',(1.409444121332,-2.776859868745,2.2000001));
#5380 = CARTESIAN_POINT('',(1.37219169486,-2.81197477822,2.2000001));
#5381 = CARTESIAN_POINT('',(1.333350350293,-2.845707849189,2.2000001));
#5382 = CARTESIAN_POINT('',(1.292904488033,-2.878064538997,2.2000001));
#5383 = PCURVE('',#72,#5384);
#5384 = DEFINITIONAL_REPRESENTATION('',(#5385),#5392);
#5385 = B_SPLINE_CURVE_WITH_KNOTS('',5,(#5386,#5387,#5388,#5389,#5390,
    #5391),.UNSPECIFIED.,.F.,.F.,(6,6),(0.613114190511,1.),
  .PIECEWISE_BEZIER_KNOTS.);
#5386 = CARTESIAN_POINT('',(-1.479240229719,-2.743069944936));
#5387 = CARTESIAN_POINT('',(-1.445122982756,-2.780982110834));
#5388 = CARTESIAN_POINT('',(-1.409444121332,-2.817488976219));
#5389 = CARTESIAN_POINT('',(-1.37219169486,-2.852603885693));
#5390 = CARTESIAN_POINT('',(-1.333350350293,-2.886336956663));
#5391 = CARTESIAN_POINT('',(-1.292904488033,-2.918693646471));
#5392 = ( GEOMETRIC_REPRESENTATION_CONTEXT(2) 
PARAMETRIC_REPRESENTATION_CONTEXT() REPRESENTATION_CONTEXT('2D SPACE',''
  ) );
#5393 = PCURVE('',#3031,#5394);
#5394 = DEFINITIONAL_REPRESENTATION('',(#5395),#5399);
#5395 = B_SPLINE_CURVE_WITH_KNOTS('',2,(#5396,#5397,#5398),
  .UNSPECIFIED.,.F.,.F.,(3,3),(0.613114190511,1.),
  .PIECEWISE_BEZIER_KNOTS.);
#5396 = CARTESIAN_POINT('',(0.613114190511,-0.4));
#5397 = CARTESIAN_POINT('',(0.806557095256,-0.4));
#5398 = CARTESIAN_POINT('',(1.,-0.4));
#5399 = ( GEOMETRIC_REPRESENTATION_CONTEXT(2) 
PARAMETRIC_REPRESENTATION_CONTEXT() REPRESENTATION_CONTEXT('2D SPACE',''
  ) );
#5400 = ORIENTED_EDGE('',*,*,#5401,.T.);
#5401 = EDGE_CURVE('',#5373,#5402,#5404,.T.);
#5402 = VERTEX_POINT('',#5403);
#5403 = CARTESIAN_POINT('',(1.202824827509,-2.945522655041,2.2000001));
#5404 = SURFACE_CURVE('',#5405,(#5412,#5422),.PCURVE_S1.);
#5405 = B_SPLINE_CURVE_WITH_KNOTS('',5,(#5406,#5407,#5408,#5409,#5410,
    #5411),.UNSPECIFIED.,.F.,.F.,(6,6),(0.,0.167725486664),
  .PIECEWISE_BEZIER_KNOTS.);
#5406 = CARTESIAN_POINT('',(1.292904488033,-2.878064538997,2.2000001));
#5407 = CARTESIAN_POINT('',(1.275298618286,-2.892149234794,2.2000001));
#5408 = CARTESIAN_POINT('',(1.257488477782,-2.905936678828,2.2000001));
#5409 = CARTESIAN_POINT('',(1.239473344703,-2.91942761941,2.2000001));
#5410 = CARTESIAN_POINT('',(1.221252415408,-2.93262274365,2.2000001));
#5411 = CARTESIAN_POINT('',(1.202824827509,-2.945522655041,2.2000001));
#5412 = PCURVE('',#72,#5413);
#5413 = DEFINITIONAL_REPRESENTATION('',(#5414),#5421);
#5414 = B_SPLINE_CURVE_WITH_KNOTS('',5,(#5415,#5416,#5417,#5418,#5419,
    #5420),.UNSPECIFIED.,.F.,.F.,(6,6),(0.,0.167725486664),
  .PIECEWISE_BEZIER_KNOTS.);
#5415 = CARTESIAN_POINT('',(-1.292904488033,-2.918693646471));
#5416 = CARTESIAN_POINT('',(-1.275298618286,-2.932778342268));
#5417 = CARTESIAN_POINT('',(-1.257488477782,-2.946565786302));
#5418 = CARTESIAN_POINT('',(-1.239473344703,-2.960056726884));
#5419 = CARTESIAN_POINT('',(-1.221252415408,-2.973251851123));
#5420 = CARTESIAN_POINT('',(-1.202824827509,-2.986151762514));
#5421 = ( GEOMETRIC_REPRESENTATION_CONTEXT(2) 
PARAMETRIC_REPRESENTATION_CONTEXT() REPRESENTATION_CONTEXT('2D SPACE',''
  ) );
#5422 = PCURVE('',#3073,#5423);
#5423 = DEFINITIONAL_REPRESENTATION('',(#5424),#5428);
#5424 = B_SPLINE_CURVE_WITH_KNOTS('',2,(#5425,#5426,#5427),
  .UNSPECIFIED.,.F.,.F.,(3,3),(6.707200627133E-16,0.167725486664),
  .PIECEWISE_BEZIER_KNOTS.);
#5425 = CARTESIAN_POINT('',(-6.707200627133E-16,-0.4));
#5426 = CARTESIAN_POINT('',(8.386274333181E-02,-0.4));
#5427 = CARTESIAN_POINT('',(0.167725486664,-0.4));
#5428 = ( GEOMETRIC_REPRESENTATION_CONTEXT(2) 
PARAMETRIC_REPRESENTATION_CONTEXT() REPRESENTATION_CONTEXT('2D SPACE',''
  ) );
#5429 = ORIENTED_EDGE('',*,*,#5430,.T.);
#5430 = EDGE_CURVE('',#5402,#5431,#5433,.T.);
#5431 = VERTEX_POINT('',#5432);
#5432 = CARTESIAN_POINT('',(0.693598092544,-3.193342233927,2.2000001));
#5433 = SURFACE_CURVE('',#5434,(#5441,#5451),.PCURVE_S1.);
#5434 = B_SPLINE_CURVE_WITH_KNOTS('',5,(#5435,#5436,#5437,#5438,#5439,
    #5440),.UNSPECIFIED.,.F.,.F.,(6,6),(0.167725486664,1.),
  .PIECEWISE_BEZIER_KNOTS.);
#5435 = CARTESIAN_POINT('',(1.202824827509,-2.945522655041,2.2000001));
#5436 = CARTESIAN_POINT('',(1.111384867754,-3.009533603457,2.2000001));
#5437 = CARTESIAN_POINT('',(1.014856422268,-3.06627562457,2.2000001));
#5438 = CARTESIAN_POINT('',(0.913133464477,-3.11582474411,2.2000001));
#5439 = CARTESIAN_POINT('',(0.806077481031,-3.158192782584,2.2000001));
#5440 = CARTESIAN_POINT('',(0.693598092544,-3.193342233927,2.2000001));
#5441 = PCURVE('',#72,#5442);
#5442 = DEFINITIONAL_REPRESENTATION('',(#5443),#5450);
#5443 = B_SPLINE_CURVE_WITH_KNOTS('',5,(#5444,#5445,#5446,#5447,#5448,
    #5449),.UNSPECIFIED.,.F.,.F.,(6,6),(0.167725486664,1.),
  .PIECEWISE_BEZIER_KNOTS.);
#5444 = CARTESIAN_POINT('',(-1.202824827509,-2.986151762514));
#5445 = CARTESIAN_POINT('',(-1.111384867754,-3.05016271093));
#5446 = CARTESIAN_POINT('',(-1.014856422268,-3.106904732043));
#5447 = CARTESIAN_POINT('',(-0.913133464477,-3.156453851584));
#5448 = CARTESIAN_POINT('',(-0.806077481031,-3.198821890057));
#5449 = CARTESIAN_POINT('',(-0.693598092544,-3.233971341401));
#5450 = ( GEOMETRIC_REPRESENTATION_CONTEXT(2) 
PARAMETRIC_REPRESENTATION_CONTEXT() REPRESENTATION_CONTEXT('2D SPACE',''
  ) );
#5451 = PCURVE('',#3115,#5452);
#5452 = DEFINITIONAL_REPRESENTATION('',(#5453),#5457);
#5453 = B_SPLINE_CURVE_WITH_KNOTS('',2,(#5454,#5455,#5456),
  .UNSPECIFIED.,.F.,.F.,(3,3),(0.167725486664,1.),
  .PIECEWISE_BEZIER_KNOTS.);
#5454 = CARTESIAN_POINT('',(0.167725486664,-0.4));
#5455 = CARTESIAN_POINT('',(0.583862743332,-0.4));
#5456 = CARTESIAN_POINT('',(1.,-0.4));
#5457 = ( GEOMETRIC_REPRESENTATION_CONTEXT(2) 
PARAMETRIC_REPRESENTATION_CONTEXT() REPRESENTATION_CONTEXT('2D SPACE',''
  ) );
#5458 = ORIENTED_EDGE('',*,*,#5459,.T.);
#5459 = EDGE_CURVE('',#5431,#5460,#5462,.T.);
#5460 = VERTEX_POINT('',#5461);
#5461 = CARTESIAN_POINT('',(0.668598627989,-3.200997603949,2.2000001));
#5462 = SURFACE_CURVE('',#5463,(#5468,#5476),.PCURVE_S1.);
#5463 = B_SPLINE_CURVE_WITH_KNOTS('',3,(#5464,#5465,#5466,#5467),
  .UNSPECIFIED.,.F.,.F.,(4,4),(0.,3.678451472931E-02),
  .PIECEWISE_BEZIER_KNOTS.);
#5464 = CARTESIAN_POINT('',(0.693598092555,-3.193342233958,2.2000001));
#5465 = CARTESIAN_POINT('',(0.685279241611,-3.195941848343,2.2000001));
#5466 = CARTESIAN_POINT('',(0.676946105855,-3.198493632263,2.2000001));
#5467 = CARTESIAN_POINT('',(0.668598627999,-3.20099760398,2.2000001));
#5468 = PCURVE('',#72,#5469);
#5469 = DEFINITIONAL_REPRESENTATION('',(#5470),#5475);
#5470 = B_SPLINE_CURVE_WITH_KNOTS('',3,(#5471,#5472,#5473,#5474),
  .UNSPECIFIED.,.F.,.F.,(4,4),(0.,3.678451472931E-02),
  .PIECEWISE_BEZIER_KNOTS.);
#5471 = CARTESIAN_POINT('',(-0.693598092555,-3.233971341431));
#5472 = CARTESIAN_POINT('',(-0.685279241611,-3.236570955816));
#5473 = CARTESIAN_POINT('',(-0.676946105855,-3.239122739736));
#5474 = CARTESIAN_POINT('',(-0.668598627999,-3.241626711454));
#5475 = ( GEOMETRIC_REPRESENTATION_CONTEXT(2) 
PARAMETRIC_REPRESENTATION_CONTEXT() REPRESENTATION_CONTEXT('2D SPACE',''
  ) );
#5476 = PCURVE('',#3153,#5477);
#5477 = DEFINITIONAL_REPRESENTATION('',(#5478),#5482);
#5478 = B_SPLINE_CURVE_WITH_KNOTS('',2,(#5479,#5480,#5481),
  .UNSPECIFIED.,.F.,.F.,(3,3),(1.040536757455E-12,3.678451472931E-02),
  .PIECEWISE_BEZIER_KNOTS.);
#5479 = CARTESIAN_POINT('',(1.041058540515E-12,-0.4));
#5480 = CARTESIAN_POINT('',(1.839225736517E-02,-0.4));
#5481 = CARTESIAN_POINT('',(3.678451472931E-02,-0.4));
#5482 = ( GEOMETRIC_REPRESENTATION_CONTEXT(2) 
PARAMETRIC_REPRESENTATION_CONTEXT() REPRESENTATION_CONTEXT('2D SPACE',''
  ) );
#5483 = ORIENTED_EDGE('',*,*,#5484,.T.);
#5484 = EDGE_CURVE('',#5460,#5485,#5487,.T.);
#5485 = VERTEX_POINT('',#5486);
#5486 = CARTESIAN_POINT('',(-1.768256929901E-02,-3.29942292045,2.2000001
    ));
#5487 = SURFACE_CURVE('',#5488,(#5495,#5505),.PCURVE_S1.);
#5488 = B_SPLINE_CURVE_WITH_KNOTS('',5,(#5489,#5490,#5491,#5492,#5493,
    #5494),.UNSPECIFIED.,.F.,.F.,(6,6),(3.678451472931E-02,1.),
  .PIECEWISE_BEZIER_KNOTS.);
#5489 = CARTESIAN_POINT('',(0.668598627989,-3.200997603949,2.2000001));
#5490 = CARTESIAN_POINT('',(0.537449637412,-3.240338031927,2.2000001));
#5491 = CARTESIAN_POINT('',(0.40335043489,-3.269843352911,2.2000001));
#5492 = CARTESIAN_POINT('',(0.266196708108,-3.289546017632,2.2000001));
#5493 = CARTESIAN_POINT('',(0.125874756733,-3.29942292045,2.2000001));
#5494 = CARTESIAN_POINT('',(-1.768256929901E-02,-3.29942292045,2.2000001
    ));
#5495 = PCURVE('',#72,#5496);
#5496 = DEFINITIONAL_REPRESENTATION('',(#5497),#5504);
#5497 = B_SPLINE_CURVE_WITH_KNOTS('',5,(#5498,#5499,#5500,#5501,#5502,
    #5503),.UNSPECIFIED.,.F.,.F.,(6,6),(3.678451472931E-02,1.),
  .PIECEWISE_BEZIER_KNOTS.);
#5498 = CARTESIAN_POINT('',(-0.668598627989,-3.241626711423));
#5499 = CARTESIAN_POINT('',(-0.537449637412,-3.280967139401));
#5500 = CARTESIAN_POINT('',(-0.40335043489,-3.310472460384));
#5501 = CARTESIAN_POINT('',(-0.266196708108,-3.330175125105));
#5502 = CARTESIAN_POINT('',(-0.125874756733,-3.340052027923));
#5503 = CARTESIAN_POINT('',(1.768256929901E-02,-3.340052027923));
#5504 = ( GEOMETRIC_REPRESENTATION_CONTEXT(2) 
PARAMETRIC_REPRESENTATION_CONTEXT() REPRESENTATION_CONTEXT('2D SPACE',''
  ) );
#5505 = PCURVE('',#3191,#5506);
#5506 = DEFINITIONAL_REPRESENTATION('',(#5507),#5511);
#5507 = B_SPLINE_CURVE_WITH_KNOTS('',2,(#5508,#5509,#5510),
  .UNSPECIFIED.,.F.,.F.,(3,3),(3.678451472931E-02,1.),
  .PIECEWISE_BEZIER_KNOTS.);
#5508 = CARTESIAN_POINT('',(3.678451472931E-02,-0.4));
#5509 = CARTESIAN_POINT('',(0.518392257365,-0.4));
#5510 = CARTESIAN_POINT('',(1.,-0.4));
#5511 = ( GEOMETRIC_REPRESENTATION_CONTEXT(2) 
PARAMETRIC_REPRESENTATION_CONTEXT() REPRESENTATION_CONTEXT('2D SPACE',''
  ) );
#5512 = ORIENTED_EDGE('',*,*,#5513,.T.);
#5513 = EDGE_CURVE('',#5485,#5514,#5516,.T.);
#5514 = VERTEX_POINT('',#5515);
#5515 = CARTESIAN_POINT('',(-0.816181641156,-3.157102754303,2.2000001));
#5516 = SURFACE_CURVE('',#5517,(#5524,#5534),.PCURVE_S1.);
#5517 = B_SPLINE_CURVE_WITH_KNOTS('',5,(#5518,#5519,#5520,#5521,#5522,
    #5523),.UNSPECIFIED.,.F.,.F.,(6,6),(0.,1.),
  .PIECEWISE_BEZIER_KNOTS.);
#5518 = CARTESIAN_POINT('',(-1.768256929901E-02,-3.29942292045,2.2000001
    ));
#5519 = CARTESIAN_POINT('',(-0.19686741425,-3.29942292045,2.2000001));
#5520 = CARTESIAN_POINT('',(-0.366208094929,-3.285024386269,2.2000001));
#5521 = CARTESIAN_POINT('',(-0.525722048337,-3.256390230966,2.2000001));
#5522 = CARTESIAN_POINT('',(-0.675599230409,-3.21375098414,2.2000001));
#5523 = CARTESIAN_POINT('',(-0.816181641156,-3.157102754303,2.2000001));
#5524 = PCURVE('',#72,#5525);
#5525 = DEFINITIONAL_REPRESENTATION('',(#5526),#5533);
#5526 = B_SPLINE_CURVE_WITH_KNOTS('',5,(#5527,#5528,#5529,#5530,#5531,
    #5532),.UNSPECIFIED.,.F.,.F.,(6,6),(0.,1.),
  .PIECEWISE_BEZIER_KNOTS.);
#5527 = CARTESIAN_POINT('',(1.768256929901E-02,-3.340052027923));
#5528 = CARTESIAN_POINT('',(0.19686741425,-3.340052027923));
#5529 = CARTESIAN_POINT('',(0.366208094929,-3.325653493743));
#5530 = CARTESIAN_POINT('',(0.525722048337,-3.297019338439));
#5531 = CARTESIAN_POINT('',(0.675599230409,-3.254380091613));
#5532 = CARTESIAN_POINT('',(0.816181641156,-3.197731861776));
#5533 = ( GEOMETRIC_REPRESENTATION_CONTEXT(2) 
PARAMETRIC_REPRESENTATION_CONTEXT() REPRESENTATION_CONTEXT('2D SPACE',''
  ) );
#5534 = PCURVE('',#3233,#5535);
#5535 = DEFINITIONAL_REPRESENTATION('',(#5536),#5540);
#5536 = B_SPLINE_CURVE_WITH_KNOTS('',2,(#5537,#5538,#5539),
  .UNSPECIFIED.,.F.,.F.,(3,3),(0.,1.),.PIECEWISE_BEZIER_KNOTS.);
#5537 = CARTESIAN_POINT('',(0.,-0.4));
#5538 = CARTESIAN_POINT('',(0.5,-0.4));
#5539 = CARTESIAN_POINT('',(1.,-0.4));
#5540 = ( GEOMETRIC_REPRESENTATION_CONTEXT(2) 
PARAMETRIC_REPRESENTATION_CONTEXT() REPRESENTATION_CONTEXT('2D SPACE',''
  ) );
#5541 = ORIENTED_EDGE('',*,*,#5542,.T.);
#5542 = EDGE_CURVE('',#5514,#5543,#5545,.T.);
#5543 = VERTEX_POINT('',#5544);
#5544 = CARTESIAN_POINT('',(-1.392982928918,-2.774847198008,2.2000001));
#5545 = SURFACE_CURVE('',#5546,(#5553,#5563),.PCURVE_S1.);
#5546 = B_SPLINE_CURVE_WITH_KNOTS('',5,(#5547,#5548,#5549,#5550,#5551,
    #5552),.UNSPECIFIED.,.F.,.F.,(6,6),(0.,0.980474980224),
  .PIECEWISE_BEZIER_KNOTS.);
#5547 = CARTESIAN_POINT('',(-0.816181641156,-3.157102754303,2.2000001));
#5548 = CARTESIAN_POINT('',(-0.954762526457,-3.101261046938,2.2000001));
#5549 = CARTESIAN_POINT('',(-1.081475458048,-3.035058853429,2.2000001));
#5550 = CARTESIAN_POINT('',(-1.196496858149,-2.958640162289,2.2000001));
#5551 = CARTESIAN_POINT('',(-1.300244528937,-2.871998289946,2.2000001));
#5552 = CARTESIAN_POINT('',(-1.392982928918,-2.774847198008,2.2000001));
#5553 = PCURVE('',#72,#5554);
#5554 = DEFINITIONAL_REPRESENTATION('',(#5555),#5562);
#5555 = B_SPLINE_CURVE_WITH_KNOTS('',5,(#5556,#5557,#5558,#5559,#5560,
    #5561),.UNSPECIFIED.,.F.,.F.,(6,6),(0.,0.980474980224),
  .PIECEWISE_BEZIER_KNOTS.);
#5556 = CARTESIAN_POINT('',(0.816181641156,-3.197731861776));
#5557 = CARTESIAN_POINT('',(0.954762526457,-3.141890154411));
#5558 = CARTESIAN_POINT('',(1.081475458048,-3.075687960903));
#5559 = CARTESIAN_POINT('',(1.196496858149,-2.999269269763));
#5560 = CARTESIAN_POINT('',(1.300244528937,-2.912627397419));
#5561 = CARTESIAN_POINT('',(1.392982928918,-2.815476305481));
#5562 = ( GEOMETRIC_REPRESENTATION_CONTEXT(2) 
PARAMETRIC_REPRESENTATION_CONTEXT() REPRESENTATION_CONTEXT('2D SPACE',''
  ) );
#5563 = PCURVE('',#3275,#5564);
#5564 = DEFINITIONAL_REPRESENTATION('',(#5565),#5569);
#5565 = B_SPLINE_CURVE_WITH_KNOTS('',2,(#5566,#5567,#5568),
  .UNSPECIFIED.,.F.,.F.,(3,3),(0.,0.980474980224),
  .PIECEWISE_BEZIER_KNOTS.);
#5566 = CARTESIAN_POINT('',(-2.178430344341E-16,-0.4));
#5567 = CARTESIAN_POINT('',(0.490237490112,-0.4));
#5568 = CARTESIAN_POINT('',(0.980474980224,-0.4));
#5569 = ( GEOMETRIC_REPRESENTATION_CONTEXT(2) 
PARAMETRIC_REPRESENTATION_CONTEXT() REPRESENTATION_CONTEXT('2D SPACE',''
  ) );
#5570 = ORIENTED_EDGE('',*,*,#5571,.T.);
#5571 = EDGE_CURVE('',#5543,#5572,#5574,.T.);
#5572 = VERTEX_POINT('',#5573);
#5573 = CARTESIAN_POINT('',(-1.40217317792,-2.76513224567,2.2000001));
#5574 = SURFACE_CURVE('',#5575,(#5580,#5588),.PCURVE_S1.);
#5575 = B_SPLINE_CURVE_WITH_KNOTS('',3,(#5576,#5577,#5578,#5579),
  .UNSPECIFIED.,.F.,.F.,(4,4),(0.980474980224,1.),
  .PIECEWISE_BEZIER_KNOTS.);
#5576 = CARTESIAN_POINT('',(-1.392982928928,-2.774847198016,2.2000001));
#5577 = CARTESIAN_POINT('',(-1.396060891337,-2.771622779507,2.2000001));
#5578 = CARTESIAN_POINT('',(-1.399124300996,-2.768384469245,2.2000001));
#5579 = CARTESIAN_POINT('',(-1.402173177929,-2.765132245679,2.2000001));
#5580 = PCURVE('',#72,#5581);
#5581 = DEFINITIONAL_REPRESENTATION('',(#5582),#5587);
#5582 = B_SPLINE_CURVE_WITH_KNOTS('',3,(#5583,#5584,#5585,#5586),
  .UNSPECIFIED.,.F.,.F.,(4,4),(0.980474980224,1.),
  .PIECEWISE_BEZIER_KNOTS.);
#5583 = CARTESIAN_POINT('',(1.392982928928,-2.81547630549));
#5584 = CARTESIAN_POINT('',(1.396060891337,-2.81225188698));
#5585 = CARTESIAN_POINT('',(1.399124300996,-2.809013576718));
#5586 = CARTESIAN_POINT('',(1.402173177929,-2.805761353152));
#5587 = ( GEOMETRIC_REPRESENTATION_CONTEXT(2) 
PARAMETRIC_REPRESENTATION_CONTEXT() REPRESENTATION_CONTEXT('2D SPACE',''
  ) );
#5588 = PCURVE('',#3313,#5589);
#5589 = DEFINITIONAL_REPRESENTATION('',(#5590),#5594);
#5590 = B_SPLINE_CURVE_WITH_KNOTS('',2,(#5591,#5592,#5593),
  .UNSPECIFIED.,.F.,.F.,(3,3),(0.980474980224,1.),
  .PIECEWISE_BEZIER_KNOTS.);
#5591 = CARTESIAN_POINT('',(0.980474980224,-0.4));
#5592 = CARTESIAN_POINT('',(0.990237490112,-0.4));
#5593 = CARTESIAN_POINT('',(1.,-0.4));
#5594 = ( GEOMETRIC_REPRESENTATION_CONTEXT(2) 
PARAMETRIC_REPRESENTATION_CONTEXT() REPRESENTATION_CONTEXT('2D SPACE',''
  ) );
#5595 = ORIENTED_EDGE('',*,*,#5596,.T.);
#5596 = EDGE_CURVE('',#5572,#5597,#5599,.T.);
#5597 = VERTEX_POINT('',#5598);
#5598 = CARTESIAN_POINT('',(-1.418072778818,-2.747907498676,2.2000001));
#5599 = SURFACE_CURVE('',#5600,(#5605,#5613),.PCURVE_S1.);
#5600 = B_SPLINE_CURVE_WITH_KNOTS('',3,(#5601,#5602,#5603,#5604),
  .UNSPECIFIED.,.F.,.F.,(4,4),(0.,3.418508559325E-02),
  .PIECEWISE_BEZIER_KNOTS.);
#5601 = CARTESIAN_POINT('',(-1.402173177995,-2.765132245746,2.2000001));
#5602 = CARTESIAN_POINT('',(-1.407517776618,-2.759431185485,2.2000001));
#5603 = CARTESIAN_POINT('',(-1.412817609689,-2.753689638754,2.2000001));
#5604 = CARTESIAN_POINT('',(-1.418072778894,-2.74790749875,2.2000001));
#5605 = PCURVE('',#72,#5606);
#5606 = DEFINITIONAL_REPRESENTATION('',(#5607),#5612);
#5607 = B_SPLINE_CURVE_WITH_KNOTS('',3,(#5608,#5609,#5610,#5611),
  .UNSPECIFIED.,.F.,.F.,(4,4),(0.,3.418508559325E-02),
  .PIECEWISE_BEZIER_KNOTS.);
#5608 = CARTESIAN_POINT('',(1.402173177996,-2.805761353219));
#5609 = CARTESIAN_POINT('',(1.407517776618,-2.800060292959));
#5610 = CARTESIAN_POINT('',(1.412817609689,-2.794318746227));
#5611 = CARTESIAN_POINT('',(1.418072778894,-2.788536606224));
#5612 = ( GEOMETRIC_REPRESENTATION_CONTEXT(2) 
PARAMETRIC_REPRESENTATION_CONTEXT() REPRESENTATION_CONTEXT('2D SPACE',''
  ) );
#5613 = PCURVE('',#3347,#5614);
#5614 = DEFINITIONAL_REPRESENTATION('',(#5615),#5619);
#5615 = B_SPLINE_CURVE_WITH_KNOTS('',2,(#5616,#5617,#5618),
  .UNSPECIFIED.,.F.,.F.,(3,3),(4.810530353903E-12,3.418508559325E-02),
  .PIECEWISE_BEZIER_KNOTS.);
#5616 = CARTESIAN_POINT('',(4.810057925559E-12,-0.4));
#5617 = CARTESIAN_POINT('',(1.709254279903E-02,-0.4));
#5618 = CARTESIAN_POINT('',(3.418508559325E-02,-0.4));
#5619 = ( GEOMETRIC_REPRESENTATION_CONTEXT(2) 
PARAMETRIC_REPRESENTATION_CONTEXT() REPRESENTATION_CONTEXT('2D SPACE',''
  ) );
#5620 = ORIENTED_EDGE('',*,*,#5621,.T.);
#5621 = EDGE_CURVE('',#5597,#5622,#5624,.T.);
#5622 = VERTEX_POINT('',#5623);
#5623 = CARTESIAN_POINT('',(-1.757798805154,-2.157830428828,2.2000001));
#5624 = SURFACE_CURVE('',#5625,(#5632,#5642),.PCURVE_S1.);
#5625 = B_SPLINE_CURVE_WITH_KNOTS('',5,(#5626,#5627,#5628,#5629,#5630,
    #5631),.UNSPECIFIED.,.F.,.F.,(6,6),(3.418508559325E-02,1.),
  .PIECEWISE_BEZIER_KNOTS.);
#5626 = CARTESIAN_POINT('',(-1.418072778818,-2.747907498676,2.2000001));
#5627 = CARTESIAN_POINT('',(-1.507155848408,-2.649891469523,2.2000001));
#5628 = CARTESIAN_POINT('',(-1.585543493158,-2.542154772402,2.2000001));
#5629 = CARTESIAN_POINT('',(-1.653472614857,-2.42444497928,2.2000001));
#5630 = CARTESIAN_POINT('',(-1.710935537691,-2.296390484601,2.2000001));
#5631 = CARTESIAN_POINT('',(-1.757798805154,-2.157830428828,2.2000001));
#5632 = PCURVE('',#72,#5633);
#5633 = DEFINITIONAL_REPRESENTATION('',(#5634),#5641);
#5634 = B_SPLINE_CURVE_WITH_KNOTS('',5,(#5635,#5636,#5637,#5638,#5639,
    #5640),.UNSPECIFIED.,.F.,.F.,(6,6),(3.418508559325E-02,1.),
  .PIECEWISE_BEZIER_KNOTS.);
#5635 = CARTESIAN_POINT('',(1.418072778818,-2.78853660615));
#5636 = CARTESIAN_POINT('',(1.507155848408,-2.690520576996));
#5637 = CARTESIAN_POINT('',(1.585543493158,-2.582783879876));
#5638 = CARTESIAN_POINT('',(1.653472614857,-2.465074086753));
#5639 = CARTESIAN_POINT('',(1.710935537691,-2.337019592074));
#5640 = CARTESIAN_POINT('',(1.757798805154,-2.198459536302));
#5641 = ( GEOMETRIC_REPRESENTATION_CONTEXT(2) 
PARAMETRIC_REPRESENTATION_CONTEXT() REPRESENTATION_CONTEXT('2D SPACE',''
  ) );
#5642 = PCURVE('',#3385,#5643);
#5643 = DEFINITIONAL_REPRESENTATION('',(#5644),#5648);
#5644 = B_SPLINE_CURVE_WITH_KNOTS('',2,(#5645,#5646,#5647),
  .UNSPECIFIED.,.F.,.F.,(3,3),(3.418508559325E-02,1.),
  .PIECEWISE_BEZIER_KNOTS.);
#5645 = CARTESIAN_POINT('',(3.418508559325E-02,-0.4));
#5646 = CARTESIAN_POINT('',(0.517092542797,-0.4));
#5647 = CARTESIAN_POINT('',(1.,-0.4));
#5648 = ( GEOMETRIC_REPRESENTATION_CONTEXT(2) 
PARAMETRIC_REPRESENTATION_CONTEXT() REPRESENTATION_CONTEXT('2D SPACE',''
  ) );
#5649 = ORIENTED_EDGE('',*,*,#5650,.T.);
#5650 = EDGE_CURVE('',#5622,#3477,#5651,.T.);
#5651 = SURFACE_CURVE('',#5652,(#5659,#5669),.PCURVE_S1.);
#5652 = B_SPLINE_CURVE_WITH_KNOTS('',5,(#5653,#5654,#5655,#5656,#5657,
    #5658),.UNSPECIFIED.,.F.,.F.,(6,6),(0.,1.),
  .PIECEWISE_BEZIER_KNOTS.);
#5653 = CARTESIAN_POINT('',(-1.757798805154,-2.157830428828,2.2000001));
#5654 = CARTESIAN_POINT('',(-1.806074307652,-2.015094834818,2.2000001));
#5655 = CARTESIAN_POINT('',(-1.840332385595,-1.863518582605,2.2000001));
#5656 = CARTESIAN_POINT('',(-1.860535596949,-1.70277793479,2.2000001));
#5657 = CARTESIAN_POINT('',(-1.866446924761,-1.532726573526,2.2000001));
#5658 = CARTESIAN_POINT('',(-1.857911827773,-1.353364429494,2.2000001));
#5659 = PCURVE('',#72,#5660);
#5660 = DEFINITIONAL_REPRESENTATION('',(#5661),#5668);
#5661 = B_SPLINE_CURVE_WITH_KNOTS('',5,(#5662,#5663,#5664,#5665,#5666,
    #5667),.UNSPECIFIED.,.F.,.F.,(6,6),(0.,1.),
  .PIECEWISE_BEZIER_KNOTS.);
#5662 = CARTESIAN_POINT('',(1.757798805154,-2.198459536302));
#5663 = CARTESIAN_POINT('',(1.806074307652,-2.055723942291));
#5664 = CARTESIAN_POINT('',(1.840332385595,-1.904147690079));
#5665 = CARTESIAN_POINT('',(1.860535596949,-1.743407042263));
#5666 = CARTESIAN_POINT('',(1.866446924761,-1.573355680999));
#5667 = CARTESIAN_POINT('',(1.857911827773,-1.393993536968));
#5668 = ( GEOMETRIC_REPRESENTATION_CONTEXT(2) 
PARAMETRIC_REPRESENTATION_CONTEXT() REPRESENTATION_CONTEXT('2D SPACE',''
  ) );
#5669 = PCURVE('',#3425,#5670);
#5670 = DEFINITIONAL_REPRESENTATION('',(#5671),#5675);
#5671 = B_SPLINE_CURVE_WITH_KNOTS('',2,(#5672,#5673,#5674),
  .UNSPECIFIED.,.F.,.F.,(3,3),(0.,1.),.PIECEWISE_BEZIER_KNOTS.);
#5672 = CARTESIAN_POINT('',(0.,-0.4));
#5673 = CARTESIAN_POINT('',(0.5,-0.4));
#5674 = CARTESIAN_POINT('',(1.,-0.4));
#5675 = ( GEOMETRIC_REPRESENTATION_CONTEXT(2) 
PARAMETRIC_REPRESENTATION_CONTEXT() REPRESENTATION_CONTEXT('2D SPACE',''
  ) );
#5676 = ADVANCED_FACE('',(#5677),#159,.T.);
#5677 = FACE_BOUND('',#5678,.T.);
#5678 = EDGE_LOOP('',(#5679,#5680,#5681,#5682));
#5679 = ORIENTED_EDGE('',*,*,#241,.T.);
#5680 = ORIENTED_EDGE('',*,*,#3450,.T.);
#5681 = ORIENTED_EDGE('',*,*,#141,.F.);
#5682 = ORIENTED_EDGE('',*,*,#290,.F.);
#5683 = ADVANCED_FACE('',(#5684),#332,.F.);
#5684 = FACE_BOUND('',#5685,.F.);
#5685 = EDGE_LOOP('',(#5686,#5705,#5706,#5726));
#5686 = ORIENTED_EDGE('',*,*,#5687,.T.);
#5687 = EDGE_CURVE('',#315,#3475,#5688,.T.);
#5688 = SURFACE_CURVE('',#5689,(#5692,#5699),.PCURVE_S1.);
#5689 = B_SPLINE_CURVE_WITH_KNOTS('',1,(#5690,#5691),.UNSPECIFIED.,.F.,
  .F.,(2,2),(0.,0.4),.PIECEWISE_BEZIER_KNOTS.);
#5690 = CARTESIAN_POINT('',(-1.937821404851,-1.269561865724,1.8000001));
#5691 = CARTESIAN_POINT('',(-1.937821404851,-1.269561865724,2.2000001));
#5692 = PCURVE('',#332,#5693);
#5693 = DEFINITIONAL_REPRESENTATION('',(#5694),#5698);
#5694 = B_SPLINE_CURVE_WITH_KNOTS('',2,(#5695,#5696,#5697),
  .UNSPECIFIED.,.F.,.F.,(3,3),(0.,0.4),.PIECEWISE_BEZIER_KNOTS.);
#5695 = CARTESIAN_POINT('',(1.570796326795,-2.22044604925E-16));
#5696 = CARTESIAN_POINT('',(1.570796326795,-0.2));
#5697 = CARTESIAN_POINT('',(1.570796326795,-0.4));
#5698 = ( GEOMETRIC_REPRESENTATION_CONTEXT(2) 
PARAMETRIC_REPRESENTATION_CONTEXT() REPRESENTATION_CONTEXT('2D SPACE',''
  ) );
#5699 = PCURVE('',#360,#5700);
#5700 = DEFINITIONAL_REPRESENTATION('',(#5701),#5704);
#5701 = B_SPLINE_CURVE_WITH_KNOTS('',1,(#5702,#5703),.UNSPECIFIED.,.F.,
  .F.,(2,2),(0.,0.4),.PIECEWISE_BEZIER_KNOTS.);
#5702 = CARTESIAN_POINT('',(0.,0.));
#5703 = CARTESIAN_POINT('',(0.,-0.4));
#5704 = ( GEOMETRIC_REPRESENTATION_CONTEXT(2) 
PARAMETRIC_REPRESENTATION_CONTEXT() REPRESENTATION_CONTEXT('2D SPACE',''
  ) );
#5705 = ORIENTED_EDGE('',*,*,#3474,.T.);
#5706 = ORIENTED_EDGE('',*,*,#5707,.F.);
#5707 = EDGE_CURVE('',#317,#3477,#5708,.T.);
#5708 = SURFACE_CURVE('',#5709,(#5712,#5719),.PCURVE_S1.);
#5709 = B_SPLINE_CURVE_WITH_KNOTS('',1,(#5710,#5711),.UNSPECIFIED.,.F.,
  .F.,(2,2),(0.,0.4),.PIECEWISE_BEZIER_KNOTS.);
#5710 = CARTESIAN_POINT('',(-1.857911827773,-1.353364429494,1.8000001));
#5711 = CARTESIAN_POINT('',(-1.857911827773,-1.353364429494,2.2000001));
#5712 = PCURVE('',#332,#5713);
#5713 = DEFINITIONAL_REPRESENTATION('',(#5714),#5718);
#5714 = B_SPLINE_CURVE_WITH_KNOTS('',2,(#5715,#5716,#5717),
  .UNSPECIFIED.,.F.,.F.,(3,3),(0.,0.4),.PIECEWISE_BEZIER_KNOTS.);
#5715 = CARTESIAN_POINT('',(3.189142617094,-2.22044604925E-16));
#5716 = CARTESIAN_POINT('',(3.189142617094,-0.2));
#5717 = CARTESIAN_POINT('',(3.189142617094,-0.4));
#5718 = ( GEOMETRIC_REPRESENTATION_CONTEXT(2) 
PARAMETRIC_REPRESENTATION_CONTEXT() REPRESENTATION_CONTEXT('2D SPACE',''
  ) );
#5719 = PCURVE('',#3425,#5720);
#5720 = DEFINITIONAL_REPRESENTATION('',(#5721),#5725);
#5721 = B_SPLINE_CURVE_WITH_KNOTS('',2,(#5722,#5723,#5724),
  .UNSPECIFIED.,.F.,.F.,(3,3),(0.,0.4),.PIECEWISE_BEZIER_KNOTS.);
#5722 = CARTESIAN_POINT('',(1.,2.22044604925E-16));
#5723 = CARTESIAN_POINT('',(1.,-0.2));
#5724 = CARTESIAN_POINT('',(1.,-0.4));
#5725 = ( GEOMETRIC_REPRESENTATION_CONTEXT(2) 
PARAMETRIC_REPRESENTATION_CONTEXT() REPRESENTATION_CONTEXT('2D SPACE',''
  ) );
#5726 = ORIENTED_EDGE('',*,*,#314,.F.);
#5727 = ADVANCED_FACE('',(#5728),#3425,.T.);
#5728 = FACE_BOUND('',#5729,.T.);
#5729 = EDGE_LOOP('',(#5730,#5750,#5751,#5752));
#5730 = ORIENTED_EDGE('',*,*,#5731,.T.);
#5731 = EDGE_CURVE('',#3364,#5622,#5732,.T.);
#5732 = SURFACE_CURVE('',#5733,(#5736,#5743),.PCURVE_S1.);
#5733 = B_SPLINE_CURVE_WITH_KNOTS('',1,(#5734,#5735),.UNSPECIFIED.,.F.,
  .F.,(2,2),(0.,0.4),.PIECEWISE_BEZIER_KNOTS.);
#5734 = CARTESIAN_POINT('',(-1.757798805154,-2.157830428828,1.8000001));
#5735 = CARTESIAN_POINT('',(-1.757798805154,-2.157830428828,2.2000001));
#5736 = PCURVE('',#3425,#5737);
#5737 = DEFINITIONAL_REPRESENTATION('',(#5738),#5742);
#5738 = B_SPLINE_CURVE_WITH_KNOTS('',2,(#5739,#5740,#5741),
  .UNSPECIFIED.,.F.,.F.,(3,3),(0.,0.4),.PIECEWISE_BEZIER_KNOTS.);
#5739 = CARTESIAN_POINT('',(-9.442677223458E-17,2.22044604925E-16));
#5740 = CARTESIAN_POINT('',(8.590984768009E-17,-0.2));
#5741 = CARTESIAN_POINT('',(-9.442677223458E-17,-0.4));
#5742 = ( GEOMETRIC_REPRESENTATION_CONTEXT(2) 
PARAMETRIC_REPRESENTATION_CONTEXT() REPRESENTATION_CONTEXT('2D SPACE',''
  ) );
#5743 = PCURVE('',#3385,#5744);
#5744 = DEFINITIONAL_REPRESENTATION('',(#5745),#5749);
#5745 = B_SPLINE_CURVE_WITH_KNOTS('',2,(#5746,#5747,#5748),
  .UNSPECIFIED.,.F.,.F.,(3,3),(0.,0.4),.PIECEWISE_BEZIER_KNOTS.);
#5746 = CARTESIAN_POINT('',(1.,-2.22044604925E-16));
#5747 = CARTESIAN_POINT('',(1.,-0.2));
#5748 = CARTESIAN_POINT('',(1.,-0.4));
#5749 = ( GEOMETRIC_REPRESENTATION_CONTEXT(2) 
PARAMETRIC_REPRESENTATION_CONTEXT() REPRESENTATION_CONTEXT('2D SPACE',''
  ) );
#5750 = ORIENTED_EDGE('',*,*,#5650,.T.);
#5751 = ORIENTED_EDGE('',*,*,#5707,.F.);
#5752 = ORIENTED_EDGE('',*,*,#3405,.F.);
#5753 = ADVANCED_FACE('',(#5754),#3385,.T.);
#5754 = FACE_BOUND('',#5755,.T.);
#5755 = EDGE_LOOP('',(#5756,#5776,#5777,#5778));
#5756 = ORIENTED_EDGE('',*,*,#5757,.T.);
#5757 = EDGE_CURVE('',#3330,#5597,#5758,.T.);
#5758 = SURFACE_CURVE('',#5759,(#5762,#5769),.PCURVE_S1.);
#5759 = B_SPLINE_CURVE_WITH_KNOTS('',1,(#5760,#5761),.UNSPECIFIED.,.F.,
  .F.,(2,2),(0.,0.4),.PIECEWISE_BEZIER_KNOTS.);
#5760 = CARTESIAN_POINT('',(-1.418072778818,-2.747907498676,1.8000001));
#5761 = CARTESIAN_POINT('',(-1.418072778818,-2.747907498676,2.2000001));
#5762 = PCURVE('',#3385,#5763);
#5763 = DEFINITIONAL_REPRESENTATION('',(#5764),#5768);
#5764 = B_SPLINE_CURVE_WITH_KNOTS('',2,(#5765,#5766,#5767),
  .UNSPECIFIED.,.F.,.F.,(3,3),(0.,0.4),.PIECEWISE_BEZIER_KNOTS.);
#5765 = CARTESIAN_POINT('',(3.418508559325E-02,-2.22044604925E-16));
#5766 = CARTESIAN_POINT('',(3.418508559325E-02,-0.2));
#5767 = CARTESIAN_POINT('',(3.418508559325E-02,-0.4));
#5768 = ( GEOMETRIC_REPRESENTATION_CONTEXT(2) 
PARAMETRIC_REPRESENTATION_CONTEXT() REPRESENTATION_CONTEXT('2D SPACE',''
  ) );
#5769 = PCURVE('',#3347,#5770);
#5770 = DEFINITIONAL_REPRESENTATION('',(#5771),#5775);
#5771 = B_SPLINE_CURVE_WITH_KNOTS('',2,(#5772,#5773,#5774),
  .UNSPECIFIED.,.F.,.F.,(3,3),(0.,0.4),.PIECEWISE_BEZIER_KNOTS.);
#5772 = CARTESIAN_POINT('',(3.418508559806E-02,-6.661338147188E-16));
#5773 = CARTESIAN_POINT('',(3.418508559806E-02,-0.2));
#5774 = CARTESIAN_POINT('',(3.418508559806E-02,-0.4));
#5775 = ( GEOMETRIC_REPRESENTATION_CONTEXT(2) 
PARAMETRIC_REPRESENTATION_CONTEXT() REPRESENTATION_CONTEXT('2D SPACE',''
  ) );
#5776 = ORIENTED_EDGE('',*,*,#5621,.T.);
#5777 = ORIENTED_EDGE('',*,*,#5731,.F.);
#5778 = ORIENTED_EDGE('',*,*,#3363,.F.);
#5779 = ADVANCED_FACE('',(#5780),#3347,.T.);
#5780 = FACE_BOUND('',#5781,.T.);
#5781 = EDGE_LOOP('',(#5782,#5802,#5803,#5804));
#5782 = ORIENTED_EDGE('',*,*,#5783,.T.);
#5783 = EDGE_CURVE('',#3296,#5572,#5784,.T.);
#5784 = SURFACE_CURVE('',#5785,(#5788,#5795),.PCURVE_S1.);
#5785 = B_SPLINE_CURVE_WITH_KNOTS('',1,(#5786,#5787),.UNSPECIFIED.,.F.,
  .F.,(2,2),(0.,0.4),.PIECEWISE_BEZIER_KNOTS.);
#5786 = CARTESIAN_POINT('',(-1.40217317792,-2.76513224567,1.8000001));
#5787 = CARTESIAN_POINT('',(-1.40217317792,-2.76513224567,2.2000001));
#5788 = PCURVE('',#3347,#5789);
#5789 = DEFINITIONAL_REPRESENTATION('',(#5790),#5794);
#5790 = B_SPLINE_CURVE_WITH_KNOTS('',2,(#5791,#5792,#5793),
  .UNSPECIFIED.,.F.,.F.,(3,3),(0.,0.4),.PIECEWISE_BEZIER_KNOTS.);
#5791 = CARTESIAN_POINT('',(4.811002782248E-12,-6.661338150188E-16));
#5792 = CARTESIAN_POINT('',(4.811002782248E-12,-0.2));
#5793 = CARTESIAN_POINT('',(4.811002782248E-12,-0.4));
#5794 = ( GEOMETRIC_REPRESENTATION_CONTEXT(2) 
PARAMETRIC_REPRESENTATION_CONTEXT() REPRESENTATION_CONTEXT('2D SPACE',''
  ) );
#5795 = PCURVE('',#3313,#5796);
#5796 = DEFINITIONAL_REPRESENTATION('',(#5797),#5801);
#5797 = B_SPLINE_CURVE_WITH_KNOTS('',2,(#5798,#5799,#5800),
  .UNSPECIFIED.,.F.,.F.,(3,3),(0.,0.4),.PIECEWISE_BEZIER_KNOTS.);
#5798 = CARTESIAN_POINT('',(1.,-2.220446049318E-16));
#5799 = CARTESIAN_POINT('',(1.,-0.2));
#5800 = CARTESIAN_POINT('',(1.,-0.4));
#5801 = ( GEOMETRIC_REPRESENTATION_CONTEXT(2) 
PARAMETRIC_REPRESENTATION_CONTEXT() REPRESENTATION_CONTEXT('2D SPACE',''
  ) );
#5802 = ORIENTED_EDGE('',*,*,#5596,.T.);
#5803 = ORIENTED_EDGE('',*,*,#5757,.F.);
#5804 = ORIENTED_EDGE('',*,*,#3329,.F.);
#5805 = ADVANCED_FACE('',(#5806),#3313,.T.);
#5806 = FACE_BOUND('',#5807,.T.);
#5807 = EDGE_LOOP('',(#5808,#5828,#5829,#5830));
#5808 = ORIENTED_EDGE('',*,*,#5809,.T.);
#5809 = EDGE_CURVE('',#3254,#5543,#5810,.T.);
#5810 = SURFACE_CURVE('',#5811,(#5814,#5821),.PCURVE_S1.);
#5811 = B_SPLINE_CURVE_WITH_KNOTS('',1,(#5812,#5813),.UNSPECIFIED.,.F.,
  .F.,(2,2),(0.,0.4),.PIECEWISE_BEZIER_KNOTS.);
#5812 = CARTESIAN_POINT('',(-1.392982928918,-2.774847198008,1.8000001));
#5813 = CARTESIAN_POINT('',(-1.392982928918,-2.774847198008,2.2000001));
#5814 = PCURVE('',#3313,#5815);
#5815 = DEFINITIONAL_REPRESENTATION('',(#5816),#5820);
#5816 = B_SPLINE_CURVE_WITH_KNOTS('',2,(#5817,#5818,#5819),
  .UNSPECIFIED.,.F.,.F.,(3,3),(0.,0.4),.PIECEWISE_BEZIER_KNOTS.);
#5817 = CARTESIAN_POINT('',(0.980474980224,-2.220446049631E-16));
#5818 = CARTESIAN_POINT('',(0.980474980224,-0.2));
#5819 = CARTESIAN_POINT('',(0.980474980224,-0.4));
#5820 = ( GEOMETRIC_REPRESENTATION_CONTEXT(2) 
PARAMETRIC_REPRESENTATION_CONTEXT() REPRESENTATION_CONTEXT('2D SPACE',''
  ) );
#5821 = PCURVE('',#3275,#5822);
#5822 = DEFINITIONAL_REPRESENTATION('',(#5823),#5827);
#5823 = B_SPLINE_CURVE_WITH_KNOTS('',2,(#5824,#5825,#5826),
  .UNSPECIFIED.,.F.,.F.,(3,3),(0.,0.4),.PIECEWISE_BEZIER_KNOTS.);
#5824 = CARTESIAN_POINT('',(0.980474980224,-2.22044604925E-16));
#5825 = CARTESIAN_POINT('',(0.980474980224,-0.2));
#5826 = CARTESIAN_POINT('',(0.980474980224,-0.4));
#5827 = ( GEOMETRIC_REPRESENTATION_CONTEXT(2) 
PARAMETRIC_REPRESENTATION_CONTEXT() REPRESENTATION_CONTEXT('2D SPACE',''
  ) );
#5828 = ORIENTED_EDGE('',*,*,#5571,.T.);
#5829 = ORIENTED_EDGE('',*,*,#5783,.F.);
#5830 = ORIENTED_EDGE('',*,*,#3295,.F.);
#5831 = ADVANCED_FACE('',(#5832),#3275,.T.);
#5832 = FACE_BOUND('',#5833,.T.);
#5833 = EDGE_LOOP('',(#5834,#5854,#5855,#5856));
#5834 = ORIENTED_EDGE('',*,*,#5835,.T.);
#5835 = EDGE_CURVE('',#3212,#5514,#5836,.T.);
#5836 = SURFACE_CURVE('',#5837,(#5840,#5847),.PCURVE_S1.);
#5837 = B_SPLINE_CURVE_WITH_KNOTS('',1,(#5838,#5839),.UNSPECIFIED.,.F.,
  .F.,(2,2),(0.,0.4),.PIECEWISE_BEZIER_KNOTS.);
#5838 = CARTESIAN_POINT('',(-0.816181641156,-3.157102754303,1.8000001));
#5839 = CARTESIAN_POINT('',(-0.816181641156,-3.157102754303,2.2000001));
#5840 = PCURVE('',#3275,#5841);
#5841 = DEFINITIONAL_REPRESENTATION('',(#5842),#5846);
#5842 = B_SPLINE_CURVE_WITH_KNOTS('',2,(#5843,#5844,#5845),
  .UNSPECIFIED.,.F.,.F.,(3,3),(0.,0.4),.PIECEWISE_BEZIER_KNOTS.);
#5843 = CARTESIAN_POINT('',(-2.178430344341E-16,-2.22044604925E-16));
#5844 = CARTESIAN_POINT('',(-2.178430344341E-16,-0.2));
#5845 = CARTESIAN_POINT('',(-2.178430344341E-16,-0.4));
#5846 = ( GEOMETRIC_REPRESENTATION_CONTEXT(2) 
PARAMETRIC_REPRESENTATION_CONTEXT() REPRESENTATION_CONTEXT('2D SPACE',''
  ) );
#5847 = PCURVE('',#3233,#5848);
#5848 = DEFINITIONAL_REPRESENTATION('',(#5849),#5853);
#5849 = B_SPLINE_CURVE_WITH_KNOTS('',2,(#5850,#5851,#5852),
  .UNSPECIFIED.,.F.,.F.,(3,3),(0.,0.4),.PIECEWISE_BEZIER_KNOTS.);
#5850 = CARTESIAN_POINT('',(1.,2.22044604925E-16));
#5851 = CARTESIAN_POINT('',(1.,-0.2));
#5852 = CARTESIAN_POINT('',(1.,-0.4));
#5853 = ( GEOMETRIC_REPRESENTATION_CONTEXT(2) 
PARAMETRIC_REPRESENTATION_CONTEXT() REPRESENTATION_CONTEXT('2D SPACE',''
  ) );
#5854 = ORIENTED_EDGE('',*,*,#5542,.T.);
#5855 = ORIENTED_EDGE('',*,*,#5809,.F.);
#5856 = ORIENTED_EDGE('',*,*,#3253,.F.);
#5857 = ADVANCED_FACE('',(#5858),#3233,.T.);
#5858 = FACE_BOUND('',#5859,.T.);
#5859 = EDGE_LOOP('',(#5860,#5880,#5881,#5882));
#5860 = ORIENTED_EDGE('',*,*,#5861,.T.);
#5861 = EDGE_CURVE('',#3170,#5485,#5862,.T.);
#5862 = SURFACE_CURVE('',#5863,(#5866,#5873),.PCURVE_S1.);
#5863 = B_SPLINE_CURVE_WITH_KNOTS('',1,(#5864,#5865),.UNSPECIFIED.,.F.,
  .F.,(2,2),(0.,0.4),.PIECEWISE_BEZIER_KNOTS.);
#5864 = CARTESIAN_POINT('',(-1.768256929901E-02,-3.29942292045,1.8000001
    ));
#5865 = CARTESIAN_POINT('',(-1.768256929901E-02,-3.29942292045,2.2000001
    ));
#5866 = PCURVE('',#3233,#5867);
#5867 = DEFINITIONAL_REPRESENTATION('',(#5868),#5872);
#5868 = B_SPLINE_CURVE_WITH_KNOTS('',2,(#5869,#5870,#5871),
  .UNSPECIFIED.,.F.,.F.,(3,3),(0.,0.4),.PIECEWISE_BEZIER_KNOTS.);
#5869 = CARTESIAN_POINT('',(-6.195964982025E-17,2.22044604925E-16));
#5870 = CARTESIAN_POINT('',(5.637113238548E-17,-0.2));
#5871 = CARTESIAN_POINT('',(-6.195964982025E-17,-0.4));
#5872 = ( GEOMETRIC_REPRESENTATION_CONTEXT(2) 
PARAMETRIC_REPRESENTATION_CONTEXT() REPRESENTATION_CONTEXT('2D SPACE',''
  ) );
#5873 = PCURVE('',#3191,#5874);
#5874 = DEFINITIONAL_REPRESENTATION('',(#5875),#5879);
#5875 = B_SPLINE_CURVE_WITH_KNOTS('',2,(#5876,#5877,#5878),
  .UNSPECIFIED.,.F.,.F.,(3,3),(0.,0.4),.PIECEWISE_BEZIER_KNOTS.);
#5876 = CARTESIAN_POINT('',(1.,-2.22044604925E-16));
#5877 = CARTESIAN_POINT('',(1.,-0.2));
#5878 = CARTESIAN_POINT('',(1.,-0.4));
#5879 = ( GEOMETRIC_REPRESENTATION_CONTEXT(2) 
PARAMETRIC_REPRESENTATION_CONTEXT() REPRESENTATION_CONTEXT('2D SPACE',''
  ) );
#5880 = ORIENTED_EDGE('',*,*,#5513,.T.);
#5881 = ORIENTED_EDGE('',*,*,#5835,.F.);
#5882 = ORIENTED_EDGE('',*,*,#3211,.F.);
#5883 = ADVANCED_FACE('',(#5884),#3191,.T.);
#5884 = FACE_BOUND('',#5885,.T.);
#5885 = EDGE_LOOP('',(#5886,#5906,#5907,#5908));
#5886 = ORIENTED_EDGE('',*,*,#5887,.T.);
#5887 = EDGE_CURVE('',#3136,#5460,#5888,.T.);
#5888 = SURFACE_CURVE('',#5889,(#5892,#5899),.PCURVE_S1.);
#5889 = B_SPLINE_CURVE_WITH_KNOTS('',1,(#5890,#5891),.UNSPECIFIED.,.F.,
  .F.,(2,2),(0.,0.4),.PIECEWISE_BEZIER_KNOTS.);
#5890 = CARTESIAN_POINT('',(0.668598627989,-3.200997603949,1.8000001));
#5891 = CARTESIAN_POINT('',(0.668598627989,-3.200997603949,2.2000001));
#5892 = PCURVE('',#3191,#5893);
#5893 = DEFINITIONAL_REPRESENTATION('',(#5894),#5898);
#5894 = B_SPLINE_CURVE_WITH_KNOTS('',2,(#5895,#5896,#5897),
  .UNSPECIFIED.,.F.,.F.,(3,3),(0.,0.4),.PIECEWISE_BEZIER_KNOTS.);
#5895 = CARTESIAN_POINT('',(3.678451472931E-02,-2.22044604925E-16));
#5896 = CARTESIAN_POINT('',(3.678451472931E-02,-0.2));
#5897 = CARTESIAN_POINT('',(3.678451472931E-02,-0.4));
#5898 = ( GEOMETRIC_REPRESENTATION_CONTEXT(2) 
PARAMETRIC_REPRESENTATION_CONTEXT() REPRESENTATION_CONTEXT('2D SPACE',''
  ) );
#5899 = PCURVE('',#3153,#5900);
#5900 = DEFINITIONAL_REPRESENTATION('',(#5901),#5905);
#5901 = B_SPLINE_CURVE_WITH_KNOTS('',2,(#5902,#5903,#5904),
  .UNSPECIFIED.,.F.,.F.,(3,3),(0.,0.4),.PIECEWISE_BEZIER_KNOTS.);
#5902 = CARTESIAN_POINT('',(3.678451473035E-02,-6.661338147638E-16));
#5903 = CARTESIAN_POINT('',(3.678451473035E-02,-0.2));
#5904 = CARTESIAN_POINT('',(3.678451473035E-02,-0.4));
#5905 = ( GEOMETRIC_REPRESENTATION_CONTEXT(2) 
PARAMETRIC_REPRESENTATION_CONTEXT() REPRESENTATION_CONTEXT('2D SPACE',''
  ) );
#5906 = ORIENTED_EDGE('',*,*,#5484,.T.);
#5907 = ORIENTED_EDGE('',*,*,#5861,.F.);
#5908 = ORIENTED_EDGE('',*,*,#3169,.F.);
#5909 = ADVANCED_FACE('',(#5910),#3153,.T.);
#5910 = FACE_BOUND('',#5911,.T.);
#5911 = EDGE_LOOP('',(#5912,#5932,#5933,#5934));
#5912 = ORIENTED_EDGE('',*,*,#5913,.T.);
#5913 = EDGE_CURVE('',#3094,#5431,#5914,.T.);
#5914 = SURFACE_CURVE('',#5915,(#5918,#5925),.PCURVE_S1.);
#5915 = B_SPLINE_CURVE_WITH_KNOTS('',1,(#5916,#5917),.UNSPECIFIED.,.F.,
  .F.,(2,2),(0.,0.4),.PIECEWISE_BEZIER_KNOTS.);
#5916 = CARTESIAN_POINT('',(0.693598092544,-3.193342233927,1.8000001));
#5917 = CARTESIAN_POINT('',(0.693598092544,-3.193342233927,2.2000001));
#5918 = PCURVE('',#3153,#5919);
#5919 = DEFINITIONAL_REPRESENTATION('',(#5920),#5924);
#5920 = B_SPLINE_CURVE_WITH_KNOTS('',2,(#5921,#5922,#5923),
  .UNSPECIFIED.,.F.,.F.,(3,3),(0.,0.4),.PIECEWISE_BEZIER_KNOTS.);
#5921 = CARTESIAN_POINT('',(1.040723108004E-12,-6.661338148241E-16));
#5922 = CARTESIAN_POINT('',(1.040723108004E-12,-0.2));
#5923 = CARTESIAN_POINT('',(1.040723108004E-12,-0.4));
#5924 = ( GEOMETRIC_REPRESENTATION_CONTEXT(2) 
PARAMETRIC_REPRESENTATION_CONTEXT() REPRESENTATION_CONTEXT('2D SPACE',''
  ) );
#5925 = PCURVE('',#3115,#5926);
#5926 = DEFINITIONAL_REPRESENTATION('',(#5927),#5931);
#5927 = B_SPLINE_CURVE_WITH_KNOTS('',2,(#5928,#5929,#5930),
  .UNSPECIFIED.,.F.,.F.,(3,3),(0.,0.4),.PIECEWISE_BEZIER_KNOTS.);
#5928 = CARTESIAN_POINT('',(1.,-2.22044604925E-16));
#5929 = CARTESIAN_POINT('',(1.,-0.2));
#5930 = CARTESIAN_POINT('',(1.,-0.4));
#5931 = ( GEOMETRIC_REPRESENTATION_CONTEXT(2) 
PARAMETRIC_REPRESENTATION_CONTEXT() REPRESENTATION_CONTEXT('2D SPACE',''
  ) );
#5932 = ORIENTED_EDGE('',*,*,#5459,.T.);
#5933 = ORIENTED_EDGE('',*,*,#5887,.F.);
#5934 = ORIENTED_EDGE('',*,*,#3135,.F.);
#5935 = ADVANCED_FACE('',(#5936),#3115,.T.);
#5936 = FACE_BOUND('',#5937,.T.);
#5937 = EDGE_LOOP('',(#5938,#5958,#5959,#5960));
#5938 = ORIENTED_EDGE('',*,*,#5939,.T.);
#5939 = EDGE_CURVE('',#3052,#5402,#5940,.T.);
#5940 = SURFACE_CURVE('',#5941,(#5944,#5951),.PCURVE_S1.);
#5941 = B_SPLINE_CURVE_WITH_KNOTS('',1,(#5942,#5943),.UNSPECIFIED.,.F.,
  .F.,(2,2),(0.,0.4),.PIECEWISE_BEZIER_KNOTS.);
#5942 = CARTESIAN_POINT('',(1.202824827509,-2.945522655041,1.8000001));
#5943 = CARTESIAN_POINT('',(1.202824827509,-2.945522655041,2.2000001));
#5944 = PCURVE('',#3115,#5945);
#5945 = DEFINITIONAL_REPRESENTATION('',(#5946),#5950);
#5946 = B_SPLINE_CURVE_WITH_KNOTS('',2,(#5947,#5948,#5949),
  .UNSPECIFIED.,.F.,.F.,(3,3),(0.,0.4),.PIECEWISE_BEZIER_KNOTS.);
#5947 = CARTESIAN_POINT('',(0.167725486664,-2.22044604925E-16));
#5948 = CARTESIAN_POINT('',(0.167725486664,-0.2));
#5949 = CARTESIAN_POINT('',(0.167725486664,-0.4));
#5950 = ( GEOMETRIC_REPRESENTATION_CONTEXT(2) 
PARAMETRIC_REPRESENTATION_CONTEXT() REPRESENTATION_CONTEXT('2D SPACE',''
  ) );
#5951 = PCURVE('',#3073,#5952);
#5952 = DEFINITIONAL_REPRESENTATION('',(#5953),#5957);
#5953 = B_SPLINE_CURVE_WITH_KNOTS('',2,(#5954,#5955,#5956),
  .UNSPECIFIED.,.F.,.F.,(3,3),(0.,0.4),.PIECEWISE_BEZIER_KNOTS.);
#5954 = CARTESIAN_POINT('',(0.167725486664,-2.22044604925E-16));
#5955 = CARTESIAN_POINT('',(0.167725486664,-0.2));
#5956 = CARTESIAN_POINT('',(0.167725486664,-0.4));
#5957 = ( GEOMETRIC_REPRESENTATION_CONTEXT(2) 
PARAMETRIC_REPRESENTATION_CONTEXT() REPRESENTATION_CONTEXT('2D SPACE',''
  ) );
#5958 = ORIENTED_EDGE('',*,*,#5430,.T.);
#5959 = ORIENTED_EDGE('',*,*,#5913,.F.);
#5960 = ORIENTED_EDGE('',*,*,#3093,.F.);
#5961 = ADVANCED_FACE('',(#5962),#3073,.T.);
#5962 = FACE_BOUND('',#5963,.T.);
#5963 = EDGE_LOOP('',(#5964,#5984,#5985,#5986));
#5964 = ORIENTED_EDGE('',*,*,#5965,.T.);
#5965 = EDGE_CURVE('',#3010,#5373,#5966,.T.);
#5966 = SURFACE_CURVE('',#5967,(#5970,#5977),.PCURVE_S1.);
#5967 = B_SPLINE_CURVE_WITH_KNOTS('',1,(#5968,#5969),.UNSPECIFIED.,.F.,
  .F.,(2,2),(0.,0.4),.PIECEWISE_BEZIER_KNOTS.);
#5968 = CARTESIAN_POINT('',(1.292904488033,-2.878064538997,1.8000001));
#5969 = CARTESIAN_POINT('',(1.292904488033,-2.878064538997,2.2000001));
#5970 = PCURVE('',#3073,#5971);
#5971 = DEFINITIONAL_REPRESENTATION('',(#5972),#5976);
#5972 = B_SPLINE_CURVE_WITH_KNOTS('',2,(#5973,#5974,#5975),
  .UNSPECIFIED.,.F.,.F.,(3,3),(0.,0.4),.PIECEWISE_BEZIER_KNOTS.);
#5973 = CARTESIAN_POINT('',(2.579692548897E-16,-2.22044604925E-16));
#5974 = CARTESIAN_POINT('',(5.083511787533E-16,-0.2));
#5975 = CARTESIAN_POINT('',(0.,-0.4));
#5976 = ( GEOMETRIC_REPRESENTATION_CONTEXT(2) 
PARAMETRIC_REPRESENTATION_CONTEXT() REPRESENTATION_CONTEXT('2D SPACE',''
  ) );
#5977 = PCURVE('',#3031,#5978);
#5978 = DEFINITIONAL_REPRESENTATION('',(#5979),#5983);
#5979 = B_SPLINE_CURVE_WITH_KNOTS('',2,(#5980,#5981,#5982),
  .UNSPECIFIED.,.F.,.F.,(3,3),(0.,0.4),.PIECEWISE_BEZIER_KNOTS.);
#5980 = CARTESIAN_POINT('',(1.,-6.661338147751E-16));
#5981 = CARTESIAN_POINT('',(1.,-0.2));
#5982 = CARTESIAN_POINT('',(1.,-0.4));
#5983 = ( GEOMETRIC_REPRESENTATION_CONTEXT(2) 
PARAMETRIC_REPRESENTATION_CONTEXT() REPRESENTATION_CONTEXT('2D SPACE',''
  ) );
#5984 = ORIENTED_EDGE('',*,*,#5401,.T.);
#5985 = ORIENTED_EDGE('',*,*,#5939,.F.);
#5986 = ORIENTED_EDGE('',*,*,#3051,.F.);
#5987 = ADVANCED_FACE('',(#5988),#3031,.T.);
#5988 = FACE_BOUND('',#5989,.T.);
#5989 = EDGE_LOOP('',(#5990,#6010,#6011,#6012));
#5990 = ORIENTED_EDGE('',*,*,#5991,.T.);
#5991 = EDGE_CURVE('',#2968,#5344,#5992,.T.);
#5992 = SURFACE_CURVE('',#5993,(#5996,#6003),.PCURVE_S1.);
#5993 = B_SPLINE_CURVE_WITH_KNOTS('',1,(#5994,#5995),.UNSPECIFIED.,.F.,
  .F.,(2,2),(0.,0.4),.PIECEWISE_BEZIER_KNOTS.);
#5994 = CARTESIAN_POINT('',(1.479240229719,-2.702440837463,1.8000001));
#5995 = CARTESIAN_POINT('',(1.479240229719,-2.702440837463,2.2000001));
#5996 = PCURVE('',#3031,#5997);
#5997 = DEFINITIONAL_REPRESENTATION('',(#5998),#6002);
#5998 = B_SPLINE_CURVE_WITH_KNOTS('',2,(#5999,#6000,#6001),
  .UNSPECIFIED.,.F.,.F.,(3,3),(0.,0.4),.PIECEWISE_BEZIER_KNOTS.);
#5999 = CARTESIAN_POINT('',(0.613114190511,-2.22044604925E-16));
#6000 = CARTESIAN_POINT('',(0.613114190511,-0.2));
#6001 = CARTESIAN_POINT('',(0.613114190511,-0.4));
#6002 = ( GEOMETRIC_REPRESENTATION_CONTEXT(2) 
PARAMETRIC_REPRESENTATION_CONTEXT() REPRESENTATION_CONTEXT('2D SPACE',''
  ) );
#6003 = PCURVE('',#2989,#6004);
#6004 = DEFINITIONAL_REPRESENTATION('',(#6005),#6009);
#6005 = B_SPLINE_CURVE_WITH_KNOTS('',2,(#6006,#6007,#6008),
  .UNSPECIFIED.,.F.,.F.,(3,3),(0.,0.4),.PIECEWISE_BEZIER_KNOTS.);
#6006 = CARTESIAN_POINT('',(0.613114190511,2.811332801674E-30));
#6007 = CARTESIAN_POINT('',(0.613114190511,-0.2));
#6008 = CARTESIAN_POINT('',(0.613114190511,-0.4));
#6009 = ( GEOMETRIC_REPRESENTATION_CONTEXT(2) 
PARAMETRIC_REPRESENTATION_CONTEXT() REPRESENTATION_CONTEXT('2D SPACE',''
  ) );
#6010 = ORIENTED_EDGE('',*,*,#5372,.T.);
#6011 = ORIENTED_EDGE('',*,*,#5965,.F.);
#6012 = ORIENTED_EDGE('',*,*,#3009,.F.);
#6013 = ADVANCED_FACE('',(#6014),#2989,.T.);
#6014 = FACE_BOUND('',#6015,.T.);
#6015 = EDGE_LOOP('',(#6016,#6036,#6037,#6038));
#6016 = ORIENTED_EDGE('',*,*,#6017,.T.);
#6017 = EDGE_CURVE('',#2926,#5315,#6018,.T.);
#6018 = SURFACE_CURVE('',#6019,(#6022,#6029),.PCURVE_S1.);
#6019 = B_SPLINE_CURVE_WITH_KNOTS('',1,(#6020,#6021),.UNSPECIFIED.,.F.,
  .F.,(2,2),(0.,0.4),.PIECEWISE_BEZIER_KNOTS.);
#6020 = CARTESIAN_POINT('',(1.710712062155,-2.366151074891,1.8000001));
#6021 = CARTESIAN_POINT('',(1.710712062155,-2.366151074891,2.2000001));
#6022 = PCURVE('',#2989,#6023);
#6023 = DEFINITIONAL_REPRESENTATION('',(#6024),#6028);
#6024 = B_SPLINE_CURVE_WITH_KNOTS('',2,(#6025,#6026,#6027),
  .UNSPECIFIED.,.F.,.F.,(3,3),(0.,0.4),.PIECEWISE_BEZIER_KNOTS.);
#6025 = CARTESIAN_POINT('',(-1.728595128097E-15,-2.22044604925E-16));
#6026 = CARTESIAN_POINT('',(-1.728595128097E-15,-0.2));
#6027 = CARTESIAN_POINT('',(-1.728595128097E-15,-0.4));
#6028 = ( GEOMETRIC_REPRESENTATION_CONTEXT(2) 
PARAMETRIC_REPRESENTATION_CONTEXT() REPRESENTATION_CONTEXT('2D SPACE',''
  ) );
#6029 = PCURVE('',#2947,#6030);
#6030 = DEFINITIONAL_REPRESENTATION('',(#6031),#6035);
#6031 = B_SPLINE_CURVE_WITH_KNOTS('',2,(#6032,#6033,#6034),
  .UNSPECIFIED.,.F.,.F.,(3,3),(0.,0.4),.PIECEWISE_BEZIER_KNOTS.);
#6032 = CARTESIAN_POINT('',(1.,2.22044604925E-16));
#6033 = CARTESIAN_POINT('',(1.,-0.2));
#6034 = CARTESIAN_POINT('',(1.,-0.4));
#6035 = ( GEOMETRIC_REPRESENTATION_CONTEXT(2) 
PARAMETRIC_REPRESENTATION_CONTEXT() REPRESENTATION_CONTEXT('2D SPACE',''
  ) );
#6036 = ORIENTED_EDGE('',*,*,#5343,.T.);
#6037 = ORIENTED_EDGE('',*,*,#5991,.F.);
#6038 = ORIENTED_EDGE('',*,*,#2967,.F.);
#6039 = ADVANCED_FACE('',(#6040),#2947,.T.);
#6040 = FACE_BOUND('',#6041,.T.);
#6041 = EDGE_LOOP('',(#6042,#6062,#6063,#6064));
#6042 = ORIENTED_EDGE('',*,*,#6043,.T.);
#6043 = EDGE_CURVE('',#2884,#5286,#6044,.T.);
#6044 = SURFACE_CURVE('',#6045,(#6048,#6055),.PCURVE_S1.);
#6045 = B_SPLINE_CURVE_WITH_KNOTS('',1,(#6046,#6047),.UNSPECIFIED.,.F.,
  .F.,(2,2),(0.,0.4),.PIECEWISE_BEZIER_KNOTS.);
#6046 = CARTESIAN_POINT('',(1.866352297296,-1.678728523247,1.8000001));
#6047 = CARTESIAN_POINT('',(1.866352297296,-1.678728523247,2.2000001));
#6048 = PCURVE('',#2947,#6049);
#6049 = DEFINITIONAL_REPRESENTATION('',(#6050),#6054);
#6050 = B_SPLINE_CURVE_WITH_KNOTS('',2,(#6051,#6052,#6053),
  .UNSPECIFIED.,.F.,.F.,(3,3),(0.,0.4),.PIECEWISE_BEZIER_KNOTS.);
#6051 = CARTESIAN_POINT('',(-2.848345018891E-16,2.22044604925E-16));
#6052 = CARTESIAN_POINT('',(2.591435468168E-16,-0.2));
#6053 = CARTESIAN_POINT('',(-2.848345018891E-16,-0.4));
#6054 = ( GEOMETRIC_REPRESENTATION_CONTEXT(2) 
PARAMETRIC_REPRESENTATION_CONTEXT() REPRESENTATION_CONTEXT('2D SPACE',''
  ) );
#6055 = PCURVE('',#2905,#6056);
#6056 = DEFINITIONAL_REPRESENTATION('',(#6057),#6061);
#6057 = B_SPLINE_CURVE_WITH_KNOTS('',2,(#6058,#6059,#6060),
  .UNSPECIFIED.,.F.,.F.,(3,3),(0.,0.4),.PIECEWISE_BEZIER_KNOTS.);
#6058 = CARTESIAN_POINT('',(1.,-2.22044604925E-16));
#6059 = CARTESIAN_POINT('',(1.,-0.2));
#6060 = CARTESIAN_POINT('',(1.,-0.4));
#6061 = ( GEOMETRIC_REPRESENTATION_CONTEXT(2) 
PARAMETRIC_REPRESENTATION_CONTEXT() REPRESENTATION_CONTEXT('2D SPACE',''
  ) );
#6062 = ORIENTED_EDGE('',*,*,#5314,.T.);
#6063 = ORIENTED_EDGE('',*,*,#6017,.F.);
#6064 = ORIENTED_EDGE('',*,*,#2925,.F.);
#6065 = ADVANCED_FACE('',(#6066),#2905,.T.);
#6066 = FACE_BOUND('',#6067,.T.);
#6067 = EDGE_LOOP('',(#6068,#6088,#6089,#6090));
#6068 = ORIENTED_EDGE('',*,*,#6069,.T.);
#6069 = EDGE_CURVE('',#2842,#5257,#6070,.T.);
#6070 = SURFACE_CURVE('',#6071,(#6074,#6081),.PCURVE_S1.);
#6071 = B_SPLINE_CURVE_WITH_KNOTS('',1,(#6072,#6073),.UNSPECIFIED.,.F.,
  .F.,(2,2),(0.,0.4),.PIECEWISE_BEZIER_KNOTS.);
#6072 = CARTESIAN_POINT('',(1.731390871945,-0.994259087368,1.8000001));
#6073 = CARTESIAN_POINT('',(1.731390871945,-0.994259087368,2.2000001));
#6074 = PCURVE('',#2905,#6075);
#6075 = DEFINITIONAL_REPRESENTATION('',(#6076),#6080);
#6076 = B_SPLINE_CURVE_WITH_KNOTS('',2,(#6077,#6078,#6079),
  .UNSPECIFIED.,.F.,.F.,(3,3),(0.,0.4),.PIECEWISE_BEZIER_KNOTS.);
#6077 = CARTESIAN_POINT('',(5.243184272614E-16,-2.22044604925E-16));
#6078 = CARTESIAN_POINT('',(5.243184272614E-16,-0.2));
#6079 = CARTESIAN_POINT('',(5.243184272614E-16,-0.4));
#6080 = ( GEOMETRIC_REPRESENTATION_CONTEXT(2) 
PARAMETRIC_REPRESENTATION_CONTEXT() REPRESENTATION_CONTEXT('2D SPACE',''
  ) );
#6081 = PCURVE('',#2863,#6082);
#6082 = DEFINITIONAL_REPRESENTATION('',(#6083),#6087);
#6083 = B_SPLINE_CURVE_WITH_KNOTS('',2,(#6084,#6085,#6086),
  .UNSPECIFIED.,.F.,.F.,(3,3),(0.,0.4),.PIECEWISE_BEZIER_KNOTS.);
#6084 = CARTESIAN_POINT('',(1.,2.22044604925E-16));
#6085 = CARTESIAN_POINT('',(1.,-0.2));
#6086 = CARTESIAN_POINT('',(1.,-0.4));
#6087 = ( GEOMETRIC_REPRESENTATION_CONTEXT(2) 
PARAMETRIC_REPRESENTATION_CONTEXT() REPRESENTATION_CONTEXT('2D SPACE',''
  ) );
#6088 = ORIENTED_EDGE('',*,*,#5285,.T.);
#6089 = ORIENTED_EDGE('',*,*,#6043,.F.);
#6090 = ORIENTED_EDGE('',*,*,#2883,.F.);
#6091 = ADVANCED_FACE('',(#6092),#2863,.T.);
#6092 = FACE_BOUND('',#6093,.T.);
#6093 = EDGE_LOOP('',(#6094,#6114,#6115,#6116));
#6094 = ORIENTED_EDGE('',*,*,#6095,.T.);
#6095 = EDGE_CURVE('',#2800,#5228,#6096,.T.);
#6096 = SURFACE_CURVE('',#6097,(#6100,#6107),.PCURVE_S1.);
#6097 = B_SPLINE_CURVE_WITH_KNOTS('',1,(#6098,#6099),.UNSPECIFIED.,.F.,
  .F.,(2,2),(0.,0.4),.PIECEWISE_BEZIER_KNOTS.);
#6098 = CARTESIAN_POINT('',(1.512850374166,-0.66346961904,1.8000001));
#6099 = CARTESIAN_POINT('',(1.512850374166,-0.66346961904,2.2000001));
#6100 = PCURVE('',#2863,#6101);
#6101 = DEFINITIONAL_REPRESENTATION('',(#6102),#6106);
#6102 = B_SPLINE_CURVE_WITH_KNOTS('',2,(#6103,#6104,#6105),
  .UNSPECIFIED.,.F.,.F.,(3,3),(0.,0.4),.PIECEWISE_BEZIER_KNOTS.);
#6103 = CARTESIAN_POINT('',(0.350896082543,2.220446049251E-16));
#6104 = CARTESIAN_POINT('',(0.350896082543,-0.2));
#6105 = CARTESIAN_POINT('',(0.350896082543,-0.4));
#6106 = ( GEOMETRIC_REPRESENTATION_CONTEXT(2) 
PARAMETRIC_REPRESENTATION_CONTEXT() REPRESENTATION_CONTEXT('2D SPACE',''
  ) );
#6107 = PCURVE('',#2821,#6108);
#6108 = DEFINITIONAL_REPRESENTATION('',(#6109),#6113);
#6109 = B_SPLINE_CURVE_WITH_KNOTS('',2,(#6110,#6111,#6112),
  .UNSPECIFIED.,.F.,.F.,(3,3),(0.,0.4),.PIECEWISE_BEZIER_KNOTS.);
#6110 = CARTESIAN_POINT('',(0.350896082543,2.22044604925E-16));
#6111 = CARTESIAN_POINT('',(0.350896082543,-0.2));
#6112 = CARTESIAN_POINT('',(0.350896082543,-0.4));
#6113 = ( GEOMETRIC_REPRESENTATION_CONTEXT(2) 
PARAMETRIC_REPRESENTATION_CONTEXT() REPRESENTATION_CONTEXT('2D SPACE',''
  ) );
#6114 = ORIENTED_EDGE('',*,*,#5256,.T.);
#6115 = ORIENTED_EDGE('',*,*,#6069,.F.);
#6116 = ORIENTED_EDGE('',*,*,#2841,.F.);
#6117 = ADVANCED_FACE('',(#6118),#2821,.T.);
#6118 = FACE_BOUND('',#6119,.T.);
#6119 = EDGE_LOOP('',(#6120,#6140,#6141,#6142));
#6120 = ORIENTED_EDGE('',*,*,#6121,.T.);
#6121 = EDGE_CURVE('',#2766,#5203,#6122,.T.);
#6122 = SURFACE_CURVE('',#6123,(#6126,#6133),.PCURVE_S1.);
#6123 = B_SPLINE_CURVE_WITH_KNOTS('',1,(#6124,#6125),.UNSPECIFIED.,.F.,
  .F.,(2,2),(0.,0.4),.PIECEWISE_BEZIER_KNOTS.);
#6124 = CARTESIAN_POINT('',(1.358581408933,-0.517671931316,1.8000001));
#6125 = CARTESIAN_POINT('',(1.358581408933,-0.517671931316,2.2000001));
#6126 = PCURVE('',#2821,#6127);
#6127 = DEFINITIONAL_REPRESENTATION('',(#6128),#6132);
#6128 = B_SPLINE_CURVE_WITH_KNOTS('',2,(#6129,#6130,#6131),
  .UNSPECIFIED.,.F.,.F.,(3,3),(0.,0.4),.PIECEWISE_BEZIER_KNOTS.);
#6129 = CARTESIAN_POINT('',(-1.137509570668E-16,2.22044604925E-16));
#6130 = CARTESIAN_POINT('',(1.034910668215E-16,-0.2));
#6131 = CARTESIAN_POINT('',(-1.137509570668E-16,-0.4));
#6132 = ( GEOMETRIC_REPRESENTATION_CONTEXT(2) 
PARAMETRIC_REPRESENTATION_CONTEXT() REPRESENTATION_CONTEXT('2D SPACE',''
  ) );
#6133 = PCURVE('',#2783,#6134);
#6134 = DEFINITIONAL_REPRESENTATION('',(#6135),#6139);
#6135 = B_SPLINE_CURVE_WITH_KNOTS('',2,(#6136,#6137,#6138),
  .UNSPECIFIED.,.F.,.F.,(3,3),(0.,0.4),.PIECEWISE_BEZIER_KNOTS.);
#6136 = CARTESIAN_POINT('',(1.,2.22044604895E-16));
#6137 = CARTESIAN_POINT('',(1.,-0.2));
#6138 = CARTESIAN_POINT('',(1.,-0.4));
#6139 = ( GEOMETRIC_REPRESENTATION_CONTEXT(2) 
PARAMETRIC_REPRESENTATION_CONTEXT() REPRESENTATION_CONTEXT('2D SPACE',''
  ) );
#6140 = ORIENTED_EDGE('',*,*,#5227,.T.);
#6141 = ORIENTED_EDGE('',*,*,#6095,.F.);
#6142 = ORIENTED_EDGE('',*,*,#2799,.F.);
#6143 = ADVANCED_FACE('',(#6144),#2783,.T.);
#6144 = FACE_BOUND('',#6145,.T.);
#6145 = EDGE_LOOP('',(#6146,#6166,#6167,#6168));
#6146 = ORIENTED_EDGE('',*,*,#6147,.T.);
#6147 = EDGE_CURVE('',#2724,#5174,#6148,.T.);
#6148 = SURFACE_CURVE('',#6149,(#6152,#6159),.PCURVE_S1.);
#6149 = B_SPLINE_CURVE_WITH_KNOTS('',1,(#6150,#6151),.UNSPECIFIED.,.F.,
  .F.,(2,2),(0.,0.4),.PIECEWISE_BEZIER_KNOTS.);
#6150 = CARTESIAN_POINT('',(1.347883582078,-0.509146670184,1.8000001));
#6151 = CARTESIAN_POINT('',(1.347883582078,-0.509146670184,2.2000001));
#6152 = PCURVE('',#2783,#6153);
#6153 = DEFINITIONAL_REPRESENTATION('',(#6154),#6158);
#6154 = B_SPLINE_CURVE_WITH_KNOTS('',2,(#6155,#6156,#6157),
  .UNSPECIFIED.,.F.,.F.,(3,3),(0.,0.4),.PIECEWISE_BEZIER_KNOTS.);
#6155 = CARTESIAN_POINT('',(0.977753922331,2.220446048787E-16));
#6156 = CARTESIAN_POINT('',(0.977753922331,-0.2));
#6157 = CARTESIAN_POINT('',(0.977753922331,-0.4));
#6158 = ( GEOMETRIC_REPRESENTATION_CONTEXT(2) 
PARAMETRIC_REPRESENTATION_CONTEXT() REPRESENTATION_CONTEXT('2D SPACE',''
  ) );
#6159 = PCURVE('',#2745,#6160);
#6160 = DEFINITIONAL_REPRESENTATION('',(#6161),#6165);
#6161 = B_SPLINE_CURVE_WITH_KNOTS('',2,(#6162,#6163,#6164),
  .UNSPECIFIED.,.F.,.F.,(3,3),(0.,0.4),.PIECEWISE_BEZIER_KNOTS.);
#6162 = CARTESIAN_POINT('',(0.977753922331,2.22044604925E-16));
#6163 = CARTESIAN_POINT('',(0.977753922331,-0.2));
#6164 = CARTESIAN_POINT('',(0.977753922331,-0.4));
#6165 = ( GEOMETRIC_REPRESENTATION_CONTEXT(2) 
PARAMETRIC_REPRESENTATION_CONTEXT() REPRESENTATION_CONTEXT('2D SPACE',''
  ) );
#6166 = ORIENTED_EDGE('',*,*,#5202,.T.);
#6167 = ORIENTED_EDGE('',*,*,#6121,.F.);
#6168 = ORIENTED_EDGE('',*,*,#2765,.F.);
#6169 = ADVANCED_FACE('',(#6170),#2745,.T.);
#6170 = FACE_BOUND('',#6171,.T.);
#6171 = EDGE_LOOP('',(#6172,#6192,#6193,#6194));
#6172 = ORIENTED_EDGE('',*,*,#6173,.T.);
#6173 = EDGE_CURVE('',#2682,#5145,#6174,.T.);
#6174 = SURFACE_CURVE('',#6175,(#6178,#6185),.PCURVE_S1.);
#6175 = B_SPLINE_CURVE_WITH_KNOTS('',1,(#6176,#6177),.UNSPECIFIED.,.F.,
  .F.,(2,2),(0.,0.4),.PIECEWISE_BEZIER_KNOTS.);
#6176 = CARTESIAN_POINT('',(0.799061302329,-0.230330501311,1.8000001));
#6177 = CARTESIAN_POINT('',(0.799061302329,-0.230330501311,2.2000001));
#6178 = PCURVE('',#2745,#6179);
#6179 = DEFINITIONAL_REPRESENTATION('',(#6180),#6184);
#6180 = B_SPLINE_CURVE_WITH_KNOTS('',2,(#6181,#6182,#6183),
  .UNSPECIFIED.,.F.,.F.,(3,3),(0.,0.4),.PIECEWISE_BEZIER_KNOTS.);
#6181 = CARTESIAN_POINT('',(-3.649773217762E-16,2.22044604925E-16));
#6182 = CARTESIAN_POINT('',(-3.649773217762E-16,-0.2));
#6183 = CARTESIAN_POINT('',(-3.649773217762E-16,-0.4));
#6184 = ( GEOMETRIC_REPRESENTATION_CONTEXT(2) 
PARAMETRIC_REPRESENTATION_CONTEXT() REPRESENTATION_CONTEXT('2D SPACE',''
  ) );
#6185 = PCURVE('',#2703,#6186);
#6186 = DEFINITIONAL_REPRESENTATION('',(#6187),#6191);
#6187 = B_SPLINE_CURVE_WITH_KNOTS('',2,(#6188,#6189,#6190),
  .UNSPECIFIED.,.F.,.F.,(3,3),(0.,0.4),.PIECEWISE_BEZIER_KNOTS.);
#6188 = CARTESIAN_POINT('',(1.,2.22044604925E-16));
#6189 = CARTESIAN_POINT('',(1.,-0.2));
#6190 = CARTESIAN_POINT('',(1.,-0.4));
#6191 = ( GEOMETRIC_REPRESENTATION_CONTEXT(2) 
PARAMETRIC_REPRESENTATION_CONTEXT() REPRESENTATION_CONTEXT('2D SPACE',''
  ) );
#6192 = ORIENTED_EDGE('',*,*,#5173,.T.);
#6193 = ORIENTED_EDGE('',*,*,#6147,.F.);
#6194 = ORIENTED_EDGE('',*,*,#2723,.F.);
#6195 = ADVANCED_FACE('',(#6196),#2703,.T.);
#6196 = FACE_BOUND('',#6197,.T.);
#6197 = EDGE_LOOP('',(#6198,#6217,#6218,#6219));
#6198 = ORIENTED_EDGE('',*,*,#6199,.T.);
#6199 = EDGE_CURVE('',#2657,#5125,#6200,.T.);
#6200 = SURFACE_CURVE('',#6201,(#6204,#6211),.PCURVE_S1.);
#6201 = B_SPLINE_CURVE_WITH_KNOTS('',1,(#6202,#6203),.UNSPECIFIED.,.F.,
  .F.,(2,2),(0.,0.4),.PIECEWISE_BEZIER_KNOTS.);
#6202 = CARTESIAN_POINT('',(0.103004728419,-0.134861109587,1.8000001));
#6203 = CARTESIAN_POINT('',(0.103004728419,-0.134861109587,2.2000001));
#6204 = PCURVE('',#2703,#6205);
#6205 = DEFINITIONAL_REPRESENTATION('',(#6206),#6210);
#6206 = B_SPLINE_CURVE_WITH_KNOTS('',2,(#6207,#6208,#6209),
  .UNSPECIFIED.,.F.,.F.,(3,3),(0.,0.4),.PIECEWISE_BEZIER_KNOTS.);
#6207 = CARTESIAN_POINT('',(-1.485275340155E-16,2.22044604925E-16));
#6208 = CARTESIAN_POINT('',(1.351309329082E-16,-0.2));
#6209 = CARTESIAN_POINT('',(-1.485275340155E-16,-0.4));
#6210 = ( GEOMETRIC_REPRESENTATION_CONTEXT(2) 
PARAMETRIC_REPRESENTATION_CONTEXT() REPRESENTATION_CONTEXT('2D SPACE',''
  ) );
#6211 = PCURVE('',#2670,#6212);
#6212 = DEFINITIONAL_REPRESENTATION('',(#6213),#6216);
#6213 = B_SPLINE_CURVE_WITH_KNOTS('',1,(#6214,#6215),.UNSPECIFIED.,.F.,
  .F.,(2,2),(0.,0.4),.PIECEWISE_BEZIER_KNOTS.);
#6214 = CARTESIAN_POINT('',(0.581506331503,0.));
#6215 = CARTESIAN_POINT('',(0.581506331503,-0.4));
#6216 = ( GEOMETRIC_REPRESENTATION_CONTEXT(2) 
PARAMETRIC_REPRESENTATION_CONTEXT() REPRESENTATION_CONTEXT('2D SPACE',''
  ) );
#6217 = ORIENTED_EDGE('',*,*,#5144,.T.);
#6218 = ORIENTED_EDGE('',*,*,#6173,.F.);
#6219 = ORIENTED_EDGE('',*,*,#2681,.F.);
#6220 = ADVANCED_FACE('',(#6221),#2670,.T.);
#6221 = FACE_BOUND('',#6222,.T.);
#6222 = EDGE_LOOP('',(#6223,#6242,#6243,#6244));
#6223 = ORIENTED_EDGE('',*,*,#6224,.T.);
#6224 = EDGE_CURVE('',#2627,#5102,#6225,.T.);
#6225 = SURFACE_CURVE('',#6226,(#6229,#6235),.PCURVE_S1.);
#6226 = B_SPLINE_CURVE_WITH_KNOTS('',1,(#6227,#6228),.UNSPECIFIED.,.F.,
  .F.,(2,2),(0.,0.4),.PIECEWISE_BEZIER_KNOTS.);
#6227 = CARTESIAN_POINT('',(-0.478501603084,-0.134861109587,1.8000001));
#6228 = CARTESIAN_POINT('',(-0.478501603084,-0.134861109587,2.2000001));
#6229 = PCURVE('',#2670,#6230);
#6230 = DEFINITIONAL_REPRESENTATION('',(#6231),#6234);
#6231 = B_SPLINE_CURVE_WITH_KNOTS('',1,(#6232,#6233),.UNSPECIFIED.,.F.,
  .F.,(2,2),(0.,0.4),.PIECEWISE_BEZIER_KNOTS.);
#6232 = CARTESIAN_POINT('',(0.,0.));
#6233 = CARTESIAN_POINT('',(0.,-0.4));
#6234 = ( GEOMETRIC_REPRESENTATION_CONTEXT(2) 
PARAMETRIC_REPRESENTATION_CONTEXT() REPRESENTATION_CONTEXT('2D SPACE',''
  ) );
#6235 = PCURVE('',#2642,#6236);
#6236 = DEFINITIONAL_REPRESENTATION('',(#6237),#6241);
#6237 = B_SPLINE_CURVE_WITH_KNOTS('',2,(#6238,#6239,#6240),
  .UNSPECIFIED.,.F.,.F.,(3,3),(0.,0.4),.PIECEWISE_BEZIER_KNOTS.);
#6238 = CARTESIAN_POINT('',(1.570796326795,-2.22044604925E-16));
#6239 = CARTESIAN_POINT('',(1.570796326795,-0.2));
#6240 = CARTESIAN_POINT('',(1.570796326795,-0.4));
#6241 = ( GEOMETRIC_REPRESENTATION_CONTEXT(2) 
PARAMETRIC_REPRESENTATION_CONTEXT() REPRESENTATION_CONTEXT('2D SPACE',''
  ) );
#6242 = ORIENTED_EDGE('',*,*,#5124,.T.);
#6243 = ORIENTED_EDGE('',*,*,#6199,.F.);
#6244 = ORIENTED_EDGE('',*,*,#2656,.F.);
#6245 = ADVANCED_FACE('',(#6246),#2642,.F.);
#6246 = FACE_BOUND('',#6247,.F.);
#6247 = EDGE_LOOP('',(#6248,#6249,#6250,#6269));
#6248 = ORIENTED_EDGE('',*,*,#6224,.T.);
#6249 = ORIENTED_EDGE('',*,*,#5101,.T.);
#6250 = ORIENTED_EDGE('',*,*,#6251,.F.);
#6251 = EDGE_CURVE('',#2602,#5082,#6252,.T.);
#6252 = SURFACE_CURVE('',#6253,(#6256,#6263),.PCURVE_S1.);
#6253 = B_SPLINE_CURVE_WITH_KNOTS('',1,(#6254,#6255),.UNSPECIFIED.,.F.,
  .F.,(2,2),(0.,0.4),.PIECEWISE_BEZIER_KNOTS.);
#6254 = CARTESIAN_POINT('',(-0.558501603084,-5.486110958719E-02,
    1.8000001));
#6255 = CARTESIAN_POINT('',(-0.558501603084,-5.486110958719E-02,
    2.2000001));
#6256 = PCURVE('',#2642,#6257);
#6257 = DEFINITIONAL_REPRESENTATION('',(#6258),#6262);
#6258 = B_SPLINE_CURVE_WITH_KNOTS('',2,(#6259,#6260,#6261),
  .UNSPECIFIED.,.F.,.F.,(3,3),(0.,0.4),.PIECEWISE_BEZIER_KNOTS.);
#6259 = CARTESIAN_POINT('',(3.14159265359,-2.22044604925E-16));
#6260 = CARTESIAN_POINT('',(3.14159265359,-0.2));
#6261 = CARTESIAN_POINT('',(3.14159265359,-0.4));
#6262 = ( GEOMETRIC_REPRESENTATION_CONTEXT(2) 
PARAMETRIC_REPRESENTATION_CONTEXT() REPRESENTATION_CONTEXT('2D SPACE',''
  ) );
#6263 = PCURVE('',#2615,#6264);
#6264 = DEFINITIONAL_REPRESENTATION('',(#6265),#6268);
#6265 = B_SPLINE_CURVE_WITH_KNOTS('',1,(#6266,#6267),.UNSPECIFIED.,.F.,
  .F.,(2,2),(0.,0.4),.PIECEWISE_BEZIER_KNOTS.);
#6266 = CARTESIAN_POINT('',(0.581542048372,0.));
#6267 = CARTESIAN_POINT('',(0.581542048372,-0.4));
#6268 = ( GEOMETRIC_REPRESENTATION_CONTEXT(2) 
PARAMETRIC_REPRESENTATION_CONTEXT() REPRESENTATION_CONTEXT('2D SPACE',''
  ) );
#6269 = ORIENTED_EDGE('',*,*,#2626,.F.);
#6270 = ADVANCED_FACE('',(#6271),#2615,.T.);
#6271 = FACE_BOUND('',#6272,.T.);
#6272 = EDGE_LOOP('',(#6273,#6292,#6293,#6294));
#6273 = ORIENTED_EDGE('',*,*,#6274,.T.);
#6274 = EDGE_CURVE('',#2572,#5059,#6275,.T.);
#6275 = SURFACE_CURVE('',#6276,(#6279,#6285),.PCURVE_S1.);
#6276 = B_SPLINE_CURVE_WITH_KNOTS('',1,(#6277,#6278),.UNSPECIFIED.,.F.,
  .F.,(2,2),(0.,0.4),.PIECEWISE_BEZIER_KNOTS.);
#6277 = CARTESIAN_POINT('',(-0.558501603084,0.526680938784,1.8000001));
#6278 = CARTESIAN_POINT('',(-0.558501603084,0.526680938784,2.2000001));
#6279 = PCURVE('',#2615,#6280);
#6280 = DEFINITIONAL_REPRESENTATION('',(#6281),#6284);
#6281 = B_SPLINE_CURVE_WITH_KNOTS('',1,(#6282,#6283),.UNSPECIFIED.,.F.,
  .F.,(2,2),(0.,0.4),.PIECEWISE_BEZIER_KNOTS.);
#6282 = CARTESIAN_POINT('',(0.,0.));
#6283 = CARTESIAN_POINT('',(0.,-0.4));
#6284 = ( GEOMETRIC_REPRESENTATION_CONTEXT(2) 
PARAMETRIC_REPRESENTATION_CONTEXT() REPRESENTATION_CONTEXT('2D SPACE',''
  ) );
#6285 = PCURVE('',#2587,#6286);
#6286 = DEFINITIONAL_REPRESENTATION('',(#6287),#6291);
#6287 = B_SPLINE_CURVE_WITH_KNOTS('',2,(#6288,#6289,#6290),
  .UNSPECIFIED.,.F.,.F.,(3,3),(0.,0.4),.PIECEWISE_BEZIER_KNOTS.);
#6288 = CARTESIAN_POINT('',(1.570796326795,-2.22044604925E-16));
#6289 = CARTESIAN_POINT('',(1.570796326795,-0.2));
#6290 = CARTESIAN_POINT('',(1.570796326795,-0.4));
#6291 = ( GEOMETRIC_REPRESENTATION_CONTEXT(2) 
PARAMETRIC_REPRESENTATION_CONTEXT() REPRESENTATION_CONTEXT('2D SPACE',''
  ) );
#6292 = ORIENTED_EDGE('',*,*,#5081,.T.);
#6293 = ORIENTED_EDGE('',*,*,#6251,.F.);
#6294 = ORIENTED_EDGE('',*,*,#2601,.F.);
#6295 = ADVANCED_FACE('',(#6296),#2587,.F.);
#6296 = FACE_BOUND('',#6297,.F.);
#6297 = EDGE_LOOP('',(#6298,#6299,#6300,#6319));
#6298 = ORIENTED_EDGE('',*,*,#6274,.T.);
#6299 = ORIENTED_EDGE('',*,*,#5058,.T.);
#6300 = ORIENTED_EDGE('',*,*,#6301,.F.);
#6301 = EDGE_CURVE('',#2547,#5039,#6302,.T.);
#6302 = SURFACE_CURVE('',#6303,(#6306,#6313),.PCURVE_S1.);
#6303 = B_SPLINE_CURVE_WITH_KNOTS('',1,(#6304,#6305),.UNSPECIFIED.,.F.,
  .F.,(2,2),(0.,0.4),.PIECEWISE_BEZIER_KNOTS.);
#6304 = CARTESIAN_POINT('',(-0.478501603084,0.606680938784,1.8000001));
#6305 = CARTESIAN_POINT('',(-0.478501603084,0.606680938784,2.2000001));
#6306 = PCURVE('',#2587,#6307);
#6307 = DEFINITIONAL_REPRESENTATION('',(#6308),#6312);
#6308 = B_SPLINE_CURVE_WITH_KNOTS('',2,(#6309,#6310,#6311),
  .UNSPECIFIED.,.F.,.F.,(3,3),(0.,0.4),.PIECEWISE_BEZIER_KNOTS.);
#6309 = CARTESIAN_POINT('',(3.14159265359,-2.22044604925E-16));
#6310 = CARTESIAN_POINT('',(3.14159265359,-0.2));
#6311 = CARTESIAN_POINT('',(3.14159265359,-0.4));
#6312 = ( GEOMETRIC_REPRESENTATION_CONTEXT(2) 
PARAMETRIC_REPRESENTATION_CONTEXT() REPRESENTATION_CONTEXT('2D SPACE',''
  ) );
#6313 = PCURVE('',#2560,#6314);
#6314 = DEFINITIONAL_REPRESENTATION('',(#6315),#6318);
#6315 = B_SPLINE_CURVE_WITH_KNOTS('',1,(#6316,#6317),.UNSPECIFIED.,.F.,
  .F.,(2,2),(0.,0.4),.PIECEWISE_BEZIER_KNOTS.);
#6316 = CARTESIAN_POINT('',(0.581506331503,0.));
#6317 = CARTESIAN_POINT('',(0.581506331503,-0.4));
#6318 = ( GEOMETRIC_REPRESENTATION_CONTEXT(2) 
PARAMETRIC_REPRESENTATION_CONTEXT() REPRESENTATION_CONTEXT('2D SPACE',''
  ) );
#6319 = ORIENTED_EDGE('',*,*,#2571,.F.);
#6320 = ADVANCED_FACE('',(#6321),#2560,.T.);
#6321 = FACE_BOUND('',#6322,.T.);
#6322 = EDGE_LOOP('',(#6323,#6342,#6343,#6344));
#6323 = ORIENTED_EDGE('',*,*,#6324,.T.);
#6324 = EDGE_CURVE('',#2505,#5010,#6325,.T.);
#6325 = SURFACE_CURVE('',#6326,(#6329,#6335),.PCURVE_S1.);
#6326 = B_SPLINE_CURVE_WITH_KNOTS('',1,(#6327,#6328),.UNSPECIFIED.,.F.,
  .F.,(2,2),(0.,0.4),.PIECEWISE_BEZIER_KNOTS.);
#6327 = CARTESIAN_POINT('',(0.103004728419,0.606680938784,1.8000001));
#6328 = CARTESIAN_POINT('',(0.103004728419,0.606680938784,2.2000001));
#6329 = PCURVE('',#2560,#6330);
#6330 = DEFINITIONAL_REPRESENTATION('',(#6331),#6334);
#6331 = B_SPLINE_CURVE_WITH_KNOTS('',1,(#6332,#6333),.UNSPECIFIED.,.F.,
  .F.,(2,2),(0.,0.4),.PIECEWISE_BEZIER_KNOTS.);
#6332 = CARTESIAN_POINT('',(0.,0.));
#6333 = CARTESIAN_POINT('',(0.,-0.4));
#6334 = ( GEOMETRIC_REPRESENTATION_CONTEXT(2) 
PARAMETRIC_REPRESENTATION_CONTEXT() REPRESENTATION_CONTEXT('2D SPACE',''
  ) );
#6335 = PCURVE('',#2526,#6336);
#6336 = DEFINITIONAL_REPRESENTATION('',(#6337),#6341);
#6337 = B_SPLINE_CURVE_WITH_KNOTS('',2,(#6338,#6339,#6340),
  .UNSPECIFIED.,.F.,.F.,(3,3),(0.,0.4),.PIECEWISE_BEZIER_KNOTS.);
#6338 = CARTESIAN_POINT('',(1.,2.22044604925E-16));
#6339 = CARTESIAN_POINT('',(1.,-0.2));
#6340 = CARTESIAN_POINT('',(1.,-0.4));
#6341 = ( GEOMETRIC_REPRESENTATION_CONTEXT(2) 
PARAMETRIC_REPRESENTATION_CONTEXT() REPRESENTATION_CONTEXT('2D SPACE',''
  ) );
#6342 = ORIENTED_EDGE('',*,*,#5038,.T.);
#6343 = ORIENTED_EDGE('',*,*,#6301,.F.);
#6344 = ORIENTED_EDGE('',*,*,#2546,.F.);
#6345 = ADVANCED_FACE('',(#6346),#2526,.T.);
#6346 = FACE_BOUND('',#6347,.T.);
#6347 = EDGE_LOOP('',(#6348,#6368,#6369,#6370));
#6348 = ORIENTED_EDGE('',*,*,#6349,.T.);
#6349 = EDGE_CURVE('',#2463,#4981,#6350,.T.);
#6350 = SURFACE_CURVE('',#6351,(#6354,#6361),.PCURVE_S1.);
#6351 = B_SPLINE_CURVE_WITH_KNOTS('',1,(#6352,#6353),.UNSPECIFIED.,.F.,
  .F.,(2,2),(0.,0.4),.PIECEWISE_BEZIER_KNOTS.);
#6352 = CARTESIAN_POINT('',(0.62355971388,0.685721765284,1.8000001));
#6353 = CARTESIAN_POINT('',(0.62355971388,0.685721765284,2.2000001));
#6354 = PCURVE('',#2526,#6355);
#6355 = DEFINITIONAL_REPRESENTATION('',(#6356),#6360);
#6356 = B_SPLINE_CURVE_WITH_KNOTS('',2,(#6357,#6358,#6359),
  .UNSPECIFIED.,.F.,.F.,(3,3),(0.,0.4),.PIECEWISE_BEZIER_KNOTS.);
#6357 = CARTESIAN_POINT('',(-4.340932992453E-16,2.22044604925E-16));
#6358 = CARTESIAN_POINT('',(3.949397859801E-16,-0.2));
#6359 = CARTESIAN_POINT('',(-4.340932992453E-16,-0.4));
#6360 = ( GEOMETRIC_REPRESENTATION_CONTEXT(2) 
PARAMETRIC_REPRESENTATION_CONTEXT() REPRESENTATION_CONTEXT('2D SPACE',''
  ) );
#6361 = PCURVE('',#2484,#6362);
#6362 = DEFINITIONAL_REPRESENTATION('',(#6363),#6367);
#6363 = B_SPLINE_CURVE_WITH_KNOTS('',2,(#6364,#6365,#6366),
  .UNSPECIFIED.,.F.,.F.,(3,3),(0.,0.4),.PIECEWISE_BEZIER_KNOTS.);
#6364 = CARTESIAN_POINT('',(1.,2.22044604925E-16));
#6365 = CARTESIAN_POINT('',(1.,-0.2));
#6366 = CARTESIAN_POINT('',(1.,-0.4));
#6367 = ( GEOMETRIC_REPRESENTATION_CONTEXT(2) 
PARAMETRIC_REPRESENTATION_CONTEXT() REPRESENTATION_CONTEXT('2D SPACE',''
  ) );
#6368 = ORIENTED_EDGE('',*,*,#5009,.T.);
#6369 = ORIENTED_EDGE('',*,*,#6324,.F.);
#6370 = ORIENTED_EDGE('',*,*,#2504,.F.);
#6371 = ADVANCED_FACE('',(#6372),#2484,.T.);
#6372 = FACE_BOUND('',#6373,.T.);
#6373 = EDGE_LOOP('',(#6374,#6394,#6395,#6396));
#6374 = ORIENTED_EDGE('',*,*,#6375,.T.);
#6375 = EDGE_CURVE('',#2421,#4952,#6376,.T.);
#6376 = SURFACE_CURVE('',#6377,(#6380,#6387),.PCURVE_S1.);
#6377 = B_SPLINE_CURVE_WITH_KNOTS('',1,(#6378,#6379),.UNSPECIFIED.,.F.,
  .F.,(2,2),(0.,0.4),.PIECEWISE_BEZIER_KNOTS.);
#6378 = CARTESIAN_POINT('',(0.996462623158,0.85204943096,1.8000001));
#6379 = CARTESIAN_POINT('',(0.996462623158,0.85204943096,2.2000001));
#6380 = PCURVE('',#2484,#6381);
#6381 = DEFINITIONAL_REPRESENTATION('',(#6382),#6386);
#6382 = B_SPLINE_CURVE_WITH_KNOTS('',2,(#6383,#6384,#6385),
  .UNSPECIFIED.,.F.,.F.,(3,3),(0.,0.4),.PIECEWISE_BEZIER_KNOTS.);
#6383 = CARTESIAN_POINT('',(0.241847226743,2.22044604925E-16));
#6384 = CARTESIAN_POINT('',(0.241847226743,-0.2));
#6385 = CARTESIAN_POINT('',(0.241847226743,-0.4));
#6386 = ( GEOMETRIC_REPRESENTATION_CONTEXT(2) 
PARAMETRIC_REPRESENTATION_CONTEXT() REPRESENTATION_CONTEXT('2D SPACE',''
  ) );
#6387 = PCURVE('',#2442,#6388);
#6388 = DEFINITIONAL_REPRESENTATION('',(#6389),#6393);
#6389 = B_SPLINE_CURVE_WITH_KNOTS('',2,(#6390,#6391,#6392),
  .UNSPECIFIED.,.F.,.F.,(3,3),(0.,0.4),.PIECEWISE_BEZIER_KNOTS.);
#6390 = CARTESIAN_POINT('',(0.241847226743,4.440892098501E-16));
#6391 = CARTESIAN_POINT('',(0.241847226743,-0.2));
#6392 = CARTESIAN_POINT('',(0.241847226743,-0.4));
#6393 = ( GEOMETRIC_REPRESENTATION_CONTEXT(2) 
PARAMETRIC_REPRESENTATION_CONTEXT() REPRESENTATION_CONTEXT('2D SPACE',''
  ) );
#6394 = ORIENTED_EDGE('',*,*,#4980,.T.);
#6395 = ORIENTED_EDGE('',*,*,#6349,.F.);
#6396 = ORIENTED_EDGE('',*,*,#2462,.F.);
#6397 = ADVANCED_FACE('',(#6398),#2442,.T.);
#6398 = FACE_BOUND('',#6399,.T.);
#6399 = EDGE_LOOP('',(#6400,#6420,#6421,#6422));
#6400 = ORIENTED_EDGE('',*,*,#6401,.T.);
#6401 = EDGE_CURVE('',#2379,#4923,#6402,.T.);
#6402 = SURFACE_CURVE('',#6403,(#6406,#6413),.PCURVE_S1.);
#6403 = B_SPLINE_CURVE_WITH_KNOTS('',1,(#6404,#6405),.UNSPECIFIED.,.F.,
  .F.,(2,2),(0.,0.4),.PIECEWISE_BEZIER_KNOTS.);
#6404 = CARTESIAN_POINT('',(1.102620140829,0.925144843722,1.8000001));
#6405 = CARTESIAN_POINT('',(1.102620140829,0.925144843722,2.2000001));
#6406 = PCURVE('',#2442,#6407);
#6407 = DEFINITIONAL_REPRESENTATION('',(#6408),#6412);
#6408 = B_SPLINE_CURVE_WITH_KNOTS('',2,(#6409,#6410,#6411),
  .UNSPECIFIED.,.F.,.F.,(3,3),(0.,0.4),.PIECEWISE_BEZIER_KNOTS.);
#6409 = CARTESIAN_POINT('',(0.,0.));
#6410 = CARTESIAN_POINT('',(-5.462848172046E-16,-0.2));
#6411 = CARTESIAN_POINT('',(-5.816393669611E-16,-0.4));
#6412 = ( GEOMETRIC_REPRESENTATION_CONTEXT(2) 
PARAMETRIC_REPRESENTATION_CONTEXT() REPRESENTATION_CONTEXT('2D SPACE',''
  ) );
#6413 = PCURVE('',#2400,#6414);
#6414 = DEFINITIONAL_REPRESENTATION('',(#6415),#6419);
#6415 = B_SPLINE_CURVE_WITH_KNOTS('',2,(#6416,#6417,#6418),
  .UNSPECIFIED.,.F.,.F.,(3,3),(0.,0.4),.PIECEWISE_BEZIER_KNOTS.);
#6416 = CARTESIAN_POINT('',(1.,-2.220446049251E-16));
#6417 = CARTESIAN_POINT('',(1.,-0.2));
#6418 = CARTESIAN_POINT('',(1.,-0.4));
#6419 = ( GEOMETRIC_REPRESENTATION_CONTEXT(2) 
PARAMETRIC_REPRESENTATION_CONTEXT() REPRESENTATION_CONTEXT('2D SPACE',''
  ) );
#6420 = ORIENTED_EDGE('',*,*,#4951,.T.);
#6421 = ORIENTED_EDGE('',*,*,#6375,.F.);
#6422 = ORIENTED_EDGE('',*,*,#2420,.F.);
#6423 = ADVANCED_FACE('',(#6424),#2400,.T.);
#6424 = FACE_BOUND('',#6425,.T.);
#6425 = EDGE_LOOP('',(#6426,#6446,#6447,#6448));
#6426 = ORIENTED_EDGE('',*,*,#6427,.T.);
#6427 = EDGE_CURVE('',#2337,#4894,#6428,.T.);
#6428 = SURFACE_CURVE('',#6429,(#6432,#6439),.PCURVE_S1.);
#6429 = B_SPLINE_CURVE_WITH_KNOTS('',1,(#6430,#6431),.UNSPECIFIED.,.F.,
  .F.,(2,2),(0.,0.4),.PIECEWISE_BEZIER_KNOTS.);
#6430 = CARTESIAN_POINT('',(1.172622615578,0.982349902641,1.8000001));
#6431 = CARTESIAN_POINT('',(1.172622615578,0.982349902641,2.2000001));
#6432 = PCURVE('',#2400,#6433);
#6433 = DEFINITIONAL_REPRESENTATION('',(#6434),#6438);
#6434 = B_SPLINE_CURVE_WITH_KNOTS('',2,(#6435,#6436,#6437),
  .UNSPECIFIED.,.F.,.F.,(3,3),(0.,0.4),.PIECEWISE_BEZIER_KNOTS.);
#6435 = CARTESIAN_POINT('',(0.828609075735,-2.22044604925E-16));
#6436 = CARTESIAN_POINT('',(0.828609075735,-0.2));
#6437 = CARTESIAN_POINT('',(0.828609075735,-0.4));
#6438 = ( GEOMETRIC_REPRESENTATION_CONTEXT(2) 
PARAMETRIC_REPRESENTATION_CONTEXT() REPRESENTATION_CONTEXT('2D SPACE',''
  ) );
#6439 = PCURVE('',#2358,#6440);
#6440 = DEFINITIONAL_REPRESENTATION('',(#6441),#6445);
#6441 = B_SPLINE_CURVE_WITH_KNOTS('',2,(#6442,#6443,#6444),
  .UNSPECIFIED.,.F.,.F.,(3,3),(0.,0.4),.PIECEWISE_BEZIER_KNOTS.);
#6442 = CARTESIAN_POINT('',(0.828609075735,2.22044604925E-16));
#6443 = CARTESIAN_POINT('',(0.828609075735,-0.2));
#6444 = CARTESIAN_POINT('',(0.828609075735,-0.4));
#6445 = ( GEOMETRIC_REPRESENTATION_CONTEXT(2) 
PARAMETRIC_REPRESENTATION_CONTEXT() REPRESENTATION_CONTEXT('2D SPACE',''
  ) );
#6446 = ORIENTED_EDGE('',*,*,#4922,.T.);
#6447 = ORIENTED_EDGE('',*,*,#6401,.F.);
#6448 = ORIENTED_EDGE('',*,*,#2378,.F.);
#6449 = ADVANCED_FACE('',(#6450),#2358,.T.);
#6450 = FACE_BOUND('',#6451,.T.);
#6451 = EDGE_LOOP('',(#6452,#6472,#6473,#6474));
#6452 = ORIENTED_EDGE('',*,*,#6453,.T.);
#6453 = EDGE_CURVE('',#2295,#4865,#6454,.T.);
#6454 = SURFACE_CURVE('',#6455,(#6458,#6465),.PCURVE_S1.);
#6455 = B_SPLINE_CURVE_WITH_KNOTS('',1,(#6456,#6457),.UNSPECIFIED.,.F.,
  .F.,(2,2),(0.,0.4),.PIECEWISE_BEZIER_KNOTS.);
#6456 = CARTESIAN_POINT('',(1.448102167853,1.332837588109,1.8000001));
#6457 = CARTESIAN_POINT('',(1.448102167853,1.332837588109,2.2000001));
#6458 = PCURVE('',#2358,#6459);
#6459 = DEFINITIONAL_REPRESENTATION('',(#6460),#6464);
#6460 = B_SPLINE_CURVE_WITH_KNOTS('',2,(#6461,#6462,#6463),
  .UNSPECIFIED.,.F.,.F.,(3,3),(0.,0.4),.PIECEWISE_BEZIER_KNOTS.);
#6461 = CARTESIAN_POINT('',(1.576192702857E-16,2.22044604925E-16));
#6462 = CARTESIAN_POINT('',(-2.550674005563E-16,-0.2));
#6463 = CARTESIAN_POINT('',(1.576192702857E-16,-0.4));
#6464 = ( GEOMETRIC_REPRESENTATION_CONTEXT(2) 
PARAMETRIC_REPRESENTATION_CONTEXT() REPRESENTATION_CONTEXT('2D SPACE',''
  ) );
#6465 = PCURVE('',#2316,#6466);
#6466 = DEFINITIONAL_REPRESENTATION('',(#6467),#6471);
#6467 = B_SPLINE_CURVE_WITH_KNOTS('',2,(#6468,#6469,#6470),
  .UNSPECIFIED.,.F.,.F.,(3,3),(0.,0.4),.PIECEWISE_BEZIER_KNOTS.);
#6468 = CARTESIAN_POINT('',(1.,2.22044604925E-16));
#6469 = CARTESIAN_POINT('',(1.,-0.2));
#6470 = CARTESIAN_POINT('',(1.,-0.4));
#6471 = ( GEOMETRIC_REPRESENTATION_CONTEXT(2) 
PARAMETRIC_REPRESENTATION_CONTEXT() REPRESENTATION_CONTEXT('2D SPACE',''
  ) );
#6472 = ORIENTED_EDGE('',*,*,#4893,.T.);
#6473 = ORIENTED_EDGE('',*,*,#6427,.F.);
#6474 = ORIENTED_EDGE('',*,*,#2336,.F.);
#6475 = ADVANCED_FACE('',(#6476),#2316,.T.);
#6476 = FACE_BOUND('',#6477,.T.);
#6477 = EDGE_LOOP('',(#6478,#6498,#6499,#6500));
#6478 = ORIENTED_EDGE('',*,*,#6479,.T.);
#6479 = EDGE_CURVE('',#2253,#4836,#6480,.T.);
#6480 = SURFACE_CURVE('',#6481,(#6484,#6491),.PCURVE_S1.);
#6481 = B_SPLINE_CURVE_WITH_KNOTS('',1,(#6482,#6483),.UNSPECIFIED.,.F.,
  .F.,(2,2),(0.,0.4),.PIECEWISE_BEZIER_KNOTS.);
#6482 = CARTESIAN_POINT('',(1.581081670816,1.920138835552,1.8000001));
#6483 = CARTESIAN_POINT('',(1.581081670816,1.920138835552,2.2000001));
#6484 = PCURVE('',#2316,#6485);
#6485 = DEFINITIONAL_REPRESENTATION('',(#6486),#6490);
#6486 = B_SPLINE_CURVE_WITH_KNOTS('',2,(#6487,#6488,#6489),
  .UNSPECIFIED.,.F.,.F.,(3,3),(0.,0.4),.PIECEWISE_BEZIER_KNOTS.);
#6487 = CARTESIAN_POINT('',(-1.028436180021E-29,2.22044604925E-16));
#6488 = CARTESIAN_POINT('',(9.356752696666E-30,-0.2));
#6489 = CARTESIAN_POINT('',(-1.028436180021E-29,-0.4));
#6490 = ( GEOMETRIC_REPRESENTATION_CONTEXT(2) 
PARAMETRIC_REPRESENTATION_CONTEXT() REPRESENTATION_CONTEXT('2D SPACE',''
  ) );
#6491 = PCURVE('',#2274,#6492);
#6492 = DEFINITIONAL_REPRESENTATION('',(#6493),#6497);
#6493 = B_SPLINE_CURVE_WITH_KNOTS('',2,(#6494,#6495,#6496),
  .UNSPECIFIED.,.F.,.F.,(3,3),(0.,0.4),.PIECEWISE_BEZIER_KNOTS.);
#6494 = CARTESIAN_POINT('',(1.,2.22044604925E-16));
#6495 = CARTESIAN_POINT('',(1.,-0.2));
#6496 = CARTESIAN_POINT('',(1.,-0.4));
#6497 = ( GEOMETRIC_REPRESENTATION_CONTEXT(2) 
PARAMETRIC_REPRESENTATION_CONTEXT() REPRESENTATION_CONTEXT('2D SPACE',''
  ) );
#6498 = ORIENTED_EDGE('',*,*,#4864,.T.);
#6499 = ORIENTED_EDGE('',*,*,#6453,.F.);
#6500 = ORIENTED_EDGE('',*,*,#2294,.F.);
#6501 = ADVANCED_FACE('',(#6502),#2274,.T.);
#6502 = FACE_BOUND('',#6503,.T.);
#6503 = EDGE_LOOP('',(#6504,#6524,#6525,#6526));
#6504 = ORIENTED_EDGE('',*,*,#6505,.T.);
#6505 = EDGE_CURVE('',#2211,#4807,#6506,.T.);
#6506 = SURFACE_CURVE('',#6507,(#6510,#6517),.PCURVE_S1.);
#6507 = B_SPLINE_CURVE_WITH_KNOTS('',1,(#6508,#6509),.UNSPECIFIED.,.F.,
  .F.,(2,2),(0.,0.4),.PIECEWISE_BEZIER_KNOTS.);
#6508 = CARTESIAN_POINT('',(1.457566611869,2.537799822632,1.8000001));
#6509 = CARTESIAN_POINT('',(1.457566611869,2.537799822632,2.2000001));
#6510 = PCURVE('',#2274,#6511);
#6511 = DEFINITIONAL_REPRESENTATION('',(#6512),#6516);
#6512 = B_SPLINE_CURVE_WITH_KNOTS('',2,(#6513,#6514,#6515),
  .UNSPECIFIED.,.F.,.F.,(3,3),(0.,0.4),.PIECEWISE_BEZIER_KNOTS.);
#6513 = CARTESIAN_POINT('',(1.264552905213E-15,2.22044604925E-16));
#6514 = CARTESIAN_POINT('',(1.264552905213E-15,-0.2));
#6515 = CARTESIAN_POINT('',(1.264552905213E-15,-0.4));
#6516 = ( GEOMETRIC_REPRESENTATION_CONTEXT(2) 
PARAMETRIC_REPRESENTATION_CONTEXT() REPRESENTATION_CONTEXT('2D SPACE',''
  ) );
#6517 = PCURVE('',#2232,#6518);
#6518 = DEFINITIONAL_REPRESENTATION('',(#6519),#6523);
#6519 = B_SPLINE_CURVE_WITH_KNOTS('',2,(#6520,#6521,#6522),
  .UNSPECIFIED.,.F.,.F.,(3,3),(0.,0.4),.PIECEWISE_BEZIER_KNOTS.);
#6520 = CARTESIAN_POINT('',(1.,-6.661338147751E-16));
#6521 = CARTESIAN_POINT('',(1.,-0.2));
#6522 = CARTESIAN_POINT('',(1.,-0.4));
#6523 = ( GEOMETRIC_REPRESENTATION_CONTEXT(2) 
PARAMETRIC_REPRESENTATION_CONTEXT() REPRESENTATION_CONTEXT('2D SPACE',''
  ) );
#6524 = ORIENTED_EDGE('',*,*,#4835,.T.);
#6525 = ORIENTED_EDGE('',*,*,#6479,.F.);
#6526 = ORIENTED_EDGE('',*,*,#2252,.F.);
#6527 = ADVANCED_FACE('',(#6528),#2232,.T.);
#6528 = FACE_BOUND('',#6529,.T.);
#6529 = EDGE_LOOP('',(#6530,#6550,#6551,#6552));
#6530 = ORIENTED_EDGE('',*,*,#6531,.T.);
#6531 = EDGE_CURVE('',#2169,#4778,#6532,.T.);
#6532 = SURFACE_CURVE('',#6533,(#6536,#6543),.PCURVE_S1.);
#6533 = B_SPLINE_CURVE_WITH_KNOTS('',1,(#6534,#6535),.UNSPECIFIED.,.F.,
  .F.,(2,2),(0.,0.4),.PIECEWISE_BEZIER_KNOTS.);
#6534 = CARTESIAN_POINT('',(1.273386481228,2.813855992866,1.8000001));
#6535 = CARTESIAN_POINT('',(1.273386481228,2.813855992866,2.2000001));
#6536 = PCURVE('',#2232,#6537);
#6537 = DEFINITIONAL_REPRESENTATION('',(#6538),#6542);
#6538 = B_SPLINE_CURVE_WITH_KNOTS('',2,(#6539,#6540,#6541),
  .UNSPECIFIED.,.F.,.F.,(3,3),(0.,0.4),.PIECEWISE_BEZIER_KNOTS.);
#6539 = CARTESIAN_POINT('',(0.392984487284,-6.661338147751E-16));
#6540 = CARTESIAN_POINT('',(0.392984487284,-0.2));
#6541 = CARTESIAN_POINT('',(0.392984487284,-0.4));
#6542 = ( GEOMETRIC_REPRESENTATION_CONTEXT(2) 
PARAMETRIC_REPRESENTATION_CONTEXT() REPRESENTATION_CONTEXT('2D SPACE',''
  ) );
#6543 = PCURVE('',#2190,#6544);
#6544 = DEFINITIONAL_REPRESENTATION('',(#6545),#6549);
#6545 = B_SPLINE_CURVE_WITH_KNOTS('',2,(#6546,#6547,#6548),
  .UNSPECIFIED.,.F.,.F.,(3,3),(0.,0.4),.PIECEWISE_BEZIER_KNOTS.);
#6546 = CARTESIAN_POINT('',(0.392984487284,-2.22044604925E-16));
#6547 = CARTESIAN_POINT('',(0.392984487284,-0.2));
#6548 = CARTESIAN_POINT('',(0.392984487284,-0.4));
#6549 = ( GEOMETRIC_REPRESENTATION_CONTEXT(2) 
PARAMETRIC_REPRESENTATION_CONTEXT() REPRESENTATION_CONTEXT('2D SPACE',''
  ) );
#6550 = ORIENTED_EDGE('',*,*,#4806,.T.);
#6551 = ORIENTED_EDGE('',*,*,#6505,.F.);
#6552 = ORIENTED_EDGE('',*,*,#2210,.F.);
#6553 = ADVANCED_FACE('',(#6554),#2190,.T.);
#6554 = FACE_BOUND('',#6555,.T.);
#6555 = EDGE_LOOP('',(#6556,#6576,#6577,#6578));
#6556 = ORIENTED_EDGE('',*,*,#6557,.T.);
#6557 = EDGE_CURVE('',#2131,#4751,#6558,.T.);
#6558 = SURFACE_CURVE('',#6559,(#6562,#6569),.PCURVE_S1.);
#6559 = B_SPLINE_CURVE_WITH_KNOTS('',1,(#6560,#6561),.UNSPECIFIED.,.F.,
  .F.,(2,2),(0.,0.4),.PIECEWISE_BEZIER_KNOTS.);
#6560 = CARTESIAN_POINT('',(1.117903807186,2.959957649748,1.8000001));
#6561 = CARTESIAN_POINT('',(1.117903807186,2.959957649748,2.2000001));
#6562 = PCURVE('',#2190,#6563);
#6563 = DEFINITIONAL_REPRESENTATION('',(#6564),#6568);
#6564 = B_SPLINE_CURVE_WITH_KNOTS('',2,(#6565,#6566,#6567),
  .UNSPECIFIED.,.F.,.F.,(3,3),(0.,0.4),.PIECEWISE_BEZIER_KNOTS.);
#6565 = CARTESIAN_POINT('',(8.635150424643E-46,-2.22044604925E-16));
#6566 = CARTESIAN_POINT('',(3.350776998111E-45,-0.2));
#6567 = CARTESIAN_POINT('',(0.,-0.4));
#6568 = ( GEOMETRIC_REPRESENTATION_CONTEXT(2) 
PARAMETRIC_REPRESENTATION_CONTEXT() REPRESENTATION_CONTEXT('2D SPACE',''
  ) );
#6569 = PCURVE('',#2150,#6570);
#6570 = DEFINITIONAL_REPRESENTATION('',(#6571),#6575);
#6571 = B_SPLINE_CURVE_WITH_KNOTS('',2,(#6572,#6573,#6574),
  .UNSPECIFIED.,.F.,.F.,(3,3),(0.,0.4),.PIECEWISE_BEZIER_KNOTS.);
#6572 = CARTESIAN_POINT('',(0.999999999816,-2.220446150187E-16));
#6573 = CARTESIAN_POINT('',(0.999999999816,-0.2));
#6574 = CARTESIAN_POINT('',(0.999999999816,-0.4));
#6575 = ( GEOMETRIC_REPRESENTATION_CONTEXT(2) 
PARAMETRIC_REPRESENTATION_CONTEXT() REPRESENTATION_CONTEXT('2D SPACE',''
  ) );
#6576 = ORIENTED_EDGE('',*,*,#4777,.T.);
#6577 = ORIENTED_EDGE('',*,*,#6531,.F.);
#6578 = ORIENTED_EDGE('',*,*,#2168,.F.);
#6579 = ADVANCED_FACE('',(#6580),#2150,.T.);
#6580 = FACE_BOUND('',#6581,.T.);
#6581 = EDGE_LOOP('',(#6582,#6602,#6603,#6604));
#6582 = ORIENTED_EDGE('',*,*,#6583,.T.);
#6583 = EDGE_CURVE('',#2089,#4722,#6584,.T.);
#6584 = SURFACE_CURVE('',#6585,(#6588,#6595),.PCURVE_S1.);
#6585 = B_SPLINE_CURVE_WITH_KNOTS('',1,(#6586,#6587),.UNSPECIFIED.,.F.,
  .F.,(2,2),(0.,0.4),.PIECEWISE_BEZIER_KNOTS.);
#6586 = CARTESIAN_POINT('',(1.074928661983,2.992340925381,1.8000001));
#6587 = CARTESIAN_POINT('',(1.074928661983,2.992340925381,2.2000001));
#6588 = PCURVE('',#2150,#6589);
#6589 = DEFINITIONAL_REPRESENTATION('',(#6590),#6594);
#6590 = B_SPLINE_CURVE_WITH_KNOTS('',2,(#6591,#6592,#6593),
  .UNSPECIFIED.,.F.,.F.,(3,3),(0.,0.4),.PIECEWISE_BEZIER_KNOTS.);
#6591 = CARTESIAN_POINT('',(0.902594755362,-2.220446183522E-16));
#6592 = CARTESIAN_POINT('',(0.902594755362,-0.2));
#6593 = CARTESIAN_POINT('',(0.902594755362,-0.4));
#6594 = ( GEOMETRIC_REPRESENTATION_CONTEXT(2) 
PARAMETRIC_REPRESENTATION_CONTEXT() REPRESENTATION_CONTEXT('2D SPACE',''
  ) );
#6595 = PCURVE('',#2110,#6596);
#6596 = DEFINITIONAL_REPRESENTATION('',(#6597),#6601);
#6597 = B_SPLINE_CURVE_WITH_KNOTS('',2,(#6598,#6599,#6600),
  .UNSPECIFIED.,.F.,.F.,(3,3),(0.,0.4),.PIECEWISE_BEZIER_KNOTS.);
#6598 = CARTESIAN_POINT('',(0.902594755178,4.440892098501E-16));
#6599 = CARTESIAN_POINT('',(0.902594755178,-0.2));
#6600 = CARTESIAN_POINT('',(0.902594755178,-0.4));
#6601 = ( GEOMETRIC_REPRESENTATION_CONTEXT(2) 
PARAMETRIC_REPRESENTATION_CONTEXT() REPRESENTATION_CONTEXT('2D SPACE',''
  ) );
#6602 = ORIENTED_EDGE('',*,*,#4750,.T.);
#6603 = ORIENTED_EDGE('',*,*,#6557,.F.);
#6604 = ORIENTED_EDGE('',*,*,#2130,.F.);
#6605 = ADVANCED_FACE('',(#6606),#2110,.T.);
#6606 = FACE_BOUND('',#6607,.T.);
#6607 = EDGE_LOOP('',(#6608,#6628,#6629,#6630));
#6608 = ORIENTED_EDGE('',*,*,#6609,.T.);
#6609 = EDGE_CURVE('',#2047,#4693,#6610,.T.);
#6610 = SURFACE_CURVE('',#6611,(#6614,#6621),.PCURVE_S1.);
#6611 = B_SPLINE_CURVE_WITH_KNOTS('',1,(#6612,#6613),.UNSPECIFIED.,.F.,
  .F.,(2,2),(0.,0.4),.PIECEWISE_BEZIER_KNOTS.);
#6612 = CARTESIAN_POINT('',(0.614136672446,3.209020788695,1.8000001));
#6613 = CARTESIAN_POINT('',(0.614136672446,3.209020788695,2.2000001));
#6614 = PCURVE('',#2110,#6615);
#6615 = DEFINITIONAL_REPRESENTATION('',(#6616),#6620);
#6616 = B_SPLINE_CURVE_WITH_KNOTS('',2,(#6617,#6618,#6619),
  .UNSPECIFIED.,.F.,.F.,(3,3),(0.,0.4),.PIECEWISE_BEZIER_KNOTS.);
#6617 = CARTESIAN_POINT('',(-1.959407780159E-16,2.22044604925E-16));
#6618 = CARTESIAN_POINT('',(3.17081184432E-16,-0.2));
#6619 = CARTESIAN_POINT('',(-1.959407780159E-16,-0.4));
#6620 = ( GEOMETRIC_REPRESENTATION_CONTEXT(2) 
PARAMETRIC_REPRESENTATION_CONTEXT() REPRESENTATION_CONTEXT('2D SPACE',''
  ) );
#6621 = PCURVE('',#2068,#6622);
#6622 = DEFINITIONAL_REPRESENTATION('',(#6623),#6627);
#6623 = B_SPLINE_CURVE_WITH_KNOTS('',2,(#6624,#6625,#6626),
  .UNSPECIFIED.,.F.,.F.,(3,3),(0.,0.4),.PIECEWISE_BEZIER_KNOTS.);
#6624 = CARTESIAN_POINT('',(1.,2.22044604925E-16));
#6625 = CARTESIAN_POINT('',(1.,-0.2));
#6626 = CARTESIAN_POINT('',(1.,-0.4));
#6627 = ( GEOMETRIC_REPRESENTATION_CONTEXT(2) 
PARAMETRIC_REPRESENTATION_CONTEXT() REPRESENTATION_CONTEXT('2D SPACE',''
  ) );
#6628 = ORIENTED_EDGE('',*,*,#4721,.T.);
#6629 = ORIENTED_EDGE('',*,*,#6583,.F.);
#6630 = ORIENTED_EDGE('',*,*,#2088,.F.);
#6631 = ADVANCED_FACE('',(#6632),#2068,.T.);
#6632 = FACE_BOUND('',#6633,.T.);
#6633 = EDGE_LOOP('',(#6634,#6654,#6655,#6656));
#6634 = ORIENTED_EDGE('',*,*,#6635,.T.);
#6635 = EDGE_CURVE('',#2005,#4664,#6636,.T.);
#6636 = SURFACE_CURVE('',#6637,(#6640,#6647),.PCURVE_S1.);
#6637 = B_SPLINE_CURVE_WITH_KNOTS('',1,(#6638,#6639),.UNSPECIFIED.,.F.,
  .F.,(2,2),(0.,0.4),.PIECEWISE_BEZIER_KNOTS.);
#6638 = CARTESIAN_POINT('',(-1.768256929901E-02,3.288493558774,1.8000001
    ));
#6639 = CARTESIAN_POINT('',(-1.768256929901E-02,3.288493558774,2.2000001
    ));
#6640 = PCURVE('',#2068,#6641);
#6641 = DEFINITIONAL_REPRESENTATION('',(#6642),#6646);
#6642 = B_SPLINE_CURVE_WITH_KNOTS('',2,(#6643,#6644,#6645),
  .UNSPECIFIED.,.F.,.F.,(3,3),(0.,0.4),.PIECEWISE_BEZIER_KNOTS.);
#6643 = CARTESIAN_POINT('',(-7.176153666932E-29,2.22044604925E-16));
#6644 = CARTESIAN_POINT('',(6.528892747954E-29,-0.2));
#6645 = CARTESIAN_POINT('',(-7.176153666932E-29,-0.4));
#6646 = ( GEOMETRIC_REPRESENTATION_CONTEXT(2) 
PARAMETRIC_REPRESENTATION_CONTEXT() REPRESENTATION_CONTEXT('2D SPACE',''
  ) );
#6647 = PCURVE('',#2026,#6648);
#6648 = DEFINITIONAL_REPRESENTATION('',(#6649),#6653);
#6649 = B_SPLINE_CURVE_WITH_KNOTS('',2,(#6650,#6651,#6652),
  .UNSPECIFIED.,.F.,.F.,(3,3),(0.,0.4),.PIECEWISE_BEZIER_KNOTS.);
#6650 = CARTESIAN_POINT('',(1.,2.22044604925E-16));
#6651 = CARTESIAN_POINT('',(1.,-0.2));
#6652 = CARTESIAN_POINT('',(1.,-0.4));
#6653 = ( GEOMETRIC_REPRESENTATION_CONTEXT(2) 
PARAMETRIC_REPRESENTATION_CONTEXT() REPRESENTATION_CONTEXT('2D SPACE',''
  ) );
#6654 = ORIENTED_EDGE('',*,*,#4692,.T.);
#6655 = ORIENTED_EDGE('',*,*,#6609,.F.);
#6656 = ORIENTED_EDGE('',*,*,#2046,.F.);
#6657 = ADVANCED_FACE('',(#6658),#2026,.T.);
#6658 = FACE_BOUND('',#6659,.T.);
#6659 = EDGE_LOOP('',(#6660,#6680,#6681,#6682));
#6660 = ORIENTED_EDGE('',*,*,#6661,.T.);
#6661 = EDGE_CURVE('',#1963,#4635,#6662,.T.);
#6662 = SURFACE_CURVE('',#6663,(#6666,#6673),.PCURVE_S1.);
#6663 = B_SPLINE_CURVE_WITH_KNOTS('',1,(#6664,#6665),.UNSPECIFIED.,.F.,
  .F.,(2,2),(0.,0.4),.PIECEWISE_BEZIER_KNOTS.);
#6664 = CARTESIAN_POINT('',(-0.742961747745,3.152437099429,1.8000001));
#6665 = CARTESIAN_POINT('',(-0.742961747745,3.152437099429,2.2000001));
#6666 = PCURVE('',#2026,#6667);
#6667 = DEFINITIONAL_REPRESENTATION('',(#6668),#6672);
#6668 = B_SPLINE_CURVE_WITH_KNOTS('',2,(#6669,#6670,#6671),
  .UNSPECIFIED.,.F.,.F.,(3,3),(0.,0.4),.PIECEWISE_BEZIER_KNOTS.);
#6669 = CARTESIAN_POINT('',(4.267245497495E-46,2.22044604925E-16));
#6670 = CARTESIAN_POINT('',(-8.024094964897E-46,-0.2));
#6671 = CARTESIAN_POINT('',(8.53449099499E-46,-0.4));
#6672 = ( GEOMETRIC_REPRESENTATION_CONTEXT(2) 
PARAMETRIC_REPRESENTATION_CONTEXT() REPRESENTATION_CONTEXT('2D SPACE',''
  ) );
#6673 = PCURVE('',#1984,#6674);
#6674 = DEFINITIONAL_REPRESENTATION('',(#6675),#6679);
#6675 = B_SPLINE_CURVE_WITH_KNOTS('',2,(#6676,#6677,#6678),
  .UNSPECIFIED.,.F.,.F.,(3,3),(0.,0.4),.PIECEWISE_BEZIER_KNOTS.);
#6676 = CARTESIAN_POINT('',(1.,-2.22044604925E-16));
#6677 = CARTESIAN_POINT('',(1.,-0.2));
#6678 = CARTESIAN_POINT('',(1.,-0.4));
#6679 = ( GEOMETRIC_REPRESENTATION_CONTEXT(2) 
PARAMETRIC_REPRESENTATION_CONTEXT() REPRESENTATION_CONTEXT('2D SPACE',''
  ) );
#6680 = ORIENTED_EDGE('',*,*,#4663,.T.);
#6681 = ORIENTED_EDGE('',*,*,#6635,.F.);
#6682 = ORIENTED_EDGE('',*,*,#2004,.F.);
#6683 = ADVANCED_FACE('',(#6684),#1984,.T.);
#6684 = FACE_BOUND('',#6685,.T.);
#6685 = EDGE_LOOP('',(#6686,#6706,#6707,#6708));
#6686 = ORIENTED_EDGE('',*,*,#6687,.T.);
#6687 = EDGE_CURVE('',#1921,#4606,#6688,.T.);
#6688 = SURFACE_CURVE('',#6689,(#6692,#6699),.PCURVE_S1.);
#6689 = B_SPLINE_CURVE_WITH_KNOTS('',1,(#6690,#6691),.UNSPECIFIED.,.F.,
  .F.,(2,2),(0.,0.4),.PIECEWISE_BEZIER_KNOTS.);
#6690 = CARTESIAN_POINT('',(-1.151624088158,2.891917256602,1.8000001));
#6691 = CARTESIAN_POINT('',(-1.151624088158,2.891917256602,2.2000001));
#6692 = PCURVE('',#1984,#6693);
#6693 = DEFINITIONAL_REPRESENTATION('',(#6694),#6698);
#6694 = B_SPLINE_CURVE_WITH_KNOTS('',2,(#6695,#6696,#6697),
  .UNSPECIFIED.,.F.,.F.,(3,3),(0.,0.4),.PIECEWISE_BEZIER_KNOTS.);
#6695 = CARTESIAN_POINT('',(0.259115762334,-2.22044604925E-16));
#6696 = CARTESIAN_POINT('',(0.259115762334,-0.2));
#6697 = CARTESIAN_POINT('',(0.259115762334,-0.4));
#6698 = ( GEOMETRIC_REPRESENTATION_CONTEXT(2) 
PARAMETRIC_REPRESENTATION_CONTEXT() REPRESENTATION_CONTEXT('2D SPACE',''
  ) );
#6699 = PCURVE('',#1942,#6700);
#6700 = DEFINITIONAL_REPRESENTATION('',(#6701),#6705);
#6701 = B_SPLINE_CURVE_WITH_KNOTS('',2,(#6702,#6703,#6704),
  .UNSPECIFIED.,.F.,.F.,(3,3),(0.,0.4),.PIECEWISE_BEZIER_KNOTS.);
#6702 = CARTESIAN_POINT('',(0.259115762334,-2.22044604925E-16));
#6703 = CARTESIAN_POINT('',(0.259115762334,-0.2));
#6704 = CARTESIAN_POINT('',(0.259115762334,-0.4));
#6705 = ( GEOMETRIC_REPRESENTATION_CONTEXT(2) 
PARAMETRIC_REPRESENTATION_CONTEXT() REPRESENTATION_CONTEXT('2D SPACE',''
  ) );
#6706 = ORIENTED_EDGE('',*,*,#4634,.T.);
#6707 = ORIENTED_EDGE('',*,*,#6661,.F.);
#6708 = ORIENTED_EDGE('',*,*,#1962,.F.);
#6709 = ADVANCED_FACE('',(#6710),#1942,.T.);
#6710 = FACE_BOUND('',#6711,.T.);
#6711 = EDGE_LOOP('',(#6712,#6732,#6733,#6734));
#6712 = ORIENTED_EDGE('',*,*,#6713,.T.);
#6713 = EDGE_CURVE('',#1887,#4581,#6714,.T.);
#6714 = SURFACE_CURVE('',#6715,(#6718,#6725),.PCURVE_S1.);
#6715 = B_SPLINE_CURVE_WITH_KNOTS('',1,(#6716,#6717),.UNSPECIFIED.,.F.,
  .F.,(2,2),(0.,0.4),.PIECEWISE_BEZIER_KNOTS.);
#6716 = CARTESIAN_POINT('',(-1.268581443609,2.77275729044,1.8000001));
#6717 = CARTESIAN_POINT('',(-1.268581443609,2.77275729044,2.2000001));
#6718 = PCURVE('',#1942,#6719);
#6719 = DEFINITIONAL_REPRESENTATION('',(#6720),#6724);
#6720 = B_SPLINE_CURVE_WITH_KNOTS('',2,(#6721,#6722,#6723),
  .UNSPECIFIED.,.F.,.F.,(3,3),(0.,0.4),.PIECEWISE_BEZIER_KNOTS.);
#6721 = CARTESIAN_POINT('',(-4.50338850673E-16,-2.22044604925E-16));
#6722 = CARTESIAN_POINT('',(-4.50338850673E-16,-0.2));
#6723 = CARTESIAN_POINT('',(-4.50338850673E-16,-0.4));
#6724 = ( GEOMETRIC_REPRESENTATION_CONTEXT(2) 
PARAMETRIC_REPRESENTATION_CONTEXT() REPRESENTATION_CONTEXT('2D SPACE',''
  ) );
#6725 = PCURVE('',#1904,#6726);
#6726 = DEFINITIONAL_REPRESENTATION('',(#6727),#6731);
#6727 = B_SPLINE_CURVE_WITH_KNOTS('',2,(#6728,#6729,#6730),
  .UNSPECIFIED.,.F.,.F.,(3,3),(0.,0.4),.PIECEWISE_BEZIER_KNOTS.);
#6728 = CARTESIAN_POINT('',(1.,-2.220446049308E-16));
#6729 = CARTESIAN_POINT('',(1.,-0.2));
#6730 = CARTESIAN_POINT('',(1.,-0.4));
#6731 = ( GEOMETRIC_REPRESENTATION_CONTEXT(2) 
PARAMETRIC_REPRESENTATION_CONTEXT() REPRESENTATION_CONTEXT('2D SPACE',''
  ) );
#6732 = ORIENTED_EDGE('',*,*,#4605,.T.);
#6733 = ORIENTED_EDGE('',*,*,#6687,.F.);
#6734 = ORIENTED_EDGE('',*,*,#1920,.F.);
#6735 = ADVANCED_FACE('',(#6736),#1904,.T.);
#6736 = FACE_BOUND('',#6737,.T.);
#6737 = EDGE_LOOP('',(#6738,#6758,#6759,#6760));
#6738 = ORIENTED_EDGE('',*,*,#6739,.T.);
#6739 = EDGE_CURVE('',#1845,#4552,#6740,.T.);
#6740 = SURFACE_CURVE('',#6741,(#6744,#6751),.PCURVE_S1.);
#6741 = B_SPLINE_CURVE_WITH_KNOTS('',1,(#6742,#6743),.UNSPECIFIED.,.F.,
  .F.,(2,2),(0.,0.4),.PIECEWISE_BEZIER_KNOTS.);
#6742 = CARTESIAN_POINT('',(-1.276859462588,2.763184703116,1.8000001));
#6743 = CARTESIAN_POINT('',(-1.276859462588,2.763184703116,2.2000001));
#6744 = PCURVE('',#1904,#6745);
#6745 = DEFINITIONAL_REPRESENTATION('',(#6746),#6750);
#6746 = B_SPLINE_CURVE_WITH_KNOTS('',2,(#6747,#6748,#6749),
  .UNSPECIFIED.,.F.,.F.,(3,3),(0.,0.4),.PIECEWISE_BEZIER_KNOTS.);
#6747 = CARTESIAN_POINT('',(0.980494775816,-2.220446049193E-16));
#6748 = CARTESIAN_POINT('',(0.980494775816,-0.2));
#6749 = CARTESIAN_POINT('',(0.980494775816,-0.4));
#6750 = ( GEOMETRIC_REPRESENTATION_CONTEXT(2) 
PARAMETRIC_REPRESENTATION_CONTEXT() REPRESENTATION_CONTEXT('2D SPACE',''
  ) );
#6751 = PCURVE('',#1866,#6752);
#6752 = DEFINITIONAL_REPRESENTATION('',(#6753),#6757);
#6753 = B_SPLINE_CURVE_WITH_KNOTS('',2,(#6754,#6755,#6756),
  .UNSPECIFIED.,.F.,.F.,(3,3),(0.,0.4),.PIECEWISE_BEZIER_KNOTS.);
#6754 = CARTESIAN_POINT('',(0.980494775816,-2.22044604925E-16));
#6755 = CARTESIAN_POINT('',(0.980494775816,-0.2));
#6756 = CARTESIAN_POINT('',(0.980494775816,-0.4));
#6757 = ( GEOMETRIC_REPRESENTATION_CONTEXT(2) 
PARAMETRIC_REPRESENTATION_CONTEXT() REPRESENTATION_CONTEXT('2D SPACE',''
  ) );
#6758 = ORIENTED_EDGE('',*,*,#4580,.T.);
#6759 = ORIENTED_EDGE('',*,*,#6713,.F.);
#6760 = ORIENTED_EDGE('',*,*,#1886,.F.);
#6761 = ADVANCED_FACE('',(#6762),#1866,.T.);
#6762 = FACE_BOUND('',#6763,.T.);
#6763 = EDGE_LOOP('',(#6764,#6784,#6785,#6786));
#6764 = ORIENTED_EDGE('',*,*,#6765,.T.);
#6765 = EDGE_CURVE('',#1803,#4523,#6766,.T.);
#6766 = SURFACE_CURVE('',#6767,(#6770,#6777),.PCURVE_S1.);
#6767 = B_SPLINE_CURVE_WITH_KNOTS('',1,(#6768,#6769),.UNSPECIFIED.,.F.,
  .F.,(2,2),(0.,0.4),.PIECEWISE_BEZIER_KNOTS.);
#6768 = CARTESIAN_POINT('',(-1.587053536217,2.18738299183,1.8000001));
#6769 = CARTESIAN_POINT('',(-1.587053536217,2.18738299183,2.2000001));
#6770 = PCURVE('',#1866,#6771);
#6771 = DEFINITIONAL_REPRESENTATION('',(#6772),#6776);
#6772 = B_SPLINE_CURVE_WITH_KNOTS('',2,(#6773,#6774,#6775),
  .UNSPECIFIED.,.F.,.F.,(3,3),(0.,0.4),.PIECEWISE_BEZIER_KNOTS.);
#6773 = CARTESIAN_POINT('',(5.013594737556E-16,-2.22044604925E-16));
#6774 = CARTESIAN_POINT('',(5.013594737556E-16,-0.2));
#6775 = CARTESIAN_POINT('',(5.013594737556E-16,-0.4));
#6776 = ( GEOMETRIC_REPRESENTATION_CONTEXT(2) 
PARAMETRIC_REPRESENTATION_CONTEXT() REPRESENTATION_CONTEXT('2D SPACE',''
  ) );
#6777 = PCURVE('',#1824,#6778);
#6778 = DEFINITIONAL_REPRESENTATION('',(#6779),#6783);
#6779 = B_SPLINE_CURVE_WITH_KNOTS('',2,(#6780,#6781,#6782),
  .UNSPECIFIED.,.F.,.F.,(3,3),(0.,0.4),.PIECEWISE_BEZIER_KNOTS.);
#6780 = CARTESIAN_POINT('',(1.,2.22044604925E-16));
#6781 = CARTESIAN_POINT('',(1.,-0.2));
#6782 = CARTESIAN_POINT('',(1.,-0.4));
#6783 = ( GEOMETRIC_REPRESENTATION_CONTEXT(2) 
PARAMETRIC_REPRESENTATION_CONTEXT() REPRESENTATION_CONTEXT('2D SPACE',''
  ) );
#6784 = ORIENTED_EDGE('',*,*,#4551,.T.);
#6785 = ORIENTED_EDGE('',*,*,#6739,.F.);
#6786 = ORIENTED_EDGE('',*,*,#1844,.F.);
#6787 = ADVANCED_FACE('',(#6788),#1824,.T.);
#6788 = FACE_BOUND('',#6789,.T.);
#6789 = EDGE_LOOP('',(#6790,#6810,#6811,#6812));
#6790 = ORIENTED_EDGE('',*,*,#6791,.T.);
#6791 = EDGE_CURVE('',#1773,#4500,#6792,.T.);
#6792 = SURFACE_CURVE('',#6793,(#6796,#6803),.PCURVE_S1.);
#6793 = B_SPLINE_CURVE_WITH_KNOTS('',1,(#6794,#6795),.UNSPECIFIED.,.F.,
  .F.,(2,2),(0.,0.4),.PIECEWISE_BEZIER_KNOTS.);
#6794 = CARTESIAN_POINT('',(-1.682299247999,1.428438088989,1.8000001));
#6795 = CARTESIAN_POINT('',(-1.682299247999,1.428438088989,2.2000001));
#6796 = PCURVE('',#1824,#6797);
#6797 = DEFINITIONAL_REPRESENTATION('',(#6798),#6802);
#6798 = B_SPLINE_CURVE_WITH_KNOTS('',2,(#6799,#6800,#6801),
  .UNSPECIFIED.,.F.,.F.,(3,3),(0.,0.4),.PIECEWISE_BEZIER_KNOTS.);
#6799 = CARTESIAN_POINT('',(-2.729984602701E-16,2.22044604925E-16));
#6800 = CARTESIAN_POINT('',(-2.729984602701E-16,-0.2));
#6801 = CARTESIAN_POINT('',(-2.729984602701E-16,-0.4));
#6802 = ( GEOMETRIC_REPRESENTATION_CONTEXT(2) 
PARAMETRIC_REPRESENTATION_CONTEXT() REPRESENTATION_CONTEXT('2D SPACE',''
  ) );
#6803 = PCURVE('',#1788,#6804);
#6804 = DEFINITIONAL_REPRESENTATION('',(#6805),#6809);
#6805 = B_SPLINE_CURVE_WITH_KNOTS('',2,(#6806,#6807,#6808),
  .UNSPECIFIED.,.F.,.F.,(3,3),(0.,0.4),.PIECEWISE_BEZIER_KNOTS.);
#6806 = CARTESIAN_POINT('',(1.570796326795,0.));
#6807 = CARTESIAN_POINT('',(1.570796326795,-0.2));
#6808 = CARTESIAN_POINT('',(1.570796326795,-0.4));
#6809 = ( GEOMETRIC_REPRESENTATION_CONTEXT(2) 
PARAMETRIC_REPRESENTATION_CONTEXT() REPRESENTATION_CONTEXT('2D SPACE',''
  ) );
#6810 = ORIENTED_EDGE('',*,*,#4522,.T.);
#6811 = ORIENTED_EDGE('',*,*,#6765,.F.);
#6812 = ORIENTED_EDGE('',*,*,#1802,.F.);
#6813 = ADVANCED_FACE('',(#6814),#1788,.F.);
#6814 = FACE_BOUND('',#6815,.F.);
#6815 = EDGE_LOOP('',(#6816,#6817,#6818,#6837));
#6816 = ORIENTED_EDGE('',*,*,#6791,.T.);
#6817 = ORIENTED_EDGE('',*,*,#4499,.T.);
#6818 = ORIENTED_EDGE('',*,*,#6819,.F.);
#6819 = EDGE_CURVE('',#1748,#4480,#6820,.T.);
#6820 = SURFACE_CURVE('',#6821,(#6824,#6831),.PCURVE_S1.);
#6821 = B_SPLINE_CURVE_WITH_KNOTS('',1,(#6822,#6823),.UNSPECIFIED.,.F.,
  .F.,(2,2),(0.,0.4),.PIECEWISE_BEZIER_KNOTS.);
#6822 = CARTESIAN_POINT('',(-1.762272997545,1.346388849267,1.8000001));
#6823 = CARTESIAN_POINT('',(-1.762272997545,1.346388849267,2.2000001));
#6824 = PCURVE('',#1788,#6825);
#6825 = DEFINITIONAL_REPRESENTATION('',(#6826),#6830);
#6826 = B_SPLINE_CURVE_WITH_KNOTS('',2,(#6827,#6828,#6829),
  .UNSPECIFIED.,.F.,.F.,(3,3),(0.,0.4),.PIECEWISE_BEZIER_KNOTS.);
#6827 = CARTESIAN_POINT('',(3.167210952228,-2.22044604925E-16));
#6828 = CARTESIAN_POINT('',(3.167210952228,-0.2));
#6829 = CARTESIAN_POINT('',(3.167210952228,-0.4));
#6830 = ( GEOMETRIC_REPRESENTATION_CONTEXT(2) 
PARAMETRIC_REPRESENTATION_CONTEXT() REPRESENTATION_CONTEXT('2D SPACE',''
  ) );
#6831 = PCURVE('',#1761,#6832);
#6832 = DEFINITIONAL_REPRESENTATION('',(#6833),#6836);
#6833 = B_SPLINE_CURVE_WITH_KNOTS('',1,(#6834,#6835),.UNSPECIFIED.,.F.,
  .F.,(2,2),(0.,0.4),.PIECEWISE_BEZIER_KNOTS.);
#6834 = CARTESIAN_POINT('',(0.691228550678,0.));
#6835 = CARTESIAN_POINT('',(0.691228550678,-0.4));
#6836 = ( GEOMETRIC_REPRESENTATION_CONTEXT(2) 
PARAMETRIC_REPRESENTATION_CONTEXT() REPRESENTATION_CONTEXT('2D SPACE',''
  ) );
#6837 = ORIENTED_EDGE('',*,*,#1772,.F.);
#6838 = ADVANCED_FACE('',(#6839),#1761,.T.);
#6839 = FACE_BOUND('',#6840,.T.);
#6840 = EDGE_LOOP('',(#6841,#6860,#6861,#6862));
#6841 = ORIENTED_EDGE('',*,*,#6842,.T.);
#6842 = EDGE_CURVE('',#1718,#4457,#6843,.T.);
#6843 = SURFACE_CURVE('',#6844,(#6847,#6853),.PCURVE_S1.);
#6844 = B_SPLINE_CURVE_WITH_KNOTS('',1,(#6845,#6846),.UNSPECIFIED.,.F.,
  .F.,(2,2),(0.,0.4),.PIECEWISE_BEZIER_KNOTS.);
#6845 = CARTESIAN_POINT('',(-2.453501548223,1.346388849267,1.8000001));
#6846 = CARTESIAN_POINT('',(-2.453501548223,1.346388849267,2.2000001));
#6847 = PCURVE('',#1761,#6848);
#6848 = DEFINITIONAL_REPRESENTATION('',(#6849),#6852);
#6849 = B_SPLINE_CURVE_WITH_KNOTS('',1,(#6850,#6851),.UNSPECIFIED.,.F.,
  .F.,(2,2),(0.,0.4),.PIECEWISE_BEZIER_KNOTS.);
#6850 = CARTESIAN_POINT('',(0.,0.));
#6851 = CARTESIAN_POINT('',(0.,-0.4));
#6852 = ( GEOMETRIC_REPRESENTATION_CONTEXT(2) 
PARAMETRIC_REPRESENTATION_CONTEXT() REPRESENTATION_CONTEXT('2D SPACE',''
  ) );
#6853 = PCURVE('',#1733,#6854);
#6854 = DEFINITIONAL_REPRESENTATION('',(#6855),#6859);
#6855 = B_SPLINE_CURVE_WITH_KNOTS('',2,(#6856,#6857,#6858),
  .UNSPECIFIED.,.F.,.F.,(3,3),(0.,0.4),.PIECEWISE_BEZIER_KNOTS.);
#6856 = CARTESIAN_POINT('',(1.570796326795,-2.22044604925E-16));
#6857 = CARTESIAN_POINT('',(1.570796326795,-0.2));
#6858 = CARTESIAN_POINT('',(1.570796326795,-0.4));
#6859 = ( GEOMETRIC_REPRESENTATION_CONTEXT(2) 
PARAMETRIC_REPRESENTATION_CONTEXT() REPRESENTATION_CONTEXT('2D SPACE',''
  ) );
#6860 = ORIENTED_EDGE('',*,*,#4479,.T.);
#6861 = ORIENTED_EDGE('',*,*,#6819,.F.);
#6862 = ORIENTED_EDGE('',*,*,#1747,.F.);
#6863 = ADVANCED_FACE('',(#6864),#1733,.F.);
#6864 = FACE_BOUND('',#6865,.F.);
#6865 = EDGE_LOOP('',(#6866,#6867,#6868,#6888));
#6866 = ORIENTED_EDGE('',*,*,#6842,.T.);
#6867 = ORIENTED_EDGE('',*,*,#4456,.T.);
#6868 = ORIENTED_EDGE('',*,*,#6869,.F.);
#6869 = EDGE_CURVE('',#1676,#4428,#6870,.T.);
#6870 = SURFACE_CURVE('',#6871,(#6874,#6881),.PCURVE_S1.);
#6871 = B_SPLINE_CURVE_WITH_KNOTS('',1,(#6872,#6873),.UNSPECIFIED.,.F.,
  .F.,(2,2),(0.,0.4),.PIECEWISE_BEZIER_KNOTS.);
#6872 = CARTESIAN_POINT('',(-2.533501548223,1.426388849267,1.8000001));
#6873 = CARTESIAN_POINT('',(-2.533501548223,1.426388849267,2.2000001));
#6874 = PCURVE('',#1733,#6875);
#6875 = DEFINITIONAL_REPRESENTATION('',(#6876),#6880);
#6876 = B_SPLINE_CURVE_WITH_KNOTS('',2,(#6877,#6878,#6879),
  .UNSPECIFIED.,.F.,.F.,(3,3),(0.,0.4),.PIECEWISE_BEZIER_KNOTS.);
#6877 = CARTESIAN_POINT('',(3.14159265359,-2.22044604925E-16));
#6878 = CARTESIAN_POINT('',(3.14159265359,-0.2));
#6879 = CARTESIAN_POINT('',(3.14159265359,-0.4));
#6880 = ( GEOMETRIC_REPRESENTATION_CONTEXT(2) 
PARAMETRIC_REPRESENTATION_CONTEXT() REPRESENTATION_CONTEXT('2D SPACE',''
  ) );
#6881 = PCURVE('',#1697,#6882);
#6882 = DEFINITIONAL_REPRESENTATION('',(#6883),#6887);
#6883 = B_SPLINE_CURVE_WITH_KNOTS('',2,(#6884,#6885,#6886),
  .UNSPECIFIED.,.F.,.F.,(3,3),(0.,0.4),.PIECEWISE_BEZIER_KNOTS.);
#6884 = CARTESIAN_POINT('',(1.,2.22044604925E-16));
#6885 = CARTESIAN_POINT('',(1.,-0.2));
#6886 = CARTESIAN_POINT('',(1.,-0.4));
#6887 = ( GEOMETRIC_REPRESENTATION_CONTEXT(2) 
PARAMETRIC_REPRESENTATION_CONTEXT() REPRESENTATION_CONTEXT('2D SPACE',''
  ) );
#6888 = ORIENTED_EDGE('',*,*,#1717,.F.);
#6889 = ADVANCED_FACE('',(#6890),#1697,.T.);
#6890 = FACE_BOUND('',#6891,.T.);
#6891 = EDGE_LOOP('',(#6892,#6912,#6913,#6914));
#6892 = ORIENTED_EDGE('',*,*,#6893,.T.);
#6893 = EDGE_CURVE('',#1634,#4399,#6894,.T.);
#6894 = SURFACE_CURVE('',#6895,(#6898,#6905),.PCURVE_S1.);
#6895 = B_SPLINE_CURVE_WITH_KNOTS('',1,(#6896,#6897),.UNSPECIFIED.,.F.,
  .F.,(2,2),(0.,0.4),.PIECEWISE_BEZIER_KNOTS.);
#6896 = CARTESIAN_POINT('',(-2.358488122269,2.463533966051,1.8000001));
#6897 = CARTESIAN_POINT('',(-2.358488122269,2.463533966051,2.2000001));
#6898 = PCURVE('',#1697,#6899);
#6899 = DEFINITIONAL_REPRESENTATION('',(#6900),#6904);
#6900 = B_SPLINE_CURVE_WITH_KNOTS('',2,(#6901,#6902,#6903),
  .UNSPECIFIED.,.F.,.F.,(3,3),(0.,0.4),.PIECEWISE_BEZIER_KNOTS.);
#6901 = CARTESIAN_POINT('',(1.517221667177E-16,2.22044604925E-16));
#6902 = CARTESIAN_POINT('',(1.517221667177E-16,-0.2));
#6903 = CARTESIAN_POINT('',(1.517221667177E-16,-0.4));
#6904 = ( GEOMETRIC_REPRESENTATION_CONTEXT(2) 
PARAMETRIC_REPRESENTATION_CONTEXT() REPRESENTATION_CONTEXT('2D SPACE',''
  ) );
#6905 = PCURVE('',#1655,#6906);
#6906 = DEFINITIONAL_REPRESENTATION('',(#6907),#6911);
#6907 = B_SPLINE_CURVE_WITH_KNOTS('',2,(#6908,#6909,#6910),
  .UNSPECIFIED.,.F.,.F.,(3,3),(0.,0.4),.PIECEWISE_BEZIER_KNOTS.);
#6908 = CARTESIAN_POINT('',(1.,2.22044604925E-16));
#6909 = CARTESIAN_POINT('',(1.,-0.2));
#6910 = CARTESIAN_POINT('',(1.,-0.4));
#6911 = ( GEOMETRIC_REPRESENTATION_CONTEXT(2) 
PARAMETRIC_REPRESENTATION_CONTEXT() REPRESENTATION_CONTEXT('2D SPACE',''
  ) );
#6912 = ORIENTED_EDGE('',*,*,#4427,.T.);
#6913 = ORIENTED_EDGE('',*,*,#6869,.F.);
#6914 = ORIENTED_EDGE('',*,*,#1675,.F.);
#6915 = ADVANCED_FACE('',(#6916),#1655,.T.);
#6916 = FACE_BOUND('',#6917,.T.);
#6917 = EDGE_LOOP('',(#6918,#6938,#6939,#6940));
#6918 = ORIENTED_EDGE('',*,*,#6919,.T.);
#6919 = EDGE_CURVE('',#1596,#4372,#6920,.T.);
#6920 = SURFACE_CURVE('',#6921,(#6924,#6931),.PCURVE_S1.);
#6921 = B_SPLINE_CURVE_WITH_KNOTS('',1,(#6922,#6923),.UNSPECIFIED.,.F.,
  .F.,(2,2),(0.,0.4),.PIECEWISE_BEZIER_KNOTS.);
#6922 = CARTESIAN_POINT('',(-1.900905584989,3.239987621683,1.8000001));
#6923 = CARTESIAN_POINT('',(-1.900905584989,3.239987621683,2.2000001));
#6924 = PCURVE('',#1655,#6925);
#6925 = DEFINITIONAL_REPRESENTATION('',(#6926),#6930);
#6926 = B_SPLINE_CURVE_WITH_KNOTS('',2,(#6927,#6928,#6929),
  .UNSPECIFIED.,.F.,.F.,(3,3),(0.,0.4),.PIECEWISE_BEZIER_KNOTS.);
#6927 = CARTESIAN_POINT('',(6.544637340643E-02,2.22044604925E-16));
#6928 = CARTESIAN_POINT('',(6.544637340643E-02,-0.2));
#6929 = CARTESIAN_POINT('',(6.544637340643E-02,-0.4));
#6930 = ( GEOMETRIC_REPRESENTATION_CONTEXT(2) 
PARAMETRIC_REPRESENTATION_CONTEXT() REPRESENTATION_CONTEXT('2D SPACE',''
  ) );
#6931 = PCURVE('',#1615,#6932);
#6932 = DEFINITIONAL_REPRESENTATION('',(#6933),#6937);
#6933 = B_SPLINE_CURVE_WITH_KNOTS('',2,(#6934,#6935,#6936),
  .UNSPECIFIED.,.F.,.F.,(3,3),(0.,0.4),.PIECEWISE_BEZIER_KNOTS.);
#6934 = CARTESIAN_POINT('',(6.544637342114E-02,-2.220446052046E-16));
#6935 = CARTESIAN_POINT('',(6.544637342114E-02,-0.2));
#6936 = CARTESIAN_POINT('',(6.544637342114E-02,-0.4));
#6937 = ( GEOMETRIC_REPRESENTATION_CONTEXT(2) 
PARAMETRIC_REPRESENTATION_CONTEXT() REPRESENTATION_CONTEXT('2D SPACE',''
  ) );
#6938 = ORIENTED_EDGE('',*,*,#4398,.T.);
#6939 = ORIENTED_EDGE('',*,*,#6893,.F.);
#6940 = ORIENTED_EDGE('',*,*,#1633,.F.);
#6941 = ADVANCED_FACE('',(#6942),#1615,.T.);
#6942 = FACE_BOUND('',#6943,.T.);
#6943 = EDGE_LOOP('',(#6944,#6964,#6965,#6966));
#6944 = ORIENTED_EDGE('',*,*,#6945,.T.);
#6945 = EDGE_CURVE('',#1558,#4345,#6946,.T.);
#6946 = SURFACE_CURVE('',#6947,(#6950,#6957),.PCURVE_S1.);
#6947 = B_SPLINE_CURVE_WITH_KNOTS('',1,(#6948,#6949),.UNSPECIFIED.,.F.,
  .F.,(2,2),(0.,0.4),.PIECEWISE_BEZIER_KNOTS.);
#6948 = CARTESIAN_POINT('',(-1.859121508587,3.285942163717,1.8000001));
#6949 = CARTESIAN_POINT('',(-1.859121508587,3.285942163717,2.2000001));
#6950 = PCURVE('',#1615,#6951);
#6951 = DEFINITIONAL_REPRESENTATION('',(#6952),#6956);
#6952 = B_SPLINE_CURVE_WITH_KNOTS('',2,(#6953,#6954,#6955),
  .UNSPECIFIED.,.F.,.F.,(3,3),(0.,0.4),.PIECEWISE_BEZIER_KNOTS.);
#6953 = CARTESIAN_POINT('',(-1.473313986736E-11,-2.220446048051E-16));
#6954 = CARTESIAN_POINT('',(-1.473313986736E-11,-0.2));
#6955 = CARTESIAN_POINT('',(-1.473313986736E-11,-0.4));
#6956 = ( GEOMETRIC_REPRESENTATION_CONTEXT(2) 
PARAMETRIC_REPRESENTATION_CONTEXT() REPRESENTATION_CONTEXT('2D SPACE',''
  ) );
#6957 = PCURVE('',#1577,#6958);
#6958 = DEFINITIONAL_REPRESENTATION('',(#6959),#6963);
#6959 = B_SPLINE_CURVE_WITH_KNOTS('',2,(#6960,#6961,#6962),
  .UNSPECIFIED.,.F.,.F.,(3,3),(0.,0.4),.PIECEWISE_BEZIER_KNOTS.);
#6960 = CARTESIAN_POINT('',(1.000000000427,-2.220446092256E-16));
#6961 = CARTESIAN_POINT('',(1.000000000427,-0.2));
#6962 = CARTESIAN_POINT('',(1.000000000427,-0.4));
#6963 = ( GEOMETRIC_REPRESENTATION_CONTEXT(2) 
PARAMETRIC_REPRESENTATION_CONTEXT() REPRESENTATION_CONTEXT('2D SPACE',''
  ) );
#6964 = ORIENTED_EDGE('',*,*,#4371,.T.);
#6965 = ORIENTED_EDGE('',*,*,#6919,.F.);
#6966 = ORIENTED_EDGE('',*,*,#1595,.F.);
#6967 = ADVANCED_FACE('',(#6968),#1577,.T.);
#6968 = FACE_BOUND('',#6969,.T.);
#6969 = EDGE_LOOP('',(#6970,#6990,#6991,#6992));
#6970 = ORIENTED_EDGE('',*,*,#6971,.T.);
#6971 = EDGE_CURVE('',#1516,#4316,#6972,.T.);
#6972 = SURFACE_CURVE('',#6973,(#6976,#6983),.PCURVE_S1.);
#6973 = B_SPLINE_CURVE_WITH_KNOTS('',1,(#6974,#6975),.UNSPECIFIED.,.F.,
  .F.,(2,2),(0.,0.4),.PIECEWISE_BEZIER_KNOTS.);
#6974 = CARTESIAN_POINT('',(-1.776741297198,3.369517305779,1.8000001));
#6975 = CARTESIAN_POINT('',(-1.776741297198,3.369517305779,2.2000001));
#6976 = PCURVE('',#1577,#6977);
#6977 = DEFINITIONAL_REPRESENTATION('',(#6978),#6982);
#6978 = B_SPLINE_CURVE_WITH_KNOTS('',2,(#6979,#6980,#6981),
  .UNSPECIFIED.,.F.,.F.,(3,3),(0.,0.4),.PIECEWISE_BEZIER_KNOTS.);
#6979 = CARTESIAN_POINT('',(0.876422415172,-2.220446030902E-16));
#6980 = CARTESIAN_POINT('',(0.876422415172,-0.2));
#6981 = CARTESIAN_POINT('',(0.876422415172,-0.4));
#6982 = ( GEOMETRIC_REPRESENTATION_CONTEXT(2) 
PARAMETRIC_REPRESENTATION_CONTEXT() REPRESENTATION_CONTEXT('2D SPACE',''
  ) );
#6983 = PCURVE('',#1537,#6984);
#6984 = DEFINITIONAL_REPRESENTATION('',(#6985),#6989);
#6985 = B_SPLINE_CURVE_WITH_KNOTS('',2,(#6986,#6987,#6988),
  .UNSPECIFIED.,.F.,.F.,(3,3),(0.,0.4),.PIECEWISE_BEZIER_KNOTS.);
#6986 = CARTESIAN_POINT('',(0.876422415597,2.22044604925E-16));
#6987 = CARTESIAN_POINT('',(0.876422415597,-0.2));
#6988 = CARTESIAN_POINT('',(0.876422415597,-0.4));
#6989 = ( GEOMETRIC_REPRESENTATION_CONTEXT(2) 
PARAMETRIC_REPRESENTATION_CONTEXT() REPRESENTATION_CONTEXT('2D SPACE',''
  ) );
#6990 = ORIENTED_EDGE('',*,*,#4344,.T.);
#6991 = ORIENTED_EDGE('',*,*,#6945,.F.);
#6992 = ORIENTED_EDGE('',*,*,#1557,.F.);
#6993 = ADVANCED_FACE('',(#6994),#1537,.T.);
#6994 = FACE_BOUND('',#6995,.T.);
#6995 = EDGE_LOOP('',(#6996,#7016,#7017,#7018));
#6996 = ORIENTED_EDGE('',*,*,#6997,.T.);
#6997 = EDGE_CURVE('',#1474,#4287,#6998,.T.);
#6998 = SURFACE_CURVE('',#6999,(#7002,#7009),.PCURVE_S1.);
#6999 = B_SPLINE_CURVE_WITH_KNOTS('',1,(#7000,#7001),.UNSPECIFIED.,.F.,
  .F.,(2,2),(0.,0.4),.PIECEWISE_BEZIER_KNOTS.);
#7000 = CARTESIAN_POINT('',(-1.069500219056,3.831564211097,1.8000001));
#7001 = CARTESIAN_POINT('',(-1.069500219056,3.831564211097,2.2000001));
#7002 = PCURVE('',#1537,#7003);
#7003 = DEFINITIONAL_REPRESENTATION('',(#7004),#7008);
#7004 = B_SPLINE_CURVE_WITH_KNOTS('',2,(#7005,#7006,#7007),
  .UNSPECIFIED.,.F.,.F.,(3,3),(0.,0.4),.PIECEWISE_BEZIER_KNOTS.);
#7005 = CARTESIAN_POINT('',(-2.02492323707E-16,2.22044604925E-16));
#7006 = CARTESIAN_POINT('',(-2.02492323707E-16,-0.2));
#7007 = CARTESIAN_POINT('',(-2.02492323707E-16,-0.4));
#7008 = ( GEOMETRIC_REPRESENTATION_CONTEXT(2) 
PARAMETRIC_REPRESENTATION_CONTEXT() REPRESENTATION_CONTEXT('2D SPACE',''
  ) );
#7009 = PCURVE('',#1495,#7010);
#7010 = DEFINITIONAL_REPRESENTATION('',(#7011),#7015);
#7011 = B_SPLINE_CURVE_WITH_KNOTS('',2,(#7012,#7013,#7014),
  .UNSPECIFIED.,.F.,.F.,(3,3),(0.,0.4),.PIECEWISE_BEZIER_KNOTS.);
#7012 = CARTESIAN_POINT('',(1.,2.22044604925E-16));
#7013 = CARTESIAN_POINT('',(1.,-0.2));
#7014 = CARTESIAN_POINT('',(1.,-0.4));
#7015 = ( GEOMETRIC_REPRESENTATION_CONTEXT(2) 
PARAMETRIC_REPRESENTATION_CONTEXT() REPRESENTATION_CONTEXT('2D SPACE',''
  ) );
#7016 = ORIENTED_EDGE('',*,*,#4315,.T.);
#7017 = ORIENTED_EDGE('',*,*,#6971,.F.);
#7018 = ORIENTED_EDGE('',*,*,#1515,.F.);
#7019 = ADVANCED_FACE('',(#7020),#1495,.T.);
#7020 = FACE_BOUND('',#7021,.T.);
#7021 = EDGE_LOOP('',(#7022,#7042,#7043,#7044));
#7022 = ORIENTED_EDGE('',*,*,#7023,.T.);
#7023 = EDGE_CURVE('',#1432,#4258,#7024,.T.);
#7024 = SURFACE_CURVE('',#7025,(#7028,#7035),.PCURVE_S1.);
#7025 = B_SPLINE_CURVE_WITH_KNOTS('',1,(#7026,#7027),.UNSPECIFIED.,.F.,
  .F.,(2,2),(0.,0.4),.PIECEWISE_BEZIER_KNOTS.);
#7026 = CARTESIAN_POINT('',(-2.864764784281E-02,4.029999890278,1.8000001
    ));
#7027 = CARTESIAN_POINT('',(-2.864764784281E-02,4.029999890278,2.2000001
    ));
#7028 = PCURVE('',#1495,#7029);
#7029 = DEFINITIONAL_REPRESENTATION('',(#7030),#7034);
#7030 = B_SPLINE_CURVE_WITH_KNOTS('',2,(#7031,#7032,#7033),
  .UNSPECIFIED.,.F.,.F.,(3,3),(0.,0.4),.PIECEWISE_BEZIER_KNOTS.);
#7031 = CARTESIAN_POINT('',(-9.682709416732E-17,2.22044604925E-16));
#7032 = CARTESIAN_POINT('',(8.809366998752E-17,-0.2));
#7033 = CARTESIAN_POINT('',(-9.682709416732E-17,-0.4));
#7034 = ( GEOMETRIC_REPRESENTATION_CONTEXT(2) 
PARAMETRIC_REPRESENTATION_CONTEXT() REPRESENTATION_CONTEXT('2D SPACE',''
  ) );
#7035 = PCURVE('',#1453,#7036);
#7036 = DEFINITIONAL_REPRESENTATION('',(#7037),#7041);
#7037 = B_SPLINE_CURVE_WITH_KNOTS('',2,(#7038,#7039,#7040),
  .UNSPECIFIED.,.F.,.F.,(3,3),(0.,0.4),.PIECEWISE_BEZIER_KNOTS.);
#7038 = CARTESIAN_POINT('',(1.,-2.22044604925E-16));
#7039 = CARTESIAN_POINT('',(1.,-0.2));
#7040 = CARTESIAN_POINT('',(1.,-0.4));
#7041 = ( GEOMETRIC_REPRESENTATION_CONTEXT(2) 
PARAMETRIC_REPRESENTATION_CONTEXT() REPRESENTATION_CONTEXT('2D SPACE',''
  ) );
#7042 = ORIENTED_EDGE('',*,*,#4286,.T.);
#7043 = ORIENTED_EDGE('',*,*,#6997,.F.);
#7044 = ORIENTED_EDGE('',*,*,#1473,.F.);
#7045 = ADVANCED_FACE('',(#7046),#1453,.T.);
#7046 = FACE_BOUND('',#7047,.T.);
#7047 = EDGE_LOOP('',(#7048,#7068,#7069,#7070));
#7048 = ORIENTED_EDGE('',*,*,#7049,.T.);
#7049 = EDGE_CURVE('',#1390,#4229,#7050,.T.);
#7050 = SURFACE_CURVE('',#7051,(#7054,#7061),.PCURVE_S1.);
#7051 = B_SPLINE_CURVE_WITH_KNOTS('',1,(#7052,#7053),.UNSPECIFIED.,.F.,
  .F.,(2,2),(0.,0.4),.PIECEWISE_BEZIER_KNOTS.);
#7052 = CARTESIAN_POINT('',(0.620407800234,3.969310100277,1.8000001));
#7053 = CARTESIAN_POINT('',(0.620407800234,3.969310100277,2.2000001));
#7054 = PCURVE('',#1453,#7055);
#7055 = DEFINITIONAL_REPRESENTATION('',(#7056),#7060);
#7056 = B_SPLINE_CURVE_WITH_KNOTS('',2,(#7057,#7058,#7059),
  .UNSPECIFIED.,.F.,.F.,(3,3),(0.,0.4),.PIECEWISE_BEZIER_KNOTS.);
#7057 = CARTESIAN_POINT('',(0.282678760528,2.22044604925E-16));
#7058 = CARTESIAN_POINT('',(0.282678760528,-0.2));
#7059 = CARTESIAN_POINT('',(0.282678760528,-0.4));
#7060 = ( GEOMETRIC_REPRESENTATION_CONTEXT(2) 
PARAMETRIC_REPRESENTATION_CONTEXT() REPRESENTATION_CONTEXT('2D SPACE',''
  ) );
#7061 = PCURVE('',#1411,#7062);
#7062 = DEFINITIONAL_REPRESENTATION('',(#7063),#7067);
#7063 = B_SPLINE_CURVE_WITH_KNOTS('',2,(#7064,#7065,#7066),
  .UNSPECIFIED.,.F.,.F.,(3,3),(0.,0.4),.PIECEWISE_BEZIER_KNOTS.);
#7064 = CARTESIAN_POINT('',(0.282678760528,4.440892098501E-16));
#7065 = CARTESIAN_POINT('',(0.282678760528,-0.2));
#7066 = CARTESIAN_POINT('',(0.282678760528,-0.4));
#7067 = ( GEOMETRIC_REPRESENTATION_CONTEXT(2) 
PARAMETRIC_REPRESENTATION_CONTEXT() REPRESENTATION_CONTEXT('2D SPACE',''
  ) );
#7068 = ORIENTED_EDGE('',*,*,#4257,.T.);
#7069 = ORIENTED_EDGE('',*,*,#7023,.F.);
#7070 = ORIENTED_EDGE('',*,*,#1431,.F.);
#7071 = ADVANCED_FACE('',(#7072),#1411,.T.);
#7072 = FACE_BOUND('',#7073,.T.);
#7073 = EDGE_LOOP('',(#7074,#7094,#7095,#7096));
#7074 = ORIENTED_EDGE('',*,*,#7075,.T.);
#7075 = EDGE_CURVE('',#1348,#4200,#7076,.T.);
#7076 = SURFACE_CURVE('',#7077,(#7080,#7087),.PCURVE_S1.);
#7077 = B_SPLINE_CURVE_WITH_KNOTS('',1,(#7078,#7079),.UNSPECIFIED.,.F.,
  .F.,(2,2),(0.,0.4),.PIECEWISE_BEZIER_KNOTS.);
#7078 = CARTESIAN_POINT('',(0.86992705852,3.912044641521,1.8000001));
#7079 = CARTESIAN_POINT('',(0.86992705852,3.912044641521,2.2000001));
#7080 = PCURVE('',#1411,#7081);
#7081 = DEFINITIONAL_REPRESENTATION('',(#7082),#7086);
#7082 = B_SPLINE_CURVE_WITH_KNOTS('',2,(#7083,#7084,#7085),
  .UNSPECIFIED.,.F.,.F.,(3,3),(0.,0.4),.PIECEWISE_BEZIER_KNOTS.);
#7083 = CARTESIAN_POINT('',(-3.72587724532E-16,2.220446049251E-16));
#7084 = CARTESIAN_POINT('',(-3.72587724532E-16,-0.2));
#7085 = CARTESIAN_POINT('',(-3.72587724532E-16,-0.4));
#7086 = ( GEOMETRIC_REPRESENTATION_CONTEXT(2) 
PARAMETRIC_REPRESENTATION_CONTEXT() REPRESENTATION_CONTEXT('2D SPACE',''
  ) );
#7087 = PCURVE('',#1369,#7088);
#7088 = DEFINITIONAL_REPRESENTATION('',(#7089),#7093);
#7089 = B_SPLINE_CURVE_WITH_KNOTS('',2,(#7090,#7091,#7092),
  .UNSPECIFIED.,.F.,.F.,(3,3),(0.,0.4),.PIECEWISE_BEZIER_KNOTS.);
#7090 = CARTESIAN_POINT('',(1.,2.22044604925E-16));
#7091 = CARTESIAN_POINT('',(1.,-0.2));
#7092 = CARTESIAN_POINT('',(1.,-0.4));
#7093 = ( GEOMETRIC_REPRESENTATION_CONTEXT(2) 
PARAMETRIC_REPRESENTATION_CONTEXT() REPRESENTATION_CONTEXT('2D SPACE',''
  ) );
#7094 = ORIENTED_EDGE('',*,*,#4228,.T.);
#7095 = ORIENTED_EDGE('',*,*,#7049,.F.);
#7096 = ORIENTED_EDGE('',*,*,#1389,.F.);
#7097 = ADVANCED_FACE('',(#7098),#1369,.T.);
#7098 = FACE_BOUND('',#7099,.T.);
#7099 = EDGE_LOOP('',(#7100,#7120,#7121,#7122));
#7100 = ORIENTED_EDGE('',*,*,#7101,.T.);
#7101 = EDGE_CURVE('',#1306,#4171,#7102,.T.);
#7102 = SURFACE_CURVE('',#7103,(#7106,#7113),.PCURVE_S1.);
#7103 = B_SPLINE_CURVE_WITH_KNOTS('',1,(#7104,#7105),.UNSPECIFIED.,.F.,
  .F.,(2,2),(0.,0.4),.PIECEWISE_BEZIER_KNOTS.);
#7104 = CARTESIAN_POINT('',(1.657796923155,3.549066692148,1.8000001));
#7105 = CARTESIAN_POINT('',(1.657796923155,3.549066692148,2.2000001));
#7106 = PCURVE('',#1369,#7107);
#7107 = DEFINITIONAL_REPRESENTATION('',(#7108),#7112);
#7108 = B_SPLINE_CURVE_WITH_KNOTS('',2,(#7109,#7110,#7111),
  .UNSPECIFIED.,.F.,.F.,(3,3),(0.,0.4),.PIECEWISE_BEZIER_KNOTS.);
#7109 = CARTESIAN_POINT('',(2.736043535306E-46,2.22044604925E-16));
#7110 = CARTESIAN_POINT('',(-5.144834804625E-46,-0.2));
#7111 = CARTESIAN_POINT('',(5.472087070612E-46,-0.4));
#7112 = ( GEOMETRIC_REPRESENTATION_CONTEXT(2) 
PARAMETRIC_REPRESENTATION_CONTEXT() REPRESENTATION_CONTEXT('2D SPACE',''
  ) );
#7113 = PCURVE('',#1327,#7114);
#7114 = DEFINITIONAL_REPRESENTATION('',(#7115),#7119);
#7115 = B_SPLINE_CURVE_WITH_KNOTS('',2,(#7116,#7117,#7118),
  .UNSPECIFIED.,.F.,.F.,(3,3),(0.,0.4),.PIECEWISE_BEZIER_KNOTS.);
#7116 = CARTESIAN_POINT('',(1.,2.22044604925E-16));
#7117 = CARTESIAN_POINT('',(1.,-0.2));
#7118 = CARTESIAN_POINT('',(1.,-0.4));
#7119 = ( GEOMETRIC_REPRESENTATION_CONTEXT(2) 
PARAMETRIC_REPRESENTATION_CONTEXT() REPRESENTATION_CONTEXT('2D SPACE',''
  ) );
#7120 = ORIENTED_EDGE('',*,*,#4199,.T.);
#7121 = ORIENTED_EDGE('',*,*,#7075,.F.);
#7122 = ORIENTED_EDGE('',*,*,#1347,.F.);
#7123 = ADVANCED_FACE('',(#7124),#1327,.T.);
#7124 = FACE_BOUND('',#7125,.T.);
#7125 = EDGE_LOOP('',(#7126,#7146,#7147,#7148));
#7126 = ORIENTED_EDGE('',*,*,#7127,.T.);
#7127 = EDGE_CURVE('',#1264,#4142,#7128,.T.);
#7128 = SURFACE_CURVE('',#7129,(#7132,#7139),.PCURVE_S1.);
#7129 = B_SPLINE_CURVE_WITH_KNOTS('',1,(#7130,#7131),.UNSPECIFIED.,.F.,
  .F.,(2,2),(0.,0.4),.PIECEWISE_BEZIER_KNOTS.);
#7130 = CARTESIAN_POINT('',(1.900815577949,3.344729780034,1.8000001));
#7131 = CARTESIAN_POINT('',(1.900815577949,3.344729780034,2.2000001));
#7132 = PCURVE('',#1327,#7133);
#7133 = DEFINITIONAL_REPRESENTATION('',(#7134),#7138);
#7134 = B_SPLINE_CURVE_WITH_KNOTS('',2,(#7135,#7136,#7137),
  .UNSPECIFIED.,.F.,.F.,(3,3),(0.,0.4),.PIECEWISE_BEZIER_KNOTS.);
#7135 = CARTESIAN_POINT('',(0.624878485211,2.22044604925E-16));
#7136 = CARTESIAN_POINT('',(0.624878485211,-0.2));
#7137 = CARTESIAN_POINT('',(0.624878485211,-0.4));
#7138 = ( GEOMETRIC_REPRESENTATION_CONTEXT(2) 
PARAMETRIC_REPRESENTATION_CONTEXT() REPRESENTATION_CONTEXT('2D SPACE',''
  ) );
#7139 = PCURVE('',#1285,#7140);
#7140 = DEFINITIONAL_REPRESENTATION('',(#7141),#7145);
#7141 = B_SPLINE_CURVE_WITH_KNOTS('',2,(#7142,#7143,#7144),
  .UNSPECIFIED.,.F.,.F.,(3,3),(0.,0.4),.PIECEWISE_BEZIER_KNOTS.);
#7142 = CARTESIAN_POINT('',(0.624878485211,2.22044604925E-16));
#7143 = CARTESIAN_POINT('',(0.624878485211,-0.2));
#7144 = CARTESIAN_POINT('',(0.624878485211,-0.4));
#7145 = ( GEOMETRIC_REPRESENTATION_CONTEXT(2) 
PARAMETRIC_REPRESENTATION_CONTEXT() REPRESENTATION_CONTEXT('2D SPACE',''
  ) );
#7146 = ORIENTED_EDGE('',*,*,#4170,.T.);
#7147 = ORIENTED_EDGE('',*,*,#7101,.F.);
#7148 = ORIENTED_EDGE('',*,*,#1305,.F.);
#7149 = ADVANCED_FACE('',(#7150),#1285,.T.);
#7150 = FACE_BOUND('',#7151,.T.);
#7151 = EDGE_LOOP('',(#7152,#7172,#7173,#7174));
#7152 = ORIENTED_EDGE('',*,*,#7153,.T.);
#7153 = EDGE_CURVE('',#1222,#4113,#7154,.T.);
#7154 = SURFACE_CURVE('',#7155,(#7158,#7165),.PCURVE_S1.);
#7155 = B_SPLINE_CURVE_WITH_KNOTS('',1,(#7156,#7157),.UNSPECIFIED.,.F.,
  .F.,(2,2),(0.,0.4),.PIECEWISE_BEZIER_KNOTS.);
#7156 = CARTESIAN_POINT('',(2.219362481514,2.9188816024,1.8000001));
#7157 = CARTESIAN_POINT('',(2.219362481514,2.9188816024,2.2000001));
#7158 = PCURVE('',#1285,#7159);
#7159 = DEFINITIONAL_REPRESENTATION('',(#7160),#7164);
#7160 = B_SPLINE_CURVE_WITH_KNOTS('',2,(#7161,#7162,#7163),
  .UNSPECIFIED.,.F.,.F.,(3,3),(0.,0.4),.PIECEWISE_BEZIER_KNOTS.);
#7161 = CARTESIAN_POINT('',(1.135409752513E-15,2.22044604925E-16));
#7162 = CARTESIAN_POINT('',(1.135409752513E-15,-0.2));
#7163 = CARTESIAN_POINT('',(1.135409752513E-15,-0.4));
#7164 = ( GEOMETRIC_REPRESENTATION_CONTEXT(2) 
PARAMETRIC_REPRESENTATION_CONTEXT() REPRESENTATION_CONTEXT('2D SPACE',''
  ) );
#7165 = PCURVE('',#1243,#7166);
#7166 = DEFINITIONAL_REPRESENTATION('',(#7167),#7171);
#7167 = B_SPLINE_CURVE_WITH_KNOTS('',2,(#7168,#7169,#7170),
  .UNSPECIFIED.,.F.,.F.,(3,3),(0.,0.4),.PIECEWISE_BEZIER_KNOTS.);
#7168 = CARTESIAN_POINT('',(1.,2.22044604925E-16));
#7169 = CARTESIAN_POINT('',(1.,-0.2));
#7170 = CARTESIAN_POINT('',(1.,-0.4));
#7171 = ( GEOMETRIC_REPRESENTATION_CONTEXT(2) 
PARAMETRIC_REPRESENTATION_CONTEXT() REPRESENTATION_CONTEXT('2D SPACE',''
  ) );
#7172 = ORIENTED_EDGE('',*,*,#4141,.T.);
#7173 = ORIENTED_EDGE('',*,*,#7127,.F.);
#7174 = ORIENTED_EDGE('',*,*,#1263,.F.);
#7175 = ADVANCED_FACE('',(#7176),#1243,.T.);
#7176 = FACE_BOUND('',#7177,.T.);
#7177 = EDGE_LOOP('',(#7178,#7198,#7199,#7200));
#7178 = ORIENTED_EDGE('',*,*,#7179,.T.);
#7179 = EDGE_CURVE('',#1180,#4084,#7180,.T.);
#7180 = SURFACE_CURVE('',#7181,(#7184,#7191),.PCURVE_S1.);
#7181 = B_SPLINE_CURVE_WITH_KNOTS('',1,(#7182,#7183),.UNSPECIFIED.,.F.,
  .F.,(2,2),(0.,0.4),.PIECEWISE_BEZIER_KNOTS.);
#7182 = CARTESIAN_POINT('',(2.432310221494,1.996965819095,1.8000001));
#7183 = CARTESIAN_POINT('',(2.432310221494,1.996965819095,2.2000001));
#7184 = PCURVE('',#1243,#7185);
#7185 = DEFINITIONAL_REPRESENTATION('',(#7186),#7190);
#7186 = B_SPLINE_CURVE_WITH_KNOTS('',2,(#7187,#7188,#7189),
  .UNSPECIFIED.,.F.,.F.,(3,3),(0.,0.4),.PIECEWISE_BEZIER_KNOTS.);
#7187 = CARTESIAN_POINT('',(4.178289083659E-16,2.22044604925E-16));
#7188 = CARTESIAN_POINT('',(4.178289083659E-16,-0.2));
#7189 = CARTESIAN_POINT('',(4.178289083659E-16,-0.4));
#7190 = ( GEOMETRIC_REPRESENTATION_CONTEXT(2) 
PARAMETRIC_REPRESENTATION_CONTEXT() REPRESENTATION_CONTEXT('2D SPACE',''
  ) );
#7191 = PCURVE('',#1201,#7192);
#7192 = DEFINITIONAL_REPRESENTATION('',(#7193),#7197);
#7193 = B_SPLINE_CURVE_WITH_KNOTS('',2,(#7194,#7195,#7196),
  .UNSPECIFIED.,.F.,.F.,(3,3),(0.,0.4),.PIECEWISE_BEZIER_KNOTS.);
#7194 = CARTESIAN_POINT('',(1.,-6.661338147751E-16));
#7195 = CARTESIAN_POINT('',(1.,-0.2));
#7196 = CARTESIAN_POINT('',(1.,-0.4));
#7197 = ( GEOMETRIC_REPRESENTATION_CONTEXT(2) 
PARAMETRIC_REPRESENTATION_CONTEXT() REPRESENTATION_CONTEXT('2D SPACE',''
  ) );
#7198 = ORIENTED_EDGE('',*,*,#4112,.T.);
#7199 = ORIENTED_EDGE('',*,*,#7153,.F.);
#7200 = ORIENTED_EDGE('',*,*,#1221,.F.);
#7201 = ADVANCED_FACE('',(#7202),#1201,.T.);
#7202 = FACE_BOUND('',#7203,.T.);
#7203 = EDGE_LOOP('',(#7204,#7224,#7225,#7226));
#7204 = ORIENTED_EDGE('',*,*,#7205,.T.);
#7205 = EDGE_CURVE('',#1138,#4055,#7206,.T.);
#7206 = SURFACE_CURVE('',#7207,(#7210,#7217),.PCURVE_S1.);
#7207 = B_SPLINE_CURVE_WITH_KNOTS('',1,(#7208,#7209),.UNSPECIFIED.,.F.,
  .F.,(2,2),(0.,0.4),.PIECEWISE_BEZIER_KNOTS.);
#7208 = CARTESIAN_POINT('',(2.240750196221,1.125956110191,1.8000001));
#7209 = CARTESIAN_POINT('',(2.240750196221,1.125956110191,2.2000001));
#7210 = PCURVE('',#1201,#7211);
#7211 = DEFINITIONAL_REPRESENTATION('',(#7212),#7216);
#7212 = B_SPLINE_CURVE_WITH_KNOTS('',2,(#7213,#7214,#7215),
  .UNSPECIFIED.,.F.,.F.,(3,3),(0.,0.4),.PIECEWISE_BEZIER_KNOTS.);
#7213 = CARTESIAN_POINT('',(0.259813349647,-6.661338147751E-16));
#7214 = CARTESIAN_POINT('',(0.259813349647,-0.2));
#7215 = CARTESIAN_POINT('',(0.259813349647,-0.4));
#7216 = ( GEOMETRIC_REPRESENTATION_CONTEXT(2) 
PARAMETRIC_REPRESENTATION_CONTEXT() REPRESENTATION_CONTEXT('2D SPACE',''
  ) );
#7217 = PCURVE('',#1159,#7218);
#7218 = DEFINITIONAL_REPRESENTATION('',(#7219),#7223);
#7219 = B_SPLINE_CURVE_WITH_KNOTS('',2,(#7220,#7221,#7222),
  .UNSPECIFIED.,.F.,.F.,(3,3),(0.,0.4),.PIECEWISE_BEZIER_KNOTS.);
#7220 = CARTESIAN_POINT('',(0.259813349647,4.440892098501E-16));
#7221 = CARTESIAN_POINT('',(0.259813349647,-0.2));
#7222 = CARTESIAN_POINT('',(0.259813349647,-0.4));
#7223 = ( GEOMETRIC_REPRESENTATION_CONTEXT(2) 
PARAMETRIC_REPRESENTATION_CONTEXT() REPRESENTATION_CONTEXT('2D SPACE',''
  ) );
#7224 = ORIENTED_EDGE('',*,*,#4083,.T.);
#7225 = ORIENTED_EDGE('',*,*,#7179,.F.);
#7226 = ORIENTED_EDGE('',*,*,#1179,.F.);
#7227 = ADVANCED_FACE('',(#7228),#1159,.T.);
#7228 = FACE_BOUND('',#7229,.T.);
#7229 = EDGE_LOOP('',(#7230,#7250,#7251,#7252));
#7230 = ORIENTED_EDGE('',*,*,#7231,.T.);
#7231 = EDGE_CURVE('',#1096,#4026,#7232,.T.);
#7232 = SURFACE_CURVE('',#7233,(#7236,#7243),.PCURVE_S1.);
#7233 = B_SPLINE_CURVE_WITH_KNOTS('',1,(#7234,#7235),.UNSPECIFIED.,.F.,
  .F.,(2,2),(0.,0.4),.PIECEWISE_BEZIER_KNOTS.);
#7234 = CARTESIAN_POINT('',(2.082393631147,0.863683511199,1.8000001));
#7235 = CARTESIAN_POINT('',(2.082393631147,0.863683511199,2.2000001));
#7236 = PCURVE('',#1159,#7237);
#7237 = DEFINITIONAL_REPRESENTATION('',(#7238),#7242);
#7238 = B_SPLINE_CURVE_WITH_KNOTS('',2,(#7239,#7240,#7241),
  .UNSPECIFIED.,.F.,.F.,(3,3),(0.,0.4),.PIECEWISE_BEZIER_KNOTS.);
#7239 = CARTESIAN_POINT('',(-1.508967434162E-16,2.22044604925E-16));
#7240 = CARTESIAN_POINT('',(-1.508967434162E-16,-0.2));
#7241 = CARTESIAN_POINT('',(-1.508967434162E-16,-0.4));
#7242 = ( GEOMETRIC_REPRESENTATION_CONTEXT(2) 
PARAMETRIC_REPRESENTATION_CONTEXT() REPRESENTATION_CONTEXT('2D SPACE',''
  ) );
#7243 = PCURVE('',#1117,#7244);
#7244 = DEFINITIONAL_REPRESENTATION('',(#7245),#7249);
#7245 = B_SPLINE_CURVE_WITH_KNOTS('',2,(#7246,#7247,#7248),
  .UNSPECIFIED.,.F.,.F.,(3,3),(0.,0.4),.PIECEWISE_BEZIER_KNOTS.);
#7246 = CARTESIAN_POINT('',(1.,-2.22044604925E-16));
#7247 = CARTESIAN_POINT('',(1.,-0.2));
#7248 = CARTESIAN_POINT('',(1.,-0.4));
#7249 = ( GEOMETRIC_REPRESENTATION_CONTEXT(2) 
PARAMETRIC_REPRESENTATION_CONTEXT() REPRESENTATION_CONTEXT('2D SPACE',''
  ) );
#7250 = ORIENTED_EDGE('',*,*,#4054,.T.);
#7251 = ORIENTED_EDGE('',*,*,#7205,.F.);
#7252 = ORIENTED_EDGE('',*,*,#1137,.F.);
#7253 = ADVANCED_FACE('',(#7254),#1117,.T.);
#7254 = FACE_BOUND('',#7255,.T.);
#7255 = EDGE_LOOP('',(#7256,#7276,#7277,#7278));
#7256 = ORIENTED_EDGE('',*,*,#7257,.T.);
#7257 = EDGE_CURVE('',#1054,#3997,#7258,.T.);
#7258 = SURFACE_CURVE('',#7259,(#7262,#7269),.PCURVE_S1.);
#7259 = B_SPLINE_CURVE_WITH_KNOTS('',1,(#7260,#7261),.UNSPECIFIED.,.F.,
  .F.,(2,2),(0.,0.4),.PIECEWISE_BEZIER_KNOTS.);
#7260 = CARTESIAN_POINT('',(1.889160792406,0.643266714685,1.8000001));
#7261 = CARTESIAN_POINT('',(1.889160792406,0.643266714685,2.2000001));
#7262 = PCURVE('',#1117,#7263);
#7263 = DEFINITIONAL_REPRESENTATION('',(#7264),#7268);
#7264 = B_SPLINE_CURVE_WITH_KNOTS('',2,(#7265,#7266,#7267),
  .UNSPECIFIED.,.F.,.F.,(3,3),(0.,0.4),.PIECEWISE_BEZIER_KNOTS.);
#7265 = CARTESIAN_POINT('',(0.752469119214,-2.22044604925E-16));
#7266 = CARTESIAN_POINT('',(0.752469119214,-0.2));
#7267 = CARTESIAN_POINT('',(0.752469119214,-0.4));
#7268 = ( GEOMETRIC_REPRESENTATION_CONTEXT(2) 
PARAMETRIC_REPRESENTATION_CONTEXT() REPRESENTATION_CONTEXT('2D SPACE',''
  ) );
#7269 = PCURVE('',#1075,#7270);
#7270 = DEFINITIONAL_REPRESENTATION('',(#7271),#7275);
#7271 = B_SPLINE_CURVE_WITH_KNOTS('',2,(#7272,#7273,#7274),
  .UNSPECIFIED.,.F.,.F.,(3,3),(0.,0.4),.PIECEWISE_BEZIER_KNOTS.);
#7272 = CARTESIAN_POINT('',(0.752469119214,2.22044604925E-16));
#7273 = CARTESIAN_POINT('',(0.752469119214,-0.2));
#7274 = CARTESIAN_POINT('',(0.752469119214,-0.4));
#7275 = ( GEOMETRIC_REPRESENTATION_CONTEXT(2) 
PARAMETRIC_REPRESENTATION_CONTEXT() REPRESENTATION_CONTEXT('2D SPACE',''
  ) );
#7276 = ORIENTED_EDGE('',*,*,#4025,.T.);
#7277 = ORIENTED_EDGE('',*,*,#7231,.F.);
#7278 = ORIENTED_EDGE('',*,*,#1095,.F.);
#7279 = ADVANCED_FACE('',(#7280),#1075,.T.);
#7280 = FACE_BOUND('',#7281,.T.);
#7281 = EDGE_LOOP('',(#7282,#7302,#7303,#7304));
#7282 = ORIENTED_EDGE('',*,*,#7283,.T.);
#7283 = EDGE_CURVE('',#1012,#3968,#7284,.T.);
#7284 = SURFACE_CURVE('',#7285,(#7288,#7295),.PCURVE_S1.);
#7285 = B_SPLINE_CURVE_WITH_KNOTS('',1,(#7286,#7287),.UNSPECIFIED.,.F.,
  .F.,(2,2),(0.,0.4),.PIECEWISE_BEZIER_KNOTS.);
#7286 = CARTESIAN_POINT('',(1.331315277528,0.297788056473,1.8000001));
#7287 = CARTESIAN_POINT('',(1.331315277528,0.297788056473,2.2000001));
#7288 = PCURVE('',#1075,#7289);
#7289 = DEFINITIONAL_REPRESENTATION('',(#7290),#7294);
#7290 = B_SPLINE_CURVE_WITH_KNOTS('',2,(#7291,#7292,#7293),
  .UNSPECIFIED.,.F.,.F.,(3,3),(0.,0.4),.PIECEWISE_BEZIER_KNOTS.);
#7291 = CARTESIAN_POINT('',(0.205772864339,-2.22044604925E-16));
#7292 = CARTESIAN_POINT('',(0.205772864339,-0.2));
#7293 = CARTESIAN_POINT('',(0.205772864339,-0.4));
#7294 = ( GEOMETRIC_REPRESENTATION_CONTEXT(2) 
PARAMETRIC_REPRESENTATION_CONTEXT() REPRESENTATION_CONTEXT('2D SPACE',''
  ) );
#7295 = PCURVE('',#1033,#7296);
#7296 = DEFINITIONAL_REPRESENTATION('',(#7297),#7301);
#7297 = B_SPLINE_CURVE_WITH_KNOTS('',2,(#7298,#7299,#7300),
  .UNSPECIFIED.,.F.,.F.,(3,3),(0.,0.4),.PIECEWISE_BEZIER_KNOTS.);
#7298 = CARTESIAN_POINT('',(0.826124931257,-8.758182146395E-31));
#7299 = CARTESIAN_POINT('',(0.826124931257,-0.2));
#7300 = CARTESIAN_POINT('',(0.826124931257,-0.4));
#7301 = ( GEOMETRIC_REPRESENTATION_CONTEXT(2) 
PARAMETRIC_REPRESENTATION_CONTEXT() REPRESENTATION_CONTEXT('2D SPACE',''
  ) );
#7302 = ORIENTED_EDGE('',*,*,#3996,.T.);
#7303 = ORIENTED_EDGE('',*,*,#7257,.F.);
#7304 = ORIENTED_EDGE('',*,*,#1053,.F.);
#7305 = ADVANCED_FACE('',(#7306),#1033,.T.);
#7306 = FACE_BOUND('',#7307,.T.);
#7307 = EDGE_LOOP('',(#7308,#7328,#7329,#7330));
#7308 = ORIENTED_EDGE('',*,*,#7309,.T.);
#7309 = EDGE_CURVE('',#970,#3939,#7310,.T.);
#7310 = SURFACE_CURVE('',#7311,(#7314,#7321),.PCURVE_S1.);
#7311 = B_SPLINE_CURVE_WITH_KNOTS('',1,(#7312,#7313),.UNSPECIFIED.,.F.,
  .F.,(2,2),(0.,0.4),.PIECEWISE_BEZIER_KNOTS.);
#7312 = CARTESIAN_POINT('',(2.09270031168,-0.100975125339,1.8000001));
#7313 = CARTESIAN_POINT('',(2.09270031168,-0.100975125339,2.2000001));
#7314 = PCURVE('',#1033,#7315);
#7315 = DEFINITIONAL_REPRESENTATION('',(#7316),#7320);
#7316 = B_SPLINE_CURVE_WITH_KNOTS('',2,(#7317,#7318,#7319),
  .UNSPECIFIED.,.F.,.F.,(3,3),(0.,0.4),.PIECEWISE_BEZIER_KNOTS.);
#7317 = CARTESIAN_POINT('',(0.208449022742,-2.22044604925E-16));
#7318 = CARTESIAN_POINT('',(0.208449022742,-0.2));
#7319 = CARTESIAN_POINT('',(0.208449022742,-0.4));
#7320 = ( GEOMETRIC_REPRESENTATION_CONTEXT(2) 
PARAMETRIC_REPRESENTATION_CONTEXT() REPRESENTATION_CONTEXT('2D SPACE',''
  ) );
#7321 = PCURVE('',#991,#7322);
#7322 = DEFINITIONAL_REPRESENTATION('',(#7323),#7327);
#7323 = B_SPLINE_CURVE_WITH_KNOTS('',2,(#7324,#7325,#7326),
  .UNSPECIFIED.,.F.,.F.,(3,3),(0.,0.4),.PIECEWISE_BEZIER_KNOTS.);
#7324 = CARTESIAN_POINT('',(0.208449022742,4.440892098501E-16));
#7325 = CARTESIAN_POINT('',(0.208449022742,-0.2));
#7326 = CARTESIAN_POINT('',(0.208449022742,-0.4));
#7327 = ( GEOMETRIC_REPRESENTATION_CONTEXT(2) 
PARAMETRIC_REPRESENTATION_CONTEXT() REPRESENTATION_CONTEXT('2D SPACE',''
  ) );
#7328 = ORIENTED_EDGE('',*,*,#3967,.T.);
#7329 = ORIENTED_EDGE('',*,*,#7283,.F.);
#7330 = ORIENTED_EDGE('',*,*,#1011,.F.);
#7331 = ADVANCED_FACE('',(#7332),#991,.T.);
#7332 = FACE_BOUND('',#7333,.T.);
#7333 = EDGE_LOOP('',(#7334,#7354,#7355,#7356));
#7334 = ORIENTED_EDGE('',*,*,#7335,.T.);
#7335 = EDGE_CURVE('',#928,#3910,#7336,.T.);
#7336 = SURFACE_CURVE('',#7337,(#7340,#7347),.PCURVE_S1.);
#7337 = B_SPLINE_CURVE_WITH_KNOTS('',1,(#7338,#7339),.UNSPECIFIED.,.F.,
  .F.,(2,2),(0.,0.4),.PIECEWISE_BEZIER_KNOTS.);
#7338 = CARTESIAN_POINT('',(2.288431629676,-0.306377442263,1.8000001));
#7339 = CARTESIAN_POINT('',(2.288431629676,-0.306377442263,2.2000001));
#7340 = PCURVE('',#991,#7341);
#7341 = DEFINITIONAL_REPRESENTATION('',(#7342),#7346);
#7342 = B_SPLINE_CURVE_WITH_KNOTS('',2,(#7343,#7344,#7345),
  .UNSPECIFIED.,.F.,.F.,(3,3),(0.,0.4),.PIECEWISE_BEZIER_KNOTS.);
#7343 = CARTESIAN_POINT('',(-1.714960695805E-16,2.220446049251E-16));
#7344 = CARTESIAN_POINT('',(-6.205156716212E-16,-0.2));
#7345 = CARTESIAN_POINT('',(-1.714960695805E-16,-0.4));
#7346 = ( GEOMETRIC_REPRESENTATION_CONTEXT(2) 
PARAMETRIC_REPRESENTATION_CONTEXT() REPRESENTATION_CONTEXT('2D SPACE',''
  ) );
#7347 = PCURVE('',#949,#7348);
#7348 = DEFINITIONAL_REPRESENTATION('',(#7349),#7353);
#7349 = B_SPLINE_CURVE_WITH_KNOTS('',2,(#7350,#7351,#7352),
  .UNSPECIFIED.,.F.,.F.,(3,3),(0.,0.4),.PIECEWISE_BEZIER_KNOTS.);
#7350 = CARTESIAN_POINT('',(1.,-2.22044604925E-16));
#7351 = CARTESIAN_POINT('',(1.,-0.2));
#7352 = CARTESIAN_POINT('',(1.,-0.4));
#7353 = ( GEOMETRIC_REPRESENTATION_CONTEXT(2) 
PARAMETRIC_REPRESENTATION_CONTEXT() REPRESENTATION_CONTEXT('2D SPACE',''
  ) );
#7354 = ORIENTED_EDGE('',*,*,#3938,.T.);
#7355 = ORIENTED_EDGE('',*,*,#7309,.F.);
#7356 = ORIENTED_EDGE('',*,*,#969,.F.);
#7357 = ADVANCED_FACE('',(#7358),#949,.T.);
#7358 = FACE_BOUND('',#7359,.T.);
#7359 = EDGE_LOOP('',(#7360,#7380,#7381,#7382));
#7360 = ORIENTED_EDGE('',*,*,#7361,.T.);
#7361 = EDGE_CURVE('',#886,#3881,#7362,.T.);
#7362 = SURFACE_CURVE('',#7363,(#7366,#7373),.PCURVE_S1.);
#7363 = B_SPLINE_CURVE_WITH_KNOTS('',1,(#7364,#7365),.UNSPECIFIED.,.F.,
  .F.,(2,2),(0.,0.4),.PIECEWISE_BEZIER_KNOTS.);
#7364 = CARTESIAN_POINT('',(2.435140640085,-0.516364837319,1.8000001));
#7365 = CARTESIAN_POINT('',(2.435140640085,-0.516364837319,2.2000001));
#7366 = PCURVE('',#949,#7367);
#7367 = DEFINITIONAL_REPRESENTATION('',(#7368),#7372);
#7368 = B_SPLINE_CURVE_WITH_KNOTS('',2,(#7369,#7370,#7371),
  .UNSPECIFIED.,.F.,.F.,(3,3),(0.,0.4),.PIECEWISE_BEZIER_KNOTS.);
#7369 = CARTESIAN_POINT('',(0.811678794276,-2.22044604925E-16));
#7370 = CARTESIAN_POINT('',(0.811678794276,-0.2));
#7371 = CARTESIAN_POINT('',(0.811678794276,-0.4));
#7372 = ( GEOMETRIC_REPRESENTATION_CONTEXT(2) 
PARAMETRIC_REPRESENTATION_CONTEXT() REPRESENTATION_CONTEXT('2D SPACE',''
  ) );
#7373 = PCURVE('',#907,#7374);
#7374 = DEFINITIONAL_REPRESENTATION('',(#7375),#7379);
#7375 = B_SPLINE_CURVE_WITH_KNOTS('',2,(#7376,#7377,#7378),
  .UNSPECIFIED.,.F.,.F.,(3,3),(0.,0.4),.PIECEWISE_BEZIER_KNOTS.);
#7376 = CARTESIAN_POINT('',(0.811678794276,-4.440892098501E-16));
#7377 = CARTESIAN_POINT('',(0.811678794276,-0.2));
#7378 = CARTESIAN_POINT('',(0.811678794276,-0.4));
#7379 = ( GEOMETRIC_REPRESENTATION_CONTEXT(2) 
PARAMETRIC_REPRESENTATION_CONTEXT() REPRESENTATION_CONTEXT('2D SPACE',''
  ) );
#7380 = ORIENTED_EDGE('',*,*,#3909,.T.);
#7381 = ORIENTED_EDGE('',*,*,#7335,.F.);
#7382 = ORIENTED_EDGE('',*,*,#927,.F.);
#7383 = ADVANCED_FACE('',(#7384),#907,.T.);
#7384 = FACE_BOUND('',#7385,.T.);
#7385 = EDGE_LOOP('',(#7386,#7406,#7407,#7408));
#7386 = ORIENTED_EDGE('',*,*,#7387,.T.);
#7387 = EDGE_CURVE('',#844,#3852,#7388,.T.);
#7388 = SURFACE_CURVE('',#7389,(#7392,#7399),.PCURVE_S1.);
#7389 = B_SPLINE_CURVE_WITH_KNOTS('',1,(#7390,#7391),.UNSPECIFIED.,.F.,
  .F.,(2,2),(0.,0.4),.PIECEWISE_BEZIER_KNOTS.);
#7390 = CARTESIAN_POINT('',(2.717616564842,-1.62386741366,1.8000001));
#7391 = CARTESIAN_POINT('',(2.717616564842,-1.62386741366,2.2000001));
#7392 = PCURVE('',#907,#7393);
#7393 = DEFINITIONAL_REPRESENTATION('',(#7394),#7398);
#7394 = B_SPLINE_CURVE_WITH_KNOTS('',2,(#7395,#7396,#7397),
  .UNSPECIFIED.,.F.,.F.,(3,3),(0.,0.4),.PIECEWISE_BEZIER_KNOTS.);
#7395 = CARTESIAN_POINT('',(7.004229888405E-30,-6.661338147751E-16));
#7396 = CARTESIAN_POINT('',(7.004229888405E-30,-0.2));
#7397 = CARTESIAN_POINT('',(7.004229888405E-30,-0.4));
#7398 = ( GEOMETRIC_REPRESENTATION_CONTEXT(2) 
PARAMETRIC_REPRESENTATION_CONTEXT() REPRESENTATION_CONTEXT('2D SPACE',''
  ) );
#7399 = PCURVE('',#865,#7400);
#7400 = DEFINITIONAL_REPRESENTATION('',(#7401),#7405);
#7401 = B_SPLINE_CURVE_WITH_KNOTS('',2,(#7402,#7403,#7404),
  .UNSPECIFIED.,.F.,.F.,(3,3),(0.,0.4),.PIECEWISE_BEZIER_KNOTS.);
#7402 = CARTESIAN_POINT('',(1.,2.22044604925E-16));
#7403 = CARTESIAN_POINT('',(1.,-0.2));
#7404 = CARTESIAN_POINT('',(1.,-0.4));
#7405 = ( GEOMETRIC_REPRESENTATION_CONTEXT(2) 
PARAMETRIC_REPRESENTATION_CONTEXT() REPRESENTATION_CONTEXT('2D SPACE',''
  ) );
#7406 = ORIENTED_EDGE('',*,*,#3880,.T.);
#7407 = ORIENTED_EDGE('',*,*,#7361,.F.);
#7408 = ORIENTED_EDGE('',*,*,#885,.F.);
#7409 = ADVANCED_FACE('',(#7410),#865,.T.);
#7410 = FACE_BOUND('',#7411,.T.);
#7411 = EDGE_LOOP('',(#7412,#7432,#7433,#7434));
#7412 = ORIENTED_EDGE('',*,*,#7413,.T.);
#7413 = EDGE_CURVE('',#802,#3823,#7414,.T.);
#7414 = SURFACE_CURVE('',#7415,(#7418,#7425),.PCURVE_S1.);
#7415 = B_SPLINE_CURVE_WITH_KNOTS('',1,(#7416,#7417),.UNSPECIFIED.,.F.,
  .F.,(2,2),(0.,0.4),.PIECEWISE_BEZIER_KNOTS.);
#7416 = CARTESIAN_POINT('',(2.495389407617,-2.663264373809,1.8000001));
#7417 = CARTESIAN_POINT('',(2.495389407617,-2.663264373809,2.2000001));
#7418 = PCURVE('',#865,#7419);
#7419 = DEFINITIONAL_REPRESENTATION('',(#7420),#7424);
#7420 = B_SPLINE_CURVE_WITH_KNOTS('',2,(#7421,#7422,#7423),
  .UNSPECIFIED.,.F.,.F.,(3,3),(0.,0.4),.PIECEWISE_BEZIER_KNOTS.);
#7421 = CARTESIAN_POINT('',(1.94929976624E-16,2.22044604925E-16));
#7422 = CARTESIAN_POINT('',(1.94929976624E-16,-0.2));
#7423 = CARTESIAN_POINT('',(1.94929976624E-16,-0.4));
#7424 = ( GEOMETRIC_REPRESENTATION_CONTEXT(2) 
PARAMETRIC_REPRESENTATION_CONTEXT() REPRESENTATION_CONTEXT('2D SPACE',''
  ) );
#7425 = PCURVE('',#823,#7426);
#7426 = DEFINITIONAL_REPRESENTATION('',(#7427),#7431);
#7427 = B_SPLINE_CURVE_WITH_KNOTS('',2,(#7428,#7429,#7430),
  .UNSPECIFIED.,.F.,.F.,(3,3),(0.,0.4),.PIECEWISE_BEZIER_KNOTS.);
#7428 = CARTESIAN_POINT('',(1.,2.22044604925E-16));
#7429 = CARTESIAN_POINT('',(1.,-0.2));
#7430 = CARTESIAN_POINT('',(1.,-0.4));
#7431 = ( GEOMETRIC_REPRESENTATION_CONTEXT(2) 
PARAMETRIC_REPRESENTATION_CONTEXT() REPRESENTATION_CONTEXT('2D SPACE',''
  ) );
#7432 = ORIENTED_EDGE('',*,*,#3851,.T.);
#7433 = ORIENTED_EDGE('',*,*,#7387,.F.);
#7434 = ORIENTED_EDGE('',*,*,#843,.F.);
#7435 = ADVANCED_FACE('',(#7436),#823,.T.);
#7436 = FACE_BOUND('',#7437,.T.);
#7437 = EDGE_LOOP('',(#7438,#7458,#7459,#7460));
#7438 = ORIENTED_EDGE('',*,*,#7439,.T.);
#7439 = EDGE_CURVE('',#760,#3794,#7440,.T.);
#7440 = SURFACE_CURVE('',#7441,(#7444,#7451),.PCURVE_S1.);
#7441 = B_SPLINE_CURVE_WITH_KNOTS('',1,(#7442,#7443),.UNSPECIFIED.,.F.,
  .F.,(2,2),(0.,0.4),.PIECEWISE_BEZIER_KNOTS.);
#7442 = CARTESIAN_POINT('',(2.122164391559,-3.20897883159,1.8000001));
#7443 = CARTESIAN_POINT('',(2.122164391559,-3.20897883159,2.2000001));
#7444 = PCURVE('',#823,#7445);
#7445 = DEFINITIONAL_REPRESENTATION('',(#7446),#7450);
#7446 = B_SPLINE_CURVE_WITH_KNOTS('',2,(#7447,#7448,#7449),
  .UNSPECIFIED.,.F.,.F.,(3,3),(0.,0.4),.PIECEWISE_BEZIER_KNOTS.);
#7447 = CARTESIAN_POINT('',(0.318874692817,2.22044604925E-16));
#7448 = CARTESIAN_POINT('',(0.318874692817,-0.2));
#7449 = CARTESIAN_POINT('',(0.318874692817,-0.4));
#7450 = ( GEOMETRIC_REPRESENTATION_CONTEXT(2) 
PARAMETRIC_REPRESENTATION_CONTEXT() REPRESENTATION_CONTEXT('2D SPACE',''
  ) );
#7451 = PCURVE('',#781,#7452);
#7452 = DEFINITIONAL_REPRESENTATION('',(#7453),#7457);
#7453 = B_SPLINE_CURVE_WITH_KNOTS('',2,(#7454,#7455,#7456),
  .UNSPECIFIED.,.F.,.F.,(3,3),(0.,0.4),.PIECEWISE_BEZIER_KNOTS.);
#7454 = CARTESIAN_POINT('',(0.318874692817,-2.22044604925E-16));
#7455 = CARTESIAN_POINT('',(0.318874692817,-0.2));
#7456 = CARTESIAN_POINT('',(0.318874692817,-0.4));
#7457 = ( GEOMETRIC_REPRESENTATION_CONTEXT(2) 
PARAMETRIC_REPRESENTATION_CONTEXT() REPRESENTATION_CONTEXT('2D SPACE',''
  ) );
#7458 = ORIENTED_EDGE('',*,*,#3822,.T.);
#7459 = ORIENTED_EDGE('',*,*,#7413,.F.);
#7460 = ORIENTED_EDGE('',*,*,#801,.F.);
#7461 = ADVANCED_FACE('',(#7462),#781,.T.);
#7462 = FACE_BOUND('',#7463,.T.);
#7463 = EDGE_LOOP('',(#7464,#7484,#7485,#7486));
#7464 = ORIENTED_EDGE('',*,*,#7465,.T.);
#7465 = EDGE_CURVE('',#730,#3771,#7466,.T.);
#7466 = SURFACE_CURVE('',#7467,(#7470,#7477),.PCURVE_S1.);
#7467 = B_SPLINE_CURVE_WITH_KNOTS('',1,(#7468,#7469),.UNSPECIFIED.,.F.,
  .F.,(2,2),(0.,0.4),.PIECEWISE_BEZIER_KNOTS.);
#7468 = CARTESIAN_POINT('',(1.898270874206,-3.419410299737,1.8000001));
#7469 = CARTESIAN_POINT('',(1.898270874206,-3.419410299737,2.2000001));
#7470 = PCURVE('',#781,#7471);
#7471 = DEFINITIONAL_REPRESENTATION('',(#7472),#7476);
#7472 = B_SPLINE_CURVE_WITH_KNOTS('',2,(#7473,#7474,#7475),
  .UNSPECIFIED.,.F.,.F.,(3,3),(0.,0.4),.PIECEWISE_BEZIER_KNOTS.);
#7473 = CARTESIAN_POINT('',(-5.316014322606E-16,-2.22044604925E-16));
#7474 = CARTESIAN_POINT('',(-5.316014322606E-16,-0.2));
#7475 = CARTESIAN_POINT('',(-5.316014322606E-16,-0.4));
#7476 = ( GEOMETRIC_REPRESENTATION_CONTEXT(2) 
PARAMETRIC_REPRESENTATION_CONTEXT() REPRESENTATION_CONTEXT('2D SPACE',''
  ) );
#7477 = PCURVE('',#745,#7478);
#7478 = DEFINITIONAL_REPRESENTATION('',(#7479),#7483);
#7479 = B_SPLINE_CURVE_WITH_KNOTS('',2,(#7480,#7481,#7482),
  .UNSPECIFIED.,.F.,.F.,(3,3),(0.,0.4),.PIECEWISE_BEZIER_KNOTS.);
#7480 = CARTESIAN_POINT('',(0.999999999966,-2.22044604925E-16));
#7481 = CARTESIAN_POINT('',(0.999999999966,-0.2));
#7482 = CARTESIAN_POINT('',(0.999999999966,-0.4));
#7483 = ( GEOMETRIC_REPRESENTATION_CONTEXT(2) 
PARAMETRIC_REPRESENTATION_CONTEXT() REPRESENTATION_CONTEXT('2D SPACE',''
  ) );
#7484 = ORIENTED_EDGE('',*,*,#3793,.T.);
#7485 = ORIENTED_EDGE('',*,*,#7439,.F.);
#7486 = ORIENTED_EDGE('',*,*,#759,.F.);
#7487 = ADVANCED_FACE('',(#7488),#745,.T.);
#7488 = FACE_BOUND('',#7489,.T.);
#7489 = EDGE_LOOP('',(#7490,#7510,#7511,#7512));
#7490 = ORIENTED_EDGE('',*,*,#7491,.T.);
#7491 = EDGE_CURVE('',#688,#3742,#7492,.T.);
#7492 = SURFACE_CURVE('',#7493,(#7496,#7503),.PCURVE_S1.);
#7493 = B_SPLINE_CURVE_WITH_KNOTS('',1,(#7494,#7495),.UNSPECIFIED.,.F.,
  .F.,(2,2),(0.,0.4),.PIECEWISE_BEZIER_KNOTS.);
#7494 = CARTESIAN_POINT('',(1.894826989226,-3.422222529307,1.8000001));
#7495 = CARTESIAN_POINT('',(1.894826989226,-3.422222529307,2.2000001));
#7496 = PCURVE('',#745,#7497);
#7497 = DEFINITIONAL_REPRESENTATION('',(#7498),#7502);
#7498 = B_SPLINE_CURVE_WITH_KNOTS('',2,(#7499,#7500,#7501),
  .UNSPECIFIED.,.F.,.F.,(3,3),(0.,0.4),.PIECEWISE_BEZIER_KNOTS.);
#7499 = CARTESIAN_POINT('',(0.995408277491,-2.22044604925E-16));
#7500 = CARTESIAN_POINT('',(0.995408277491,-0.2));
#7501 = CARTESIAN_POINT('',(0.995408277491,-0.4));
#7502 = ( GEOMETRIC_REPRESENTATION_CONTEXT(2) 
PARAMETRIC_REPRESENTATION_CONTEXT() REPRESENTATION_CONTEXT('2D SPACE',''
  ) );
#7503 = PCURVE('',#709,#7504);
#7504 = DEFINITIONAL_REPRESENTATION('',(#7505),#7509);
#7505 = B_SPLINE_CURVE_WITH_KNOTS('',2,(#7506,#7507,#7508),
  .UNSPECIFIED.,.F.,.F.,(3,3),(0.,0.4),.PIECEWISE_BEZIER_KNOTS.);
#7506 = CARTESIAN_POINT('',(0.995408277457,-2.22044604925E-16));
#7507 = CARTESIAN_POINT('',(0.995408277457,-0.2));
#7508 = CARTESIAN_POINT('',(0.995408277457,-0.4));
#7509 = ( GEOMETRIC_REPRESENTATION_CONTEXT(2) 
PARAMETRIC_REPRESENTATION_CONTEXT() REPRESENTATION_CONTEXT('2D SPACE',''
  ) );
#7510 = ORIENTED_EDGE('',*,*,#3770,.T.);
#7511 = ORIENTED_EDGE('',*,*,#7465,.F.);
#7512 = ORIENTED_EDGE('',*,*,#729,.F.);
#7513 = ADVANCED_FACE('',(#7514),#709,.T.);
#7514 = FACE_BOUND('',#7515,.T.);
#7515 = EDGE_LOOP('',(#7516,#7536,#7537,#7538));
#7516 = ORIENTED_EDGE('',*,*,#7517,.T.);
#7517 = EDGE_CURVE('',#654,#3717,#7518,.T.);
#7518 = SURFACE_CURVE('',#7519,(#7522,#7529),.PCURVE_S1.);
#7519 = B_SPLINE_CURVE_WITH_KNOTS('',1,(#7520,#7521),.UNSPECIFIED.,.F.,
  .F.,(2,2),(0.,0.4),.PIECEWISE_BEZIER_KNOTS.);
#7520 = CARTESIAN_POINT('',(1.026215378108,-3.87834488842,1.8000001));
#7521 = CARTESIAN_POINT('',(1.026215378108,-3.87834488842,2.2000001));
#7522 = PCURVE('',#709,#7523);
#7523 = DEFINITIONAL_REPRESENTATION('',(#7524),#7528);
#7524 = B_SPLINE_CURVE_WITH_KNOTS('',2,(#7525,#7526,#7527),
  .UNSPECIFIED.,.F.,.F.,(3,3),(0.,0.4),.PIECEWISE_BEZIER_KNOTS.);
#7525 = CARTESIAN_POINT('',(-1.777243770863E-46,-2.22044604925E-16));
#7526 = CARTESIAN_POINT('',(-3.446458998791E-46,-0.2));
#7527 = CARTESIAN_POINT('',(-3.554487541726E-46,-0.4));
#7528 = ( GEOMETRIC_REPRESENTATION_CONTEXT(2) 
PARAMETRIC_REPRESENTATION_CONTEXT() REPRESENTATION_CONTEXT('2D SPACE',''
  ) );
#7529 = PCURVE('',#671,#7530);
#7530 = DEFINITIONAL_REPRESENTATION('',(#7531),#7535);
#7531 = B_SPLINE_CURVE_WITH_KNOTS('',2,(#7532,#7533,#7534),
  .UNSPECIFIED.,.F.,.F.,(3,3),(0.,0.4),.PIECEWISE_BEZIER_KNOTS.);
#7532 = CARTESIAN_POINT('',(1.,-2.22044604925E-16));
#7533 = CARTESIAN_POINT('',(1.,-0.2));
#7534 = CARTESIAN_POINT('',(1.,-0.4));
#7535 = ( GEOMETRIC_REPRESENTATION_CONTEXT(2) 
PARAMETRIC_REPRESENTATION_CONTEXT() REPRESENTATION_CONTEXT('2D SPACE',''
  ) );
#7536 = ORIENTED_EDGE('',*,*,#3741,.T.);
#7537 = ORIENTED_EDGE('',*,*,#7491,.F.);
#7538 = ORIENTED_EDGE('',*,*,#687,.F.);
#7539 = ADVANCED_FACE('',(#7540),#671,.T.);
#7540 = FACE_BOUND('',#7541,.T.);
#7541 = EDGE_LOOP('',(#7542,#7562,#7563,#7564));
#7542 = ORIENTED_EDGE('',*,*,#7543,.T.);
#7543 = EDGE_CURVE('',#612,#3688,#7544,.T.);
#7544 = SURFACE_CURVE('',#7545,(#7548,#7555),.PCURVE_S1.);
#7545 = B_SPLINE_CURVE_WITH_KNOTS('',1,(#7546,#7547),.UNSPECIFIED.,.F.,
  .F.,(2,2),(0.,0.4),.PIECEWISE_BEZIER_KNOTS.);
#7546 = CARTESIAN_POINT('',(0.995021978919,-3.887751942417,1.8000001));
#7547 = CARTESIAN_POINT('',(0.995021978919,-3.887751942417,2.2000001));
#7548 = PCURVE('',#671,#7549);
#7549 = DEFINITIONAL_REPRESENTATION('',(#7550),#7554);
#7550 = B_SPLINE_CURVE_WITH_KNOTS('',2,(#7551,#7552,#7553),
  .UNSPECIFIED.,.F.,.F.,(3,3),(0.,0.4),.PIECEWISE_BEZIER_KNOTS.);
#7551 = CARTESIAN_POINT('',(0.968503792862,-2.22044604925E-16));
#7552 = CARTESIAN_POINT('',(0.968503792862,-0.2));
#7553 = CARTESIAN_POINT('',(0.968503792862,-0.4));
#7554 = ( GEOMETRIC_REPRESENTATION_CONTEXT(2) 
PARAMETRIC_REPRESENTATION_CONTEXT() REPRESENTATION_CONTEXT('2D SPACE',''
  ) );
#7555 = PCURVE('',#633,#7556);
#7556 = DEFINITIONAL_REPRESENTATION('',(#7557),#7561);
#7557 = B_SPLINE_CURVE_WITH_KNOTS('',2,(#7558,#7559,#7560),
  .UNSPECIFIED.,.F.,.F.,(3,3),(0.,0.4),.PIECEWISE_BEZIER_KNOTS.);
#7558 = CARTESIAN_POINT('',(0.968503792861,4.440892098501E-16));
#7559 = CARTESIAN_POINT('',(0.968503792861,-0.2));
#7560 = CARTESIAN_POINT('',(0.968503792861,-0.4));
#7561 = ( GEOMETRIC_REPRESENTATION_CONTEXT(2) 
PARAMETRIC_REPRESENTATION_CONTEXT() REPRESENTATION_CONTEXT('2D SPACE',''
  ) );
#7562 = ORIENTED_EDGE('',*,*,#3716,.T.);
#7563 = ORIENTED_EDGE('',*,*,#7517,.F.);
#7564 = ORIENTED_EDGE('',*,*,#653,.F.);
#7565 = ADVANCED_FACE('',(#7566),#633,.T.);
#7566 = FACE_BOUND('',#7567,.T.);
#7567 = EDGE_LOOP('',(#7568,#7588,#7589,#7590));
#7568 = ORIENTED_EDGE('',*,*,#7569,.T.);
#7569 = EDGE_CURVE('',#570,#3659,#7570,.T.);
#7570 = SURFACE_CURVE('',#7571,(#7574,#7581),.PCURVE_S1.);
#7571 = B_SPLINE_CURVE_WITH_KNOTS('',1,(#7572,#7573),.UNSPECIFIED.,.F.,
  .F.,(2,2),(0.,0.4),.PIECEWISE_BEZIER_KNOTS.);
#7572 = CARTESIAN_POINT('',(-6.71749075522E-03,-4.029999890278,1.8000001
    ));
#7573 = CARTESIAN_POINT('',(-6.71749075522E-03,-4.029999890278,2.2000001
    ));
#7574 = PCURVE('',#633,#7575);
#7575 = DEFINITIONAL_REPRESENTATION('',(#7576),#7580);
#7576 = B_SPLINE_CURVE_WITH_KNOTS('',2,(#7577,#7578,#7579),
  .UNSPECIFIED.,.F.,.F.,(3,3),(0.,0.4),.PIECEWISE_BEZIER_KNOTS.);
#7577 = CARTESIAN_POINT('',(5.275522971384E-29,2.22044604925E-16));
#7578 = CARTESIAN_POINT('',(-8.537115597902E-29,-0.2));
#7579 = CARTESIAN_POINT('',(5.275522971384E-29,-0.4));
#7580 = ( GEOMETRIC_REPRESENTATION_CONTEXT(2) 
PARAMETRIC_REPRESENTATION_CONTEXT() REPRESENTATION_CONTEXT('2D SPACE',''
  ) );
#7581 = PCURVE('',#591,#7582);
#7582 = DEFINITIONAL_REPRESENTATION('',(#7583),#7587);
#7583 = B_SPLINE_CURVE_WITH_KNOTS('',2,(#7584,#7585,#7586),
  .UNSPECIFIED.,.F.,.F.,(3,3),(0.,0.4),.PIECEWISE_BEZIER_KNOTS.);
#7584 = CARTESIAN_POINT('',(1.,2.22044604925E-16));
#7585 = CARTESIAN_POINT('',(1.,-0.2));
#7586 = CARTESIAN_POINT('',(1.,-0.4));
#7587 = ( GEOMETRIC_REPRESENTATION_CONTEXT(2) 
PARAMETRIC_REPRESENTATION_CONTEXT() REPRESENTATION_CONTEXT('2D SPACE',''
  ) );
#7588 = ORIENTED_EDGE('',*,*,#3687,.T.);
#7589 = ORIENTED_EDGE('',*,*,#7543,.F.);
#7590 = ORIENTED_EDGE('',*,*,#611,.F.);
#7591 = ADVANCED_FACE('',(#7592),#591,.T.);
#7592 = FACE_BOUND('',#7593,.T.);
#7593 = EDGE_LOOP('',(#7594,#7614,#7615,#7616));
#7594 = ORIENTED_EDGE('',*,*,#7595,.T.);
#7595 = EDGE_CURVE('',#528,#3630,#7596,.T.);
#7596 = SURFACE_CURVE('',#7597,(#7600,#7607),.PCURVE_S1.);
#7597 = B_SPLINE_CURVE_WITH_KNOTS('',1,(#7598,#7599),.UNSPECIFIED.,.F.,
  .F.,(2,2),(0.,0.4),.PIECEWISE_BEZIER_KNOTS.);
#7598 = CARTESIAN_POINT('',(-1.124978880672,-3.849903153824,1.8000001));
#7599 = CARTESIAN_POINT('',(-1.124978880672,-3.849903153824,2.2000001));
#7600 = PCURVE('',#591,#7601);
#7601 = DEFINITIONAL_REPRESENTATION('',(#7602),#7606);
#7602 = B_SPLINE_CURVE_WITH_KNOTS('',2,(#7603,#7604,#7605),
  .UNSPECIFIED.,.F.,.F.,(3,3),(0.,0.4),.PIECEWISE_BEZIER_KNOTS.);
#7603 = CARTESIAN_POINT('',(1.925005671621E-16,2.22044604925E-16));
#7604 = CARTESIAN_POINT('',(1.925005671621E-16,-0.2));
#7605 = CARTESIAN_POINT('',(1.925005671621E-16,-0.4));
#7606 = ( GEOMETRIC_REPRESENTATION_CONTEXT(2) 
PARAMETRIC_REPRESENTATION_CONTEXT() REPRESENTATION_CONTEXT('2D SPACE',''
  ) );
#7607 = PCURVE('',#549,#7608);
#7608 = DEFINITIONAL_REPRESENTATION('',(#7609),#7613);
#7609 = B_SPLINE_CURVE_WITH_KNOTS('',2,(#7610,#7611,#7612),
  .UNSPECIFIED.,.F.,.F.,(3,3),(0.,0.4),.PIECEWISE_BEZIER_KNOTS.);
#7610 = CARTESIAN_POINT('',(1.,2.22044604925E-16));
#7611 = CARTESIAN_POINT('',(1.,-0.2));
#7612 = CARTESIAN_POINT('',(1.,-0.4));
#7613 = ( GEOMETRIC_REPRESENTATION_CONTEXT(2) 
PARAMETRIC_REPRESENTATION_CONTEXT() REPRESENTATION_CONTEXT('2D SPACE',''
  ) );
#7614 = ORIENTED_EDGE('',*,*,#3658,.T.);
#7615 = ORIENTED_EDGE('',*,*,#7569,.F.);
#7616 = ORIENTED_EDGE('',*,*,#569,.F.);
#7617 = ADVANCED_FACE('',(#7618),#549,.T.);
#7618 = FACE_BOUND('',#7619,.T.);
#7619 = EDGE_LOOP('',(#7620,#7640,#7641,#7642));
#7620 = ORIENTED_EDGE('',*,*,#7621,.T.);
#7621 = EDGE_CURVE('',#486,#3601,#7622,.T.);
#7622 = SURFACE_CURVE('',#7623,(#7626,#7633),.PCURVE_S1.);
#7623 = B_SPLINE_CURVE_WITH_KNOTS('',1,(#7624,#7625),.UNSPECIFIED.,.F.,
  .F.,(2,2),(0.,0.4),.PIECEWISE_BEZIER_KNOTS.);
#7624 = CARTESIAN_POINT('',(-2.008549289319,-3.328484976846,1.8000001));
#7625 = CARTESIAN_POINT('',(-2.008549289319,-3.328484976846,2.2000001));
#7626 = PCURVE('',#549,#7627);
#7627 = DEFINITIONAL_REPRESENTATION('',(#7628),#7632);
#7628 = B_SPLINE_CURVE_WITH_KNOTS('',2,(#7629,#7630,#7631),
  .UNSPECIFIED.,.F.,.F.,(3,3),(0.,0.4),.PIECEWISE_BEZIER_KNOTS.);
#7629 = CARTESIAN_POINT('',(-5.993481147508E-16,2.22044604925E-16));
#7630 = CARTESIAN_POINT('',(-5.993481147508E-16,-0.2));
#7631 = CARTESIAN_POINT('',(-5.993481147508E-16,-0.4));
#7632 = ( GEOMETRIC_REPRESENTATION_CONTEXT(2) 
PARAMETRIC_REPRESENTATION_CONTEXT() REPRESENTATION_CONTEXT('2D SPACE',''
  ) );
#7633 = PCURVE('',#507,#7634);
#7634 = DEFINITIONAL_REPRESENTATION('',(#7635),#7639);
#7635 = B_SPLINE_CURVE_WITH_KNOTS('',2,(#7636,#7637,#7638),
  .UNSPECIFIED.,.F.,.F.,(3,3),(0.,0.4),.PIECEWISE_BEZIER_KNOTS.);
#7636 = CARTESIAN_POINT('',(1.,2.22044604925E-16));
#7637 = CARTESIAN_POINT('',(1.,-0.2));
#7638 = CARTESIAN_POINT('',(1.,-0.4));
#7639 = ( GEOMETRIC_REPRESENTATION_CONTEXT(2) 
PARAMETRIC_REPRESENTATION_CONTEXT() REPRESENTATION_CONTEXT('2D SPACE',''
  ) );
#7640 = ORIENTED_EDGE('',*,*,#3629,.T.);
#7641 = ORIENTED_EDGE('',*,*,#7595,.F.);
#7642 = ORIENTED_EDGE('',*,*,#527,.F.);
#7643 = ADVANCED_FACE('',(#7644),#507,.T.);
#7644 = FACE_BOUND('',#7645,.T.);
#7645 = EDGE_LOOP('',(#7646,#7666,#7667,#7668));
#7646 = ORIENTED_EDGE('',*,*,#7647,.T.);
#7647 = EDGE_CURVE('',#444,#3572,#7648,.T.);
#7648 = SURFACE_CURVE('',#7649,(#7652,#7659),.PCURVE_S1.);
#7649 = B_SPLINE_CURVE_WITH_KNOTS('',1,(#7650,#7651),.UNSPECIFIED.,.F.,
  .F.,(2,2),(0.,0.4),.PIECEWISE_BEZIER_KNOTS.);
#7650 = CARTESIAN_POINT('',(-2.163774020537,-3.169113289126,1.8000001));
#7651 = CARTESIAN_POINT('',(-2.163774020537,-3.169113289126,2.2000001));
#7652 = PCURVE('',#507,#7653);
#7653 = DEFINITIONAL_REPRESENTATION('',(#7654),#7658);
#7654 = B_SPLINE_CURVE_WITH_KNOTS('',2,(#7655,#7656,#7657),
  .UNSPECIFIED.,.F.,.F.,(3,3),(0.,0.4),.PIECEWISE_BEZIER_KNOTS.);
#7655 = CARTESIAN_POINT('',(0.778627941978,2.22044604925E-16));
#7656 = CARTESIAN_POINT('',(0.778627941978,-0.2));
#7657 = CARTESIAN_POINT('',(0.778627941978,-0.4));
#7658 = ( GEOMETRIC_REPRESENTATION_CONTEXT(2) 
PARAMETRIC_REPRESENTATION_CONTEXT() REPRESENTATION_CONTEXT('2D SPACE',''
  ) );
#7659 = PCURVE('',#465,#7660);
#7660 = DEFINITIONAL_REPRESENTATION('',(#7661),#7665);
#7661 = B_SPLINE_CURVE_WITH_KNOTS('',2,(#7662,#7663,#7664),
  .UNSPECIFIED.,.F.,.F.,(3,3),(0.,0.4),.PIECEWISE_BEZIER_KNOTS.);
#7662 = CARTESIAN_POINT('',(0.778627941978,2.22044604925E-16));
#7663 = CARTESIAN_POINT('',(0.778627941978,-0.2));
#7664 = CARTESIAN_POINT('',(0.778627941978,-0.4));
#7665 = ( GEOMETRIC_REPRESENTATION_CONTEXT(2) 
PARAMETRIC_REPRESENTATION_CONTEXT() REPRESENTATION_CONTEXT('2D SPACE',''
  ) );
#7666 = ORIENTED_EDGE('',*,*,#3600,.T.);
#7667 = ORIENTED_EDGE('',*,*,#7621,.F.);
#7668 = ORIENTED_EDGE('',*,*,#485,.F.);
#7669 = ADVANCED_FACE('',(#7670),#465,.T.);
#7670 = FACE_BOUND('',#7671,.T.);
#7671 = EDGE_LOOP('',(#7672,#7692,#7693,#7694));
#7672 = ORIENTED_EDGE('',*,*,#7673,.T.);
#7673 = EDGE_CURVE('',#402,#3543,#7674,.T.);
#7674 = SURFACE_CURVE('',#7675,(#7678,#7685),.PCURVE_S1.);
#7675 = B_SPLINE_CURVE_WITH_KNOTS('',1,(#7676,#7677),.UNSPECIFIED.,.F.,
  .F.,(2,2),(0.,0.4),.PIECEWISE_BEZIER_KNOTS.);
#7676 = CARTESIAN_POINT('',(-2.566821715817,-2.485855958778,1.8000001));
#7677 = CARTESIAN_POINT('',(-2.566821715817,-2.485855958778,2.2000001));
#7678 = PCURVE('',#465,#7679);
#7679 = DEFINITIONAL_REPRESENTATION('',(#7680),#7684);
#7680 = B_SPLINE_CURVE_WITH_KNOTS('',2,(#7681,#7682,#7683),
  .UNSPECIFIED.,.F.,.F.,(3,3),(0.,0.4),.PIECEWISE_BEZIER_KNOTS.);
#7681 = CARTESIAN_POINT('',(-2.928003075227E-16,2.22044604925E-16));
#7682 = CARTESIAN_POINT('',(-2.928003075227E-16,-0.2));
#7683 = CARTESIAN_POINT('',(-2.928003075227E-16,-0.4));
#7684 = ( GEOMETRIC_REPRESENTATION_CONTEXT(2) 
PARAMETRIC_REPRESENTATION_CONTEXT() REPRESENTATION_CONTEXT('2D SPACE',''
  ) );
#7685 = PCURVE('',#423,#7686);
#7686 = DEFINITIONAL_REPRESENTATION('',(#7687),#7691);
#7687 = B_SPLINE_CURVE_WITH_KNOTS('',2,(#7688,#7689,#7690),
  .UNSPECIFIED.,.F.,.F.,(3,3),(0.,0.4),.PIECEWISE_BEZIER_KNOTS.);
#7688 = CARTESIAN_POINT('',(1.,2.22044604925E-16));
#7689 = CARTESIAN_POINT('',(1.,-0.2));
#7690 = CARTESIAN_POINT('',(1.,-0.4));
#7691 = ( GEOMETRIC_REPRESENTATION_CONTEXT(2) 
PARAMETRIC_REPRESENTATION_CONTEXT() REPRESENTATION_CONTEXT('2D SPACE',''
  ) );
#7692 = ORIENTED_EDGE('',*,*,#3571,.T.);
#7693 = ORIENTED_EDGE('',*,*,#7647,.F.);
#7694 = ORIENTED_EDGE('',*,*,#443,.F.);
#7695 = ADVANCED_FACE('',(#7696),#423,.T.);
#7696 = FACE_BOUND('',#7697,.T.);
#7697 = EDGE_LOOP('',(#7698,#7718,#7719,#7720));
#7698 = ORIENTED_EDGE('',*,*,#7699,.T.);
#7699 = EDGE_CURVE('',#372,#3520,#7700,.T.);
#7700 = SURFACE_CURVE('',#7701,(#7704,#7711),.PCURVE_S1.);
#7701 = B_SPLINE_CURVE_WITH_KNOTS('',1,(#7702,#7703),.UNSPECIFIED.,.F.,
  .F.,(2,2),(0.,0.4),.PIECEWISE_BEZIER_KNOTS.);
#7702 = CARTESIAN_POINT('',(-2.708853646164,-1.343960887151,1.8000001));
#7703 = CARTESIAN_POINT('',(-2.708853646164,-1.343960887151,2.2000001));
#7704 = PCURVE('',#423,#7705);
#7705 = DEFINITIONAL_REPRESENTATION('',(#7706),#7710);
#7706 = B_SPLINE_CURVE_WITH_KNOTS('',2,(#7707,#7708,#7709),
  .UNSPECIFIED.,.F.,.F.,(3,3),(0.,0.4),.PIECEWISE_BEZIER_KNOTS.);
#7707 = CARTESIAN_POINT('',(5.186100010188E-16,2.22044604925E-16));
#7708 = CARTESIAN_POINT('',(5.186100010188E-16,-0.2));
#7709 = CARTESIAN_POINT('',(5.186100010188E-16,-0.4));
#7710 = ( GEOMETRIC_REPRESENTATION_CONTEXT(2) 
PARAMETRIC_REPRESENTATION_CONTEXT() REPRESENTATION_CONTEXT('2D SPACE',''
  ) );
#7711 = PCURVE('',#387,#7712);
#7712 = DEFINITIONAL_REPRESENTATION('',(#7713),#7717);
#7713 = B_SPLINE_CURVE_WITH_KNOTS('',2,(#7714,#7715,#7716),
  .UNSPECIFIED.,.F.,.F.,(3,3),(0.,0.4),.PIECEWISE_BEZIER_KNOTS.);
#7714 = CARTESIAN_POINT('',(1.570796326795,-2.22044604925E-16));
#7715 = CARTESIAN_POINT('',(1.570796326795,-0.2));
#7716 = CARTESIAN_POINT('',(1.570796326795,-0.4));
#7717 = ( GEOMETRIC_REPRESENTATION_CONTEXT(2) 
PARAMETRIC_REPRESENTATION_CONTEXT() REPRESENTATION_CONTEXT('2D SPACE',''
  ) );
#7718 = ORIENTED_EDGE('',*,*,#3542,.T.);
#7719 = ORIENTED_EDGE('',*,*,#7673,.F.);
#7720 = ORIENTED_EDGE('',*,*,#401,.F.);
#7721 = ADVANCED_FACE('',(#7722),#387,.F.);
#7722 = FACE_BOUND('',#7723,.F.);
#7723 = EDGE_LOOP('',(#7724,#7725,#7726,#7745));
#7724 = ORIENTED_EDGE('',*,*,#7699,.T.);
#7725 = ORIENTED_EDGE('',*,*,#3519,.T.);
#7726 = ORIENTED_EDGE('',*,*,#7727,.F.);
#7727 = EDGE_CURVE('',#347,#3500,#7728,.T.);
#7728 = SURFACE_CURVE('',#7729,(#7732,#7739),.PCURVE_S1.);
#7729 = B_SPLINE_CURVE_WITH_KNOTS('',1,(#7730,#7731),.UNSPECIFIED.,.F.,
  .F.,(2,2),(0.,0.4),.PIECEWISE_BEZIER_KNOTS.);
#7730 = CARTESIAN_POINT('',(-2.629049955528,-1.269561865724,1.8000001));
#7731 = CARTESIAN_POINT('',(-2.629049955528,-1.269561865724,2.2000001));
#7732 = PCURVE('',#387,#7733);
#7733 = DEFINITIONAL_REPRESENTATION('',(#7734),#7738);
#7734 = B_SPLINE_CURVE_WITH_KNOTS('',2,(#7735,#7736,#7737),
  .UNSPECIFIED.,.F.,.F.,(3,3),(0.,0.4),.PIECEWISE_BEZIER_KNOTS.);
#7735 = CARTESIAN_POINT('',(3.071523098255,-2.22044604925E-16));
#7736 = CARTESIAN_POINT('',(3.071523098255,-0.2));
#7737 = CARTESIAN_POINT('',(3.071523098255,-0.4));
#7738 = ( GEOMETRIC_REPRESENTATION_CONTEXT(2) 
PARAMETRIC_REPRESENTATION_CONTEXT() REPRESENTATION_CONTEXT('2D SPACE',''
  ) );
#7739 = PCURVE('',#360,#7740);
#7740 = DEFINITIONAL_REPRESENTATION('',(#7741),#7744);
#7741 = B_SPLINE_CURVE_WITH_KNOTS('',1,(#7742,#7743),.UNSPECIFIED.,.F.,
  .F.,(2,2),(0.,0.4),.PIECEWISE_BEZIER_KNOTS.);
#7742 = CARTESIAN_POINT('',(0.691228550678,0.));
#7743 = CARTESIAN_POINT('',(0.691228550678,-0.4));
#7744 = ( GEOMETRIC_REPRESENTATION_CONTEXT(2) 
PARAMETRIC_REPRESENTATION_CONTEXT() REPRESENTATION_CONTEXT('2D SPACE',''
  ) );
#7745 = ORIENTED_EDGE('',*,*,#371,.F.);
#7746 = ADVANCED_FACE('',(#7747),#360,.T.);
#7747 = FACE_BOUND('',#7748,.T.);
#7748 = EDGE_LOOP('',(#7749,#7750,#7751,#7752));
#7749 = ORIENTED_EDGE('',*,*,#5687,.T.);
#7750 = ORIENTED_EDGE('',*,*,#3499,.T.);
#7751 = ORIENTED_EDGE('',*,*,#7727,.F.);
#7752 = ORIENTED_EDGE('',*,*,#346,.F.);
#7753 = ( GEOMETRIC_REPRESENTATION_CONTEXT(3) 
GLOBAL_UNCERTAINTY_ASSIGNED_CONTEXT((#7757)) 
GLOBAL_UNIT_ASSIGNED_CONTEXT((#7754,#7755,#7756)) REPRESENTATION_CONTEXT
('Context #1','3D Context with UNIT and UNCERTAINTY') );
#7754 = ( LENGTH_UNIT() NAMED_UNIT(*) SI_UNIT(.MILLI.,.METRE.) );
#7755 = ( NAMED_UNIT(*) PLANE_ANGLE_UNIT() SI_UNIT($,.RADIAN.) );
#7756 = ( NAMED_UNIT(*) SI_UNIT($,.STERADIAN.) SOLID_ANGLE_UNIT() );
#7757 = UNCERTAINTY_MEASURE_WITH_UNIT(LENGTH_MEASURE(2.E-07),#7754,
  'distance_accuracy_value','confusion accuracy');
#7758 = PRODUCT_RELATED_PRODUCT_CATEGORY('part',$,(#7));
ENDSEC;
END-ISO-10303-21;
