ISO-10303-21;
HEADER;
FILE_DESCRIPTION(('Open CASCADE Model'),'2;1');
FILE_NAME('Open CASCADE Shape Model','2026-09-18T12:54:12',('Author'),(
    'Open CASCADE'),'Open CASCADE STEP processor 7.9','Open CASCADE 7.9'
  ,'Unknown');
FILE_SCHEMA(('AUTOMOTIVE_DESIGN { 1 0 10303 214 1 1 1 1 }'));
ENDSEC;
DATA;
#1 = APPLICATION_PROTOCOL_DEFINITION('international standard',
  'automotive_design',2000,#2);
#2 = APPLICATION_CONTEXT(
  'core data for automotive mechanical design processes');
#3 = SHAPE_DEFINITION_REPRESENTATION(#4,#10);
#4 = PRODUCT_DEFINITION_SHAPE('','',#5);
#5 = PRODUCT_DEFINITION('design','',#6,#9);
#6 = PRODUCT_DEFINITION_FORMATION('','',#7);
#7 = PRODUCT('Open CASCADE STEP translator 7.9 41',
  'Open CASCADE STEP translator 7.9 41','',(#8));
#8 = PRODUCT_CONTEXT('',#2,'mechanical');
#9 = PRODUCT_DEFINITION_CONTEXT('part definition',#2,'design');
#10 = ADVANCED_BREP_SHAPE_REPRESENTATION('',(#11,#15),#3105);
#11 = AXIS2_PLACEMENT_3D('',#12,#13,#14);
#12 = CARTESIAN_POINT('',(0.,0.,0.));
#13 = DIRECTION('',(0.,0.,1.));
#14 = DIRECTION('',(1.,0.,-0.));
#15 = MANIFOLD_SOLID_BREP('',#16);
#16 = CLOSED_SHELL('',(#17,#375,#726,#775,#824,#851,#927,#1116,#1165,
    #1307,#1357,#1407,#1457,#1507,#1599,#1648,#1753,#1802,#1956,#2005,
    #2054,#2154,#2203,#2230,#2257,#2284,#2311,#2338,#2365,#2372,#2532,
    #2581,#2612,#2671,#2730,#2789,#2904,#2953,#3002,#3029,#3033,#3037,
    #3071,#3078));
#17 = ADVANCED_FACE('',(#18,#137,#251,#282,#313,#344),#32,.F.);
#18 = FACE_BOUND('',#19,.T.);
#19 = EDGE_LOOP('',(#20,#55,#83,#111));
#20 = ORIENTED_EDGE('',*,*,#21,.F.);
#21 = EDGE_CURVE('',#22,#24,#26,.T.);
#22 = VERTEX_POINT('',#23);
#23 = CARTESIAN_POINT('',(750.57142857142,332.90207697555,3.));
#24 = VERTEX_POINT('',#25);
#25 = CARTESIAN_POINT('',(750.57142857142,198.90207697555,3.));
#26 = SURFACE_CURVE('',#27,(#31,#43),.PCURVE_S1.);
#27 = LINE('',#28,#29);
#28 = CARTESIAN_POINT('',(750.57142857142,332.90207697555,3.));
#29 = VECTOR('',#30,1.);
#30 = DIRECTION('',(-0.,-1.,-0.));
#31 = PCURVE('',#32,#37);
#32 = PLANE('',#33);
#33 = AXIS2_PLACEMENT_3D('',#34,#35,#36);
#34 = CARTESIAN_POINT('',(770.57142857142,265.90207697555,3.));
#35 = DIRECTION('',(-0.,-0.,1.));
#36 = DIRECTION('',(1.,0.,0.));
#37 = DEFINITIONAL_REPRESENTATION('',(#38),#42);
#38 = LINE('',#39,#40);
#39 = CARTESIAN_POINT('',(-20.,67.));
#40 = VECTOR('',#41,1.);
#41 = DIRECTION('',(-0.,-1.));
#42 = ( GEOMETRIC_REPRESENTATION_CONTEXT(2) 
PARAMETRIC_REPRESENTATION_CONTEXT() REPRESENTATION_CONTEXT('2D SPACE',''
  ) );
#43 = PCURVE('',#44,#49);
#44 = PLANE('',#45);
#45 = AXIS2_PLACEMENT_3D('',#46,#47,#48);
#46 = CARTESIAN_POINT('',(750.57142857142,210.90207697555,3.));
#47 = DIRECTION('',(1.,-0.,-0.));
#48 = DIRECTION('',(0.,-1.,0.));
#49 = DEFINITIONAL_REPRESENTATION('',(#50),#54);
#50 = LINE('',#51,#52);
#51 = CARTESIAN_POINT('',(-122.,-0.));
#52 = VECTOR('',#53,1.);
#53 = DIRECTION('',(1.,-0.));
#54 = ( GEOMETRIC_REPRESENTATION_CONTEXT(2) 
PARAMETRIC_REPRESENTATION_CONTEXT() REPRESENTATION_CONTEXT('2D SPACE',''
  ) );
#55 = ORIENTED_EDGE('',*,*,#56,.T.);
#56 = EDGE_CURVE('',#22,#57,#59,.T.);
#57 = VERTEX_POINT('',#58);
#58 = CARTESIAN_POINT('',(802.57142857142,332.90207697555,3.));
#59 = SURFACE_CURVE('',#60,(#64,#71),.PCURVE_S1.);
#60 = LINE('',#61,#62);
#61 = CARTESIAN_POINT('',(750.57142857142,332.90207697555,3.));
#62 = VECTOR('',#63,1.);
#63 = DIRECTION('',(1.,-0.,-0.));
#64 = PCURVE('',#32,#65);
#65 = DEFINITIONAL_REPRESENTATION('',(#66),#70);
#66 = LINE('',#67,#68);
#67 = CARTESIAN_POINT('',(-20.,67.));
#68 = VECTOR('',#69,1.);
#69 = DIRECTION('',(1.,-0.));
#70 = ( GEOMETRIC_REPRESENTATION_CONTEXT(2) 
PARAMETRIC_REPRESENTATION_CONTEXT() REPRESENTATION_CONTEXT('2D SPACE',''
  ) );
#71 = PCURVE('',#72,#77);
#72 = PLANE('',#73);
#73 = AXIS2_PLACEMENT_3D('',#74,#75,#76);
#74 = CARTESIAN_POINT('',(750.57142857142,332.90207697555,3.));
#75 = DIRECTION('',(-0.,-1.,-0.));
#76 = DIRECTION('',(-1.,0.,0.));
#77 = DEFINITIONAL_REPRESENTATION('',(#78),#82);
#78 = LINE('',#79,#80);
#79 = CARTESIAN_POINT('',(-0.,0.));
#80 = VECTOR('',#81,1.);
#81 = DIRECTION('',(-1.,0.));
#82 = ( GEOMETRIC_REPRESENTATION_CONTEXT(2) 
PARAMETRIC_REPRESENTATION_CONTEXT() REPRESENTATION_CONTEXT('2D SPACE',''
  ) );
#83 = ORIENTED_EDGE('',*,*,#84,.T.);
#84 = EDGE_CURVE('',#57,#85,#87,.T.);
#85 = VERTEX_POINT('',#86);
#86 = CARTESIAN_POINT('',(802.57142857142,198.90207697555,3.));
#87 = SURFACE_CURVE('',#88,(#92,#99),.PCURVE_S1.);
#88 = LINE('',#89,#90);
#89 = CARTESIAN_POINT('',(802.57142857142,332.90207697555,3.));
#90 = VECTOR('',#91,1.);
#91 = DIRECTION('',(-0.,-1.,-0.));
#92 = PCURVE('',#32,#93);
#93 = DEFINITIONAL_REPRESENTATION('',(#94),#98);
#94 = LINE('',#95,#96);
#95 = CARTESIAN_POINT('',(32.,67.));
#96 = VECTOR('',#97,1.);
#97 = DIRECTION('',(-0.,-1.));
#98 = ( GEOMETRIC_REPRESENTATION_CONTEXT(2) 
PARAMETRIC_REPRESENTATION_CONTEXT() REPRESENTATION_CONTEXT('2D SPACE',''
  ) );
#99 = PCURVE('',#100,#105);
#100 = PLANE('',#101);
#101 = AXIS2_PLACEMENT_3D('',#102,#103,#104);
#102 = CARTESIAN_POINT('',(802.57142857142,332.90207697555,3.));
#103 = DIRECTION('',(-1.,-0.,-0.));
#104 = DIRECTION('',(0.,1.,0.));
#105 = DEFINITIONAL_REPRESENTATION('',(#106),#110);
#106 = LINE('',#107,#108);
#107 = CARTESIAN_POINT('',(-0.,-0.));
#108 = VECTOR('',#109,1.);
#109 = DIRECTION('',(-1.,0.));
#110 = ( GEOMETRIC_REPRESENTATION_CONTEXT(2) 
PARAMETRIC_REPRESENTATION_CONTEXT() REPRESENTATION_CONTEXT('2D SPACE',''
  ) );
#111 = ORIENTED_EDGE('',*,*,#112,.T.);
#112 = EDGE_CURVE('',#85,#24,#113,.T.);
#113 = SURFACE_CURVE('',#114,(#118,#125),.PCURVE_S1.);
#114 = LINE('',#115,#116);
#115 = CARTESIAN_POINT('',(802.57142857142,198.90207697555,3.));
#116 = VECTOR('',#117,1.);
#117 = DIRECTION('',(-1.,-0.,-0.));
#118 = PCURVE('',#32,#119);
#119 = DEFINITIONAL_REPRESENTATION('',(#120),#124);
#120 = LINE('',#121,#122);
#121 = CARTESIAN_POINT('',(32.,-67.));
#122 = VECTOR('',#123,1.);
#123 = DIRECTION('',(-1.,0.));
#124 = ( GEOMETRIC_REPRESENTATION_CONTEXT(2) 
PARAMETRIC_REPRESENTATION_CONTEXT() REPRESENTATION_CONTEXT('2D SPACE',''
  ) );
#125 = PCURVE('',#126,#131);
#126 = PLANE('',#127);
#127 = AXIS2_PLACEMENT_3D('',#128,#129,#130);
#128 = CARTESIAN_POINT('',(802.57142857142,198.90207697555,3.));
#129 = DIRECTION('',(-0.,1.,-0.));
#130 = DIRECTION('',(1.,0.,0.));
#131 = DEFINITIONAL_REPRESENTATION('',(#132),#136);
#132 = LINE('',#133,#134);
#133 = CARTESIAN_POINT('',(-0.,-0.));
#134 = VECTOR('',#135,1.);
#135 = DIRECTION('',(-1.,0.));
#136 = ( GEOMETRIC_REPRESENTATION_CONTEXT(2) 
PARAMETRIC_REPRESENTATION_CONTEXT() REPRESENTATION_CONTEXT('2D SPACE',''
  ) );
#137 = FACE_BOUND('',#138,.T.);
#138 = EDGE_LOOP('',(#139,#169,#197,#225));
#139 = ORIENTED_EDGE('',*,*,#140,.F.);
#140 = EDGE_CURVE('',#141,#143,#145,.T.);
#141 = VERTEX_POINT('',#142);
#142 = CARTESIAN_POINT('',(786.57142857142,214.90207697555,3.));
#143 = VERTEX_POINT('',#144);
#144 = CARTESIAN_POINT('',(754.57142857142,214.90207697555,3.));
#145 = SURFACE_CURVE('',#146,(#150,#157),.PCURVE_S1.);
#146 = LINE('',#147,#148);
#147 = CARTESIAN_POINT('',(786.57142857142,214.90207697555,3.));
#148 = VECTOR('',#149,1.);
#149 = DIRECTION('',(-1.,-0.,-0.));
#150 = PCURVE('',#32,#151);
#151 = DEFINITIONAL_REPRESENTATION('',(#152),#156);
#152 = LINE('',#153,#154);
#153 = CARTESIAN_POINT('',(16.,-51.));
#154 = VECTOR('',#155,1.);
#155 = DIRECTION('',(-1.,0.));
#156 = ( GEOMETRIC_REPRESENTATION_CONTEXT(2) 
PARAMETRIC_REPRESENTATION_CONTEXT() REPRESENTATION_CONTEXT('2D SPACE',''
  ) );
#157 = PCURVE('',#158,#163);
#158 = PLANE('',#159);
#159 = AXIS2_PLACEMENT_3D('',#160,#161,#162);
#160 = CARTESIAN_POINT('',(786.57142857142,214.90207697555,3.));
#161 = DIRECTION('',(-0.,1.,-0.));
#162 = DIRECTION('',(1.,0.,0.));
#163 = DEFINITIONAL_REPRESENTATION('',(#164),#168);
#164 = LINE('',#165,#166);
#165 = CARTESIAN_POINT('',(-0.,-0.));
#166 = VECTOR('',#167,1.);
#167 = DIRECTION('',(-1.,0.));
#168 = ( GEOMETRIC_REPRESENTATION_CONTEXT(2) 
PARAMETRIC_REPRESENTATION_CONTEXT() REPRESENTATION_CONTEXT('2D SPACE',''
  ) );
#169 = ORIENTED_EDGE('',*,*,#170,.F.);
#170 = EDGE_CURVE('',#171,#141,#173,.T.);
#171 = VERTEX_POINT('',#172);
#172 = CARTESIAN_POINT('',(786.57142857142,316.90207697555,3.));
#173 = SURFACE_CURVE('',#174,(#178,#185),.PCURVE_S1.);
#174 = LINE('',#175,#176);
#175 = CARTESIAN_POINT('',(786.57142857142,316.90207697555,3.));
#176 = VECTOR('',#177,1.);
#177 = DIRECTION('',(-0.,-1.,-0.));
#178 = PCURVE('',#32,#179);
#179 = DEFINITIONAL_REPRESENTATION('',(#180),#184);
#180 = LINE('',#181,#182);
#181 = CARTESIAN_POINT('',(16.,51.));
#182 = VECTOR('',#183,1.);
#183 = DIRECTION('',(-0.,-1.));
#184 = ( GEOMETRIC_REPRESENTATION_CONTEXT(2) 
PARAMETRIC_REPRESENTATION_CONTEXT() REPRESENTATION_CONTEXT('2D SPACE',''
  ) );
#185 = PCURVE('',#186,#191);
#186 = PLANE('',#187);
#187 = AXIS2_PLACEMENT_3D('',#188,#189,#190);
#188 = CARTESIAN_POINT('',(786.57142857142,316.90207697555,3.));
#189 = DIRECTION('',(-1.,-0.,-0.));
#190 = DIRECTION('',(0.,1.,0.));
#191 = DEFINITIONAL_REPRESENTATION('',(#192),#196);
#192 = LINE('',#193,#194);
#193 = CARTESIAN_POINT('',(-0.,-0.));
#194 = VECTOR('',#195,1.);
#195 = DIRECTION('',(-1.,0.));
#196 = ( GEOMETRIC_REPRESENTATION_CONTEXT(2) 
PARAMETRIC_REPRESENTATION_CONTEXT() REPRESENTATION_CONTEXT('2D SPACE',''
  ) );
#197 = ORIENTED_EDGE('',*,*,#198,.F.);
#198 = EDGE_CURVE('',#199,#171,#201,.T.);
#199 = VERTEX_POINT('',#200);
#200 = CARTESIAN_POINT('',(754.57142857142,316.90207697555,3.));
#201 = SURFACE_CURVE('',#202,(#206,#213),.PCURVE_S1.);
#202 = LINE('',#203,#204);
#203 = CARTESIAN_POINT('',(754.57142857142,316.90207697555,3.));
#204 = VECTOR('',#205,1.);
#205 = DIRECTION('',(1.,-0.,-0.));
#206 = PCURVE('',#32,#207);
#207 = DEFINITIONAL_REPRESENTATION('',(#208),#212);
#208 = LINE('',#209,#210);
#209 = CARTESIAN_POINT('',(-16.,51.));
#210 = VECTOR('',#211,1.);
#211 = DIRECTION('',(1.,-0.));
#212 = ( GEOMETRIC_REPRESENTATION_CONTEXT(2) 
PARAMETRIC_REPRESENTATION_CONTEXT() REPRESENTATION_CONTEXT('2D SPACE',''
  ) );
#213 = PCURVE('',#214,#219);
#214 = PLANE('',#215);
#215 = AXIS2_PLACEMENT_3D('',#216,#217,#218);
#216 = CARTESIAN_POINT('',(754.57142857142,316.90207697555,3.));
#217 = DIRECTION('',(-0.,-1.,-0.));
#218 = DIRECTION('',(-1.,0.,0.));
#219 = DEFINITIONAL_REPRESENTATION('',(#220),#224);
#220 = LINE('',#221,#222);
#221 = CARTESIAN_POINT('',(-0.,0.));
#222 = VECTOR('',#223,1.);
#223 = DIRECTION('',(-1.,0.));
#224 = ( GEOMETRIC_REPRESENTATION_CONTEXT(2) 
PARAMETRIC_REPRESENTATION_CONTEXT() REPRESENTATION_CONTEXT('2D SPACE',''
  ) );
#225 = ORIENTED_EDGE('',*,*,#226,.F.);
#226 = EDGE_CURVE('',#143,#199,#227,.T.);
#227 = SURFACE_CURVE('',#228,(#232,#239),.PCURVE_S1.);
#228 = LINE('',#229,#230);
#229 = CARTESIAN_POINT('',(754.57142857142,214.90207697555,3.));
#230 = VECTOR('',#231,1.);
#231 = DIRECTION('',(-0.,1.,-0.));
#232 = PCURVE('',#32,#233);
#233 = DEFINITIONAL_REPRESENTATION('',(#234),#238);
#234 = LINE('',#235,#236);
#235 = CARTESIAN_POINT('',(-16.,-51.));
#236 = VECTOR('',#237,1.);
#237 = DIRECTION('',(-0.,1.));
#238 = ( GEOMETRIC_REPRESENTATION_CONTEXT(2) 
PARAMETRIC_REPRESENTATION_CONTEXT() REPRESENTATION_CONTEXT('2D SPACE',''
  ) );
#239 = PCURVE('',#240,#245);
#240 = PLANE('',#241);
#241 = AXIS2_PLACEMENT_3D('',#242,#243,#244);
#242 = CARTESIAN_POINT('',(754.57142857142,214.90207697555,3.));
#243 = DIRECTION('',(1.,-0.,-0.));
#244 = DIRECTION('',(0.,-1.,0.));
#245 = DEFINITIONAL_REPRESENTATION('',(#246),#250);
#246 = LINE('',#247,#248);
#247 = CARTESIAN_POINT('',(-0.,-0.));
#248 = VECTOR('',#249,1.);
#249 = DIRECTION('',(-1.,0.));
#250 = ( GEOMETRIC_REPRESENTATION_CONTEXT(2) 
PARAMETRIC_REPRESENTATION_CONTEXT() REPRESENTATION_CONTEXT('2D SPACE',''
  ) );
#251 = FACE_BOUND('',#252,.T.);
#252 = EDGE_LOOP('',(#253));
#253 = ORIENTED_EDGE('',*,*,#254,.T.);
#254 = EDGE_CURVE('',#255,#255,#257,.T.);
#255 = VERTEX_POINT('',#256);
#256 = CARTESIAN_POINT('',(767.82142857142,204.90207697555,3.));
#257 = SURFACE_CURVE('',#258,(#263,#270),.PCURVE_S1.);
#258 = CIRCLE('',#259,2.75);
#259 = AXIS2_PLACEMENT_3D('',#260,#261,#262);
#260 = CARTESIAN_POINT('',(770.57142857142,204.90207697555,3.));
#261 = DIRECTION('',(0.,0.,1.));
#262 = DIRECTION('',(-1.,-0.,-0.));
#263 = PCURVE('',#32,#264);
#264 = DEFINITIONAL_REPRESENTATION('',(#265),#269);
#265 = CIRCLE('',#266,2.75);
#266 = AXIS2_PLACEMENT_2D('',#267,#268);
#267 = CARTESIAN_POINT('',(0.,-61.));
#268 = DIRECTION('',(-1.,0.));
#269 = ( GEOMETRIC_REPRESENTATION_CONTEXT(2) 
PARAMETRIC_REPRESENTATION_CONTEXT() REPRESENTATION_CONTEXT('2D SPACE',''
  ) );
#270 = PCURVE('',#271,#276);
#271 = CYLINDRICAL_SURFACE('',#272,2.75);
#272 = AXIS2_PLACEMENT_3D('',#273,#274,#275);
#273 = CARTESIAN_POINT('',(770.57142857142,204.90207697555,2.));
#274 = DIRECTION('',(0.,-0.,-1.));
#275 = DIRECTION('',(-1.,-0.,-0.));
#276 = DEFINITIONAL_REPRESENTATION('',(#277),#281);
#277 = LINE('',#278,#279);
#278 = CARTESIAN_POINT('',(6.28318530718,-1.));
#279 = VECTOR('',#280,1.);
#280 = DIRECTION('',(-1.,0.));
#281 = ( GEOMETRIC_REPRESENTATION_CONTEXT(2) 
PARAMETRIC_REPRESENTATION_CONTEXT() REPRESENTATION_CONTEXT('2D SPACE',''
  ) );
#282 = FACE_BOUND('',#283,.T.);
#283 = EDGE_LOOP('',(#284));
#284 = ORIENTED_EDGE('',*,*,#285,.T.);
#285 = EDGE_CURVE('',#286,#286,#288,.T.);
#286 = VERTEX_POINT('',#287);
#287 = CARTESIAN_POINT('',(793.82142857142,295.90207697555,3.));
#288 = SURFACE_CURVE('',#289,(#294,#301),.PCURVE_S1.);
#289 = CIRCLE('',#290,2.75);
#290 = AXIS2_PLACEMENT_3D('',#291,#292,#293);
#291 = CARTESIAN_POINT('',(796.57142857142,295.90207697555,3.));
#292 = DIRECTION('',(0.,0.,1.));
#293 = DIRECTION('',(-1.,-0.,-0.));
#294 = PCURVE('',#32,#295);
#295 = DEFINITIONAL_REPRESENTATION('',(#296),#300);
#296 = CIRCLE('',#297,2.75);
#297 = AXIS2_PLACEMENT_2D('',#298,#299);
#298 = CARTESIAN_POINT('',(26.,30.));
#299 = DIRECTION('',(-1.,0.));
#300 = ( GEOMETRIC_REPRESENTATION_CONTEXT(2) 
PARAMETRIC_REPRESENTATION_CONTEXT() REPRESENTATION_CONTEXT('2D SPACE',''
  ) );
#301 = PCURVE('',#302,#307);
#302 = CYLINDRICAL_SURFACE('',#303,2.75);
#303 = AXIS2_PLACEMENT_3D('',#304,#305,#306);
#304 = CARTESIAN_POINT('',(796.57142857142,295.90207697555,2.));
#305 = DIRECTION('',(0.,-0.,-1.));
#306 = DIRECTION('',(-1.,-0.,-0.));
#307 = DEFINITIONAL_REPRESENTATION('',(#308),#312);
#308 = LINE('',#309,#310);
#309 = CARTESIAN_POINT('',(6.28318530718,-1.));
#310 = VECTOR('',#311,1.);
#311 = DIRECTION('',(-1.,0.));
#312 = ( GEOMETRIC_REPRESENTATION_CONTEXT(2) 
PARAMETRIC_REPRESENTATION_CONTEXT() REPRESENTATION_CONTEXT('2D SPACE',''
  ) );
#313 = FACE_BOUND('',#314,.T.);
#314 = EDGE_LOOP('',(#315));
#315 = ORIENTED_EDGE('',*,*,#316,.T.);
#316 = EDGE_CURVE('',#317,#317,#319,.T.);
#317 = VERTEX_POINT('',#318);
#318 = CARTESIAN_POINT('',(767.82142857142,326.90207697555,3.));
#319 = SURFACE_CURVE('',#320,(#325,#332),.PCURVE_S1.);
#320 = CIRCLE('',#321,2.75);
#321 = AXIS2_PLACEMENT_3D('',#322,#323,#324);
#322 = CARTESIAN_POINT('',(770.57142857142,326.90207697555,3.));
#323 = DIRECTION('',(0.,0.,1.));
#324 = DIRECTION('',(-1.,-0.,-0.));
#325 = PCURVE('',#32,#326);
#326 = DEFINITIONAL_REPRESENTATION('',(#327),#331);
#327 = CIRCLE('',#328,2.75);
#328 = AXIS2_PLACEMENT_2D('',#329,#330);
#329 = CARTESIAN_POINT('',(0.,61.));
#330 = DIRECTION('',(-1.,0.));
#331 = ( GEOMETRIC_REPRESENTATION_CONTEXT(2) 
PARAMETRIC_REPRESENTATION_CONTEXT() REPRESENTATION_CONTEXT('2D SPACE',''
  ) );
#332 = PCURVE('',#333,#338);
#333 = CYLINDRICAL_SURFACE('',#334,2.75);
#334 = AXIS2_PLACEMENT_3D('',#335,#336,#337);
#335 = CARTESIAN_POINT('',(770.57142857142,326.90207697555,2.));
#336 = DIRECTION('',(0.,-0.,-1.));
#337 = DIRECTION('',(-1.,-0.,-0.));
#338 = DEFINITIONAL_REPRESENTATION('',(#339),#343);
#339 = LINE('',#340,#341);
#340 = CARTESIAN_POINT('',(6.28318530718,-1.));
#341 = VECTOR('',#342,1.);
#342 = DIRECTION('',(-1.,0.));
#343 = ( GEOMETRIC_REPRESENTATION_CONTEXT(2) 
PARAMETRIC_REPRESENTATION_CONTEXT() REPRESENTATION_CONTEXT('2D SPACE',''
  ) );
#344 = FACE_BOUND('',#345,.T.);
#345 = EDGE_LOOP('',(#346));
#346 = ORIENTED_EDGE('',*,*,#347,.T.);
#347 = EDGE_CURVE('',#348,#348,#350,.T.);
#348 = VERTEX_POINT('',#349);
#349 = CARTESIAN_POINT('',(793.82142857142,235.90207697555,3.));
#350 = SURFACE_CURVE('',#351,(#356,#363),.PCURVE_S1.);
#351 = CIRCLE('',#352,2.75);
#352 = AXIS2_PLACEMENT_3D('',#353,#354,#355);
#353 = CARTESIAN_POINT('',(796.57142857142,235.90207697555,3.));
#354 = DIRECTION('',(0.,0.,1.));
#355 = DIRECTION('',(-1.,-0.,-0.));
#356 = PCURVE('',#32,#357);
#357 = DEFINITIONAL_REPRESENTATION('',(#358),#362);
#358 = CIRCLE('',#359,2.75);
#359 = AXIS2_PLACEMENT_2D('',#360,#361);
#360 = CARTESIAN_POINT('',(26.,-30.));
#361 = DIRECTION('',(-1.,0.));
#362 = ( GEOMETRIC_REPRESENTATION_CONTEXT(2) 
PARAMETRIC_REPRESENTATION_CONTEXT() REPRESENTATION_CONTEXT('2D SPACE',''
  ) );
#363 = PCURVE('',#364,#369);
#364 = CYLINDRICAL_SURFACE('',#365,2.75);
#365 = AXIS2_PLACEMENT_3D('',#366,#367,#368);
#366 = CARTESIAN_POINT('',(796.57142857142,235.90207697555,2.));
#367 = DIRECTION('',(0.,-0.,-1.));
#368 = DIRECTION('',(-1.,-0.,-0.));
#369 = DEFINITIONAL_REPRESENTATION('',(#370),#374);
#370 = LINE('',#371,#372);
#371 = CARTESIAN_POINT('',(6.28318530718,-1.));
#372 = VECTOR('',#373,1.);
#373 = DIRECTION('',(-1.,0.));
#374 = ( GEOMETRIC_REPRESENTATION_CONTEXT(2) 
PARAMETRIC_REPRESENTATION_CONTEXT() REPRESENTATION_CONTEXT('2D SPACE',''
  ) );
#375 = ADVANCED_FACE('',(#376),#44,.F.);
#376 = FACE_BOUND('',#377,.T.);
#377 = EDGE_LOOP('',(#378,#379,#402,#430,#458,#486,#514,#542,#570,#598,
    #626,#654,#682,#705));
#378 = ORIENTED_EDGE('',*,*,#21,.T.);
#379 = ORIENTED_EDGE('',*,*,#380,.T.);
#380 = EDGE_CURVE('',#24,#381,#383,.T.);
#381 = VERTEX_POINT('',#382);
#382 = CARTESIAN_POINT('',(750.57142857142,198.90207697555,8.));
#383 = SURFACE_CURVE('',#384,(#388,#395),.PCURVE_S1.);
#384 = LINE('',#385,#386);
#385 = CARTESIAN_POINT('',(750.57142857142,198.90207697555,3.));
#386 = VECTOR('',#387,1.);
#387 = DIRECTION('',(-0.,-0.,1.));
#388 = PCURVE('',#44,#389);
#389 = DEFINITIONAL_REPRESENTATION('',(#390),#394);
#390 = LINE('',#391,#392);
#391 = CARTESIAN_POINT('',(12.,-0.));
#392 = VECTOR('',#393,1.);
#393 = DIRECTION('',(-0.,-1.));
#394 = ( GEOMETRIC_REPRESENTATION_CONTEXT(2) 
PARAMETRIC_REPRESENTATION_CONTEXT() REPRESENTATION_CONTEXT('2D SPACE',''
  ) );
#395 = PCURVE('',#126,#396);
#396 = DEFINITIONAL_REPRESENTATION('',(#397),#401);
#397 = LINE('',#398,#399);
#398 = CARTESIAN_POINT('',(-52.,0.));
#399 = VECTOR('',#400,1.);
#400 = DIRECTION('',(-0.,-1.));
#401 = ( GEOMETRIC_REPRESENTATION_CONTEXT(2) 
PARAMETRIC_REPRESENTATION_CONTEXT() REPRESENTATION_CONTEXT('2D SPACE',''
  ) );
#402 = ORIENTED_EDGE('',*,*,#403,.T.);
#403 = EDGE_CURVE('',#381,#404,#406,.T.);
#404 = VERTEX_POINT('',#405);
#405 = CARTESIAN_POINT('',(750.57142857142,210.90207697555,8.));
#406 = SURFACE_CURVE('',#407,(#411,#418),.PCURVE_S1.);
#407 = LINE('',#408,#409);
#408 = CARTESIAN_POINT('',(750.57142857142,198.90207697555,8.));
#409 = VECTOR('',#410,1.);
#410 = DIRECTION('',(-0.,1.,-0.));
#411 = PCURVE('',#44,#412);
#412 = DEFINITIONAL_REPRESENTATION('',(#413),#417);
#413 = LINE('',#414,#415);
#414 = CARTESIAN_POINT('',(12.,-5.));
#415 = VECTOR('',#416,1.);
#416 = DIRECTION('',(-1.,0.));
#417 = ( GEOMETRIC_REPRESENTATION_CONTEXT(2) 
PARAMETRIC_REPRESENTATION_CONTEXT() REPRESENTATION_CONTEXT('2D SPACE',''
  ) );
#418 = PCURVE('',#419,#424);
#419 = PLANE('',#420);
#420 = AXIS2_PLACEMENT_3D('',#421,#422,#423);
#421 = CARTESIAN_POINT('',(776.57142857142,265.90207697555,8.));
#422 = DIRECTION('',(-0.,-0.,1.));
#423 = DIRECTION('',(1.,0.,0.));
#424 = DEFINITIONAL_REPRESENTATION('',(#425),#429);
#425 = LINE('',#426,#427);
#426 = CARTESIAN_POINT('',(-26.,-67.));
#427 = VECTOR('',#428,1.);
#428 = DIRECTION('',(-0.,1.));
#429 = ( GEOMETRIC_REPRESENTATION_CONTEXT(2) 
PARAMETRIC_REPRESENTATION_CONTEXT() REPRESENTATION_CONTEXT('2D SPACE',''
  ) );
#430 = ORIENTED_EDGE('',*,*,#431,.T.);
#431 = EDGE_CURVE('',#404,#432,#434,.T.);
#432 = VERTEX_POINT('',#433);
#433 = CARTESIAN_POINT('',(750.57142857142,210.90207697555,
    33.360695869049));
#434 = SURFACE_CURVE('',#435,(#439,#446),.PCURVE_S1.);
#435 = LINE('',#436,#437);
#436 = CARTESIAN_POINT('',(750.57142857142,210.90207697555,3.));
#437 = VECTOR('',#438,1.);
#438 = DIRECTION('',(-0.,-0.,1.));
#439 = PCURVE('',#44,#440);
#440 = DEFINITIONAL_REPRESENTATION('',(#441),#445);
#441 = LINE('',#442,#443);
#442 = CARTESIAN_POINT('',(-0.,-0.));
#443 = VECTOR('',#444,1.);
#444 = DIRECTION('',(-0.,-1.));
#445 = ( GEOMETRIC_REPRESENTATION_CONTEXT(2) 
PARAMETRIC_REPRESENTATION_CONTEXT() REPRESENTATION_CONTEXT('2D SPACE',''
  ) );
#446 = PCURVE('',#447,#452);
#447 = PLANE('',#448);
#448 = AXIS2_PLACEMENT_3D('',#449,#450,#451);
#449 = CARTESIAN_POINT('',(790.57142857142,210.90207697555,3.));
#450 = DIRECTION('',(-0.,1.,-0.));
#451 = DIRECTION('',(1.,0.,0.));
#452 = DEFINITIONAL_REPRESENTATION('',(#453),#457);
#453 = LINE('',#454,#455);
#454 = CARTESIAN_POINT('',(-40.,0.));
#455 = VECTOR('',#456,1.);
#456 = DIRECTION('',(-0.,-1.));
#457 = ( GEOMETRIC_REPRESENTATION_CONTEXT(2) 
PARAMETRIC_REPRESENTATION_CONTEXT() REPRESENTATION_CONTEXT('2D SPACE',''
  ) );
#458 = ORIENTED_EDGE('',*,*,#459,.T.);
#459 = EDGE_CURVE('',#432,#460,#462,.T.);
#460 = VERTEX_POINT('',#461);
#461 = CARTESIAN_POINT('',(750.57142857142,214.36952786613,
    34.129299592906));
#462 = SURFACE_CURVE('',#463,(#467,#474),.PCURVE_S1.);
#463 = LINE('',#464,#465);
#464 = CARTESIAN_POINT('',(750.57142857142,236.27680131088,
    38.985319903076));
#465 = VECTOR('',#466,1.);
#466 = DIRECTION('',(-0.,0.976302648363,0.216409655053));
#467 = PCURVE('',#44,#468);
#468 = DEFINITIONAL_REPRESENTATION('',(#469),#473);
#469 = LINE('',#470,#471);
#470 = CARTESIAN_POINT('',(-25.37472433532,-35.98531990307));
#471 = VECTOR('',#472,1.);
#472 = DIRECTION('',(-0.976302648363,-0.216409655053));
#473 = ( GEOMETRIC_REPRESENTATION_CONTEXT(2) 
PARAMETRIC_REPRESENTATION_CONTEXT() REPRESENTATION_CONTEXT('2D SPACE',''
  ) );
#474 = PCURVE('',#475,#480);
#475 = PLANE('',#476);
#476 = AXIS2_PLACEMENT_3D('',#477,#478,#479);
#477 = CARTESIAN_POINT('',(770.57142857142,268.06617352608,
    46.031830620803));
#478 = DIRECTION('',(-0.,-0.216409655053,0.976302648363));
#479 = DIRECTION('',(0.,-0.976302648363,-0.216409655053));
#480 = DEFINITIONAL_REPRESENTATION('',(#481),#485);
#481 = LINE('',#482,#483);
#482 = CARTESIAN_POINT('',(32.560981237236,-20.));
#483 = VECTOR('',#484,1.);
#484 = DIRECTION('',(-1.,-0.));
#485 = ( GEOMETRIC_REPRESENTATION_CONTEXT(2) 
PARAMETRIC_REPRESENTATION_CONTEXT() REPRESENTATION_CONTEXT('2D SPACE',''
  ) );
#486 = ORIENTED_EDGE('',*,*,#487,.F.);
#487 = EDGE_CURVE('',#488,#460,#490,.T.);
#488 = VERTEX_POINT('',#489);
#489 = CARTESIAN_POINT('',(750.57142857142,217.61567269192,
    19.484759867465));
#490 = SURFACE_CURVE('',#491,(#495,#502),.PCURVE_S1.);
#491 = LINE('',#492,#493);
#492 = CARTESIAN_POINT('',(750.57142857142,216.4948035308,
    24.541408242045));
#493 = VECTOR('',#494,1.);
#494 = DIRECTION('',(-0.,-0.216409655053,0.976302648363));
#495 = PCURVE('',#44,#496);
#496 = DEFINITIONAL_REPRESENTATION('',(#497),#501);
#497 = LINE('',#498,#499);
#498 = CARTESIAN_POINT('',(-5.592726555254,-21.54140824204));
#499 = VECTOR('',#500,1.);
#500 = DIRECTION('',(0.216409655053,-0.976302648363));
#501 = ( GEOMETRIC_REPRESENTATION_CONTEXT(2) 
PARAMETRIC_REPRESENTATION_CONTEXT() REPRESENTATION_CONTEXT('2D SPACE',''
  ) );
#502 = PCURVE('',#503,#508);
#503 = PLANE('',#504);
#504 = AXIS2_PLACEMENT_3D('',#505,#506,#507);
#505 = CARTESIAN_POINT('',(790.57142857142,212.2054313156,
    43.892326076532));
#506 = DIRECTION('',(-0.,-0.976302648363,-0.216409655053));
#507 = DIRECTION('',(1.,0.,0.));
#508 = DEFINITIONAL_REPRESENTATION('',(#509),#513);
#509 = LINE('',#510,#511);
#510 = CARTESIAN_POINT('',(-40.,-19.82061389154));
#511 = VECTOR('',#512,1.);
#512 = DIRECTION('',(-0.,1.));
#513 = ( GEOMETRIC_REPRESENTATION_CONTEXT(2) 
PARAMETRIC_REPRESENTATION_CONTEXT() REPRESENTATION_CONTEXT('2D SPACE',''
  ) );
#514 = ORIENTED_EDGE('',*,*,#515,.T.);
#515 = EDGE_CURVE('',#488,#516,#518,.T.);
#516 = VERTEX_POINT('',#517);
#517 = CARTESIAN_POINT('',(750.57142857142,227.37869917555,
    21.648856417992));
#518 = SURFACE_CURVE('',#519,(#523,#530),.PCURVE_S1.);
#519 = LINE('',#520,#521);
#520 = CARTESIAN_POINT('',(750.57142857142,215.1153799276,
    18.930538801319));
#521 = VECTOR('',#522,1.);
#522 = DIRECTION('',(-0.,0.976302648363,0.216409655053));
#523 = PCURVE('',#44,#524);
#524 = DEFINITIONAL_REPRESENTATION('',(#525),#529);
#525 = LINE('',#526,#527);
#526 = CARTESIAN_POINT('',(-4.213302952049,-15.93053880131));
#527 = VECTOR('',#528,1.);
#528 = DIRECTION('',(-0.976302648363,-0.216409655053));
#529 = ( GEOMETRIC_REPRESENTATION_CONTEXT(2) 
PARAMETRIC_REPRESENTATION_CONTEXT() REPRESENTATION_CONTEXT('2D SPACE',''
  ) );
#530 = PCURVE('',#531,#536);
#531 = PLANE('',#532);
#532 = AXIS2_PLACEMENT_3D('',#533,#534,#535);
#533 = CARTESIAN_POINT('',(707.92857142857,222.49718593373,
    20.566808142729));
#534 = DIRECTION('',(-0.,-0.216409655053,0.976302648363));
#535 = DIRECTION('',(0.,-0.976302648363,-0.216409655053));
#536 = DEFINITIONAL_REPRESENTATION('',(#537),#541);
#537 = LINE('',#538,#539);
#538 = CARTESIAN_POINT('',(7.560981237236,42.642857142857));
#539 = VECTOR('',#540,1.);
#540 = DIRECTION('',(-1.,0.));
#541 = ( GEOMETRIC_REPRESENTATION_CONTEXT(2) 
PARAMETRIC_REPRESENTATION_CONTEXT() REPRESENTATION_CONTEXT('2D SPACE',''
  ) );
#542 = ORIENTED_EDGE('',*,*,#543,.F.);
#543 = EDGE_CURVE('',#544,#516,#546,.T.);
#544 = VERTEX_POINT('',#545);
#545 = CARTESIAN_POINT('',(750.57142857142,224.13255434976,
    36.293396143432));
#546 = SURFACE_CURVE('',#547,(#551,#558),.PCURVE_S1.);
#547 = LINE('',#548,#549);
#548 = CARTESIAN_POINT('',(750.57142857142,227.33987828969,
    21.823991550758));
#549 = VECTOR('',#550,1.);
#550 = DIRECTION('',(-0.,0.216409655053,-0.976302648363));
#551 = PCURVE('',#44,#552);
#552 = DEFINITIONAL_REPRESENTATION('',(#553),#557);
#553 = LINE('',#554,#555);
#554 = CARTESIAN_POINT('',(-16.43780131414,-18.82399155075));
#555 = VECTOR('',#556,1.);
#556 = DIRECTION('',(-0.216409655053,0.976302648363));
#557 = ( GEOMETRIC_REPRESENTATION_CONTEXT(2) 
PARAMETRIC_REPRESENTATION_CONTEXT() REPRESENTATION_CONTEXT('2D SPACE',''
  ) );
#558 = PCURVE('',#559,#564);
#559 = PLANE('',#560);
#560 = AXIS2_PLACEMENT_3D('',#561,#562,#563);
#561 = CARTESIAN_POINT('',(625.28571428571,224.13255434976,
    36.293396143432));
#562 = DIRECTION('',(-0.,0.976302648363,0.216409655053));
#563 = DIRECTION('',(-1.,0.,0.));
#564 = DEFINITIONAL_REPRESENTATION('',(#565),#569);
#565 = LINE('',#566,#567);
#566 = CARTESIAN_POINT('',(-125.2857142857,-14.82061389154));
#567 = VECTOR('',#568,1.);
#568 = DIRECTION('',(-0.,-1.));
#569 = ( GEOMETRIC_REPRESENTATION_CONTEXT(2) 
PARAMETRIC_REPRESENTATION_CONTEXT() REPRESENTATION_CONTEXT('2D SPACE',''
  ) );
#570 = ORIENTED_EDGE('',*,*,#571,.T.);
#571 = EDGE_CURVE('',#544,#572,#574,.T.);
#572 = VERTEX_POINT('',#573);
#573 = CARTESIAN_POINT('',(750.57142857142,311.9997927024,
    55.770265098174));
#574 = SURFACE_CURVE('',#575,(#579,#586),.PCURVE_S1.);
#575 = LINE('',#576,#577);
#576 = CARTESIAN_POINT('',(750.57142857142,236.27680131088,
    38.985319903076));
#577 = VECTOR('',#578,1.);
#578 = DIRECTION('',(-0.,0.976302648363,0.216409655053));
#579 = PCURVE('',#44,#580);
#580 = DEFINITIONAL_REPRESENTATION('',(#581),#585);
#581 = LINE('',#582,#583);
#582 = CARTESIAN_POINT('',(-25.37472433532,-35.98531990307));
#583 = VECTOR('',#584,1.);
#584 = DIRECTION('',(-0.976302648363,-0.216409655053));
#585 = ( GEOMETRIC_REPRESENTATION_CONTEXT(2) 
PARAMETRIC_REPRESENTATION_CONTEXT() REPRESENTATION_CONTEXT('2D SPACE',''
  ) );
#586 = PCURVE('',#587,#592);
#587 = PLANE('',#588);
#588 = AXIS2_PLACEMENT_3D('',#589,#590,#591);
#589 = CARTESIAN_POINT('',(707.92857142857,268.06617352608,
    46.031830620803));
#590 = DIRECTION('',(-0.,-0.216409655053,0.976302648363));
#591 = DIRECTION('',(0.,-0.976302648363,-0.216409655053));
#592 = DEFINITIONAL_REPRESENTATION('',(#593),#597);
#593 = LINE('',#594,#595);
#594 = CARTESIAN_POINT('',(32.560981237236,42.642857142857));
#595 = VECTOR('',#596,1.);
#596 = DIRECTION('',(-1.,-0.));
#597 = ( GEOMETRIC_REPRESENTATION_CONTEXT(2) 
PARAMETRIC_REPRESENTATION_CONTEXT() REPRESENTATION_CONTEXT('2D SPACE',''
  ) );
#598 = ORIENTED_EDGE('',*,*,#599,.F.);
#599 = EDGE_CURVE('',#600,#572,#602,.T.);
#600 = VERTEX_POINT('',#601);
#601 = CARTESIAN_POINT('',(750.57142857142,315.24593752819,
    41.125725372734));
#602 = SURFACE_CURVE('',#603,(#607,#614),.PCURVE_S1.);
#603 = LINE('',#604,#605);
#604 = CARTESIAN_POINT('',(750.57142857142,315.20711664234,41.3008605055
    ));
#605 = VECTOR('',#606,1.);
#606 = DIRECTION('',(-0.,-0.216409655053,0.976302648363));
#607 = PCURVE('',#44,#608);
#608 = DEFINITIONAL_REPRESENTATION('',(#609),#613);
#609 = LINE('',#610,#611);
#610 = CARTESIAN_POINT('',(-104.3050396667,-38.3008605055));
#611 = VECTOR('',#612,1.);
#612 = DIRECTION('',(0.216409655053,-0.976302648363));
#613 = ( GEOMETRIC_REPRESENTATION_CONTEXT(2) 
PARAMETRIC_REPRESENTATION_CONTEXT() REPRESENTATION_CONTEXT('2D SPACE',''
  ) );
#614 = PCURVE('',#615,#620);
#615 = PLANE('',#616);
#616 = AXIS2_PLACEMENT_3D('',#617,#618,#619);
#617 = CARTESIAN_POINT('',(790.57142857142,311.9997927024,
    55.770265098174));
#618 = DIRECTION('',(-0.,-0.976302648363,-0.216409655053));
#619 = DIRECTION('',(1.,0.,0.));
#620 = DEFINITIONAL_REPRESENTATION('',(#621),#625);
#621 = LINE('',#622,#623);
#622 = CARTESIAN_POINT('',(-40.,-14.82061389154));
#623 = VECTOR('',#624,1.);
#624 = DIRECTION('',(-0.,1.));
#625 = ( GEOMETRIC_REPRESENTATION_CONTEXT(2) 
PARAMETRIC_REPRESENTATION_CONTEXT() REPRESENTATION_CONTEXT('2D SPACE',''
  ) );
#626 = ORIENTED_EDGE('',*,*,#627,.T.);
#627 = EDGE_CURVE('',#600,#628,#630,.T.);
#628 = VERTEX_POINT('',#629);
#629 = CARTESIAN_POINT('',(750.57142857142,320.90207697555,
    42.379479204895));
#630 = SURFACE_CURVE('',#631,(#635,#642),.PCURVE_S1.);
#631 = LINE('',#632,#633);
#632 = CARTESIAN_POINT('',(750.57142857142,263.93051234573,
    29.751021553953));
#633 = VECTOR('',#634,1.);
#634 = DIRECTION('',(-0.,0.976302648363,0.216409655053));
#635 = PCURVE('',#44,#636);
#636 = DEFINITIONAL_REPRESENTATION('',(#637),#641);
#637 = LINE('',#638,#639);
#638 = CARTESIAN_POINT('',(-53.02843537018,-26.75102155395));
#639 = VECTOR('',#640,1.);
#640 = DIRECTION('',(-0.976302648363,-0.216409655053));
#641 = ( GEOMETRIC_REPRESENTATION_CONTEXT(2) 
PARAMETRIC_REPRESENTATION_CONTEXT() REPRESENTATION_CONTEXT('2D SPACE',''
  ) );
#642 = PCURVE('',#643,#648);
#643 = PLANE('',#644);
#644 = AXIS2_PLACEMENT_3D('',#645,#646,#647);
#645 = CARTESIAN_POINT('',(707.92857142857,320.12745077,42.207773647997)
  );
#646 = DIRECTION('',(-0.,-0.216409655053,0.976302648363));
#647 = DIRECTION('',(0.,-0.976302648363,-0.216409655053));
#648 = DEFINITIONAL_REPRESENTATION('',(#649),#653);
#649 = LINE('',#650,#651);
#650 = CARTESIAN_POINT('',(57.560981237236,42.642857142857));
#651 = VECTOR('',#652,1.);
#652 = DIRECTION('',(-1.,0.));
#653 = ( GEOMETRIC_REPRESENTATION_CONTEXT(2) 
PARAMETRIC_REPRESENTATION_CONTEXT() REPRESENTATION_CONTEXT('2D SPACE',''
  ) );
#654 = ORIENTED_EDGE('',*,*,#655,.F.);
#655 = EDGE_CURVE('',#656,#628,#658,.T.);
#656 = VERTEX_POINT('',#657);
#657 = CARTESIAN_POINT('',(750.57142857142,320.90207697555,8.));
#658 = SURFACE_CURVE('',#659,(#663,#670),.PCURVE_S1.);
#659 = LINE('',#660,#661);
#660 = CARTESIAN_POINT('',(750.57142857142,320.90207697555,3.));
#661 = VECTOR('',#662,1.);
#662 = DIRECTION('',(-0.,-0.,1.));
#663 = PCURVE('',#44,#664);
#664 = DEFINITIONAL_REPRESENTATION('',(#665),#669);
#665 = LINE('',#666,#667);
#666 = CARTESIAN_POINT('',(-110.,-0.));
#667 = VECTOR('',#668,1.);
#668 = DIRECTION('',(-0.,-1.));
#669 = ( GEOMETRIC_REPRESENTATION_CONTEXT(2) 
PARAMETRIC_REPRESENTATION_CONTEXT() REPRESENTATION_CONTEXT('2D SPACE',''
  ) );
#670 = PCURVE('',#671,#676);
#671 = PLANE('',#672);
#672 = AXIS2_PLACEMENT_3D('',#673,#674,#675);
#673 = CARTESIAN_POINT('',(750.57142857142,320.90207697555,3.));
#674 = DIRECTION('',(-0.,-1.,-0.));
#675 = DIRECTION('',(-1.,0.,0.));
#676 = DEFINITIONAL_REPRESENTATION('',(#677),#681);
#677 = LINE('',#678,#679);
#678 = CARTESIAN_POINT('',(-0.,0.));
#679 = VECTOR('',#680,1.);
#680 = DIRECTION('',(-0.,-1.));
#681 = ( GEOMETRIC_REPRESENTATION_CONTEXT(2) 
PARAMETRIC_REPRESENTATION_CONTEXT() REPRESENTATION_CONTEXT('2D SPACE',''
  ) );
#682 = ORIENTED_EDGE('',*,*,#683,.T.);
#683 = EDGE_CURVE('',#656,#684,#686,.T.);
#684 = VERTEX_POINT('',#685);
#685 = CARTESIAN_POINT('',(750.57142857142,332.90207697555,8.));
#686 = SURFACE_CURVE('',#687,(#691,#698),.PCURVE_S1.);
#687 = LINE('',#688,#689);
#688 = CARTESIAN_POINT('',(750.57142857142,198.90207697555,8.));
#689 = VECTOR('',#690,1.);
#690 = DIRECTION('',(-0.,1.,-0.));
#691 = PCURVE('',#44,#692);
#692 = DEFINITIONAL_REPRESENTATION('',(#693),#697);
#693 = LINE('',#694,#695);
#694 = CARTESIAN_POINT('',(12.,-5.));
#695 = VECTOR('',#696,1.);
#696 = DIRECTION('',(-1.,0.));
#697 = ( GEOMETRIC_REPRESENTATION_CONTEXT(2) 
PARAMETRIC_REPRESENTATION_CONTEXT() REPRESENTATION_CONTEXT('2D SPACE',''
  ) );
#698 = PCURVE('',#419,#699);
#699 = DEFINITIONAL_REPRESENTATION('',(#700),#704);
#700 = LINE('',#701,#702);
#701 = CARTESIAN_POINT('',(-26.,-67.));
#702 = VECTOR('',#703,1.);
#703 = DIRECTION('',(-0.,1.));
#704 = ( GEOMETRIC_REPRESENTATION_CONTEXT(2) 
PARAMETRIC_REPRESENTATION_CONTEXT() REPRESENTATION_CONTEXT('2D SPACE',''
  ) );
#705 = ORIENTED_EDGE('',*,*,#706,.F.);
#706 = EDGE_CURVE('',#22,#684,#707,.T.);
#707 = SURFACE_CURVE('',#708,(#712,#719),.PCURVE_S1.);
#708 = LINE('',#709,#710);
#709 = CARTESIAN_POINT('',(750.57142857142,332.90207697555,3.));
#710 = VECTOR('',#711,1.);
#711 = DIRECTION('',(-0.,-0.,1.));
#712 = PCURVE('',#44,#713);
#713 = DEFINITIONAL_REPRESENTATION('',(#714),#718);
#714 = LINE('',#715,#716);
#715 = CARTESIAN_POINT('',(-122.,-0.));
#716 = VECTOR('',#717,1.);
#717 = DIRECTION('',(-0.,-1.));
#718 = ( GEOMETRIC_REPRESENTATION_CONTEXT(2) 
PARAMETRIC_REPRESENTATION_CONTEXT() REPRESENTATION_CONTEXT('2D SPACE',''
  ) );
#719 = PCURVE('',#72,#720);
#720 = DEFINITIONAL_REPRESENTATION('',(#721),#725);
#721 = LINE('',#722,#723);
#722 = CARTESIAN_POINT('',(-0.,0.));
#723 = VECTOR('',#724,1.);
#724 = DIRECTION('',(-0.,-1.));
#725 = ( GEOMETRIC_REPRESENTATION_CONTEXT(2) 
PARAMETRIC_REPRESENTATION_CONTEXT() REPRESENTATION_CONTEXT('2D SPACE',''
  ) );
#726 = ADVANCED_FACE('',(#727),#72,.F.);
#727 = FACE_BOUND('',#728,.T.);
#728 = EDGE_LOOP('',(#729,#730,#753,#774));
#729 = ORIENTED_EDGE('',*,*,#706,.T.);
#730 = ORIENTED_EDGE('',*,*,#731,.T.);
#731 = EDGE_CURVE('',#684,#732,#734,.T.);
#732 = VERTEX_POINT('',#733);
#733 = CARTESIAN_POINT('',(802.57142857142,332.90207697555,8.));
#734 = SURFACE_CURVE('',#735,(#739,#746),.PCURVE_S1.);
#735 = LINE('',#736,#737);
#736 = CARTESIAN_POINT('',(750.57142857142,332.90207697555,8.));
#737 = VECTOR('',#738,1.);
#738 = DIRECTION('',(1.,-0.,-0.));
#739 = PCURVE('',#72,#740);
#740 = DEFINITIONAL_REPRESENTATION('',(#741),#745);
#741 = LINE('',#742,#743);
#742 = CARTESIAN_POINT('',(-0.,-5.));
#743 = VECTOR('',#744,1.);
#744 = DIRECTION('',(-1.,0.));
#745 = ( GEOMETRIC_REPRESENTATION_CONTEXT(2) 
PARAMETRIC_REPRESENTATION_CONTEXT() REPRESENTATION_CONTEXT('2D SPACE',''
  ) );
#746 = PCURVE('',#419,#747);
#747 = DEFINITIONAL_REPRESENTATION('',(#748),#752);
#748 = LINE('',#749,#750);
#749 = CARTESIAN_POINT('',(-26.,67.));
#750 = VECTOR('',#751,1.);
#751 = DIRECTION('',(1.,-0.));
#752 = ( GEOMETRIC_REPRESENTATION_CONTEXT(2) 
PARAMETRIC_REPRESENTATION_CONTEXT() REPRESENTATION_CONTEXT('2D SPACE',''
  ) );
#753 = ORIENTED_EDGE('',*,*,#754,.F.);
#754 = EDGE_CURVE('',#57,#732,#755,.T.);
#755 = SURFACE_CURVE('',#756,(#760,#767),.PCURVE_S1.);
#756 = LINE('',#757,#758);
#757 = CARTESIAN_POINT('',(802.57142857142,332.90207697555,3.));
#758 = VECTOR('',#759,1.);
#759 = DIRECTION('',(-0.,-0.,1.));
#760 = PCURVE('',#72,#761);
#761 = DEFINITIONAL_REPRESENTATION('',(#762),#766);
#762 = LINE('',#763,#764);
#763 = CARTESIAN_POINT('',(-52.,0.));
#764 = VECTOR('',#765,1.);
#765 = DIRECTION('',(-0.,-1.));
#766 = ( GEOMETRIC_REPRESENTATION_CONTEXT(2) 
PARAMETRIC_REPRESENTATION_CONTEXT() REPRESENTATION_CONTEXT('2D SPACE',''
  ) );
#767 = PCURVE('',#100,#768);
#768 = DEFINITIONAL_REPRESENTATION('',(#769),#773);
#769 = LINE('',#770,#771);
#770 = CARTESIAN_POINT('',(-0.,-0.));
#771 = VECTOR('',#772,1.);
#772 = DIRECTION('',(-0.,-1.));
#773 = ( GEOMETRIC_REPRESENTATION_CONTEXT(2) 
PARAMETRIC_REPRESENTATION_CONTEXT() REPRESENTATION_CONTEXT('2D SPACE',''
  ) );
#774 = ORIENTED_EDGE('',*,*,#56,.F.);
#775 = ADVANCED_FACE('',(#776),#100,.F.);
#776 = FACE_BOUND('',#777,.T.);
#777 = EDGE_LOOP('',(#778,#779,#802,#823));
#778 = ORIENTED_EDGE('',*,*,#754,.T.);
#779 = ORIENTED_EDGE('',*,*,#780,.T.);
#780 = EDGE_CURVE('',#732,#781,#783,.T.);
#781 = VERTEX_POINT('',#782);
#782 = CARTESIAN_POINT('',(802.57142857142,198.90207697555,8.));
#783 = SURFACE_CURVE('',#784,(#788,#795),.PCURVE_S1.);
#784 = LINE('',#785,#786);
#785 = CARTESIAN_POINT('',(802.57142857142,332.90207697555,8.));
#786 = VECTOR('',#787,1.);
#787 = DIRECTION('',(-0.,-1.,-0.));
#788 = PCURVE('',#100,#789);
#789 = DEFINITIONAL_REPRESENTATION('',(#790),#794);
#790 = LINE('',#791,#792);
#791 = CARTESIAN_POINT('',(-0.,-5.));
#792 = VECTOR('',#793,1.);
#793 = DIRECTION('',(-1.,0.));
#794 = ( GEOMETRIC_REPRESENTATION_CONTEXT(2) 
PARAMETRIC_REPRESENTATION_CONTEXT() REPRESENTATION_CONTEXT('2D SPACE',''
  ) );
#795 = PCURVE('',#419,#796);
#796 = DEFINITIONAL_REPRESENTATION('',(#797),#801);
#797 = LINE('',#798,#799);
#798 = CARTESIAN_POINT('',(26.,67.));
#799 = VECTOR('',#800,1.);
#800 = DIRECTION('',(-0.,-1.));
#801 = ( GEOMETRIC_REPRESENTATION_CONTEXT(2) 
PARAMETRIC_REPRESENTATION_CONTEXT() REPRESENTATION_CONTEXT('2D SPACE',''
  ) );
#802 = ORIENTED_EDGE('',*,*,#803,.F.);
#803 = EDGE_CURVE('',#85,#781,#804,.T.);
#804 = SURFACE_CURVE('',#805,(#809,#816),.PCURVE_S1.);
#805 = LINE('',#806,#807);
#806 = CARTESIAN_POINT('',(802.57142857142,198.90207697555,3.));
#807 = VECTOR('',#808,1.);
#808 = DIRECTION('',(-0.,-0.,1.));
#809 = PCURVE('',#100,#810);
#810 = DEFINITIONAL_REPRESENTATION('',(#811),#815);
#811 = LINE('',#812,#813);
#812 = CARTESIAN_POINT('',(-134.,0.));
#813 = VECTOR('',#814,1.);
#814 = DIRECTION('',(-0.,-1.));
#815 = ( GEOMETRIC_REPRESENTATION_CONTEXT(2) 
PARAMETRIC_REPRESENTATION_CONTEXT() REPRESENTATION_CONTEXT('2D SPACE',''
  ) );
#816 = PCURVE('',#126,#817);
#817 = DEFINITIONAL_REPRESENTATION('',(#818),#822);
#818 = LINE('',#819,#820);
#819 = CARTESIAN_POINT('',(-0.,-0.));
#820 = VECTOR('',#821,1.);
#821 = DIRECTION('',(-0.,-1.));
#822 = ( GEOMETRIC_REPRESENTATION_CONTEXT(2) 
PARAMETRIC_REPRESENTATION_CONTEXT() REPRESENTATION_CONTEXT('2D SPACE',''
  ) );
#823 = ORIENTED_EDGE('',*,*,#84,.F.);
#824 = ADVANCED_FACE('',(#825),#126,.F.);
#825 = FACE_BOUND('',#826,.T.);
#826 = EDGE_LOOP('',(#827,#828,#849,#850));
#827 = ORIENTED_EDGE('',*,*,#803,.T.);
#828 = ORIENTED_EDGE('',*,*,#829,.T.);
#829 = EDGE_CURVE('',#781,#381,#830,.T.);
#830 = SURFACE_CURVE('',#831,(#835,#842),.PCURVE_S1.);
#831 = LINE('',#832,#833);
#832 = CARTESIAN_POINT('',(802.57142857142,198.90207697555,8.));
#833 = VECTOR('',#834,1.);
#834 = DIRECTION('',(-1.,-0.,-0.));
#835 = PCURVE('',#126,#836);
#836 = DEFINITIONAL_REPRESENTATION('',(#837),#841);
#837 = LINE('',#838,#839);
#838 = CARTESIAN_POINT('',(-0.,-5.));
#839 = VECTOR('',#840,1.);
#840 = DIRECTION('',(-1.,0.));
#841 = ( GEOMETRIC_REPRESENTATION_CONTEXT(2) 
PARAMETRIC_REPRESENTATION_CONTEXT() REPRESENTATION_CONTEXT('2D SPACE',''
  ) );
#842 = PCURVE('',#419,#843);
#843 = DEFINITIONAL_REPRESENTATION('',(#844),#848);
#844 = LINE('',#845,#846);
#845 = CARTESIAN_POINT('',(26.,-67.));
#846 = VECTOR('',#847,1.);
#847 = DIRECTION('',(-1.,0.));
#848 = ( GEOMETRIC_REPRESENTATION_CONTEXT(2) 
PARAMETRIC_REPRESENTATION_CONTEXT() REPRESENTATION_CONTEXT('2D SPACE',''
  ) );
#849 = ORIENTED_EDGE('',*,*,#380,.F.);
#850 = ORIENTED_EDGE('',*,*,#112,.F.);
#851 = ADVANCED_FACE('',(#852),#158,.T.);
#852 = FACE_BOUND('',#853,.F.);
#853 = EDGE_LOOP('',(#854,#855,#878,#906));
#854 = ORIENTED_EDGE('',*,*,#140,.F.);
#855 = ORIENTED_EDGE('',*,*,#856,.T.);
#856 = EDGE_CURVE('',#141,#857,#859,.T.);
#857 = VERTEX_POINT('',#858);
#858 = CARTESIAN_POINT('',(786.57142857142,214.90207697555,
    31.726776906088));
#859 = SURFACE_CURVE('',#860,(#864,#871),.PCURVE_S1.);
#860 = LINE('',#861,#862);
#861 = CARTESIAN_POINT('',(786.57142857142,214.90207697555,3.));
#862 = VECTOR('',#863,1.);
#863 = DIRECTION('',(-0.,-0.,1.));
#864 = PCURVE('',#158,#865);
#865 = DEFINITIONAL_REPRESENTATION('',(#866),#870);
#866 = LINE('',#867,#868);
#867 = CARTESIAN_POINT('',(-0.,-0.));
#868 = VECTOR('',#869,1.);
#869 = DIRECTION('',(-0.,-1.));
#870 = ( GEOMETRIC_REPRESENTATION_CONTEXT(2) 
PARAMETRIC_REPRESENTATION_CONTEXT() REPRESENTATION_CONTEXT('2D SPACE',''
  ) );
#871 = PCURVE('',#186,#872);
#872 = DEFINITIONAL_REPRESENTATION('',(#873),#877);
#873 = LINE('',#874,#875);
#874 = CARTESIAN_POINT('',(-102.,0.));
#875 = VECTOR('',#876,1.);
#876 = DIRECTION('',(-0.,-1.));
#877 = ( GEOMETRIC_REPRESENTATION_CONTEXT(2) 
PARAMETRIC_REPRESENTATION_CONTEXT() REPRESENTATION_CONTEXT('2D SPACE',''
  ) );
#878 = ORIENTED_EDGE('',*,*,#879,.F.);
#879 = EDGE_CURVE('',#880,#857,#882,.T.);
#880 = VERTEX_POINT('',#881);
#881 = CARTESIAN_POINT('',(754.57142857142,214.90207697555,
    31.726776906088));
#882 = SURFACE_CURVE('',#883,(#887,#894),.PCURVE_S1.);
#883 = LINE('',#884,#885);
#884 = CARTESIAN_POINT('',(788.57142857142,214.90207697555,
    31.726776906088));
#885 = VECTOR('',#886,1.);
#886 = DIRECTION('',(1.,0.,-0.));
#887 = PCURVE('',#158,#888);
#888 = DEFINITIONAL_REPRESENTATION('',(#889),#893);
#889 = LINE('',#890,#891);
#890 = CARTESIAN_POINT('',(2.,-28.72677690608));
#891 = VECTOR('',#892,1.);
#892 = DIRECTION('',(1.,-0.));
#893 = ( GEOMETRIC_REPRESENTATION_CONTEXT(2) 
PARAMETRIC_REPRESENTATION_CONTEXT() REPRESENTATION_CONTEXT('2D SPACE',''
  ) );
#894 = PCURVE('',#895,#900);
#895 = PLANE('',#896);
#896 = AXIS2_PLACEMENT_3D('',#897,#898,#899);
#897 = CARTESIAN_POINT('',(790.57142857142,212.2054313156,
    43.892326076532));
#898 = DIRECTION('',(-0.,-0.976302648363,-0.216409655053));
#899 = DIRECTION('',(1.,0.,0.));
#900 = DEFINITIONAL_REPRESENTATION('',(#901),#905);
#901 = LINE('',#902,#903);
#902 = CARTESIAN_POINT('',(-2.,-12.46083803095));
#903 = VECTOR('',#904,1.);
#904 = DIRECTION('',(1.,-0.));
#905 = ( GEOMETRIC_REPRESENTATION_CONTEXT(2) 
PARAMETRIC_REPRESENTATION_CONTEXT() REPRESENTATION_CONTEXT('2D SPACE',''
  ) );
#906 = ORIENTED_EDGE('',*,*,#907,.T.);
#907 = EDGE_CURVE('',#880,#143,#908,.T.);
#908 = SURFACE_CURVE('',#909,(#913,#920),.PCURVE_S1.);
#909 = LINE('',#910,#911);
#910 = CARTESIAN_POINT('',(754.57142857142,214.90207697555,
    34.247345743105));
#911 = VECTOR('',#912,1.);
#912 = DIRECTION('',(-0.,-0.,-1.));
#913 = PCURVE('',#158,#914);
#914 = DEFINITIONAL_REPRESENTATION('',(#915),#919);
#915 = LINE('',#916,#917);
#916 = CARTESIAN_POINT('',(-32.,-31.2473457431));
#917 = VECTOR('',#918,1.);
#918 = DIRECTION('',(-0.,1.));
#919 = ( GEOMETRIC_REPRESENTATION_CONTEXT(2) 
PARAMETRIC_REPRESENTATION_CONTEXT() REPRESENTATION_CONTEXT('2D SPACE',''
  ) );
#920 = PCURVE('',#240,#921);
#921 = DEFINITIONAL_REPRESENTATION('',(#922),#926);
#922 = LINE('',#923,#924);
#923 = CARTESIAN_POINT('',(-0.,-31.2473457431));
#924 = VECTOR('',#925,1.);
#925 = DIRECTION('',(-0.,1.));
#926 = ( GEOMETRIC_REPRESENTATION_CONTEXT(2) 
PARAMETRIC_REPRESENTATION_CONTEXT() REPRESENTATION_CONTEXT('2D SPACE',''
  ) );
#927 = ADVANCED_FACE('',(#928),#186,.T.);
#928 = FACE_BOUND('',#929,.F.);
#929 = EDGE_LOOP('',(#930,#931,#954,#982,#1010,#1038,#1066,#1094,#1115)
  );
#930 = ORIENTED_EDGE('',*,*,#170,.F.);
#931 = ORIENTED_EDGE('',*,*,#932,.F.);
#932 = EDGE_CURVE('',#933,#171,#935,.T.);
#933 = VERTEX_POINT('',#934);
#934 = CARTESIAN_POINT('',(786.57142857142,316.90207697555,
    41.492829330839));
#935 = SURFACE_CURVE('',#936,(#940,#947),.PCURVE_S1.);
#936 = LINE('',#937,#938);
#937 = CARTESIAN_POINT('',(786.57142857142,316.90207697555,
    56.856917531518));
#938 = VECTOR('',#939,1.);
#939 = DIRECTION('',(-0.,-0.,-1.));
#940 = PCURVE('',#186,#941);
#941 = DEFINITIONAL_REPRESENTATION('',(#942),#946);
#942 = LINE('',#943,#944);
#943 = CARTESIAN_POINT('',(-0.,-53.85691753151));
#944 = VECTOR('',#945,1.);
#945 = DIRECTION('',(-0.,1.));
#946 = ( GEOMETRIC_REPRESENTATION_CONTEXT(2) 
PARAMETRIC_REPRESENTATION_CONTEXT() REPRESENTATION_CONTEXT('2D SPACE',''
  ) );
#947 = PCURVE('',#214,#948);
#948 = DEFINITIONAL_REPRESENTATION('',(#949),#953);
#949 = LINE('',#950,#951);
#950 = CARTESIAN_POINT('',(-32.,-53.85691753151));
#951 = VECTOR('',#952,1.);
#952 = DIRECTION('',(-0.,1.));
#953 = ( GEOMETRIC_REPRESENTATION_CONTEXT(2) 
PARAMETRIC_REPRESENTATION_CONTEXT() REPRESENTATION_CONTEXT('2D SPACE',''
  ) );
#954 = ORIENTED_EDGE('',*,*,#955,.T.);
#955 = EDGE_CURVE('',#933,#956,#958,.T.);
#956 = VERTEX_POINT('',#957);
#957 = CARTESIAN_POINT('',(786.57142857142,315.24593752819,
    41.125725372734));
#958 = SURFACE_CURVE('',#959,(#963,#970),.PCURVE_S1.);
#959 = LINE('',#960,#961);
#960 = CARTESIAN_POINT('',(786.57142857142,314.44835598933,
    40.94893147999));
#961 = VECTOR('',#962,1.);
#962 = DIRECTION('',(-0.,-0.976302648363,-0.216409655053));
#963 = PCURVE('',#186,#964);
#964 = DEFINITIONAL_REPRESENTATION('',(#965),#969);
#965 = LINE('',#966,#967);
#966 = CARTESIAN_POINT('',(-2.453720986218,-37.94893147999));
#967 = VECTOR('',#968,1.);
#968 = DIRECTION('',(-0.976302648363,0.216409655053));
#969 = ( GEOMETRIC_REPRESENTATION_CONTEXT(2) 
PARAMETRIC_REPRESENTATION_CONTEXT() REPRESENTATION_CONTEXT('2D SPACE',''
  ) );
#970 = PCURVE('',#971,#976);
#971 = PLANE('',#972);
#972 = AXIS2_PLACEMENT_3D('',#973,#974,#975);
#973 = CARTESIAN_POINT('',(707.92857142857,320.12745077,42.207773647997)
  );
#974 = DIRECTION('',(-0.,-0.216409655053,0.976302648363));
#975 = DIRECTION('',(0.,-0.976302648363,-0.216409655053));
#976 = DEFINITIONAL_REPRESENTATION('',(#977),#981);
#977 = LINE('',#978,#979);
#978 = CARTESIAN_POINT('',(5.816940874014,78.642857142857));
#979 = VECTOR('',#980,1.);
#980 = DIRECTION('',(1.,-0.));
#981 = ( GEOMETRIC_REPRESENTATION_CONTEXT(2) 
PARAMETRIC_REPRESENTATION_CONTEXT() REPRESENTATION_CONTEXT('2D SPACE',''
  ) );
#982 = ORIENTED_EDGE('',*,*,#983,.F.);
#983 = EDGE_CURVE('',#984,#956,#986,.T.);
#984 = VERTEX_POINT('',#985);
#985 = CARTESIAN_POINT('',(786.57142857142,311.9997927024,
    55.770265098174));
#986 = SURFACE_CURVE('',#987,(#991,#998),.PCURVE_S1.);
#987 = LINE('',#988,#989);
#988 = CARTESIAN_POINT('',(786.57142857142,317.68927299874,
    30.102950579463));
#989 = VECTOR('',#990,1.);
#990 = DIRECTION('',(-0.,0.216409655053,-0.976302648363));
#991 = PCURVE('',#186,#992);
#992 = DEFINITIONAL_REPRESENTATION('',(#993),#997);
#993 = LINE('',#994,#995);
#994 = CARTESIAN_POINT('',(0.787196023186,-27.10295057946));
#995 = VECTOR('',#996,1.);
#996 = DIRECTION('',(0.216409655053,0.976302648363));
#997 = ( GEOMETRIC_REPRESENTATION_CONTEXT(2) 
PARAMETRIC_REPRESENTATION_CONTEXT() REPRESENTATION_CONTEXT('2D SPACE',''
  ) );
#998 = PCURVE('',#999,#1004);
#999 = PLANE('',#1000);
#1000 = AXIS2_PLACEMENT_3D('',#1001,#1002,#1003);
#1001 = CARTESIAN_POINT('',(790.57142857142,311.9997927024,
    55.770265098174));
#1002 = DIRECTION('',(-0.,-0.976302648363,-0.216409655053));
#1003 = DIRECTION('',(1.,0.,0.));
#1004 = DEFINITIONAL_REPRESENTATION('',(#1005),#1009);
#1005 = LINE('',#1006,#1007);
#1006 = CARTESIAN_POINT('',(-4.,-26.29032560933));
#1007 = VECTOR('',#1008,1.);
#1008 = DIRECTION('',(-0.,-1.));
#1009 = ( GEOMETRIC_REPRESENTATION_CONTEXT(2) 
PARAMETRIC_REPRESENTATION_CONTEXT() REPRESENTATION_CONTEXT('2D SPACE',''
  ) );
#1010 = ORIENTED_EDGE('',*,*,#1011,.T.);
#1011 = EDGE_CURVE('',#984,#1012,#1014,.T.);
#1012 = VERTEX_POINT('',#1013);
#1013 = CARTESIAN_POINT('',(786.57142857142,224.13255434976,
    36.293396143432));
#1014 = SURFACE_CURVE('',#1015,(#1019,#1026),.PCURVE_S1.);
#1015 = LINE('',#1016,#1017);
#1016 = CARTESIAN_POINT('',(786.57142857142,286.79464495447,
    50.183229829113));
#1017 = VECTOR('',#1018,1.);
#1018 = DIRECTION('',(-0.,-0.976302648363,-0.216409655053));
#1019 = PCURVE('',#186,#1020);
#1020 = DEFINITIONAL_REPRESENTATION('',(#1021),#1025);
#1021 = LINE('',#1022,#1023);
#1022 = CARTESIAN_POINT('',(-30.10743202107,-47.18322982911));
#1023 = VECTOR('',#1024,1.);
#1024 = DIRECTION('',(-0.976302648363,0.216409655053));
#1025 = ( GEOMETRIC_REPRESENTATION_CONTEXT(2) 
PARAMETRIC_REPRESENTATION_CONTEXT() REPRESENTATION_CONTEXT('2D SPACE',''
  ) );
#1026 = PCURVE('',#1027,#1032);
#1027 = PLANE('',#1028);
#1028 = AXIS2_PLACEMENT_3D('',#1029,#1030,#1031);
#1029 = CARTESIAN_POINT('',(707.92857142857,268.06617352608,
    46.031830620803));
#1030 = DIRECTION('',(-0.,-0.216409655053,0.976302648363));
#1031 = DIRECTION('',(0.,-0.976302648363,-0.216409655053));
#1032 = DEFINITIONAL_REPRESENTATION('',(#1033),#1037);
#1033 = LINE('',#1034,#1035);
#1034 = CARTESIAN_POINT('',(-19.18305912598,78.642857142857));
#1035 = VECTOR('',#1036,1.);
#1036 = DIRECTION('',(1.,-0.));
#1037 = ( GEOMETRIC_REPRESENTATION_CONTEXT(2) 
PARAMETRIC_REPRESENTATION_CONTEXT() REPRESENTATION_CONTEXT('2D SPACE',''
  ) );
#1038 = ORIENTED_EDGE('',*,*,#1039,.F.);
#1039 = EDGE_CURVE('',#1040,#1012,#1042,.T.);
#1040 = VERTEX_POINT('',#1041);
#1041 = CARTESIAN_POINT('',(786.57142857142,227.37869917555,
    21.648856417992));
#1042 = SURFACE_CURVE('',#1043,(#1047,#1054),.PCURVE_S1.);
#1043 = LINE('',#1044,#1045);
#1044 = CARTESIAN_POINT('',(786.57142857142,229.8220346461,
    10.626081624721));
#1045 = VECTOR('',#1046,1.);
#1046 = DIRECTION('',(-0.,-0.216409655053,0.976302648363));
#1047 = PCURVE('',#186,#1048);
#1048 = DEFINITIONAL_REPRESENTATION('',(#1049),#1053);
#1049 = LINE('',#1050,#1051);
#1050 = CARTESIAN_POINT('',(-87.08004232945,-7.626081624721));
#1051 = VECTOR('',#1052,1.);
#1052 = DIRECTION('',(-0.216409655053,-0.976302648363));
#1053 = ( GEOMETRIC_REPRESENTATION_CONTEXT(2) 
PARAMETRIC_REPRESENTATION_CONTEXT() REPRESENTATION_CONTEXT('2D SPACE',''
  ) );
#1054 = PCURVE('',#1055,#1060);
#1055 = PLANE('',#1056);
#1056 = AXIS2_PLACEMENT_3D('',#1057,#1058,#1059);
#1057 = CARTESIAN_POINT('',(625.28571428571,224.13255434976,
    36.293396143432));
#1058 = DIRECTION('',(-0.,0.976302648363,0.216409655053));
#1059 = DIRECTION('',(-1.,0.,0.));
#1060 = DEFINITIONAL_REPRESENTATION('',(#1061),#1065);
#1061 = LINE('',#1062,#1063);
#1062 = CARTESIAN_POINT('',(-161.2857142857,-26.29032560933));
#1063 = VECTOR('',#1064,1.);
#1064 = DIRECTION('',(-0.,1.));
#1065 = ( GEOMETRIC_REPRESENTATION_CONTEXT(2) 
PARAMETRIC_REPRESENTATION_CONTEXT() REPRESENTATION_CONTEXT('2D SPACE',''
  ) );
#1066 = ORIENTED_EDGE('',*,*,#1067,.T.);
#1067 = EDGE_CURVE('',#1040,#1068,#1070,.T.);
#1068 = VERTEX_POINT('',#1069);
#1069 = CARTESIAN_POINT('',(786.57142857142,217.61567269192,
    19.484759867465));
#1070 = SURFACE_CURVE('',#1071,(#1075,#1082),.PCURVE_S1.);
#1071 = LINE('',#1072,#1073);
#1072 = CARTESIAN_POINT('',(786.57142857142,265.6332235712,
    30.128448727356));
#1073 = VECTOR('',#1074,1.);
#1074 = DIRECTION('',(-0.,-0.976302648363,-0.216409655053));
#1075 = PCURVE('',#186,#1076);
#1076 = DEFINITIONAL_REPRESENTATION('',(#1077),#1081);
#1077 = LINE('',#1078,#1079);
#1078 = CARTESIAN_POINT('',(-51.26885340435,-27.12844872735));
#1079 = VECTOR('',#1080,1.);
#1080 = DIRECTION('',(-0.976302648363,0.216409655053));
#1081 = ( GEOMETRIC_REPRESENTATION_CONTEXT(2) 
PARAMETRIC_REPRESENTATION_CONTEXT() REPRESENTATION_CONTEXT('2D SPACE',''
  ) );
#1082 = PCURVE('',#1083,#1088);
#1083 = PLANE('',#1084);
#1084 = AXIS2_PLACEMENT_3D('',#1085,#1086,#1087);
#1085 = CARTESIAN_POINT('',(707.92857142857,222.49718593373,
    20.566808142729));
#1086 = DIRECTION('',(-0.,-0.216409655053,0.976302648363));
#1087 = DIRECTION('',(0.,-0.976302648363,-0.216409655053));
#1088 = DEFINITIONAL_REPRESENTATION('',(#1089),#1093);
#1089 = LINE('',#1090,#1091);
#1090 = CARTESIAN_POINT('',(-44.18305912598,78.642857142857));
#1091 = VECTOR('',#1092,1.);
#1092 = DIRECTION('',(1.,-0.));
#1093 = ( GEOMETRIC_REPRESENTATION_CONTEXT(2) 
PARAMETRIC_REPRESENTATION_CONTEXT() REPRESENTATION_CONTEXT('2D SPACE',''
  ) );
#1094 = ORIENTED_EDGE('',*,*,#1095,.F.);
#1095 = EDGE_CURVE('',#857,#1068,#1096,.T.);
#1096 = SURFACE_CURVE('',#1097,(#1101,#1108),.PCURVE_S1.);
#1097 = LINE('',#1098,#1099);
#1098 = CARTESIAN_POINT('',(786.57142857142,218.97695988721,
    13.343498316008));
#1099 = VECTOR('',#1100,1.);
#1100 = DIRECTION('',(-0.,0.216409655053,-0.976302648363));
#1101 = PCURVE('',#186,#1102);
#1102 = DEFINITIONAL_REPRESENTATION('',(#1103),#1107);
#1103 = LINE('',#1104,#1105);
#1104 = CARTESIAN_POINT('',(-97.92511708834,-10.343498316));
#1105 = VECTOR('',#1106,1.);
#1106 = DIRECTION('',(0.216409655053,0.976302648363));
#1107 = ( GEOMETRIC_REPRESENTATION_CONTEXT(2) 
PARAMETRIC_REPRESENTATION_CONTEXT() REPRESENTATION_CONTEXT('2D SPACE',''
  ) );
#1108 = PCURVE('',#895,#1109);
#1109 = DEFINITIONAL_REPRESENTATION('',(#1110),#1114);
#1110 = LINE('',#1111,#1112);
#1111 = CARTESIAN_POINT('',(-4.,-31.29032560933));
#1112 = VECTOR('',#1113,1.);
#1113 = DIRECTION('',(-0.,-1.));
#1114 = ( GEOMETRIC_REPRESENTATION_CONTEXT(2) 
PARAMETRIC_REPRESENTATION_CONTEXT() REPRESENTATION_CONTEXT('2D SPACE',''
  ) );
#1115 = ORIENTED_EDGE('',*,*,#856,.F.);
#1116 = ADVANCED_FACE('',(#1117),#214,.T.);
#1117 = FACE_BOUND('',#1118,.F.);
#1118 = EDGE_LOOP('',(#1119,#1120,#1143,#1164));
#1119 = ORIENTED_EDGE('',*,*,#198,.F.);
#1120 = ORIENTED_EDGE('',*,*,#1121,.F.);
#1121 = EDGE_CURVE('',#1122,#199,#1124,.T.);
#1122 = VERTEX_POINT('',#1123);
#1123 = CARTESIAN_POINT('',(754.57142857142,316.90207697555,
    41.492829330839));
#1124 = SURFACE_CURVE('',#1125,(#1129,#1136),.PCURVE_S1.);
#1125 = LINE('',#1126,#1127);
#1126 = CARTESIAN_POINT('',(754.57142857142,316.90207697555,
    56.856917531518));
#1127 = VECTOR('',#1128,1.);
#1128 = DIRECTION('',(-0.,-0.,-1.));
#1129 = PCURVE('',#214,#1130);
#1130 = DEFINITIONAL_REPRESENTATION('',(#1131),#1135);
#1131 = LINE('',#1132,#1133);
#1132 = CARTESIAN_POINT('',(-0.,-53.85691753151));
#1133 = VECTOR('',#1134,1.);
#1134 = DIRECTION('',(-0.,1.));
#1135 = ( GEOMETRIC_REPRESENTATION_CONTEXT(2) 
PARAMETRIC_REPRESENTATION_CONTEXT() REPRESENTATION_CONTEXT('2D SPACE',''
  ) );
#1136 = PCURVE('',#240,#1137);
#1137 = DEFINITIONAL_REPRESENTATION('',(#1138),#1142);
#1138 = LINE('',#1139,#1140);
#1139 = CARTESIAN_POINT('',(-102.,-53.85691753151));
#1140 = VECTOR('',#1141,1.);
#1141 = DIRECTION('',(-0.,1.));
#1142 = ( GEOMETRIC_REPRESENTATION_CONTEXT(2) 
PARAMETRIC_REPRESENTATION_CONTEXT() REPRESENTATION_CONTEXT('2D SPACE',''
  ) );
#1143 = ORIENTED_EDGE('',*,*,#1144,.T.);
#1144 = EDGE_CURVE('',#1122,#933,#1145,.T.);
#1145 = SURFACE_CURVE('',#1146,(#1150,#1157),.PCURVE_S1.);
#1146 = LINE('',#1147,#1148);
#1147 = CARTESIAN_POINT('',(731.25,316.90207697555,41.492829330839));
#1148 = VECTOR('',#1149,1.);
#1149 = DIRECTION('',(1.,-0.,-0.));
#1150 = PCURVE('',#214,#1151);
#1151 = DEFINITIONAL_REPRESENTATION('',(#1152),#1156);
#1152 = LINE('',#1153,#1154);
#1153 = CARTESIAN_POINT('',(23.321428571429,-38.49282933083));
#1154 = VECTOR('',#1155,1.);
#1155 = DIRECTION('',(-1.,0.));
#1156 = ( GEOMETRIC_REPRESENTATION_CONTEXT(2) 
PARAMETRIC_REPRESENTATION_CONTEXT() REPRESENTATION_CONTEXT('2D SPACE',''
  ) );
#1157 = PCURVE('',#971,#1158);
#1158 = DEFINITIONAL_REPRESENTATION('',(#1159),#1163);
#1159 = LINE('',#1160,#1161);
#1160 = CARTESIAN_POINT('',(3.30366183054,23.321428571429));
#1161 = VECTOR('',#1162,1.);
#1162 = DIRECTION('',(-0.,1.));
#1163 = ( GEOMETRIC_REPRESENTATION_CONTEXT(2) 
PARAMETRIC_REPRESENTATION_CONTEXT() REPRESENTATION_CONTEXT('2D SPACE',''
  ) );
#1164 = ORIENTED_EDGE('',*,*,#932,.T.);
#1165 = ADVANCED_FACE('',(#1166),#240,.T.);
#1166 = FACE_BOUND('',#1167,.F.);
#1167 = EDGE_LOOP('',(#1168,#1169,#1170,#1193,#1216,#1239,#1262,#1285,
    #1306));
#1168 = ORIENTED_EDGE('',*,*,#226,.F.);
#1169 = ORIENTED_EDGE('',*,*,#907,.F.);
#1170 = ORIENTED_EDGE('',*,*,#1171,.F.);
#1171 = EDGE_CURVE('',#1172,#880,#1174,.T.);
#1172 = VERTEX_POINT('',#1173);
#1173 = CARTESIAN_POINT('',(754.57142857142,217.61567269192,
    19.484759867465));
#1174 = SURFACE_CURVE('',#1175,(#1179,#1186),.PCURVE_S1.);
#1175 = LINE('',#1176,#1177);
#1176 = CARTESIAN_POINT('',(754.57142857142,216.5884698084,
    24.118845603326));
#1177 = VECTOR('',#1178,1.);
#1178 = DIRECTION('',(-0.,-0.216409655053,0.976302648363));
#1179 = PCURVE('',#240,#1180);
#1180 = DEFINITIONAL_REPRESENTATION('',(#1181),#1185);
#1181 = LINE('',#1182,#1183);
#1182 = CARTESIAN_POINT('',(-1.686392832854,-21.11884560332));
#1183 = VECTOR('',#1184,1.);
#1184 = DIRECTION('',(0.216409655053,-0.976302648363));
#1185 = ( GEOMETRIC_REPRESENTATION_CONTEXT(2) 
PARAMETRIC_REPRESENTATION_CONTEXT() REPRESENTATION_CONTEXT('2D SPACE',''
  ) );
#1186 = PCURVE('',#895,#1187);
#1187 = DEFINITIONAL_REPRESENTATION('',(#1188),#1192);
#1188 = LINE('',#1189,#1190);
#1189 = CARTESIAN_POINT('',(-36.,-20.25343320164));
#1190 = VECTOR('',#1191,1.);
#1191 = DIRECTION('',(-0.,1.));
#1192 = ( GEOMETRIC_REPRESENTATION_CONTEXT(2) 
PARAMETRIC_REPRESENTATION_CONTEXT() REPRESENTATION_CONTEXT('2D SPACE',''
  ) );
#1193 = ORIENTED_EDGE('',*,*,#1194,.T.);
#1194 = EDGE_CURVE('',#1172,#1195,#1197,.T.);
#1195 = VERTEX_POINT('',#1196);
#1196 = CARTESIAN_POINT('',(754.57142857142,227.37869917555,
    21.648856417992));
#1197 = SURFACE_CURVE('',#1198,(#1202,#1209),.PCURVE_S1.);
#1198 = LINE('',#1199,#1200);
#1199 = CARTESIAN_POINT('',(754.57142857142,217.02171365,19.353101440037
    ));
#1200 = VECTOR('',#1201,1.);
#1201 = DIRECTION('',(-0.,0.976302648363,0.216409655053));
#1202 = PCURVE('',#240,#1203);
#1203 = DEFINITIONAL_REPRESENTATION('',(#1204),#1208);
#1204 = LINE('',#1205,#1206);
#1205 = CARTESIAN_POINT('',(-2.119636674449,-16.35310144003));
#1206 = VECTOR('',#1207,1.);
#1207 = DIRECTION('',(-0.976302648363,-0.216409655053));
#1208 = ( GEOMETRIC_REPRESENTATION_CONTEXT(2) 
PARAMETRIC_REPRESENTATION_CONTEXT() REPRESENTATION_CONTEXT('2D SPACE',''
  ) );
#1209 = PCURVE('',#1083,#1210);
#1210 = DEFINITIONAL_REPRESENTATION('',(#1211),#1215);
#1211 = LINE('',#1212,#1213);
#1212 = CARTESIAN_POINT('',(5.608375940511,46.642857142857));
#1213 = VECTOR('',#1214,1.);
#1214 = DIRECTION('',(-1.,0.));
#1215 = ( GEOMETRIC_REPRESENTATION_CONTEXT(2) 
PARAMETRIC_REPRESENTATION_CONTEXT() REPRESENTATION_CONTEXT('2D SPACE',''
  ) );
#1216 = ORIENTED_EDGE('',*,*,#1217,.F.);
#1217 = EDGE_CURVE('',#1218,#1195,#1220,.T.);
#1218 = VERTEX_POINT('',#1219);
#1219 = CARTESIAN_POINT('',(754.57142857142,224.13255434976,
    36.293396143432));
#1220 = SURFACE_CURVE('',#1221,(#1225,#1232),.PCURVE_S1.);
#1221 = LINE('',#1222,#1223);
#1222 = CARTESIAN_POINT('',(754.57142857142,227.43354456729,
    21.40142891204));
#1223 = VECTOR('',#1224,1.);
#1224 = DIRECTION('',(-0.,0.216409655053,-0.976302648363));
#1225 = PCURVE('',#240,#1226);
#1226 = DEFINITIONAL_REPRESENTATION('',(#1227),#1231);
#1227 = LINE('',#1228,#1229);
#1228 = CARTESIAN_POINT('',(-12.53146759174,-18.40142891204));
#1229 = VECTOR('',#1230,1.);
#1230 = DIRECTION('',(-0.216409655053,0.976302648363));
#1231 = ( GEOMETRIC_REPRESENTATION_CONTEXT(2) 
PARAMETRIC_REPRESENTATION_CONTEXT() REPRESENTATION_CONTEXT('2D SPACE',''
  ) );
#1232 = PCURVE('',#1055,#1233);
#1233 = DEFINITIONAL_REPRESENTATION('',(#1234),#1238);
#1234 = LINE('',#1235,#1236);
#1235 = CARTESIAN_POINT('',(-129.2857142857,-15.25343320164));
#1236 = VECTOR('',#1237,1.);
#1237 = DIRECTION('',(-0.,-1.));
#1238 = ( GEOMETRIC_REPRESENTATION_CONTEXT(2) 
PARAMETRIC_REPRESENTATION_CONTEXT() REPRESENTATION_CONTEXT('2D SPACE',''
  ) );
#1239 = ORIENTED_EDGE('',*,*,#1240,.T.);
#1240 = EDGE_CURVE('',#1218,#1241,#1243,.T.);
#1241 = VERTEX_POINT('',#1242);
#1242 = CARTESIAN_POINT('',(754.57142857142,311.9997927024,
    55.770265098174));
#1243 = SURFACE_CURVE('',#1244,(#1248,#1255),.PCURVE_S1.);
#1244 = LINE('',#1245,#1246);
#1245 = CARTESIAN_POINT('',(754.57142857142,238.18313503328,
    39.407882541794));
#1246 = VECTOR('',#1247,1.);
#1247 = DIRECTION('',(-0.,0.976302648363,0.216409655053));
#1248 = PCURVE('',#240,#1249);
#1249 = DEFINITIONAL_REPRESENTATION('',(#1250),#1254);
#1250 = LINE('',#1251,#1252);
#1251 = CARTESIAN_POINT('',(-23.28105805772,-36.40788254179));
#1252 = VECTOR('',#1253,1.);
#1253 = DIRECTION('',(-0.976302648363,-0.216409655053));
#1254 = ( GEOMETRIC_REPRESENTATION_CONTEXT(2) 
PARAMETRIC_REPRESENTATION_CONTEXT() REPRESENTATION_CONTEXT('2D SPACE',''
  ) );
#1255 = PCURVE('',#1027,#1256);
#1256 = DEFINITIONAL_REPRESENTATION('',(#1257),#1261);
#1257 = LINE('',#1258,#1259);
#1258 = CARTESIAN_POINT('',(30.608375940511,46.642857142857));
#1259 = VECTOR('',#1260,1.);
#1260 = DIRECTION('',(-1.,-0.));
#1261 = ( GEOMETRIC_REPRESENTATION_CONTEXT(2) 
PARAMETRIC_REPRESENTATION_CONTEXT() REPRESENTATION_CONTEXT('2D SPACE',''
  ) );
#1262 = ORIENTED_EDGE('',*,*,#1263,.F.);
#1263 = EDGE_CURVE('',#1264,#1241,#1266,.T.);
#1264 = VERTEX_POINT('',#1265);
#1265 = CARTESIAN_POINT('',(754.57142857142,315.24593752819,
    41.125725372734));
#1266 = SURFACE_CURVE('',#1267,(#1271,#1278),.PCURVE_S1.);
#1267 = LINE('',#1268,#1269);
#1268 = CARTESIAN_POINT('',(754.57142857142,315.30078291994,
    40.878297866781));
#1269 = VECTOR('',#1270,1.);
#1270 = DIRECTION('',(-0.,-0.216409655053,0.976302648363));
#1271 = PCURVE('',#240,#1272);
#1272 = DEFINITIONAL_REPRESENTATION('',(#1273),#1277);
#1273 = LINE('',#1274,#1275);
#1274 = CARTESIAN_POINT('',(-100.3987059443,-37.87829786678));
#1275 = VECTOR('',#1276,1.);
#1276 = DIRECTION('',(0.216409655053,-0.976302648363));
#1277 = ( GEOMETRIC_REPRESENTATION_CONTEXT(2) 
PARAMETRIC_REPRESENTATION_CONTEXT() REPRESENTATION_CONTEXT('2D SPACE',''
  ) );
#1278 = PCURVE('',#999,#1279);
#1279 = DEFINITIONAL_REPRESENTATION('',(#1280),#1284);
#1280 = LINE('',#1281,#1282);
#1281 = CARTESIAN_POINT('',(-36.,-15.25343320164));
#1282 = VECTOR('',#1283,1.);
#1283 = DIRECTION('',(-0.,1.));
#1284 = ( GEOMETRIC_REPRESENTATION_CONTEXT(2) 
PARAMETRIC_REPRESENTATION_CONTEXT() REPRESENTATION_CONTEXT('2D SPACE',''
  ) );
#1285 = ORIENTED_EDGE('',*,*,#1286,.T.);
#1286 = EDGE_CURVE('',#1264,#1122,#1287,.T.);
#1287 = SURFACE_CURVE('',#1288,(#1292,#1299),.PCURVE_S1.);
#1288 = LINE('',#1289,#1290);
#1289 = CARTESIAN_POINT('',(754.57142857142,265.83684606813,
    30.173584192671));
#1290 = VECTOR('',#1291,1.);
#1291 = DIRECTION('',(-0.,0.976302648363,0.216409655053));
#1292 = PCURVE('',#240,#1293);
#1293 = DEFINITIONAL_REPRESENTATION('',(#1294),#1298);
#1294 = LINE('',#1295,#1296);
#1295 = CARTESIAN_POINT('',(-50.93476909258,-27.17358419267));
#1296 = VECTOR('',#1297,1.);
#1297 = DIRECTION('',(-0.976302648363,-0.216409655053));
#1298 = ( GEOMETRIC_REPRESENTATION_CONTEXT(2) 
PARAMETRIC_REPRESENTATION_CONTEXT() REPRESENTATION_CONTEXT('2D SPACE',''
  ) );
#1299 = PCURVE('',#971,#1300);
#1300 = DEFINITIONAL_REPRESENTATION('',(#1301),#1305);
#1301 = LINE('',#1302,#1303);
#1302 = CARTESIAN_POINT('',(55.608375940511,46.642857142857));
#1303 = VECTOR('',#1304,1.);
#1304 = DIRECTION('',(-1.,0.));
#1305 = ( GEOMETRIC_REPRESENTATION_CONTEXT(2) 
PARAMETRIC_REPRESENTATION_CONTEXT() REPRESENTATION_CONTEXT('2D SPACE',''
  ) );
#1306 = ORIENTED_EDGE('',*,*,#1121,.T.);
#1307 = ADVANCED_FACE('',(#1308),#271,.F.);
#1308 = FACE_BOUND('',#1309,.F.);
#1309 = EDGE_LOOP('',(#1310,#1333,#1334,#1335));
#1310 = ORIENTED_EDGE('',*,*,#1311,.F.);
#1311 = EDGE_CURVE('',#255,#1312,#1314,.T.);
#1312 = VERTEX_POINT('',#1313);
#1313 = CARTESIAN_POINT('',(767.82142857142,204.90207697555,8.));
#1314 = SEAM_CURVE('',#1315,(#1319,#1326),.PCURVE_S1.);
#1315 = LINE('',#1316,#1317);
#1316 = CARTESIAN_POINT('',(767.82142857142,204.90207697555,2.));
#1317 = VECTOR('',#1318,1.);
#1318 = DIRECTION('',(-0.,-0.,1.));
#1319 = PCURVE('',#271,#1320);
#1320 = DEFINITIONAL_REPRESENTATION('',(#1321),#1325);
#1321 = LINE('',#1322,#1323);
#1322 = CARTESIAN_POINT('',(6.28318530718,0.));
#1323 = VECTOR('',#1324,1.);
#1324 = DIRECTION('',(0.,-1.));
#1325 = ( GEOMETRIC_REPRESENTATION_CONTEXT(2) 
PARAMETRIC_REPRESENTATION_CONTEXT() REPRESENTATION_CONTEXT('2D SPACE',''
  ) );
#1326 = PCURVE('',#271,#1327);
#1327 = DEFINITIONAL_REPRESENTATION('',(#1328),#1332);
#1328 = LINE('',#1329,#1330);
#1329 = CARTESIAN_POINT('',(0.,0.));
#1330 = VECTOR('',#1331,1.);
#1331 = DIRECTION('',(0.,-1.));
#1332 = ( GEOMETRIC_REPRESENTATION_CONTEXT(2) 
PARAMETRIC_REPRESENTATION_CONTEXT() REPRESENTATION_CONTEXT('2D SPACE',''
  ) );
#1333 = ORIENTED_EDGE('',*,*,#254,.T.);
#1334 = ORIENTED_EDGE('',*,*,#1311,.T.);
#1335 = ORIENTED_EDGE('',*,*,#1336,.F.);
#1336 = EDGE_CURVE('',#1312,#1312,#1337,.T.);
#1337 = SURFACE_CURVE('',#1338,(#1343,#1350),.PCURVE_S1.);
#1338 = CIRCLE('',#1339,2.75);
#1339 = AXIS2_PLACEMENT_3D('',#1340,#1341,#1342);
#1340 = CARTESIAN_POINT('',(770.57142857142,204.90207697555,8.));
#1341 = DIRECTION('',(0.,0.,1.));
#1342 = DIRECTION('',(-1.,-0.,-0.));
#1343 = PCURVE('',#271,#1344);
#1344 = DEFINITIONAL_REPRESENTATION('',(#1345),#1349);
#1345 = LINE('',#1346,#1347);
#1346 = CARTESIAN_POINT('',(6.28318530718,-6.));
#1347 = VECTOR('',#1348,1.);
#1348 = DIRECTION('',(-1.,0.));
#1349 = ( GEOMETRIC_REPRESENTATION_CONTEXT(2) 
PARAMETRIC_REPRESENTATION_CONTEXT() REPRESENTATION_CONTEXT('2D SPACE',''
  ) );
#1350 = PCURVE('',#419,#1351);
#1351 = DEFINITIONAL_REPRESENTATION('',(#1352),#1356);
#1352 = CIRCLE('',#1353,2.75);
#1353 = AXIS2_PLACEMENT_2D('',#1354,#1355);
#1354 = CARTESIAN_POINT('',(-6.,-61.));
#1355 = DIRECTION('',(-1.,0.));
#1356 = ( GEOMETRIC_REPRESENTATION_CONTEXT(2) 
PARAMETRIC_REPRESENTATION_CONTEXT() REPRESENTATION_CONTEXT('2D SPACE',''
  ) );
#1357 = ADVANCED_FACE('',(#1358),#302,.F.);
#1358 = FACE_BOUND('',#1359,.F.);
#1359 = EDGE_LOOP('',(#1360,#1383,#1384,#1385));
#1360 = ORIENTED_EDGE('',*,*,#1361,.F.);
#1361 = EDGE_CURVE('',#286,#1362,#1364,.T.);
#1362 = VERTEX_POINT('',#1363);
#1363 = CARTESIAN_POINT('',(793.82142857142,295.90207697555,8.));
#1364 = SEAM_CURVE('',#1365,(#1369,#1376),.PCURVE_S1.);
#1365 = LINE('',#1366,#1367);
#1366 = CARTESIAN_POINT('',(793.82142857142,295.90207697555,2.));
#1367 = VECTOR('',#1368,1.);
#1368 = DIRECTION('',(-0.,-0.,1.));
#1369 = PCURVE('',#302,#1370);
#1370 = DEFINITIONAL_REPRESENTATION('',(#1371),#1375);
#1371 = LINE('',#1372,#1373);
#1372 = CARTESIAN_POINT('',(6.28318530718,0.));
#1373 = VECTOR('',#1374,1.);
#1374 = DIRECTION('',(0.,-1.));
#1375 = ( GEOMETRIC_REPRESENTATION_CONTEXT(2) 
PARAMETRIC_REPRESENTATION_CONTEXT() REPRESENTATION_CONTEXT('2D SPACE',''
  ) );
#1376 = PCURVE('',#302,#1377);
#1377 = DEFINITIONAL_REPRESENTATION('',(#1378),#1382);
#1378 = LINE('',#1379,#1380);
#1379 = CARTESIAN_POINT('',(0.,0.));
#1380 = VECTOR('',#1381,1.);
#1381 = DIRECTION('',(0.,-1.));
#1382 = ( GEOMETRIC_REPRESENTATION_CONTEXT(2) 
PARAMETRIC_REPRESENTATION_CONTEXT() REPRESENTATION_CONTEXT('2D SPACE',''
  ) );
#1383 = ORIENTED_EDGE('',*,*,#285,.T.);
#1384 = ORIENTED_EDGE('',*,*,#1361,.T.);
#1385 = ORIENTED_EDGE('',*,*,#1386,.F.);
#1386 = EDGE_CURVE('',#1362,#1362,#1387,.T.);
#1387 = SURFACE_CURVE('',#1388,(#1393,#1400),.PCURVE_S1.);
#1388 = CIRCLE('',#1389,2.75);
#1389 = AXIS2_PLACEMENT_3D('',#1390,#1391,#1392);
#1390 = CARTESIAN_POINT('',(796.57142857142,295.90207697555,8.));
#1391 = DIRECTION('',(0.,0.,1.));
#1392 = DIRECTION('',(-1.,-0.,-0.));
#1393 = PCURVE('',#302,#1394);
#1394 = DEFINITIONAL_REPRESENTATION('',(#1395),#1399);
#1395 = LINE('',#1396,#1397);
#1396 = CARTESIAN_POINT('',(6.28318530718,-6.));
#1397 = VECTOR('',#1398,1.);
#1398 = DIRECTION('',(-1.,0.));
#1399 = ( GEOMETRIC_REPRESENTATION_CONTEXT(2) 
PARAMETRIC_REPRESENTATION_CONTEXT() REPRESENTATION_CONTEXT('2D SPACE',''
  ) );
#1400 = PCURVE('',#419,#1401);
#1401 = DEFINITIONAL_REPRESENTATION('',(#1402),#1406);
#1402 = CIRCLE('',#1403,2.75);
#1403 = AXIS2_PLACEMENT_2D('',#1404,#1405);
#1404 = CARTESIAN_POINT('',(20.,30.));
#1405 = DIRECTION('',(-1.,0.));
#1406 = ( GEOMETRIC_REPRESENTATION_CONTEXT(2) 
PARAMETRIC_REPRESENTATION_CONTEXT() REPRESENTATION_CONTEXT('2D SPACE',''
  ) );
#1407 = ADVANCED_FACE('',(#1408),#333,.F.);
#1408 = FACE_BOUND('',#1409,.F.);
#1409 = EDGE_LOOP('',(#1410,#1433,#1434,#1435));
#1410 = ORIENTED_EDGE('',*,*,#1411,.F.);
#1411 = EDGE_CURVE('',#317,#1412,#1414,.T.);
#1412 = VERTEX_POINT('',#1413);
#1413 = CARTESIAN_POINT('',(767.82142857142,326.90207697555,8.));
#1414 = SEAM_CURVE('',#1415,(#1419,#1426),.PCURVE_S1.);
#1415 = LINE('',#1416,#1417);
#1416 = CARTESIAN_POINT('',(767.82142857142,326.90207697555,2.));
#1417 = VECTOR('',#1418,1.);
#1418 = DIRECTION('',(-0.,-0.,1.));
#1419 = PCURVE('',#333,#1420);
#1420 = DEFINITIONAL_REPRESENTATION('',(#1421),#1425);
#1421 = LINE('',#1422,#1423);
#1422 = CARTESIAN_POINT('',(6.28318530718,0.));
#1423 = VECTOR('',#1424,1.);
#1424 = DIRECTION('',(0.,-1.));
#1425 = ( GEOMETRIC_REPRESENTATION_CONTEXT(2) 
PARAMETRIC_REPRESENTATION_CONTEXT() REPRESENTATION_CONTEXT('2D SPACE',''
  ) );
#1426 = PCURVE('',#333,#1427);
#1427 = DEFINITIONAL_REPRESENTATION('',(#1428),#1432);
#1428 = LINE('',#1429,#1430);
#1429 = CARTESIAN_POINT('',(0.,0.));
#1430 = VECTOR('',#1431,1.);
#1431 = DIRECTION('',(0.,-1.));
#1432 = ( GEOMETRIC_REPRESENTATION_CONTEXT(2) 
PARAMETRIC_REPRESENTATION_CONTEXT() REPRESENTATION_CONTEXT('2D SPACE',''
  ) );
#1433 = ORIENTED_EDGE('',*,*,#316,.T.);
#1434 = ORIENTED_EDGE('',*,*,#1411,.T.);
#1435 = ORIENTED_EDGE('',*,*,#1436,.F.);
#1436 = EDGE_CURVE('',#1412,#1412,#1437,.T.);
#1437 = SURFACE_CURVE('',#1438,(#1443,#1450),.PCURVE_S1.);
#1438 = CIRCLE('',#1439,2.75);
#1439 = AXIS2_PLACEMENT_3D('',#1440,#1441,#1442);
#1440 = CARTESIAN_POINT('',(770.57142857142,326.90207697555,8.));
#1441 = DIRECTION('',(0.,0.,1.));
#1442 = DIRECTION('',(-1.,-0.,-0.));
#1443 = PCURVE('',#333,#1444);
#1444 = DEFINITIONAL_REPRESENTATION('',(#1445),#1449);
#1445 = LINE('',#1446,#1447);
#1446 = CARTESIAN_POINT('',(6.28318530718,-6.));
#1447 = VECTOR('',#1448,1.);
#1448 = DIRECTION('',(-1.,0.));
#1449 = ( GEOMETRIC_REPRESENTATION_CONTEXT(2) 
PARAMETRIC_REPRESENTATION_CONTEXT() REPRESENTATION_CONTEXT('2D SPACE',''
  ) );
#1450 = PCURVE('',#419,#1451);
#1451 = DEFINITIONAL_REPRESENTATION('',(#1452),#1456);
#1452 = CIRCLE('',#1453,2.75);
#1453 = AXIS2_PLACEMENT_2D('',#1454,#1455);
#1454 = CARTESIAN_POINT('',(-6.,61.));
#1455 = DIRECTION('',(-1.,0.));
#1456 = ( GEOMETRIC_REPRESENTATION_CONTEXT(2) 
PARAMETRIC_REPRESENTATION_CONTEXT() REPRESENTATION_CONTEXT('2D SPACE',''
  ) );
#1457 = ADVANCED_FACE('',(#1458),#364,.F.);
#1458 = FACE_BOUND('',#1459,.F.);
#1459 = EDGE_LOOP('',(#1460,#1483,#1484,#1485));
#1460 = ORIENTED_EDGE('',*,*,#1461,.F.);
#1461 = EDGE_CURVE('',#348,#1462,#1464,.T.);
#1462 = VERTEX_POINT('',#1463);
#1463 = CARTESIAN_POINT('',(793.82142857142,235.90207697555,8.));
#1464 = SEAM_CURVE('',#1465,(#1469,#1476),.PCURVE_S1.);
#1465 = LINE('',#1466,#1467);
#1466 = CARTESIAN_POINT('',(793.82142857142,235.90207697555,2.));
#1467 = VECTOR('',#1468,1.);
#1468 = DIRECTION('',(-0.,-0.,1.));
#1469 = PCURVE('',#364,#1470);
#1470 = DEFINITIONAL_REPRESENTATION('',(#1471),#1475);
#1471 = LINE('',#1472,#1473);
#1472 = CARTESIAN_POINT('',(6.28318530718,0.));
#1473 = VECTOR('',#1474,1.);
#1474 = DIRECTION('',(0.,-1.));
#1475 = ( GEOMETRIC_REPRESENTATION_CONTEXT(2) 
PARAMETRIC_REPRESENTATION_CONTEXT() REPRESENTATION_CONTEXT('2D SPACE',''
  ) );
#1476 = PCURVE('',#364,#1477);
#1477 = DEFINITIONAL_REPRESENTATION('',(#1478),#1482);
#1478 = LINE('',#1479,#1480);
#1479 = CARTESIAN_POINT('',(0.,0.));
#1480 = VECTOR('',#1481,1.);
#1481 = DIRECTION('',(0.,-1.));
#1482 = ( GEOMETRIC_REPRESENTATION_CONTEXT(2) 
PARAMETRIC_REPRESENTATION_CONTEXT() REPRESENTATION_CONTEXT('2D SPACE',''
  ) );
#1483 = ORIENTED_EDGE('',*,*,#347,.T.);
#1484 = ORIENTED_EDGE('',*,*,#1461,.T.);
#1485 = ORIENTED_EDGE('',*,*,#1486,.F.);
#1486 = EDGE_CURVE('',#1462,#1462,#1487,.T.);
#1487 = SURFACE_CURVE('',#1488,(#1493,#1500),.PCURVE_S1.);
#1488 = CIRCLE('',#1489,2.75);
#1489 = AXIS2_PLACEMENT_3D('',#1490,#1491,#1492);
#1490 = CARTESIAN_POINT('',(796.57142857142,235.90207697555,8.));
#1491 = DIRECTION('',(0.,0.,1.));
#1492 = DIRECTION('',(-1.,-0.,-0.));
#1493 = PCURVE('',#364,#1494);
#1494 = DEFINITIONAL_REPRESENTATION('',(#1495),#1499);
#1495 = LINE('',#1496,#1497);
#1496 = CARTESIAN_POINT('',(6.28318530718,-6.));
#1497 = VECTOR('',#1498,1.);
#1498 = DIRECTION('',(-1.,0.));
#1499 = ( GEOMETRIC_REPRESENTATION_CONTEXT(2) 
PARAMETRIC_REPRESENTATION_CONTEXT() REPRESENTATION_CONTEXT('2D SPACE',''
  ) );
#1500 = PCURVE('',#419,#1501);
#1501 = DEFINITIONAL_REPRESENTATION('',(#1502),#1506);
#1502 = CIRCLE('',#1503,2.75);
#1503 = AXIS2_PLACEMENT_2D('',#1504,#1505);
#1504 = CARTESIAN_POINT('',(20.,-30.));
#1505 = DIRECTION('',(-1.,0.));
#1506 = ( GEOMETRIC_REPRESENTATION_CONTEXT(2) 
PARAMETRIC_REPRESENTATION_CONTEXT() REPRESENTATION_CONTEXT('2D SPACE',''
  ) );
#1507 = ADVANCED_FACE('',(#1508,#1587,#1590,#1593,#1596),#419,.T.);
#1508 = FACE_BOUND('',#1509,.F.);
#1509 = EDGE_LOOP('',(#1510,#1511,#1512,#1513,#1536,#1564,#1585,#1586));
#1510 = ORIENTED_EDGE('',*,*,#780,.T.);
#1511 = ORIENTED_EDGE('',*,*,#829,.T.);
#1512 = ORIENTED_EDGE('',*,*,#403,.T.);
#1513 = ORIENTED_EDGE('',*,*,#1514,.F.);
#1514 = EDGE_CURVE('',#1515,#404,#1517,.T.);
#1515 = VERTEX_POINT('',#1516);
#1516 = CARTESIAN_POINT('',(790.57142857142,210.90207697555,8.));
#1517 = SURFACE_CURVE('',#1518,(#1522,#1529),.PCURVE_S1.);
#1518 = LINE('',#1519,#1520);
#1519 = CARTESIAN_POINT('',(783.57142857142,210.90207697555,8.));
#1520 = VECTOR('',#1521,1.);
#1521 = DIRECTION('',(-1.,-0.,-0.));
#1522 = PCURVE('',#419,#1523);
#1523 = DEFINITIONAL_REPRESENTATION('',(#1524),#1528);
#1524 = LINE('',#1525,#1526);
#1525 = CARTESIAN_POINT('',(7.,-55.));
#1526 = VECTOR('',#1527,1.);
#1527 = DIRECTION('',(-1.,0.));
#1528 = ( GEOMETRIC_REPRESENTATION_CONTEXT(2) 
PARAMETRIC_REPRESENTATION_CONTEXT() REPRESENTATION_CONTEXT('2D SPACE',''
  ) );
#1529 = PCURVE('',#447,#1530);
#1530 = DEFINITIONAL_REPRESENTATION('',(#1531),#1535);
#1531 = LINE('',#1532,#1533);
#1532 = CARTESIAN_POINT('',(-7.,-5.));
#1533 = VECTOR('',#1534,1.);
#1534 = DIRECTION('',(-1.,0.));
#1535 = ( GEOMETRIC_REPRESENTATION_CONTEXT(2) 
PARAMETRIC_REPRESENTATION_CONTEXT() REPRESENTATION_CONTEXT('2D SPACE',''
  ) );
#1536 = ORIENTED_EDGE('',*,*,#1537,.F.);
#1537 = EDGE_CURVE('',#1538,#1515,#1540,.T.);
#1538 = VERTEX_POINT('',#1539);
#1539 = CARTESIAN_POINT('',(790.57142857142,320.90207697555,8.));
#1540 = SURFACE_CURVE('',#1541,(#1545,#1552),.PCURVE_S1.);
#1541 = LINE('',#1542,#1543);
#1542 = CARTESIAN_POINT('',(790.57142857142,293.40207697555,8.));
#1543 = VECTOR('',#1544,1.);
#1544 = DIRECTION('',(-0.,-1.,-0.));
#1545 = PCURVE('',#419,#1546);
#1546 = DEFINITIONAL_REPRESENTATION('',(#1547),#1551);
#1547 = LINE('',#1548,#1549);
#1548 = CARTESIAN_POINT('',(14.,27.5));
#1549 = VECTOR('',#1550,1.);
#1550 = DIRECTION('',(-0.,-1.));
#1551 = ( GEOMETRIC_REPRESENTATION_CONTEXT(2) 
PARAMETRIC_REPRESENTATION_CONTEXT() REPRESENTATION_CONTEXT('2D SPACE',''
  ) );
#1552 = PCURVE('',#1553,#1558);
#1553 = PLANE('',#1554);
#1554 = AXIS2_PLACEMENT_3D('',#1555,#1556,#1557);
#1555 = CARTESIAN_POINT('',(790.57142857142,320.90207697555,3.));
#1556 = DIRECTION('',(-1.,-0.,-0.));
#1557 = DIRECTION('',(0.,1.,0.));
#1558 = DEFINITIONAL_REPRESENTATION('',(#1559),#1563);
#1559 = LINE('',#1560,#1561);
#1560 = CARTESIAN_POINT('',(-27.5,-5.));
#1561 = VECTOR('',#1562,1.);
#1562 = DIRECTION('',(-1.,0.));
#1563 = ( GEOMETRIC_REPRESENTATION_CONTEXT(2) 
PARAMETRIC_REPRESENTATION_CONTEXT() REPRESENTATION_CONTEXT('2D SPACE',''
  ) );
#1564 = ORIENTED_EDGE('',*,*,#1565,.F.);
#1565 = EDGE_CURVE('',#656,#1538,#1566,.T.);
#1566 = SURFACE_CURVE('',#1567,(#1571,#1578),.PCURVE_S1.);
#1567 = LINE('',#1568,#1569);
#1568 = CARTESIAN_POINT('',(763.57142857142,320.90207697555,8.));
#1569 = VECTOR('',#1570,1.);
#1570 = DIRECTION('',(1.,-0.,-0.));
#1571 = PCURVE('',#419,#1572);
#1572 = DEFINITIONAL_REPRESENTATION('',(#1573),#1577);
#1573 = LINE('',#1574,#1575);
#1574 = CARTESIAN_POINT('',(-13.,55.));
#1575 = VECTOR('',#1576,1.);
#1576 = DIRECTION('',(1.,-0.));
#1577 = ( GEOMETRIC_REPRESENTATION_CONTEXT(2) 
PARAMETRIC_REPRESENTATION_CONTEXT() REPRESENTATION_CONTEXT('2D SPACE',''
  ) );
#1578 = PCURVE('',#671,#1579);
#1579 = DEFINITIONAL_REPRESENTATION('',(#1580),#1584);
#1580 = LINE('',#1581,#1582);
#1581 = CARTESIAN_POINT('',(-13.,-5.));
#1582 = VECTOR('',#1583,1.);
#1583 = DIRECTION('',(-1.,0.));
#1584 = ( GEOMETRIC_REPRESENTATION_CONTEXT(2) 
PARAMETRIC_REPRESENTATION_CONTEXT() REPRESENTATION_CONTEXT('2D SPACE',''
  ) );
#1585 = ORIENTED_EDGE('',*,*,#683,.T.);
#1586 = ORIENTED_EDGE('',*,*,#731,.T.);
#1587 = FACE_BOUND('',#1588,.F.);
#1588 = EDGE_LOOP('',(#1589));
#1589 = ORIENTED_EDGE('',*,*,#1486,.T.);
#1590 = FACE_BOUND('',#1591,.F.);
#1591 = EDGE_LOOP('',(#1592));
#1592 = ORIENTED_EDGE('',*,*,#1336,.T.);
#1593 = FACE_BOUND('',#1594,.F.);
#1594 = EDGE_LOOP('',(#1595));
#1595 = ORIENTED_EDGE('',*,*,#1386,.T.);
#1596 = FACE_BOUND('',#1597,.F.);
#1597 = EDGE_LOOP('',(#1598));
#1598 = ORIENTED_EDGE('',*,*,#1436,.T.);
#1599 = ADVANCED_FACE('',(#1600),#671,.F.);
#1600 = FACE_BOUND('',#1601,.T.);
#1601 = EDGE_LOOP('',(#1602,#1603,#1604,#1627));
#1602 = ORIENTED_EDGE('',*,*,#1565,.F.);
#1603 = ORIENTED_EDGE('',*,*,#655,.T.);
#1604 = ORIENTED_EDGE('',*,*,#1605,.T.);
#1605 = EDGE_CURVE('',#628,#1606,#1608,.T.);
#1606 = VERTEX_POINT('',#1607);
#1607 = CARTESIAN_POINT('',(790.57142857142,320.90207697555,
    42.379479204895));
#1608 = SURFACE_CURVE('',#1609,(#1613,#1620),.PCURVE_S1.);
#1609 = LINE('',#1610,#1611);
#1610 = CARTESIAN_POINT('',(729.25,320.90207697555,42.379479204895));
#1611 = VECTOR('',#1612,1.);
#1612 = DIRECTION('',(1.,-0.,-0.));
#1613 = PCURVE('',#671,#1614);
#1614 = DEFINITIONAL_REPRESENTATION('',(#1615),#1619);
#1615 = LINE('',#1616,#1617);
#1616 = CARTESIAN_POINT('',(21.321428571429,-39.37947920489));
#1617 = VECTOR('',#1618,1.);
#1618 = DIRECTION('',(-1.,0.));
#1619 = ( GEOMETRIC_REPRESENTATION_CONTEXT(2) 
PARAMETRIC_REPRESENTATION_CONTEXT() REPRESENTATION_CONTEXT('2D SPACE',''
  ) );
#1620 = PCURVE('',#643,#1621);
#1621 = DEFINITIONAL_REPRESENTATION('',(#1622),#1626);
#1622 = LINE('',#1623,#1624);
#1623 = CARTESIAN_POINT('',(-0.793428356307,21.321428571429));
#1624 = VECTOR('',#1625,1.);
#1625 = DIRECTION('',(-0.,1.));
#1626 = ( GEOMETRIC_REPRESENTATION_CONTEXT(2) 
PARAMETRIC_REPRESENTATION_CONTEXT() REPRESENTATION_CONTEXT('2D SPACE',''
  ) );
#1627 = ORIENTED_EDGE('',*,*,#1628,.F.);
#1628 = EDGE_CURVE('',#1538,#1606,#1629,.T.);
#1629 = SURFACE_CURVE('',#1630,(#1634,#1641),.PCURVE_S1.);
#1630 = LINE('',#1631,#1632);
#1631 = CARTESIAN_POINT('',(790.57142857142,320.90207697555,3.));
#1632 = VECTOR('',#1633,1.);
#1633 = DIRECTION('',(-0.,-0.,1.));
#1634 = PCURVE('',#671,#1635);
#1635 = DEFINITIONAL_REPRESENTATION('',(#1636),#1640);
#1636 = LINE('',#1637,#1638);
#1637 = CARTESIAN_POINT('',(-40.,0.));
#1638 = VECTOR('',#1639,1.);
#1639 = DIRECTION('',(-0.,-1.));
#1640 = ( GEOMETRIC_REPRESENTATION_CONTEXT(2) 
PARAMETRIC_REPRESENTATION_CONTEXT() REPRESENTATION_CONTEXT('2D SPACE',''
  ) );
#1641 = PCURVE('',#1553,#1642);
#1642 = DEFINITIONAL_REPRESENTATION('',(#1643),#1647);
#1643 = LINE('',#1644,#1645);
#1644 = CARTESIAN_POINT('',(-0.,-0.));
#1645 = VECTOR('',#1646,1.);
#1646 = DIRECTION('',(-0.,-1.));
#1647 = ( GEOMETRIC_REPRESENTATION_CONTEXT(2) 
PARAMETRIC_REPRESENTATION_CONTEXT() REPRESENTATION_CONTEXT('2D SPACE',''
  ) );
#1648 = ADVANCED_FACE('',(#1649),#643,.F.);
#1649 = FACE_BOUND('',#1650,.T.);
#1650 = EDGE_LOOP('',(#1651,#1674,#1675,#1676,#1699,#1727));
#1651 = ORIENTED_EDGE('',*,*,#1652,.T.);
#1652 = EDGE_CURVE('',#1653,#1606,#1655,.T.);
#1653 = VERTEX_POINT('',#1654);
#1654 = CARTESIAN_POINT('',(790.57142857142,325.00896401181,
    43.289821923261));
#1655 = SURFACE_CURVE('',#1656,(#1660,#1667),.PCURVE_S1.);
#1656 = LINE('',#1657,#1658);
#1657 = CARTESIAN_POINT('',(790.57142857142,325.00896401181,
    43.289821923261));
#1658 = VECTOR('',#1659,1.);
#1659 = DIRECTION('',(-0.,-0.976302648363,-0.216409655053));
#1660 = PCURVE('',#643,#1661);
#1661 = DEFINITIONAL_REPRESENTATION('',(#1662),#1666);
#1662 = LINE('',#1663,#1664);
#1663 = CARTESIAN_POINT('',(-5.,82.642857142857));
#1664 = VECTOR('',#1665,1.);
#1665 = DIRECTION('',(1.,-0.));
#1666 = ( GEOMETRIC_REPRESENTATION_CONTEXT(2) 
PARAMETRIC_REPRESENTATION_CONTEXT() REPRESENTATION_CONTEXT('2D SPACE',''
  ) );
#1667 = PCURVE('',#1553,#1668);
#1668 = DEFINITIONAL_REPRESENTATION('',(#1669),#1673);
#1669 = LINE('',#1670,#1671);
#1670 = CARTESIAN_POINT('',(4.106887036264,-40.28982192326));
#1671 = VECTOR('',#1672,1.);
#1672 = DIRECTION('',(-0.976302648363,0.216409655053));
#1673 = ( GEOMETRIC_REPRESENTATION_CONTEXT(2) 
PARAMETRIC_REPRESENTATION_CONTEXT() REPRESENTATION_CONTEXT('2D SPACE',''
  ) );
#1674 = ORIENTED_EDGE('',*,*,#1605,.F.);
#1675 = ORIENTED_EDGE('',*,*,#627,.F.);
#1676 = ORIENTED_EDGE('',*,*,#1677,.T.);
#1677 = EDGE_CURVE('',#600,#1678,#1680,.T.);
#1678 = VERTEX_POINT('',#1679);
#1679 = CARTESIAN_POINT('',(625.28571428571,315.24593752819,
    41.125725372734));
#1680 = SURFACE_CURVE('',#1681,(#1685,#1692),.PCURVE_S1.);
#1681 = LINE('',#1682,#1683);
#1682 = CARTESIAN_POINT('',(790.57142857142,315.24593752819,
    41.125725372734));
#1683 = VECTOR('',#1684,1.);
#1684 = DIRECTION('',(-1.,-0.,-0.));
#1685 = PCURVE('',#643,#1686);
#1686 = DEFINITIONAL_REPRESENTATION('',(#1687),#1691);
#1687 = LINE('',#1688,#1689);
#1688 = CARTESIAN_POINT('',(5.,82.642857142857));
#1689 = VECTOR('',#1690,1.);
#1690 = DIRECTION('',(-0.,-1.));
#1691 = ( GEOMETRIC_REPRESENTATION_CONTEXT(2) 
PARAMETRIC_REPRESENTATION_CONTEXT() REPRESENTATION_CONTEXT('2D SPACE',''
  ) );
#1692 = PCURVE('',#615,#1693);
#1693 = DEFINITIONAL_REPRESENTATION('',(#1694),#1698);
#1694 = LINE('',#1695,#1696);
#1695 = CARTESIAN_POINT('',(-0.,-15.));
#1696 = VECTOR('',#1697,1.);
#1697 = DIRECTION('',(-1.,0.));
#1698 = ( GEOMETRIC_REPRESENTATION_CONTEXT(2) 
PARAMETRIC_REPRESENTATION_CONTEXT() REPRESENTATION_CONTEXT('2D SPACE',''
  ) );
#1699 = ORIENTED_EDGE('',*,*,#1700,.T.);
#1700 = EDGE_CURVE('',#1678,#1701,#1703,.T.);
#1701 = VERTEX_POINT('',#1702);
#1702 = CARTESIAN_POINT('',(625.28571428571,325.00896401181,
    43.289821923261));
#1703 = SURFACE_CURVE('',#1704,(#1708,#1715),.PCURVE_S1.);
#1704 = LINE('',#1705,#1706);
#1705 = CARTESIAN_POINT('',(625.28571428571,315.24593752819,
    41.125725372734));
#1706 = VECTOR('',#1707,1.);
#1707 = DIRECTION('',(-0.,0.976302648363,0.216409655053));
#1708 = PCURVE('',#643,#1709);
#1709 = DEFINITIONAL_REPRESENTATION('',(#1710),#1714);
#1710 = LINE('',#1711,#1712);
#1711 = CARTESIAN_POINT('',(5.,-82.64285714285));
#1712 = VECTOR('',#1713,1.);
#1713 = DIRECTION('',(-1.,-0.));
#1714 = ( GEOMETRIC_REPRESENTATION_CONTEXT(2) 
PARAMETRIC_REPRESENTATION_CONTEXT() REPRESENTATION_CONTEXT('2D SPACE',''
  ) );
#1715 = PCURVE('',#1716,#1721);
#1716 = PLANE('',#1717);
#1717 = AXIS2_PLACEMENT_3D('',#1718,#1719,#1720);
#1718 = CARTESIAN_POINT('',(625.28571428571,212.2054313156,
    43.892326076532));
#1719 = DIRECTION('',(-1.,-0.,-0.));
#1720 = DIRECTION('',(0.,-0.976302648363,-0.216409655053));
#1721 = DEFINITIONAL_REPRESENTATION('',(#1722),#1726);
#1722 = LINE('',#1723,#1724);
#1723 = CARTESIAN_POINT('',(-100.,-25.));
#1724 = VECTOR('',#1725,1.);
#1725 = DIRECTION('',(-1.,-1.057526724829E-17));
#1726 = ( GEOMETRIC_REPRESENTATION_CONTEXT(2) 
PARAMETRIC_REPRESENTATION_CONTEXT() REPRESENTATION_CONTEXT('2D SPACE',''
  ) );
#1727 = ORIENTED_EDGE('',*,*,#1728,.T.);
#1728 = EDGE_CURVE('',#1701,#1653,#1729,.T.);
#1729 = SURFACE_CURVE('',#1730,(#1734,#1741),.PCURVE_S1.);
#1730 = LINE('',#1731,#1732);
#1731 = CARTESIAN_POINT('',(625.28571428571,325.00896401181,
    43.289821923261));
#1732 = VECTOR('',#1733,1.);
#1733 = DIRECTION('',(1.,-0.,-0.));
#1734 = PCURVE('',#643,#1735);
#1735 = DEFINITIONAL_REPRESENTATION('',(#1736),#1740);
#1736 = LINE('',#1737,#1738);
#1737 = CARTESIAN_POINT('',(-5.,-82.64285714285));
#1738 = VECTOR('',#1739,1.);
#1739 = DIRECTION('',(-0.,1.));
#1740 = ( GEOMETRIC_REPRESENTATION_CONTEXT(2) 
PARAMETRIC_REPRESENTATION_CONTEXT() REPRESENTATION_CONTEXT('2D SPACE',''
  ) );
#1741 = PCURVE('',#1742,#1747);
#1742 = PLANE('',#1743);
#1743 = AXIS2_PLACEMENT_3D('',#1744,#1745,#1746);
#1744 = CARTESIAN_POINT('',(625.28571428571,319.5987226355,
    67.697388132328));
#1745 = DIRECTION('',(-0.,0.976302648363,0.216409655053));
#1746 = DIRECTION('',(-1.,0.,0.));
#1747 = DEFINITIONAL_REPRESENTATION('',(#1748),#1752);
#1748 = LINE('',#1749,#1750);
#1749 = CARTESIAN_POINT('',(-0.,-25.));
#1750 = VECTOR('',#1751,1.);
#1751 = DIRECTION('',(-1.,0.));
#1752 = ( GEOMETRIC_REPRESENTATION_CONTEXT(2) 
PARAMETRIC_REPRESENTATION_CONTEXT() REPRESENTATION_CONTEXT('2D SPACE',''
  ) );
#1753 = ADVANCED_FACE('',(#1754),#615,.T.);
#1754 = FACE_BOUND('',#1755,.F.);
#1755 = EDGE_LOOP('',(#1756,#1779,#1780,#1781));
#1756 = ORIENTED_EDGE('',*,*,#1757,.F.);
#1757 = EDGE_CURVE('',#572,#1758,#1760,.T.);
#1758 = VERTEX_POINT('',#1759);
#1759 = CARTESIAN_POINT('',(625.28571428571,311.9997927024,
    55.770265098174));
#1760 = SURFACE_CURVE('',#1761,(#1765,#1772),.PCURVE_S1.);
#1761 = LINE('',#1762,#1763);
#1762 = CARTESIAN_POINT('',(790.57142857142,311.9997927024,
    55.770265098174));
#1763 = VECTOR('',#1764,1.);
#1764 = DIRECTION('',(-1.,-0.,-0.));
#1765 = PCURVE('',#615,#1766);
#1766 = DEFINITIONAL_REPRESENTATION('',(#1767),#1771);
#1767 = LINE('',#1768,#1769);
#1768 = CARTESIAN_POINT('',(0.,-0.));
#1769 = VECTOR('',#1770,1.);
#1770 = DIRECTION('',(-1.,0.));
#1771 = ( GEOMETRIC_REPRESENTATION_CONTEXT(2) 
PARAMETRIC_REPRESENTATION_CONTEXT() REPRESENTATION_CONTEXT('2D SPACE',''
  ) );
#1772 = PCURVE('',#587,#1773);
#1773 = DEFINITIONAL_REPRESENTATION('',(#1774),#1778);
#1774 = LINE('',#1775,#1776);
#1775 = CARTESIAN_POINT('',(-45.,82.642857142857));
#1776 = VECTOR('',#1777,1.);
#1777 = DIRECTION('',(-0.,-1.));
#1778 = ( GEOMETRIC_REPRESENTATION_CONTEXT(2) 
PARAMETRIC_REPRESENTATION_CONTEXT() REPRESENTATION_CONTEXT('2D SPACE',''
  ) );
#1779 = ORIENTED_EDGE('',*,*,#599,.F.);
#1780 = ORIENTED_EDGE('',*,*,#1677,.T.);
#1781 = ORIENTED_EDGE('',*,*,#1782,.F.);
#1782 = EDGE_CURVE('',#1758,#1678,#1783,.T.);
#1783 = SURFACE_CURVE('',#1784,(#1788,#1795),.PCURVE_S1.);
#1784 = LINE('',#1785,#1786);
#1785 = CARTESIAN_POINT('',(625.28571428571,311.9997927024,
    55.770265098174));
#1786 = VECTOR('',#1787,1.);
#1787 = DIRECTION('',(-0.,0.216409655053,-0.976302648363));
#1788 = PCURVE('',#615,#1789);
#1789 = DEFINITIONAL_REPRESENTATION('',(#1790),#1794);
#1790 = LINE('',#1791,#1792);
#1791 = CARTESIAN_POINT('',(-165.2857142857,0.));
#1792 = VECTOR('',#1793,1.);
#1793 = DIRECTION('',(-0.,-1.));
#1794 = ( GEOMETRIC_REPRESENTATION_CONTEXT(2) 
PARAMETRIC_REPRESENTATION_CONTEXT() REPRESENTATION_CONTEXT('2D SPACE',''
  ) );
#1795 = PCURVE('',#1716,#1796);
#1796 = DEFINITIONAL_REPRESENTATION('',(#1797),#1801);
#1797 = LINE('',#1798,#1799);
#1798 = CARTESIAN_POINT('',(-100.,-10.));
#1799 = VECTOR('',#1800,1.);
#1800 = DIRECTION('',(-1.057526724829E-17,-1.));
#1801 = ( GEOMETRIC_REPRESENTATION_CONTEXT(2) 
PARAMETRIC_REPRESENTATION_CONTEXT() REPRESENTATION_CONTEXT('2D SPACE',''
  ) );
#1802 = ADVANCED_FACE('',(#1803,#1851,#1886,#1921),#587,.F.);
#1803 = FACE_BOUND('',#1804,.T.);
#1804 = EDGE_LOOP('',(#1805,#1806,#1807,#1830));
#1805 = ORIENTED_EDGE('',*,*,#1757,.F.);
#1806 = ORIENTED_EDGE('',*,*,#571,.F.);
#1807 = ORIENTED_EDGE('',*,*,#1808,.F.);
#1808 = EDGE_CURVE('',#1809,#544,#1811,.T.);
#1809 = VERTEX_POINT('',#1810);
#1810 = CARTESIAN_POINT('',(625.28571428571,224.13255434976,
    36.293396143432));
#1811 = SURFACE_CURVE('',#1812,(#1816,#1823),.PCURVE_S1.);
#1812 = LINE('',#1813,#1814);
#1813 = CARTESIAN_POINT('',(625.28571428571,224.13255434976,
    36.293396143432));
#1814 = VECTOR('',#1815,1.);
#1815 = DIRECTION('',(1.,-0.,-0.));
#1816 = PCURVE('',#587,#1817);
#1817 = DEFINITIONAL_REPRESENTATION('',(#1818),#1822);
#1818 = LINE('',#1819,#1820);
#1819 = CARTESIAN_POINT('',(45.,-82.64285714285));
#1820 = VECTOR('',#1821,1.);
#1821 = DIRECTION('',(-0.,1.));
#1822 = ( GEOMETRIC_REPRESENTATION_CONTEXT(2) 
PARAMETRIC_REPRESENTATION_CONTEXT() REPRESENTATION_CONTEXT('2D SPACE',''
  ) );
#1823 = PCURVE('',#559,#1824);
#1824 = DEFINITIONAL_REPRESENTATION('',(#1825),#1829);
#1825 = LINE('',#1826,#1827);
#1826 = CARTESIAN_POINT('',(-0.,0.));
#1827 = VECTOR('',#1828,1.);
#1828 = DIRECTION('',(-1.,0.));
#1829 = ( GEOMETRIC_REPRESENTATION_CONTEXT(2) 
PARAMETRIC_REPRESENTATION_CONTEXT() REPRESENTATION_CONTEXT('2D SPACE',''
  ) );
#1830 = ORIENTED_EDGE('',*,*,#1831,.T.);
#1831 = EDGE_CURVE('',#1809,#1758,#1832,.T.);
#1832 = SURFACE_CURVE('',#1833,(#1837,#1844),.PCURVE_S1.);
#1833 = LINE('',#1834,#1835);
#1834 = CARTESIAN_POINT('',(625.28571428571,214.36952786613,
    34.129299592906));
#1835 = VECTOR('',#1836,1.);
#1836 = DIRECTION('',(-0.,0.976302648363,0.216409655053));
#1837 = PCURVE('',#587,#1838);
#1838 = DEFINITIONAL_REPRESENTATION('',(#1839),#1843);
#1839 = LINE('',#1840,#1841);
#1840 = CARTESIAN_POINT('',(55.,-82.64285714285));
#1841 = VECTOR('',#1842,1.);
#1842 = DIRECTION('',(-1.,-0.));
#1843 = ( GEOMETRIC_REPRESENTATION_CONTEXT(2) 
PARAMETRIC_REPRESENTATION_CONTEXT() REPRESENTATION_CONTEXT('2D SPACE',''
  ) );
#1844 = PCURVE('',#1716,#1845);
#1845 = DEFINITIONAL_REPRESENTATION('',(#1846),#1850);
#1846 = LINE('',#1847,#1848);
#1847 = CARTESIAN_POINT('',(6.027006915329E-15,-10.));
#1848 = VECTOR('',#1849,1.);
#1849 = DIRECTION('',(-1.,-1.057526724829E-17));
#1850 = ( GEOMETRIC_REPRESENTATION_CONTEXT(2) 
PARAMETRIC_REPRESENTATION_CONTEXT() REPRESENTATION_CONTEXT('2D SPACE',''
  ) );
#1851 = FACE_BOUND('',#1852,.T.);
#1852 = EDGE_LOOP('',(#1853));
#1853 = ORIENTED_EDGE('',*,*,#1854,.F.);
#1854 = EDGE_CURVE('',#1855,#1855,#1857,.T.);
#1855 = VERTEX_POINT('',#1856);
#1856 = CARTESIAN_POINT('',(637.03571428571,238.7770940752,
    39.539540969223));
#1857 = SURFACE_CURVE('',#1858,(#1863,#1874),.PCURVE_S1.);
#1858 = CIRCLE('',#1859,2.25);
#1859 = AXIS2_PLACEMENT_3D('',#1860,#1861,#1862);
#1860 = CARTESIAN_POINT('',(639.28571428571,238.7770940752,
    39.539540969223));
#1861 = DIRECTION('',(0.,0.216409655053,-0.976302648363));
#1862 = DIRECTION('',(-1.,-0.,-0.));
#1863 = PCURVE('',#587,#1864);
#1864 = DEFINITIONAL_REPRESENTATION('',(#1865),#1873);
#1865 = ( BOUNDED_CURVE() B_SPLINE_CURVE(2,(#1866,#1867,#1868,#1869,
#1870,#1871,#1872),.UNSPECIFIED.,.T.,.F.) B_SPLINE_CURVE_WITH_KNOTS((1,2
    ,2,2,2,1),(-2.094395102393,0.,2.094395102393,4.188790204786,
6.28318530718,8.377580409573),.UNSPECIFIED.) CURVE() 
GEOMETRIC_REPRESENTATION_ITEM() RATIONAL_B_SPLINE_CURVE((1.,0.5,1.,0.5,
1.,0.5,1.)) REPRESENTATION_ITEM('') );
#1866 = CARTESIAN_POINT('',(30.,-70.89285714285));
#1867 = CARTESIAN_POINT('',(26.10288568297,-70.89285714285));
#1868 = CARTESIAN_POINT('',(28.051442841485,-67.51785714285));
#1869 = CARTESIAN_POINT('',(30.,-64.14285714285));
#1870 = CARTESIAN_POINT('',(31.948557158515,-67.51785714285));
#1871 = CARTESIAN_POINT('',(33.89711431703,-70.89285714285));
#1872 = CARTESIAN_POINT('',(30.,-70.89285714285));
#1873 = ( GEOMETRIC_REPRESENTATION_CONTEXT(2) 
PARAMETRIC_REPRESENTATION_CONTEXT() REPRESENTATION_CONTEXT('2D SPACE',''
  ) );
#1874 = PCURVE('',#1875,#1880);
#1875 = CYLINDRICAL_SURFACE('',#1876,2.25);
#1876 = AXIS2_PLACEMENT_3D('',#1877,#1878,#1879);
#1877 = CARTESIAN_POINT('',(639.28571428571,238.7770940752,
    39.539540969223));
#1878 = DIRECTION('',(-0.,0.216409655053,-0.976302648363));
#1879 = DIRECTION('',(-1.,-0.,-0.));
#1880 = DEFINITIONAL_REPRESENTATION('',(#1881),#1885);
#1881 = LINE('',#1882,#1883);
#1882 = CARTESIAN_POINT('',(0.,0.));
#1883 = VECTOR('',#1884,1.);
#1884 = DIRECTION('',(1.,0.));
#1885 = ( GEOMETRIC_REPRESENTATION_CONTEXT(2) 
PARAMETRIC_REPRESENTATION_CONTEXT() REPRESENTATION_CONTEXT('2D SPACE',''
  ) );
#1886 = FACE_BOUND('',#1887,.T.);
#1887 = EDGE_LOOP('',(#1888));
#1888 = ORIENTED_EDGE('',*,*,#1889,.F.);
#1889 = EDGE_CURVE('',#1890,#1890,#1892,.T.);
#1890 = VERTEX_POINT('',#1891);
#1891 = CARTESIAN_POINT('',(637.03571428571,297.35525297696,
    52.524120272384));
#1892 = SURFACE_CURVE('',#1893,(#1898,#1909),.PCURVE_S1.);
#1893 = CIRCLE('',#1894,2.25);
#1894 = AXIS2_PLACEMENT_3D('',#1895,#1896,#1897);
#1895 = CARTESIAN_POINT('',(639.28571428571,297.35525297696,
    52.524120272384));
#1896 = DIRECTION('',(0.,0.216409655053,-0.976302648363));
#1897 = DIRECTION('',(-1.,-0.,-0.));
#1898 = PCURVE('',#587,#1899);
#1899 = DEFINITIONAL_REPRESENTATION('',(#1900),#1908);
#1900 = ( BOUNDED_CURVE() B_SPLINE_CURVE(2,(#1901,#1902,#1903,#1904,
#1905,#1906,#1907),.UNSPECIFIED.,.T.,.F.) B_SPLINE_CURVE_WITH_KNOTS((1,2
    ,2,2,2,1),(-2.094395102393,0.,2.094395102393,4.188790204786,
6.28318530718,8.377580409573),.UNSPECIFIED.) CURVE() 
GEOMETRIC_REPRESENTATION_ITEM() RATIONAL_B_SPLINE_CURVE((1.,0.5,1.,0.5,
1.,0.5,1.)) REPRESENTATION_ITEM('') );
#1901 = CARTESIAN_POINT('',(-30.,-70.89285714285));
#1902 = CARTESIAN_POINT('',(-33.89711431703,-70.89285714285));
#1903 = CARTESIAN_POINT('',(-31.94855715851,-67.51785714285));
#1904 = CARTESIAN_POINT('',(-30.,-64.14285714285));
#1905 = CARTESIAN_POINT('',(-28.05144284148,-67.51785714285));
#1906 = CARTESIAN_POINT('',(-26.10288568297,-70.89285714285));
#1907 = CARTESIAN_POINT('',(-30.,-70.89285714285));
#1908 = ( GEOMETRIC_REPRESENTATION_CONTEXT(2) 
PARAMETRIC_REPRESENTATION_CONTEXT() REPRESENTATION_CONTEXT('2D SPACE',''
  ) );
#1909 = PCURVE('',#1910,#1915);
#1910 = CYLINDRICAL_SURFACE('',#1911,2.25);
#1911 = AXIS2_PLACEMENT_3D('',#1912,#1913,#1914);
#1912 = CARTESIAN_POINT('',(639.28571428571,297.35525297696,
    52.524120272384));
#1913 = DIRECTION('',(-0.,0.216409655053,-0.976302648363));
#1914 = DIRECTION('',(-1.,-0.,-0.));
#1915 = DEFINITIONAL_REPRESENTATION('',(#1916),#1920);
#1916 = LINE('',#1917,#1918);
#1917 = CARTESIAN_POINT('',(0.,0.));
#1918 = VECTOR('',#1919,1.);
#1919 = DIRECTION('',(1.,0.));
#1920 = ( GEOMETRIC_REPRESENTATION_CONTEXT(2) 
PARAMETRIC_REPRESENTATION_CONTEXT() REPRESENTATION_CONTEXT('2D SPACE',''
  ) );
#1921 = FACE_BOUND('',#1922,.T.);
#1922 = EDGE_LOOP('',(#1923));
#1923 = ORIENTED_EDGE('',*,*,#1924,.F.);
#1924 = EDGE_CURVE('',#1925,#1925,#1927,.T.);
#1925 = VERTEX_POINT('',#1926);
#1926 = CARTESIAN_POINT('',(658.13571428571,242.16415109683,
    40.290324389636));
#1927 = SURFACE_CURVE('',#1928,(#1933,#1944),.PCURVE_S1.);
#1928 = CIRCLE('',#1929,4.65);
#1929 = AXIS2_PLACEMENT_3D('',#1930,#1931,#1932);
#1930 = CARTESIAN_POINT('',(662.78571428571,242.16415109683,
    40.290324389636));
#1931 = DIRECTION('',(0.,0.216409655053,-0.976302648363));
#1932 = DIRECTION('',(-1.,-0.,-0.));
#1933 = PCURVE('',#587,#1934);
#1934 = DEFINITIONAL_REPRESENTATION('',(#1935),#1943);
#1935 = ( BOUNDED_CURVE() B_SPLINE_CURVE(2,(#1936,#1937,#1938,#1939,
#1940,#1941,#1942),.UNSPECIFIED.,.T.,.F.) B_SPLINE_CURVE_WITH_KNOTS((1,2
    ,2,2,2,1),(-2.094395102393,0.,2.094395102393,4.188790204786,
6.28318530718,8.377580409573),.UNSPECIFIED.) CURVE() 
GEOMETRIC_REPRESENTATION_ITEM() RATIONAL_B_SPLINE_CURVE((1.,0.5,1.,0.5,
1.,0.5,1.)) REPRESENTATION_ITEM('') );
#1936 = CARTESIAN_POINT('',(26.530730478589,-49.79285714285));
#1937 = CARTESIAN_POINT('',(18.476694223394,-49.79285714285));
#1938 = CARTESIAN_POINT('',(22.503712350992,-42.81785714285));
#1939 = CARTESIAN_POINT('',(26.530730478589,-35.84285714285));
#1940 = CARTESIAN_POINT('',(30.557748606187,-42.81785714285));
#1941 = CARTESIAN_POINT('',(34.584766733785,-49.79285714285));
#1942 = CARTESIAN_POINT('',(26.530730478589,-49.79285714285));
#1943 = ( GEOMETRIC_REPRESENTATION_CONTEXT(2) 
PARAMETRIC_REPRESENTATION_CONTEXT() REPRESENTATION_CONTEXT('2D SPACE',''
  ) );
#1944 = PCURVE('',#1945,#1950);
#1945 = CYLINDRICAL_SURFACE('',#1946,4.65);
#1946 = AXIS2_PLACEMENT_3D('',#1947,#1948,#1949);
#1947 = CARTESIAN_POINT('',(662.78571428571,239.89184971878,
    50.541502197444));
#1948 = DIRECTION('',(-0.,-0.216409655053,0.976302648363));
#1949 = DIRECTION('',(-1.,-0.,-0.));
#1950 = DEFINITIONAL_REPRESENTATION('',(#1951),#1955);
#1951 = LINE('',#1952,#1953);
#1952 = CARTESIAN_POINT('',(-0.,-10.5));
#1953 = VECTOR('',#1954,1.);
#1954 = DIRECTION('',(-1.,0.));
#1955 = ( GEOMETRIC_REPRESENTATION_CONTEXT(2) 
PARAMETRIC_REPRESENTATION_CONTEXT() REPRESENTATION_CONTEXT('2D SPACE',''
  ) );
#1956 = ADVANCED_FACE('',(#1957),#559,.T.);
#1957 = FACE_BOUND('',#1958,.F.);
#1958 = EDGE_LOOP('',(#1959,#1960,#1983,#2004));
#1959 = ORIENTED_EDGE('',*,*,#1808,.F.);
#1960 = ORIENTED_EDGE('',*,*,#1961,.T.);
#1961 = EDGE_CURVE('',#1809,#1962,#1964,.T.);
#1962 = VERTEX_POINT('',#1963);
#1963 = CARTESIAN_POINT('',(625.28571428571,227.37869917555,
    21.648856417992));
#1964 = SURFACE_CURVE('',#1965,(#1969,#1976),.PCURVE_S1.);
#1965 = LINE('',#1966,#1967);
#1966 = CARTESIAN_POINT('',(625.28571428571,224.13255434976,
    36.293396143432));
#1967 = VECTOR('',#1968,1.);
#1968 = DIRECTION('',(-0.,0.216409655053,-0.976302648363));
#1969 = PCURVE('',#559,#1970);
#1970 = DEFINITIONAL_REPRESENTATION('',(#1971),#1975);
#1971 = LINE('',#1972,#1973);
#1972 = CARTESIAN_POINT('',(-0.,0.));
#1973 = VECTOR('',#1974,1.);
#1974 = DIRECTION('',(-0.,-1.));
#1975 = ( GEOMETRIC_REPRESENTATION_CONTEXT(2) 
PARAMETRIC_REPRESENTATION_CONTEXT() REPRESENTATION_CONTEXT('2D SPACE',''
  ) );
#1976 = PCURVE('',#1716,#1977);
#1977 = DEFINITIONAL_REPRESENTATION('',(#1978),#1982);
#1978 = LINE('',#1979,#1980);
#1979 = CARTESIAN_POINT('',(-10.,-10.));
#1980 = VECTOR('',#1981,1.);
#1981 = DIRECTION('',(-1.057526724829E-17,-1.));
#1982 = ( GEOMETRIC_REPRESENTATION_CONTEXT(2) 
PARAMETRIC_REPRESENTATION_CONTEXT() REPRESENTATION_CONTEXT('2D SPACE',''
  ) );
#1983 = ORIENTED_EDGE('',*,*,#1984,.T.);
#1984 = EDGE_CURVE('',#1962,#516,#1985,.T.);
#1985 = SURFACE_CURVE('',#1986,(#1990,#1997),.PCURVE_S1.);
#1986 = LINE('',#1987,#1988);
#1987 = CARTESIAN_POINT('',(625.28571428571,227.37869917555,
    21.648856417992));
#1988 = VECTOR('',#1989,1.);
#1989 = DIRECTION('',(1.,-0.,-0.));
#1990 = PCURVE('',#559,#1991);
#1991 = DEFINITIONAL_REPRESENTATION('',(#1992),#1996);
#1992 = LINE('',#1993,#1994);
#1993 = CARTESIAN_POINT('',(-0.,-15.));
#1994 = VECTOR('',#1995,1.);
#1995 = DIRECTION('',(-1.,0.));
#1996 = ( GEOMETRIC_REPRESENTATION_CONTEXT(2) 
PARAMETRIC_REPRESENTATION_CONTEXT() REPRESENTATION_CONTEXT('2D SPACE',''
  ) );
#1997 = PCURVE('',#531,#1998);
#1998 = DEFINITIONAL_REPRESENTATION('',(#1999),#2003);
#1999 = LINE('',#2000,#2001);
#2000 = CARTESIAN_POINT('',(-5.,-82.64285714285));
#2001 = VECTOR('',#2002,1.);
#2002 = DIRECTION('',(-0.,1.));
#2003 = ( GEOMETRIC_REPRESENTATION_CONTEXT(2) 
PARAMETRIC_REPRESENTATION_CONTEXT() REPRESENTATION_CONTEXT('2D SPACE',''
  ) );
#2004 = ORIENTED_EDGE('',*,*,#543,.F.);
#2005 = ADVANCED_FACE('',(#2006),#531,.F.);
#2006 = FACE_BOUND('',#2007,.T.);
#2007 = EDGE_LOOP('',(#2008,#2009,#2032,#2053));
#2008 = ORIENTED_EDGE('',*,*,#515,.F.);
#2009 = ORIENTED_EDGE('',*,*,#2010,.T.);
#2010 = EDGE_CURVE('',#488,#2011,#2013,.T.);
#2011 = VERTEX_POINT('',#2012);
#2012 = CARTESIAN_POINT('',(625.28571428571,217.61567269192,
    19.484759867465));
#2013 = SURFACE_CURVE('',#2014,(#2018,#2025),.PCURVE_S1.);
#2014 = LINE('',#2015,#2016);
#2015 = CARTESIAN_POINT('',(790.57142857142,217.61567269192,
    19.484759867465));
#2016 = VECTOR('',#2017,1.);
#2017 = DIRECTION('',(-1.,-0.,-0.));
#2018 = PCURVE('',#531,#2019);
#2019 = DEFINITIONAL_REPRESENTATION('',(#2020),#2024);
#2020 = LINE('',#2021,#2022);
#2021 = CARTESIAN_POINT('',(5.,82.642857142857));
#2022 = VECTOR('',#2023,1.);
#2023 = DIRECTION('',(-0.,-1.));
#2024 = ( GEOMETRIC_REPRESENTATION_CONTEXT(2) 
PARAMETRIC_REPRESENTATION_CONTEXT() REPRESENTATION_CONTEXT('2D SPACE',''
  ) );
#2025 = PCURVE('',#503,#2026);
#2026 = DEFINITIONAL_REPRESENTATION('',(#2027),#2031);
#2027 = LINE('',#2028,#2029);
#2028 = CARTESIAN_POINT('',(-0.,-25.));
#2029 = VECTOR('',#2030,1.);
#2030 = DIRECTION('',(-1.,0.));
#2031 = ( GEOMETRIC_REPRESENTATION_CONTEXT(2) 
PARAMETRIC_REPRESENTATION_CONTEXT() REPRESENTATION_CONTEXT('2D SPACE',''
  ) );
#2032 = ORIENTED_EDGE('',*,*,#2033,.T.);
#2033 = EDGE_CURVE('',#2011,#1962,#2034,.T.);
#2034 = SURFACE_CURVE('',#2035,(#2039,#2046),.PCURVE_S1.);
#2035 = LINE('',#2036,#2037);
#2036 = CARTESIAN_POINT('',(625.28571428571,217.61567269192,
    19.484759867465));
#2037 = VECTOR('',#2038,1.);
#2038 = DIRECTION('',(-0.,0.976302648363,0.216409655053));
#2039 = PCURVE('',#531,#2040);
#2040 = DEFINITIONAL_REPRESENTATION('',(#2041),#2045);
#2041 = LINE('',#2042,#2043);
#2042 = CARTESIAN_POINT('',(5.,-82.64285714285));
#2043 = VECTOR('',#2044,1.);
#2044 = DIRECTION('',(-1.,0.));
#2045 = ( GEOMETRIC_REPRESENTATION_CONTEXT(2) 
PARAMETRIC_REPRESENTATION_CONTEXT() REPRESENTATION_CONTEXT('2D SPACE',''
  ) );
#2046 = PCURVE('',#1716,#2047);
#2047 = DEFINITIONAL_REPRESENTATION('',(#2048),#2052);
#2048 = LINE('',#2049,#2050);
#2049 = CARTESIAN_POINT('',(-4.230606935828E-14,-25.));
#2050 = VECTOR('',#2051,1.);
#2051 = DIRECTION('',(-1.,-1.057526724829E-17));
#2052 = ( GEOMETRIC_REPRESENTATION_CONTEXT(2) 
PARAMETRIC_REPRESENTATION_CONTEXT() REPRESENTATION_CONTEXT('2D SPACE',''
  ) );
#2053 = ORIENTED_EDGE('',*,*,#1984,.T.);
#2054 = ADVANCED_FACE('',(#2055),#503,.T.);
#2055 = FACE_BOUND('',#2056,.F.);
#2056 = EDGE_LOOP('',(#2057,#2087,#2110,#2131,#2132,#2133));
#2057 = ORIENTED_EDGE('',*,*,#2058,.F.);
#2058 = EDGE_CURVE('',#2059,#2061,#2063,.T.);
#2059 = VERTEX_POINT('',#2060);
#2060 = CARTESIAN_POINT('',(790.57142857142,212.2054313156,
    43.892326076532));
#2061 = VERTEX_POINT('',#2062);
#2062 = CARTESIAN_POINT('',(625.28571428571,212.2054313156,
    43.892326076532));
#2063 = SURFACE_CURVE('',#2064,(#2068,#2075),.PCURVE_S1.);
#2064 = LINE('',#2065,#2066);
#2065 = CARTESIAN_POINT('',(790.57142857142,212.2054313156,
    43.892326076532));
#2066 = VECTOR('',#2067,1.);
#2067 = DIRECTION('',(-1.,-0.,-0.));
#2068 = PCURVE('',#503,#2069);
#2069 = DEFINITIONAL_REPRESENTATION('',(#2070),#2074);
#2070 = LINE('',#2071,#2072);
#2071 = CARTESIAN_POINT('',(0.,-0.));
#2072 = VECTOR('',#2073,1.);
#2073 = DIRECTION('',(-1.,0.));
#2074 = ( GEOMETRIC_REPRESENTATION_CONTEXT(2) 
PARAMETRIC_REPRESENTATION_CONTEXT() REPRESENTATION_CONTEXT('2D SPACE',''
  ) );
#2075 = PCURVE('',#2076,#2081);
#2076 = PLANE('',#2077);
#2077 = AXIS2_PLACEMENT_3D('',#2078,#2079,#2080);
#2078 = CARTESIAN_POINT('',(707.92857142857,265.90207697555,
    55.79485710443));
#2079 = DIRECTION('',(-0.,-0.216409655053,0.976302648363));
#2080 = DIRECTION('',(0.,-0.976302648363,-0.216409655053));
#2081 = DEFINITIONAL_REPRESENTATION('',(#2082),#2086);
#2082 = LINE('',#2083,#2084);
#2083 = CARTESIAN_POINT('',(55.,82.642857142857));
#2084 = VECTOR('',#2085,1.);
#2085 = DIRECTION('',(-0.,-1.));
#2086 = ( GEOMETRIC_REPRESENTATION_CONTEXT(2) 
PARAMETRIC_REPRESENTATION_CONTEXT() REPRESENTATION_CONTEXT('2D SPACE',''
  ) );
#2087 = ORIENTED_EDGE('',*,*,#2088,.T.);
#2088 = EDGE_CURVE('',#2059,#2089,#2091,.T.);
#2089 = VERTEX_POINT('',#2090);
#2090 = CARTESIAN_POINT('',(790.57142857142,214.36952786613,
    34.129299592906));
#2091 = SURFACE_CURVE('',#2092,(#2096,#2103),.PCURVE_S1.);
#2092 = LINE('',#2093,#2094);
#2093 = CARTESIAN_POINT('',(790.57142857142,212.2054313156,
    43.892326076532));
#2094 = VECTOR('',#2095,1.);
#2095 = DIRECTION('',(-0.,0.216409655053,-0.976302648363));
#2096 = PCURVE('',#503,#2097);
#2097 = DEFINITIONAL_REPRESENTATION('',(#2098),#2102);
#2098 = LINE('',#2099,#2100);
#2099 = CARTESIAN_POINT('',(0.,-0.));
#2100 = VECTOR('',#2101,1.);
#2101 = DIRECTION('',(-0.,-1.));
#2102 = ( GEOMETRIC_REPRESENTATION_CONTEXT(2) 
PARAMETRIC_REPRESENTATION_CONTEXT() REPRESENTATION_CONTEXT('2D SPACE',''
  ) );
#2103 = PCURVE('',#1553,#2104);
#2104 = DEFINITIONAL_REPRESENTATION('',(#2105),#2109);
#2105 = LINE('',#2106,#2107);
#2106 = CARTESIAN_POINT('',(-108.6966456599,-40.89232607653));
#2107 = VECTOR('',#2108,1.);
#2108 = DIRECTION('',(0.216409655053,0.976302648363));
#2109 = ( GEOMETRIC_REPRESENTATION_CONTEXT(2) 
PARAMETRIC_REPRESENTATION_CONTEXT() REPRESENTATION_CONTEXT('2D SPACE',''
  ) );
#2110 = ORIENTED_EDGE('',*,*,#2111,.T.);
#2111 = EDGE_CURVE('',#2089,#460,#2112,.T.);
#2112 = SURFACE_CURVE('',#2113,(#2117,#2124),.PCURVE_S1.);
#2113 = LINE('',#2114,#2115);
#2114 = CARTESIAN_POINT('',(780.57142857142,214.36952786613,
    34.129299592906));
#2115 = VECTOR('',#2116,1.);
#2116 = DIRECTION('',(-1.,-0.,-0.));
#2117 = PCURVE('',#503,#2118);
#2118 = DEFINITIONAL_REPRESENTATION('',(#2119),#2123);
#2119 = LINE('',#2120,#2121);
#2120 = CARTESIAN_POINT('',(-10.,-10.));
#2121 = VECTOR('',#2122,1.);
#2122 = DIRECTION('',(-1.,0.));
#2123 = ( GEOMETRIC_REPRESENTATION_CONTEXT(2) 
PARAMETRIC_REPRESENTATION_CONTEXT() REPRESENTATION_CONTEXT('2D SPACE',''
  ) );
#2124 = PCURVE('',#475,#2125);
#2125 = DEFINITIONAL_REPRESENTATION('',(#2126),#2130);
#2126 = LINE('',#2127,#2128);
#2127 = CARTESIAN_POINT('',(55.,10.));
#2128 = VECTOR('',#2129,1.);
#2129 = DIRECTION('',(-0.,-1.));
#2130 = ( GEOMETRIC_REPRESENTATION_CONTEXT(2) 
PARAMETRIC_REPRESENTATION_CONTEXT() REPRESENTATION_CONTEXT('2D SPACE',''
  ) );
#2131 = ORIENTED_EDGE('',*,*,#487,.F.);
#2132 = ORIENTED_EDGE('',*,*,#2010,.T.);
#2133 = ORIENTED_EDGE('',*,*,#2134,.T.);
#2134 = EDGE_CURVE('',#2011,#2061,#2135,.T.);
#2135 = SURFACE_CURVE('',#2136,(#2140,#2147),.PCURVE_S1.);
#2136 = LINE('',#2137,#2138);
#2137 = CARTESIAN_POINT('',(625.28571428571,217.61567269192,
    19.484759867465));
#2138 = VECTOR('',#2139,1.);
#2139 = DIRECTION('',(-0.,-0.216409655053,0.976302648363));
#2140 = PCURVE('',#503,#2141);
#2141 = DEFINITIONAL_REPRESENTATION('',(#2142),#2146);
#2142 = LINE('',#2143,#2144);
#2143 = CARTESIAN_POINT('',(-165.2857142857,-25.));
#2144 = VECTOR('',#2145,1.);
#2145 = DIRECTION('',(-0.,1.));
#2146 = ( GEOMETRIC_REPRESENTATION_CONTEXT(2) 
PARAMETRIC_REPRESENTATION_CONTEXT() REPRESENTATION_CONTEXT('2D SPACE',''
  ) );
#2147 = PCURVE('',#1716,#2148);
#2148 = DEFINITIONAL_REPRESENTATION('',(#2149),#2153);
#2149 = LINE('',#2150,#2151);
#2150 = CARTESIAN_POINT('',(-4.230606935828E-14,-25.));
#2151 = VECTOR('',#2152,1.);
#2152 = DIRECTION('',(1.720233123108E-15,1.));
#2153 = ( GEOMETRIC_REPRESENTATION_CONTEXT(2) 
PARAMETRIC_REPRESENTATION_CONTEXT() REPRESENTATION_CONTEXT('2D SPACE',''
  ) );
#2154 = ADVANCED_FACE('',(#2155),#475,.T.);
#2155 = FACE_BOUND('',#2156,.F.);
#2156 = EDGE_LOOP('',(#2157,#2158,#2181,#2202));
#2157 = ORIENTED_EDGE('',*,*,#2111,.F.);
#2158 = ORIENTED_EDGE('',*,*,#2159,.T.);
#2159 = EDGE_CURVE('',#2089,#2160,#2162,.T.);
#2160 = VERTEX_POINT('',#2161);
#2161 = CARTESIAN_POINT('',(790.57142857142,210.90207697555,
    33.360695869049));
#2162 = SURFACE_CURVE('',#2163,(#2167,#2174),.PCURVE_S1.);
#2163 = LINE('',#2164,#2165);
#2164 = CARTESIAN_POINT('',(790.57142857142,288.70097867687,
    50.605792467831));
#2165 = VECTOR('',#2166,1.);
#2166 = DIRECTION('',(-0.,-0.976302648363,-0.216409655053));
#2167 = PCURVE('',#475,#2168);
#2168 = DEFINITIONAL_REPRESENTATION('',(#2169),#2173);
#2169 = LINE('',#2170,#2171);
#2170 = CARTESIAN_POINT('',(-21.13566442271,20.));
#2171 = VECTOR('',#2172,1.);
#2172 = DIRECTION('',(1.,-0.));
#2173 = ( GEOMETRIC_REPRESENTATION_CONTEXT(2) 
PARAMETRIC_REPRESENTATION_CONTEXT() REPRESENTATION_CONTEXT('2D SPACE',''
  ) );
#2174 = PCURVE('',#1553,#2175);
#2175 = DEFINITIONAL_REPRESENTATION('',(#2176),#2180);
#2176 = LINE('',#2177,#2178);
#2177 = CARTESIAN_POINT('',(-32.20109829867,-47.60579246783));
#2178 = VECTOR('',#2179,1.);
#2179 = DIRECTION('',(-0.976302648363,0.216409655053));
#2180 = ( GEOMETRIC_REPRESENTATION_CONTEXT(2) 
PARAMETRIC_REPRESENTATION_CONTEXT() REPRESENTATION_CONTEXT('2D SPACE',''
  ) );
#2181 = ORIENTED_EDGE('',*,*,#2182,.T.);
#2182 = EDGE_CURVE('',#2160,#432,#2183,.T.);
#2183 = SURFACE_CURVE('',#2184,(#2188,#2195),.PCURVE_S1.);
#2184 = LINE('',#2185,#2186);
#2185 = CARTESIAN_POINT('',(780.57142857142,210.90207697555,
    33.360695869049));
#2186 = VECTOR('',#2187,1.);
#2187 = DIRECTION('',(-1.,-0.,-0.));
#2188 = PCURVE('',#475,#2189);
#2189 = DEFINITIONAL_REPRESENTATION('',(#2190),#2194);
#2190 = LINE('',#2191,#2192);
#2191 = CARTESIAN_POINT('',(58.551614754292,10.));
#2192 = VECTOR('',#2193,1.);
#2193 = DIRECTION('',(-0.,-1.));
#2194 = ( GEOMETRIC_REPRESENTATION_CONTEXT(2) 
PARAMETRIC_REPRESENTATION_CONTEXT() REPRESENTATION_CONTEXT('2D SPACE',''
  ) );
#2195 = PCURVE('',#447,#2196);
#2196 = DEFINITIONAL_REPRESENTATION('',(#2197),#2201);
#2197 = LINE('',#2198,#2199);
#2198 = CARTESIAN_POINT('',(-10.,-30.36069586904));
#2199 = VECTOR('',#2200,1.);
#2200 = DIRECTION('',(-1.,0.));
#2201 = ( GEOMETRIC_REPRESENTATION_CONTEXT(2) 
PARAMETRIC_REPRESENTATION_CONTEXT() REPRESENTATION_CONTEXT('2D SPACE',''
  ) );
#2202 = ORIENTED_EDGE('',*,*,#459,.T.);
#2203 = ADVANCED_FACE('',(#2204),#447,.F.);
#2204 = FACE_BOUND('',#2205,.T.);
#2205 = EDGE_LOOP('',(#2206,#2207,#2228,#2229));
#2206 = ORIENTED_EDGE('',*,*,#1514,.F.);
#2207 = ORIENTED_EDGE('',*,*,#2208,.T.);
#2208 = EDGE_CURVE('',#1515,#2160,#2209,.T.);
#2209 = SURFACE_CURVE('',#2210,(#2214,#2221),.PCURVE_S1.);
#2210 = LINE('',#2211,#2212);
#2211 = CARTESIAN_POINT('',(790.57142857142,210.90207697555,3.));
#2212 = VECTOR('',#2213,1.);
#2213 = DIRECTION('',(-0.,-0.,1.));
#2214 = PCURVE('',#447,#2215);
#2215 = DEFINITIONAL_REPRESENTATION('',(#2216),#2220);
#2216 = LINE('',#2217,#2218);
#2217 = CARTESIAN_POINT('',(-0.,-0.));
#2218 = VECTOR('',#2219,1.);
#2219 = DIRECTION('',(-0.,-1.));
#2220 = ( GEOMETRIC_REPRESENTATION_CONTEXT(2) 
PARAMETRIC_REPRESENTATION_CONTEXT() REPRESENTATION_CONTEXT('2D SPACE',''
  ) );
#2221 = PCURVE('',#1553,#2222);
#2222 = DEFINITIONAL_REPRESENTATION('',(#2223),#2227);
#2223 = LINE('',#2224,#2225);
#2224 = CARTESIAN_POINT('',(-110.,0.));
#2225 = VECTOR('',#2226,1.);
#2226 = DIRECTION('',(-0.,-1.));
#2227 = ( GEOMETRIC_REPRESENTATION_CONTEXT(2) 
PARAMETRIC_REPRESENTATION_CONTEXT() REPRESENTATION_CONTEXT('2D SPACE',''
  ) );
#2228 = ORIENTED_EDGE('',*,*,#2182,.T.);
#2229 = ORIENTED_EDGE('',*,*,#431,.F.);
#2230 = ADVANCED_FACE('',(#2231),#895,.T.);
#2231 = FACE_BOUND('',#2232,.F.);
#2232 = EDGE_LOOP('',(#2233,#2234,#2255,#2256));
#2233 = ORIENTED_EDGE('',*,*,#1095,.T.);
#2234 = ORIENTED_EDGE('',*,*,#2235,.T.);
#2235 = EDGE_CURVE('',#1068,#1172,#2236,.T.);
#2236 = SURFACE_CURVE('',#2237,(#2241,#2248),.PCURVE_S1.);
#2237 = LINE('',#2238,#2239);
#2238 = CARTESIAN_POINT('',(790.57142857142,217.61567269192,
    19.484759867465));
#2239 = VECTOR('',#2240,1.);
#2240 = DIRECTION('',(-1.,-0.,-0.));
#2241 = PCURVE('',#895,#2242);
#2242 = DEFINITIONAL_REPRESENTATION('',(#2243),#2247);
#2243 = LINE('',#2244,#2245);
#2244 = CARTESIAN_POINT('',(-0.,-25.));
#2245 = VECTOR('',#2246,1.);
#2246 = DIRECTION('',(-1.,0.));
#2247 = ( GEOMETRIC_REPRESENTATION_CONTEXT(2) 
PARAMETRIC_REPRESENTATION_CONTEXT() REPRESENTATION_CONTEXT('2D SPACE',''
  ) );
#2248 = PCURVE('',#1083,#2249);
#2249 = DEFINITIONAL_REPRESENTATION('',(#2250),#2254);
#2250 = LINE('',#2251,#2252);
#2251 = CARTESIAN_POINT('',(5.,82.642857142857));
#2252 = VECTOR('',#2253,1.);
#2253 = DIRECTION('',(-0.,-1.));
#2254 = ( GEOMETRIC_REPRESENTATION_CONTEXT(2) 
PARAMETRIC_REPRESENTATION_CONTEXT() REPRESENTATION_CONTEXT('2D SPACE',''
  ) );
#2255 = ORIENTED_EDGE('',*,*,#1171,.T.);
#2256 = ORIENTED_EDGE('',*,*,#879,.T.);
#2257 = ADVANCED_FACE('',(#2258),#1083,.F.);
#2258 = FACE_BOUND('',#2259,.T.);
#2259 = EDGE_LOOP('',(#2260,#2261,#2262,#2263));
#2260 = ORIENTED_EDGE('',*,*,#1067,.T.);
#2261 = ORIENTED_EDGE('',*,*,#2235,.T.);
#2262 = ORIENTED_EDGE('',*,*,#1194,.T.);
#2263 = ORIENTED_EDGE('',*,*,#2264,.T.);
#2264 = EDGE_CURVE('',#1195,#1040,#2265,.T.);
#2265 = SURFACE_CURVE('',#2266,(#2270,#2277),.PCURVE_S1.);
#2266 = LINE('',#2267,#2268);
#2267 = CARTESIAN_POINT('',(625.28571428571,227.37869917555,
    21.648856417992));
#2268 = VECTOR('',#2269,1.);
#2269 = DIRECTION('',(1.,-0.,-0.));
#2270 = PCURVE('',#1083,#2271);
#2271 = DEFINITIONAL_REPRESENTATION('',(#2272),#2276);
#2272 = LINE('',#2273,#2274);
#2273 = CARTESIAN_POINT('',(-5.,-82.64285714285));
#2274 = VECTOR('',#2275,1.);
#2275 = DIRECTION('',(-0.,1.));
#2276 = ( GEOMETRIC_REPRESENTATION_CONTEXT(2) 
PARAMETRIC_REPRESENTATION_CONTEXT() REPRESENTATION_CONTEXT('2D SPACE',''
  ) );
#2277 = PCURVE('',#1055,#2278);
#2278 = DEFINITIONAL_REPRESENTATION('',(#2279),#2283);
#2279 = LINE('',#2280,#2281);
#2280 = CARTESIAN_POINT('',(-0.,-15.));
#2281 = VECTOR('',#2282,1.);
#2282 = DIRECTION('',(-1.,0.));
#2283 = ( GEOMETRIC_REPRESENTATION_CONTEXT(2) 
PARAMETRIC_REPRESENTATION_CONTEXT() REPRESENTATION_CONTEXT('2D SPACE',''
  ) );
#2284 = ADVANCED_FACE('',(#2285),#1055,.T.);
#2285 = FACE_BOUND('',#2286,.F.);
#2286 = EDGE_LOOP('',(#2287,#2308,#2309,#2310));
#2287 = ORIENTED_EDGE('',*,*,#2288,.F.);
#2288 = EDGE_CURVE('',#1218,#1012,#2289,.T.);
#2289 = SURFACE_CURVE('',#2290,(#2294,#2301),.PCURVE_S1.);
#2290 = LINE('',#2291,#2292);
#2291 = CARTESIAN_POINT('',(625.28571428571,224.13255434976,
    36.293396143432));
#2292 = VECTOR('',#2293,1.);
#2293 = DIRECTION('',(1.,-0.,-0.));
#2294 = PCURVE('',#1055,#2295);
#2295 = DEFINITIONAL_REPRESENTATION('',(#2296),#2300);
#2296 = LINE('',#2297,#2298);
#2297 = CARTESIAN_POINT('',(-0.,0.));
#2298 = VECTOR('',#2299,1.);
#2299 = DIRECTION('',(-1.,0.));
#2300 = ( GEOMETRIC_REPRESENTATION_CONTEXT(2) 
PARAMETRIC_REPRESENTATION_CONTEXT() REPRESENTATION_CONTEXT('2D SPACE',''
  ) );
#2301 = PCURVE('',#1027,#2302);
#2302 = DEFINITIONAL_REPRESENTATION('',(#2303),#2307);
#2303 = LINE('',#2304,#2305);
#2304 = CARTESIAN_POINT('',(45.,-82.64285714285));
#2305 = VECTOR('',#2306,1.);
#2306 = DIRECTION('',(-0.,1.));
#2307 = ( GEOMETRIC_REPRESENTATION_CONTEXT(2) 
PARAMETRIC_REPRESENTATION_CONTEXT() REPRESENTATION_CONTEXT('2D SPACE',''
  ) );
#2308 = ORIENTED_EDGE('',*,*,#1217,.T.);
#2309 = ORIENTED_EDGE('',*,*,#2264,.T.);
#2310 = ORIENTED_EDGE('',*,*,#1039,.T.);
#2311 = ADVANCED_FACE('',(#2312),#1027,.F.);
#2312 = FACE_BOUND('',#2313,.T.);
#2313 = EDGE_LOOP('',(#2314,#2335,#2336,#2337));
#2314 = ORIENTED_EDGE('',*,*,#2315,.F.);
#2315 = EDGE_CURVE('',#984,#1241,#2316,.T.);
#2316 = SURFACE_CURVE('',#2317,(#2321,#2328),.PCURVE_S1.);
#2317 = LINE('',#2318,#2319);
#2318 = CARTESIAN_POINT('',(790.57142857142,311.9997927024,
    55.770265098174));
#2319 = VECTOR('',#2320,1.);
#2320 = DIRECTION('',(-1.,-0.,-0.));
#2321 = PCURVE('',#1027,#2322);
#2322 = DEFINITIONAL_REPRESENTATION('',(#2323),#2327);
#2323 = LINE('',#2324,#2325);
#2324 = CARTESIAN_POINT('',(-45.,82.642857142857));
#2325 = VECTOR('',#2326,1.);
#2326 = DIRECTION('',(-0.,-1.));
#2327 = ( GEOMETRIC_REPRESENTATION_CONTEXT(2) 
PARAMETRIC_REPRESENTATION_CONTEXT() REPRESENTATION_CONTEXT('2D SPACE',''
  ) );
#2328 = PCURVE('',#999,#2329);
#2329 = DEFINITIONAL_REPRESENTATION('',(#2330),#2334);
#2330 = LINE('',#2331,#2332);
#2331 = CARTESIAN_POINT('',(0.,-0.));
#2332 = VECTOR('',#2333,1.);
#2333 = DIRECTION('',(-1.,0.));
#2334 = ( GEOMETRIC_REPRESENTATION_CONTEXT(2) 
PARAMETRIC_REPRESENTATION_CONTEXT() REPRESENTATION_CONTEXT('2D SPACE',''
  ) );
#2335 = ORIENTED_EDGE('',*,*,#1011,.T.);
#2336 = ORIENTED_EDGE('',*,*,#2288,.F.);
#2337 = ORIENTED_EDGE('',*,*,#1240,.T.);
#2338 = ADVANCED_FACE('',(#2339),#999,.T.);
#2339 = FACE_BOUND('',#2340,.F.);
#2340 = EDGE_LOOP('',(#2341,#2342,#2343,#2364));
#2341 = ORIENTED_EDGE('',*,*,#2315,.F.);
#2342 = ORIENTED_EDGE('',*,*,#983,.T.);
#2343 = ORIENTED_EDGE('',*,*,#2344,.T.);
#2344 = EDGE_CURVE('',#956,#1264,#2345,.T.);
#2345 = SURFACE_CURVE('',#2346,(#2350,#2357),.PCURVE_S1.);
#2346 = LINE('',#2347,#2348);
#2347 = CARTESIAN_POINT('',(790.57142857142,315.24593752819,
    41.125725372734));
#2348 = VECTOR('',#2349,1.);
#2349 = DIRECTION('',(-1.,-0.,-0.));
#2350 = PCURVE('',#999,#2351);
#2351 = DEFINITIONAL_REPRESENTATION('',(#2352),#2356);
#2352 = LINE('',#2353,#2354);
#2353 = CARTESIAN_POINT('',(-0.,-15.));
#2354 = VECTOR('',#2355,1.);
#2355 = DIRECTION('',(-1.,0.));
#2356 = ( GEOMETRIC_REPRESENTATION_CONTEXT(2) 
PARAMETRIC_REPRESENTATION_CONTEXT() REPRESENTATION_CONTEXT('2D SPACE',''
  ) );
#2357 = PCURVE('',#971,#2358);
#2358 = DEFINITIONAL_REPRESENTATION('',(#2359),#2363);
#2359 = LINE('',#2360,#2361);
#2360 = CARTESIAN_POINT('',(5.,82.642857142857));
#2361 = VECTOR('',#2362,1.);
#2362 = DIRECTION('',(-0.,-1.));
#2363 = ( GEOMETRIC_REPRESENTATION_CONTEXT(2) 
PARAMETRIC_REPRESENTATION_CONTEXT() REPRESENTATION_CONTEXT('2D SPACE',''
  ) );
#2364 = ORIENTED_EDGE('',*,*,#1263,.T.);
#2365 = ADVANCED_FACE('',(#2366),#971,.F.);
#2366 = FACE_BOUND('',#2367,.T.);
#2367 = EDGE_LOOP('',(#2368,#2369,#2370,#2371));
#2368 = ORIENTED_EDGE('',*,*,#955,.T.);
#2369 = ORIENTED_EDGE('',*,*,#2344,.T.);
#2370 = ORIENTED_EDGE('',*,*,#1286,.T.);
#2371 = ORIENTED_EDGE('',*,*,#1144,.T.);
#2372 = ADVANCED_FACE('',(#2373),#1553,.F.);
#2373 = FACE_BOUND('',#2374,.T.);
#2374 = EDGE_LOOP('',(#2375,#2376,#2377,#2378,#2401,#2424,#2452,#2480,
    #2508,#2529,#2530,#2531));
#2375 = ORIENTED_EDGE('',*,*,#1537,.F.);
#2376 = ORIENTED_EDGE('',*,*,#1628,.T.);
#2377 = ORIENTED_EDGE('',*,*,#1652,.F.);
#2378 = ORIENTED_EDGE('',*,*,#2379,.F.);
#2379 = EDGE_CURVE('',#2380,#1653,#2382,.T.);
#2380 = VERTEX_POINT('',#2381);
#2381 = CARTESIAN_POINT('',(790.57142857142,319.5987226355,
    67.697388132328));
#2382 = SURFACE_CURVE('',#2383,(#2387,#2394),.PCURVE_S1.);
#2383 = LINE('',#2384,#2385);
#2384 = CARTESIAN_POINT('',(790.57142857142,319.5987226355,
    67.697388132328));
#2385 = VECTOR('',#2386,1.);
#2386 = DIRECTION('',(-0.,0.216409655053,-0.976302648363));
#2387 = PCURVE('',#1553,#2388);
#2388 = DEFINITIONAL_REPRESENTATION('',(#2389),#2393);
#2389 = LINE('',#2390,#2391);
#2390 = CARTESIAN_POINT('',(-1.303354340053,-64.69738813232));
#2391 = VECTOR('',#2392,1.);
#2392 = DIRECTION('',(0.216409655053,0.976302648363));
#2393 = ( GEOMETRIC_REPRESENTATION_CONTEXT(2) 
PARAMETRIC_REPRESENTATION_CONTEXT() REPRESENTATION_CONTEXT('2D SPACE',''
  ) );
#2394 = PCURVE('',#1742,#2395);
#2395 = DEFINITIONAL_REPRESENTATION('',(#2396),#2400);
#2396 = LINE('',#2397,#2398);
#2397 = CARTESIAN_POINT('',(-165.2857142857,0.));
#2398 = VECTOR('',#2399,1.);
#2399 = DIRECTION('',(-0.,-1.));
#2400 = ( GEOMETRIC_REPRESENTATION_CONTEXT(2) 
PARAMETRIC_REPRESENTATION_CONTEXT() REPRESENTATION_CONTEXT('2D SPACE',''
  ) );
#2401 = ORIENTED_EDGE('',*,*,#2402,.T.);
#2402 = EDGE_CURVE('',#2380,#2403,#2405,.T.);
#2403 = VERTEX_POINT('',#2404);
#2404 = CARTESIAN_POINT('',(790.57142857142,317.64611733877,
    67.264568822222));
#2405 = SURFACE_CURVE('',#2406,(#2410,#2417),.PCURVE_S1.);
#2406 = LINE('',#2407,#2408);
#2407 = CARTESIAN_POINT('',(790.57142857142,319.5987226355,
    67.697388132328));
#2408 = VECTOR('',#2409,1.);
#2409 = DIRECTION('',(-0.,-0.976302648363,-0.216409655053));
#2410 = PCURVE('',#1553,#2411);
#2411 = DEFINITIONAL_REPRESENTATION('',(#2412),#2416);
#2412 = LINE('',#2413,#2414);
#2413 = CARTESIAN_POINT('',(-1.303354340053,-64.69738813232));
#2414 = VECTOR('',#2415,1.);
#2415 = DIRECTION('',(-0.976302648363,0.216409655053));
#2416 = ( GEOMETRIC_REPRESENTATION_CONTEXT(2) 
PARAMETRIC_REPRESENTATION_CONTEXT() REPRESENTATION_CONTEXT('2D SPACE',''
  ) );
#2417 = PCURVE('',#2076,#2418);
#2418 = DEFINITIONAL_REPRESENTATION('',(#2419),#2423);
#2419 = LINE('',#2420,#2421);
#2420 = CARTESIAN_POINT('',(-55.,82.642857142857));
#2421 = VECTOR('',#2422,1.);
#2422 = DIRECTION('',(1.,-0.));
#2423 = ( GEOMETRIC_REPRESENTATION_CONTEXT(2) 
PARAMETRIC_REPRESENTATION_CONTEXT() REPRESENTATION_CONTEXT('2D SPACE',''
  ) );
#2424 = ORIENTED_EDGE('',*,*,#2425,.T.);
#2425 = EDGE_CURVE('',#2403,#2426,#2428,.T.);
#2426 = VERTEX_POINT('',#2427);
#2427 = CARTESIAN_POINT('',(790.57142857142,315.89319913285,
    75.17262027396));
#2428 = SURFACE_CURVE('',#2429,(#2433,#2440),.PCURVE_S1.);
#2429 = LINE('',#2430,#2431);
#2430 = CARTESIAN_POINT('',(790.57142857142,317.64611733877,
    67.264568822222));
#2431 = VECTOR('',#2432,1.);
#2432 = DIRECTION('',(-0.,-0.216409655053,0.976302648363));
#2433 = PCURVE('',#1553,#2434);
#2434 = DEFINITIONAL_REPRESENTATION('',(#2435),#2439);
#2435 = LINE('',#2436,#2437);
#2436 = CARTESIAN_POINT('',(-3.255959636778,-64.26456882222));
#2437 = VECTOR('',#2438,1.);
#2438 = DIRECTION('',(-0.216409655053,-0.976302648363));
#2439 = ( GEOMETRIC_REPRESENTATION_CONTEXT(2) 
PARAMETRIC_REPRESENTATION_CONTEXT() REPRESENTATION_CONTEXT('2D SPACE',''
  ) );
#2440 = PCURVE('',#2441,#2446);
#2441 = PLANE('',#2442);
#2442 = AXIS2_PLACEMENT_3D('',#2443,#2444,#2445);
#2443 = CARTESIAN_POINT('',(750.57142857142,317.64611733877,
    67.264568822222));
#2444 = DIRECTION('',(0.,-0.976302648363,-0.216409655053));
#2445 = DIRECTION('',(-1.,0.,0.));
#2446 = DEFINITIONAL_REPRESENTATION('',(#2447),#2451);
#2447 = LINE('',#2448,#2449);
#2448 = CARTESIAN_POINT('',(-40.,0.));
#2449 = VECTOR('',#2450,1.);
#2450 = DIRECTION('',(-0.,-1.));
#2451 = ( GEOMETRIC_REPRESENTATION_CONTEXT(2) 
PARAMETRIC_REPRESENTATION_CONTEXT() REPRESENTATION_CONTEXT('2D SPACE',''
  ) );
#2452 = ORIENTED_EDGE('',*,*,#2453,.T.);
#2453 = EDGE_CURVE('',#2426,#2454,#2456,.T.);
#2454 = VERTEX_POINT('',#2455);
#2455 = CARTESIAN_POINT('',(790.57142857142,256.064659673,
    61.910878529712));
#2456 = SURFACE_CURVE('',#2457,(#2461,#2468),.PCURVE_S1.);
#2457 = LINE('',#2458,#2459);
#2458 = CARTESIAN_POINT('',(790.57142857142,315.89319913285,
    75.17262027396));
#2459 = VECTOR('',#2460,1.);
#2460 = DIRECTION('',(-0.,-0.976302648363,-0.216409655053));
#2461 = PCURVE('',#1553,#2462);
#2462 = DEFINITIONAL_REPRESENTATION('',(#2463),#2467);
#2463 = LINE('',#2464,#2465);
#2464 = CARTESIAN_POINT('',(-5.008877842705,-72.17262027396));
#2465 = VECTOR('',#2466,1.);
#2466 = DIRECTION('',(-0.976302648363,0.216409655053));
#2467 = ( GEOMETRIC_REPRESENTATION_CONTEXT(2) 
PARAMETRIC_REPRESENTATION_CONTEXT() REPRESENTATION_CONTEXT('2D SPACE',''
  ) );
#2468 = PCURVE('',#2469,#2474);
#2469 = PLANE('',#2470);
#2470 = AXIS2_PLACEMENT_3D('',#2471,#2472,#2473);
#2471 = CARTESIAN_POINT('',(770.57142857142,285.97892940292,
    68.541749401836));
#2472 = DIRECTION('',(-0.,-0.216409655053,0.976302648363));
#2473 = DIRECTION('',(0.,-0.976302648363,-0.216409655053));
#2474 = DEFINITIONAL_REPRESENTATION('',(#2475),#2479);
#2475 = LINE('',#2476,#2477);
#2476 = CARTESIAN_POINT('',(-30.64036523929,20.));
#2477 = VECTOR('',#2478,1.);
#2478 = DIRECTION('',(1.,-0.));
#2479 = ( GEOMETRIC_REPRESENTATION_CONTEXT(2) 
PARAMETRIC_REPRESENTATION_CONTEXT() REPRESENTATION_CONTEXT('2D SPACE',''
  ) );
#2480 = ORIENTED_EDGE('',*,*,#2481,.F.);
#2481 = EDGE_CURVE('',#2482,#2454,#2484,.T.);
#2482 = VERTEX_POINT('',#2483);
#2483 = CARTESIAN_POINT('',(790.57142857142,257.81757787893,
    54.002827077974));
#2484 = SURFACE_CURVE('',#2485,(#2489,#2496),.PCURVE_S1.);
#2485 = LINE('',#2486,#2487);
#2486 = CARTESIAN_POINT('',(790.57142857142,257.81757787893,
    54.002827077974));
#2487 = VECTOR('',#2488,1.);
#2488 = DIRECTION('',(-0.,-0.216409655053,0.976302648363));
#2489 = PCURVE('',#1553,#2490);
#2490 = DEFINITIONAL_REPRESENTATION('',(#2491),#2495);
#2491 = LINE('',#2492,#2493);
#2492 = CARTESIAN_POINT('',(-63.08449909662,-51.00282707797));
#2493 = VECTOR('',#2494,1.);
#2494 = DIRECTION('',(-0.216409655053,-0.976302648363));
#2495 = ( GEOMETRIC_REPRESENTATION_CONTEXT(2) 
PARAMETRIC_REPRESENTATION_CONTEXT() REPRESENTATION_CONTEXT('2D SPACE',''
  ) );
#2496 = PCURVE('',#2497,#2502);
#2497 = PLANE('',#2498);
#2498 = AXIS2_PLACEMENT_3D('',#2499,#2500,#2501);
#2499 = CARTESIAN_POINT('',(790.57142857142,257.81757787893,
    54.002827077974));
#2500 = DIRECTION('',(-0.,0.976302648363,0.216409655053));
#2501 = DIRECTION('',(1.,0.,0.));
#2502 = DEFINITIONAL_REPRESENTATION('',(#2503),#2507);
#2503 = LINE('',#2504,#2505);
#2504 = CARTESIAN_POINT('',(0.,-0.));
#2505 = VECTOR('',#2506,1.);
#2506 = DIRECTION('',(-0.,-1.));
#2507 = ( GEOMETRIC_REPRESENTATION_CONTEXT(2) 
PARAMETRIC_REPRESENTATION_CONTEXT() REPRESENTATION_CONTEXT('2D SPACE',''
  ) );
#2508 = ORIENTED_EDGE('',*,*,#2509,.T.);
#2509 = EDGE_CURVE('',#2482,#2059,#2510,.T.);
#2510 = SURFACE_CURVE('',#2511,(#2515,#2522),.PCURVE_S1.);
#2511 = LINE('',#2512,#2513);
#2512 = CARTESIAN_POINT('',(790.57142857142,319.5987226355,
    67.697388132328));
#2513 = VECTOR('',#2514,1.);
#2514 = DIRECTION('',(-0.,-0.976302648363,-0.216409655053));
#2515 = PCURVE('',#1553,#2516);
#2516 = DEFINITIONAL_REPRESENTATION('',(#2517),#2521);
#2517 = LINE('',#2518,#2519);
#2518 = CARTESIAN_POINT('',(-1.303354340053,-64.69738813232));
#2519 = VECTOR('',#2520,1.);
#2520 = DIRECTION('',(-0.976302648363,0.216409655053));
#2521 = ( GEOMETRIC_REPRESENTATION_CONTEXT(2) 
PARAMETRIC_REPRESENTATION_CONTEXT() REPRESENTATION_CONTEXT('2D SPACE',''
  ) );
#2522 = PCURVE('',#2076,#2523);
#2523 = DEFINITIONAL_REPRESENTATION('',(#2524),#2528);
#2524 = LINE('',#2525,#2526);
#2525 = CARTESIAN_POINT('',(-55.,82.642857142857));
#2526 = VECTOR('',#2527,1.);
#2527 = DIRECTION('',(1.,-0.));
#2528 = ( GEOMETRIC_REPRESENTATION_CONTEXT(2) 
PARAMETRIC_REPRESENTATION_CONTEXT() REPRESENTATION_CONTEXT('2D SPACE',''
  ) );
#2529 = ORIENTED_EDGE('',*,*,#2088,.T.);
#2530 = ORIENTED_EDGE('',*,*,#2159,.T.);
#2531 = ORIENTED_EDGE('',*,*,#2208,.F.);
#2532 = ADVANCED_FACE('',(#2533),#1742,.T.);
#2533 = FACE_BOUND('',#2534,.F.);
#2534 = EDGE_LOOP('',(#2535,#2558,#2559,#2560));
#2535 = ORIENTED_EDGE('',*,*,#2536,.F.);
#2536 = EDGE_CURVE('',#1701,#2537,#2539,.T.);
#2537 = VERTEX_POINT('',#2538);
#2538 = CARTESIAN_POINT('',(625.28571428571,319.5987226355,
    67.697388132328));
#2539 = SURFACE_CURVE('',#2540,(#2544,#2551),.PCURVE_S1.);
#2540 = LINE('',#2541,#2542);
#2541 = CARTESIAN_POINT('',(625.28571428571,325.00896401181,
    43.289821923261));
#2542 = VECTOR('',#2543,1.);
#2543 = DIRECTION('',(-0.,-0.216409655053,0.976302648363));
#2544 = PCURVE('',#1742,#2545);
#2545 = DEFINITIONAL_REPRESENTATION('',(#2546),#2550);
#2546 = LINE('',#2547,#2548);
#2547 = CARTESIAN_POINT('',(-0.,-25.));
#2548 = VECTOR('',#2549,1.);
#2549 = DIRECTION('',(-0.,1.));
#2550 = ( GEOMETRIC_REPRESENTATION_CONTEXT(2) 
PARAMETRIC_REPRESENTATION_CONTEXT() REPRESENTATION_CONTEXT('2D SPACE',''
  ) );
#2551 = PCURVE('',#1716,#2552);
#2552 = DEFINITIONAL_REPRESENTATION('',(#2553),#2557);
#2553 = LINE('',#2554,#2555);
#2554 = CARTESIAN_POINT('',(-110.,-25.));
#2555 = VECTOR('',#2556,1.);
#2556 = DIRECTION('',(5.619575021243E-16,1.));
#2557 = ( GEOMETRIC_REPRESENTATION_CONTEXT(2) 
PARAMETRIC_REPRESENTATION_CONTEXT() REPRESENTATION_CONTEXT('2D SPACE',''
  ) );
#2558 = ORIENTED_EDGE('',*,*,#1728,.T.);
#2559 = ORIENTED_EDGE('',*,*,#2379,.F.);
#2560 = ORIENTED_EDGE('',*,*,#2561,.F.);
#2561 = EDGE_CURVE('',#2537,#2380,#2562,.T.);
#2562 = SURFACE_CURVE('',#2563,(#2567,#2574),.PCURVE_S1.);
#2563 = LINE('',#2564,#2565);
#2564 = CARTESIAN_POINT('',(625.28571428571,319.5987226355,
    67.697388132328));
#2565 = VECTOR('',#2566,1.);
#2566 = DIRECTION('',(1.,-0.,-0.));
#2567 = PCURVE('',#1742,#2568);
#2568 = DEFINITIONAL_REPRESENTATION('',(#2569),#2573);
#2569 = LINE('',#2570,#2571);
#2570 = CARTESIAN_POINT('',(-0.,0.));
#2571 = VECTOR('',#2572,1.);
#2572 = DIRECTION('',(-1.,0.));
#2573 = ( GEOMETRIC_REPRESENTATION_CONTEXT(2) 
PARAMETRIC_REPRESENTATION_CONTEXT() REPRESENTATION_CONTEXT('2D SPACE',''
  ) );
#2574 = PCURVE('',#2076,#2575);
#2575 = DEFINITIONAL_REPRESENTATION('',(#2576),#2580);
#2576 = LINE('',#2577,#2578);
#2577 = CARTESIAN_POINT('',(-55.,-82.64285714285));
#2578 = VECTOR('',#2579,1.);
#2579 = DIRECTION('',(-0.,1.));
#2580 = ( GEOMETRIC_REPRESENTATION_CONTEXT(2) 
PARAMETRIC_REPRESENTATION_CONTEXT() REPRESENTATION_CONTEXT('2D SPACE',''
  ) );
#2581 = ADVANCED_FACE('',(#2582),#1716,.T.);
#2582 = FACE_BOUND('',#2583,.F.);
#2583 = EDGE_LOOP('',(#2584,#2585,#2586,#2587,#2588,#2589,#2590,#2591));
#2584 = ORIENTED_EDGE('',*,*,#2134,.F.);
#2585 = ORIENTED_EDGE('',*,*,#2033,.T.);
#2586 = ORIENTED_EDGE('',*,*,#1961,.F.);
#2587 = ORIENTED_EDGE('',*,*,#1831,.T.);
#2588 = ORIENTED_EDGE('',*,*,#1782,.T.);
#2589 = ORIENTED_EDGE('',*,*,#1700,.T.);
#2590 = ORIENTED_EDGE('',*,*,#2536,.T.);
#2591 = ORIENTED_EDGE('',*,*,#2592,.F.);
#2592 = EDGE_CURVE('',#2061,#2537,#2593,.T.);
#2593 = SURFACE_CURVE('',#2594,(#2598,#2605),.PCURVE_S1.);
#2594 = LINE('',#2595,#2596);
#2595 = CARTESIAN_POINT('',(625.28571428571,212.2054313156,
    43.892326076532));
#2596 = VECTOR('',#2597,1.);
#2597 = DIRECTION('',(-0.,0.976302648363,0.216409655053));
#2598 = PCURVE('',#1716,#2599);
#2599 = DEFINITIONAL_REPRESENTATION('',(#2600),#2604);
#2600 = LINE('',#2601,#2602);
#2601 = CARTESIAN_POINT('',(-0.,0.));
#2602 = VECTOR('',#2603,1.);
#2603 = DIRECTION('',(-1.,-1.057526724829E-17));
#2604 = ( GEOMETRIC_REPRESENTATION_CONTEXT(2) 
PARAMETRIC_REPRESENTATION_CONTEXT() REPRESENTATION_CONTEXT('2D SPACE',''
  ) );
#2605 = PCURVE('',#2076,#2606);
#2606 = DEFINITIONAL_REPRESENTATION('',(#2607),#2611);
#2607 = LINE('',#2608,#2609);
#2608 = CARTESIAN_POINT('',(55.,-82.64285714285));
#2609 = VECTOR('',#2610,1.);
#2610 = DIRECTION('',(-1.,-0.));
#2611 = ( GEOMETRIC_REPRESENTATION_CONTEXT(2) 
PARAMETRIC_REPRESENTATION_CONTEXT() REPRESENTATION_CONTEXT('2D SPACE',''
  ) );
#2612 = ADVANCED_FACE('',(#2613),#1875,.F.);
#2613 = FACE_BOUND('',#2614,.F.);
#2614 = EDGE_LOOP('',(#2615,#2638,#2669,#2670));
#2615 = ORIENTED_EDGE('',*,*,#2616,.T.);
#2616 = EDGE_CURVE('',#1855,#2617,#2619,.T.);
#2617 = VERTEX_POINT('',#2618);
#2618 = CARTESIAN_POINT('',(637.03571428571,237.47863614488,
    45.397356859399));
#2619 = SEAM_CURVE('',#2620,(#2624,#2631),.PCURVE_S1.);
#2620 = LINE('',#2621,#2622);
#2621 = CARTESIAN_POINT('',(637.03571428571,238.7770940752,
    39.539540969223));
#2622 = VECTOR('',#2623,1.);
#2623 = DIRECTION('',(-0.,-0.216409655053,0.976302648363));
#2624 = PCURVE('',#1875,#2625);
#2625 = DEFINITIONAL_REPRESENTATION('',(#2626),#2630);
#2626 = LINE('',#2627,#2628);
#2627 = CARTESIAN_POINT('',(0.,0.));
#2628 = VECTOR('',#2629,1.);
#2629 = DIRECTION('',(0.,-1.));
#2630 = ( GEOMETRIC_REPRESENTATION_CONTEXT(2) 
PARAMETRIC_REPRESENTATION_CONTEXT() REPRESENTATION_CONTEXT('2D SPACE',''
  ) );
#2631 = PCURVE('',#1875,#2632);
#2632 = DEFINITIONAL_REPRESENTATION('',(#2633),#2637);
#2633 = LINE('',#2634,#2635);
#2634 = CARTESIAN_POINT('',(6.28318530718,0.));
#2635 = VECTOR('',#2636,1.);
#2636 = DIRECTION('',(0.,-1.));
#2637 = ( GEOMETRIC_REPRESENTATION_CONTEXT(2) 
PARAMETRIC_REPRESENTATION_CONTEXT() REPRESENTATION_CONTEXT('2D SPACE',''
  ) );
#2638 = ORIENTED_EDGE('',*,*,#2639,.T.);
#2639 = EDGE_CURVE('',#2617,#2617,#2640,.T.);
#2640 = SURFACE_CURVE('',#2641,(#2646,#2653),.PCURVE_S1.);
#2641 = CIRCLE('',#2642,2.25);
#2642 = AXIS2_PLACEMENT_3D('',#2643,#2644,#2645);
#2643 = CARTESIAN_POINT('',(639.28571428571,237.47863614488,
    45.397356859399));
#2644 = DIRECTION('',(0.,0.216409655053,-0.976302648363));
#2645 = DIRECTION('',(-1.,-0.,-0.));
#2646 = PCURVE('',#1875,#2647);
#2647 = DEFINITIONAL_REPRESENTATION('',(#2648),#2652);
#2648 = LINE('',#2649,#2650);
#2649 = CARTESIAN_POINT('',(0.,-6.));
#2650 = VECTOR('',#2651,1.);
#2651 = DIRECTION('',(1.,0.));
#2652 = ( GEOMETRIC_REPRESENTATION_CONTEXT(2) 
PARAMETRIC_REPRESENTATION_CONTEXT() REPRESENTATION_CONTEXT('2D SPACE',''
  ) );
#2653 = PCURVE('',#2654,#2659);
#2654 = PLANE('',#2655);
#2655 = AXIS2_PLACEMENT_3D('',#2656,#2657,#2658);
#2656 = CARTESIAN_POINT('',(639.28571428571,237.47863614488,
    45.397356859399));
#2657 = DIRECTION('',(-0.,-0.216409655053,0.976302648363));
#2658 = DIRECTION('',(0.,-0.976302648363,-0.216409655053));
#2659 = DEFINITIONAL_REPRESENTATION('',(#2660),#2668);
#2660 = ( BOUNDED_CURVE() B_SPLINE_CURVE(2,(#2661,#2662,#2663,#2664,
#2665,#2666,#2667),.UNSPECIFIED.,.T.,.F.) B_SPLINE_CURVE_WITH_KNOTS((1,2
    ,2,2,2,1),(-2.094395102393,0.,2.094395102393,4.188790204786,
6.28318530718,8.377580409573),.UNSPECIFIED.) CURVE() 
GEOMETRIC_REPRESENTATION_ITEM() RATIONAL_B_SPLINE_CURVE((1.,0.5,1.,0.5,
1.,0.5,1.)) REPRESENTATION_ITEM('') );
#2661 = CARTESIAN_POINT('',(2.928587327136E-14,-2.25));
#2662 = CARTESIAN_POINT('',(-3.89711431703,-2.25));
#2663 = CARTESIAN_POINT('',(-1.948557158515,1.125));
#2664 = CARTESIAN_POINT('',(2.873478221174E-14,4.5));
#2665 = CARTESIAN_POINT('',(1.948557158515,1.125));
#2666 = CARTESIAN_POINT('',(3.89711431703,-2.25));
#2667 = CARTESIAN_POINT('',(2.928587327136E-14,-2.25));
#2668 = ( GEOMETRIC_REPRESENTATION_CONTEXT(2) 
PARAMETRIC_REPRESENTATION_CONTEXT() REPRESENTATION_CONTEXT('2D SPACE',''
  ) );
#2669 = ORIENTED_EDGE('',*,*,#2616,.F.);
#2670 = ORIENTED_EDGE('',*,*,#1854,.F.);
#2671 = ADVANCED_FACE('',(#2672),#1910,.F.);
#2672 = FACE_BOUND('',#2673,.F.);
#2673 = EDGE_LOOP('',(#2674,#2697,#2728,#2729));
#2674 = ORIENTED_EDGE('',*,*,#2675,.T.);
#2675 = EDGE_CURVE('',#1890,#2676,#2678,.T.);
#2676 = VERTEX_POINT('',#2677);
#2677 = CARTESIAN_POINT('',(637.03571428571,296.05679504664,
    58.38193616256));
#2678 = SEAM_CURVE('',#2679,(#2683,#2690),.PCURVE_S1.);
#2679 = LINE('',#2680,#2681);
#2680 = CARTESIAN_POINT('',(637.03571428571,297.35525297696,
    52.524120272384));
#2681 = VECTOR('',#2682,1.);
#2682 = DIRECTION('',(-0.,-0.216409655053,0.976302648363));
#2683 = PCURVE('',#1910,#2684);
#2684 = DEFINITIONAL_REPRESENTATION('',(#2685),#2689);
#2685 = LINE('',#2686,#2687);
#2686 = CARTESIAN_POINT('',(0.,0.));
#2687 = VECTOR('',#2688,1.);
#2688 = DIRECTION('',(0.,-1.));
#2689 = ( GEOMETRIC_REPRESENTATION_CONTEXT(2) 
PARAMETRIC_REPRESENTATION_CONTEXT() REPRESENTATION_CONTEXT('2D SPACE',''
  ) );
#2690 = PCURVE('',#1910,#2691);
#2691 = DEFINITIONAL_REPRESENTATION('',(#2692),#2696);
#2692 = LINE('',#2693,#2694);
#2693 = CARTESIAN_POINT('',(6.28318530718,0.));
#2694 = VECTOR('',#2695,1.);
#2695 = DIRECTION('',(0.,-1.));
#2696 = ( GEOMETRIC_REPRESENTATION_CONTEXT(2) 
PARAMETRIC_REPRESENTATION_CONTEXT() REPRESENTATION_CONTEXT('2D SPACE',''
  ) );
#2697 = ORIENTED_EDGE('',*,*,#2698,.T.);
#2698 = EDGE_CURVE('',#2676,#2676,#2699,.T.);
#2699 = SURFACE_CURVE('',#2700,(#2705,#2712),.PCURVE_S1.);
#2700 = CIRCLE('',#2701,2.25);
#2701 = AXIS2_PLACEMENT_3D('',#2702,#2703,#2704);
#2702 = CARTESIAN_POINT('',(639.28571428571,296.05679504664,
    58.38193616256));
#2703 = DIRECTION('',(0.,0.216409655053,-0.976302648363));
#2704 = DIRECTION('',(-1.,-0.,-0.));
#2705 = PCURVE('',#1910,#2706);
#2706 = DEFINITIONAL_REPRESENTATION('',(#2707),#2711);
#2707 = LINE('',#2708,#2709);
#2708 = CARTESIAN_POINT('',(0.,-6.));
#2709 = VECTOR('',#2710,1.);
#2710 = DIRECTION('',(1.,0.));
#2711 = ( GEOMETRIC_REPRESENTATION_CONTEXT(2) 
PARAMETRIC_REPRESENTATION_CONTEXT() REPRESENTATION_CONTEXT('2D SPACE',''
  ) );
#2712 = PCURVE('',#2713,#2718);
#2713 = PLANE('',#2714);
#2714 = AXIS2_PLACEMENT_3D('',#2715,#2716,#2717);
#2715 = CARTESIAN_POINT('',(639.28571428571,296.05679504664,
    58.38193616256));
#2716 = DIRECTION('',(-0.,-0.216409655053,0.976302648363));
#2717 = DIRECTION('',(0.,-0.976302648363,-0.216409655053));
#2718 = DEFINITIONAL_REPRESENTATION('',(#2719),#2727);
#2719 = ( BOUNDED_CURVE() B_SPLINE_CURVE(2,(#2720,#2721,#2722,#2723,
#2724,#2725,#2726),.UNSPECIFIED.,.T.,.F.) B_SPLINE_CURVE_WITH_KNOTS((1,2
    ,2,2,2,1),(-2.094395102393,0.,2.094395102393,4.188790204786,
6.28318530718,8.377580409573),.UNSPECIFIED.) CURVE() 
GEOMETRIC_REPRESENTATION_ITEM() RATIONAL_B_SPLINE_CURVE((1.,0.5,1.,0.5,
1.,0.5,1.)) REPRESENTATION_ITEM('') );
#2720 = CARTESIAN_POINT('',(0.,-2.25));
#2721 = CARTESIAN_POINT('',(-3.89711431703,-2.25));
#2722 = CARTESIAN_POINT('',(-1.948557158515,1.125));
#2723 = CARTESIAN_POINT('',(-5.510910596163E-16,4.5));
#2724 = CARTESIAN_POINT('',(1.948557158515,1.125));
#2725 = CARTESIAN_POINT('',(3.89711431703,-2.25));
#2726 = CARTESIAN_POINT('',(0.,-2.25));
#2727 = ( GEOMETRIC_REPRESENTATION_CONTEXT(2) 
PARAMETRIC_REPRESENTATION_CONTEXT() REPRESENTATION_CONTEXT('2D SPACE',''
  ) );
#2728 = ORIENTED_EDGE('',*,*,#2675,.F.);
#2729 = ORIENTED_EDGE('',*,*,#1889,.F.);
#2730 = ADVANCED_FACE('',(#2731),#1945,.F.);
#2731 = FACE_BOUND('',#2732,.T.);
#2732 = EDGE_LOOP('',(#2733,#2766,#2787,#2788));
#2733 = ORIENTED_EDGE('',*,*,#2734,.F.);
#2734 = EDGE_CURVE('',#2735,#2735,#2737,.T.);
#2735 = VERTEX_POINT('',#2736);
#2736 = CARTESIAN_POINT('',(658.13571428571,239.93513164979,
    50.346241667772));
#2737 = SURFACE_CURVE('',#2738,(#2743,#2750),.PCURVE_S1.);
#2738 = CIRCLE('',#2739,4.65);
#2739 = AXIS2_PLACEMENT_3D('',#2740,#2741,#2742);
#2740 = CARTESIAN_POINT('',(662.78571428571,239.93513164979,
    50.346241667772));
#2741 = DIRECTION('',(0.,0.216409655053,-0.976302648363));
#2742 = DIRECTION('',(-1.,-0.,-0.));
#2743 = PCURVE('',#1945,#2744);
#2744 = DEFINITIONAL_REPRESENTATION('',(#2745),#2749);
#2745 = LINE('',#2746,#2747);
#2746 = CARTESIAN_POINT('',(-0.,-0.2));
#2747 = VECTOR('',#2748,1.);
#2748 = DIRECTION('',(-1.,0.));
#2749 = ( GEOMETRIC_REPRESENTATION_CONTEXT(2) 
PARAMETRIC_REPRESENTATION_CONTEXT() REPRESENTATION_CONTEXT('2D SPACE',''
  ) );
#2750 = PCURVE('',#2751,#2756);
#2751 = PLANE('',#2752);
#2752 = AXIS2_PLACEMENT_3D('',#2753,#2754,#2755);
#2753 = CARTESIAN_POINT('',(662.78571428571,239.93513164979,
    50.346241667772));
#2754 = DIRECTION('',(-0.,-0.216409655053,0.976302648363));
#2755 = DIRECTION('',(0.,-0.976302648363,-0.216409655053));
#2756 = DEFINITIONAL_REPRESENTATION('',(#2757),#2765);
#2757 = ( BOUNDED_CURVE() B_SPLINE_CURVE(2,(#2758,#2759,#2760,#2761,
#2762,#2763,#2764),.UNSPECIFIED.,.T.,.F.) B_SPLINE_CURVE_WITH_KNOTS((1,2
    ,2,2,2,1),(-2.094395102393,0.,2.094395102393,4.188790204786,
6.28318530718,8.377580409573),.UNSPECIFIED.) CURVE() 
GEOMETRIC_REPRESENTATION_ITEM() RATIONAL_B_SPLINE_CURVE((1.,0.5,1.,0.5,
1.,0.5,1.)) REPRESENTATION_ITEM('') );
#2758 = CARTESIAN_POINT('',(0.,-4.65));
#2759 = CARTESIAN_POINT('',(-8.054036255195,-4.65));
#2760 = CARTESIAN_POINT('',(-4.027018127598,2.325));
#2761 = CARTESIAN_POINT('',(-1.138921523207E-15,9.3));
#2762 = CARTESIAN_POINT('',(4.027018127598,2.325));
#2763 = CARTESIAN_POINT('',(8.054036255195,-4.65));
#2764 = CARTESIAN_POINT('',(0.,-4.65));
#2765 = ( GEOMETRIC_REPRESENTATION_CONTEXT(2) 
PARAMETRIC_REPRESENTATION_CONTEXT() REPRESENTATION_CONTEXT('2D SPACE',''
  ) );
#2766 = ORIENTED_EDGE('',*,*,#2767,.T.);
#2767 = EDGE_CURVE('',#2735,#1925,#2768,.T.);
#2768 = SEAM_CURVE('',#2769,(#2773,#2780),.PCURVE_S1.);
#2769 = LINE('',#2770,#2771);
#2770 = CARTESIAN_POINT('',(658.13571428571,239.89184971878,
    50.541502197444));
#2771 = VECTOR('',#2772,1.);
#2772 = DIRECTION('',(-0.,0.216409655053,-0.976302648363));
#2773 = PCURVE('',#1945,#2774);
#2774 = DEFINITIONAL_REPRESENTATION('',(#2775),#2779);
#2775 = LINE('',#2776,#2777);
#2776 = CARTESIAN_POINT('',(-6.28318530718,0.));
#2777 = VECTOR('',#2778,1.);
#2778 = DIRECTION('',(-0.,-1.));
#2779 = ( GEOMETRIC_REPRESENTATION_CONTEXT(2) 
PARAMETRIC_REPRESENTATION_CONTEXT() REPRESENTATION_CONTEXT('2D SPACE',''
  ) );
#2780 = PCURVE('',#1945,#2781);
#2781 = DEFINITIONAL_REPRESENTATION('',(#2782),#2786);
#2782 = LINE('',#2783,#2784);
#2783 = CARTESIAN_POINT('',(-0.,0.));
#2784 = VECTOR('',#2785,1.);
#2785 = DIRECTION('',(-0.,-1.));
#2786 = ( GEOMETRIC_REPRESENTATION_CONTEXT(2) 
PARAMETRIC_REPRESENTATION_CONTEXT() REPRESENTATION_CONTEXT('2D SPACE',''
  ) );
#2787 = ORIENTED_EDGE('',*,*,#1924,.T.);
#2788 = ORIENTED_EDGE('',*,*,#2767,.F.);
#2789 = ADVANCED_FACE('',(#2790,#2869),#2076,.T.);
#2790 = FACE_BOUND('',#2791,.F.);
#2791 = EDGE_LOOP('',(#2792,#2793,#2794,#2795,#2796,#2797,#2820,#2848));
#2792 = ORIENTED_EDGE('',*,*,#2509,.T.);
#2793 = ORIENTED_EDGE('',*,*,#2058,.T.);
#2794 = ORIENTED_EDGE('',*,*,#2592,.T.);
#2795 = ORIENTED_EDGE('',*,*,#2561,.T.);
#2796 = ORIENTED_EDGE('',*,*,#2402,.T.);
#2797 = ORIENTED_EDGE('',*,*,#2798,.F.);
#2798 = EDGE_CURVE('',#2799,#2403,#2801,.T.);
#2799 = VERTEX_POINT('',#2800);
#2800 = CARTESIAN_POINT('',(750.57142857142,317.64611733877,
    67.264568822222));
#2801 = SURFACE_CURVE('',#2802,(#2806,#2813),.PCURVE_S1.);
#2802 = LINE('',#2803,#2804);
#2803 = CARTESIAN_POINT('',(750.57142857142,317.64611733877,
    67.264568822222));
#2804 = VECTOR('',#2805,1.);
#2805 = DIRECTION('',(1.,-0.,-0.));
#2806 = PCURVE('',#2076,#2807);
#2807 = DEFINITIONAL_REPRESENTATION('',(#2808),#2812);
#2808 = LINE('',#2809,#2810);
#2809 = CARTESIAN_POINT('',(-53.,42.642857142857));
#2810 = VECTOR('',#2811,1.);
#2811 = DIRECTION('',(-0.,1.));
#2812 = ( GEOMETRIC_REPRESENTATION_CONTEXT(2) 
PARAMETRIC_REPRESENTATION_CONTEXT() REPRESENTATION_CONTEXT('2D SPACE',''
  ) );
#2813 = PCURVE('',#2441,#2814);
#2814 = DEFINITIONAL_REPRESENTATION('',(#2815),#2819);
#2815 = LINE('',#2816,#2817);
#2816 = CARTESIAN_POINT('',(-0.,0.));
#2817 = VECTOR('',#2818,1.);
#2818 = DIRECTION('',(-1.,0.));
#2819 = ( GEOMETRIC_REPRESENTATION_CONTEXT(2) 
PARAMETRIC_REPRESENTATION_CONTEXT() REPRESENTATION_CONTEXT('2D SPACE',''
  ) );
#2820 = ORIENTED_EDGE('',*,*,#2821,.F.);
#2821 = EDGE_CURVE('',#2822,#2799,#2824,.T.);
#2822 = VERTEX_POINT('',#2823);
#2823 = CARTESIAN_POINT('',(750.57142857142,257.81757787893,
    54.002827077974));
#2824 = SURFACE_CURVE('',#2825,(#2829,#2836),.PCURVE_S1.);
#2825 = LINE('',#2826,#2827);
#2826 = CARTESIAN_POINT('',(750.57142857142,257.81757787893,
    54.002827077974));
#2827 = VECTOR('',#2828,1.);
#2828 = DIRECTION('',(-0.,0.976302648363,0.216409655053));
#2829 = PCURVE('',#2076,#2830);
#2830 = DEFINITIONAL_REPRESENTATION('',(#2831),#2835);
#2831 = LINE('',#2832,#2833);
#2832 = CARTESIAN_POINT('',(8.280730478589,42.642857142857));
#2833 = VECTOR('',#2834,1.);
#2834 = DIRECTION('',(-1.,-0.));
#2835 = ( GEOMETRIC_REPRESENTATION_CONTEXT(2) 
PARAMETRIC_REPRESENTATION_CONTEXT() REPRESENTATION_CONTEXT('2D SPACE',''
  ) );
#2836 = PCURVE('',#2837,#2842);
#2837 = PLANE('',#2838);
#2838 = AXIS2_PLACEMENT_3D('',#2839,#2840,#2841);
#2839 = CARTESIAN_POINT('',(750.57142857142,257.81757787893,
    54.002827077974));
#2840 = DIRECTION('',(1.,-0.,-0.));
#2841 = DIRECTION('',(0.,-0.976302648363,-0.216409655053));
#2842 = DEFINITIONAL_REPRESENTATION('',(#2843),#2847);
#2843 = LINE('',#2844,#2845);
#2844 = CARTESIAN_POINT('',(-0.,0.));
#2845 = VECTOR('',#2846,1.);
#2846 = DIRECTION('',(-1.,1.057526724829E-17));
#2847 = ( GEOMETRIC_REPRESENTATION_CONTEXT(2) 
PARAMETRIC_REPRESENTATION_CONTEXT() REPRESENTATION_CONTEXT('2D SPACE',''
  ) );
#2848 = ORIENTED_EDGE('',*,*,#2849,.F.);
#2849 = EDGE_CURVE('',#2482,#2822,#2850,.T.);
#2850 = SURFACE_CURVE('',#2851,(#2855,#2862),.PCURVE_S1.);
#2851 = LINE('',#2852,#2853);
#2852 = CARTESIAN_POINT('',(790.57142857142,257.81757787893,
    54.002827077974));
#2853 = VECTOR('',#2854,1.);
#2854 = DIRECTION('',(-1.,-0.,-0.));
#2855 = PCURVE('',#2076,#2856);
#2856 = DEFINITIONAL_REPRESENTATION('',(#2857),#2861);
#2857 = LINE('',#2858,#2859);
#2858 = CARTESIAN_POINT('',(8.280730478589,82.642857142857));
#2859 = VECTOR('',#2860,1.);
#2860 = DIRECTION('',(-0.,-1.));
#2861 = ( GEOMETRIC_REPRESENTATION_CONTEXT(2) 
PARAMETRIC_REPRESENTATION_CONTEXT() REPRESENTATION_CONTEXT('2D SPACE',''
  ) );
#2862 = PCURVE('',#2497,#2863);
#2863 = DEFINITIONAL_REPRESENTATION('',(#2864),#2868);
#2864 = LINE('',#2865,#2866);
#2865 = CARTESIAN_POINT('',(0.,-0.));
#2866 = VECTOR('',#2867,1.);
#2867 = DIRECTION('',(-1.,0.));
#2868 = ( GEOMETRIC_REPRESENTATION_CONTEXT(2) 
PARAMETRIC_REPRESENTATION_CONTEXT() REPRESENTATION_CONTEXT('2D SPACE',''
  ) );
#2869 = FACE_BOUND('',#2870,.F.);
#2870 = EDGE_LOOP('',(#2871));
#2871 = ORIENTED_EDGE('',*,*,#2872,.F.);
#2872 = EDGE_CURVE('',#2873,#2873,#2875,.T.);
#2873 = VERTEX_POINT('',#2874);
#2874 = CARTESIAN_POINT('',(653.78571428571,240.00005454631,
    50.053350873263));
#2875 = SURFACE_CURVE('',#2876,(#2881,#2892),.PCURVE_S1.);
#2876 = CIRCLE('',#2877,9.);
#2877 = AXIS2_PLACEMENT_3D('',#2878,#2879,#2880);
#2878 = CARTESIAN_POINT('',(662.78571428571,240.00005454631,
    50.053350873263));
#2879 = DIRECTION('',(0.,0.216409655053,-0.976302648363));
#2880 = DIRECTION('',(-1.,-0.,-0.));
#2881 = PCURVE('',#2076,#2882);
#2882 = DEFINITIONAL_REPRESENTATION('',(#2883),#2891);
#2883 = ( BOUNDED_CURVE() B_SPLINE_CURVE(2,(#2884,#2885,#2886,#2887,
#2888,#2889,#2890),.UNSPECIFIED.,.T.,.F.) B_SPLINE_CURVE_WITH_KNOTS((1,2
    ,2,2,2,1),(-2.094395102393,0.,2.094395102393,4.188790204786,
6.28318530718,8.377580409573),.UNSPECIFIED.) CURVE() 
GEOMETRIC_REPRESENTATION_ITEM() RATIONAL_B_SPLINE_CURVE((1.,0.5,1.,0.5,
1.,0.5,1.)) REPRESENTATION_ITEM('') );
#2884 = CARTESIAN_POINT('',(26.530730478589,-54.14285714285));
#2885 = CARTESIAN_POINT('',(10.942273210469,-54.14285714285));
#2886 = CARTESIAN_POINT('',(18.736501844529,-40.64285714285));
#2887 = CARTESIAN_POINT('',(26.530730478589,-27.14285714285));
#2888 = CARTESIAN_POINT('',(34.324959112649,-40.64285714285));
#2889 = CARTESIAN_POINT('',(42.119187746709,-54.14285714285));
#2890 = CARTESIAN_POINT('',(26.530730478589,-54.14285714285));
#2891 = ( GEOMETRIC_REPRESENTATION_CONTEXT(2) 
PARAMETRIC_REPRESENTATION_CONTEXT() REPRESENTATION_CONTEXT('2D SPACE',''
  ) );
#2892 = PCURVE('',#2893,#2898);
#2893 = CYLINDRICAL_SURFACE('',#2894,9.);
#2894 = AXIS2_PLACEMENT_3D('',#2895,#2896,#2897);
#2895 = CARTESIAN_POINT('',(662.78571428571,240.00005454631,
    50.053350873263));
#2896 = DIRECTION('',(-0.,0.216409655053,-0.976302648363));
#2897 = DIRECTION('',(-1.,-0.,-0.));
#2898 = DEFINITIONAL_REPRESENTATION('',(#2899),#2903);
#2899 = LINE('',#2900,#2901);
#2900 = CARTESIAN_POINT('',(0.,0.));
#2901 = VECTOR('',#2902,1.);
#2902 = DIRECTION('',(1.,0.));
#2903 = ( GEOMETRIC_REPRESENTATION_CONTEXT(2) 
PARAMETRIC_REPRESENTATION_CONTEXT() REPRESENTATION_CONTEXT('2D SPACE',''
  ) );
#2904 = ADVANCED_FACE('',(#2905),#2441,.F.);
#2905 = FACE_BOUND('',#2906,.T.);
#2906 = EDGE_LOOP('',(#2907,#2930,#2951,#2952));
#2907 = ORIENTED_EDGE('',*,*,#2908,.T.);
#2908 = EDGE_CURVE('',#2799,#2909,#2911,.T.);
#2909 = VERTEX_POINT('',#2910);
#2910 = CARTESIAN_POINT('',(750.57142857142,315.89319913285,
    75.17262027396));
#2911 = SURFACE_CURVE('',#2912,(#2916,#2923),.PCURVE_S1.);
#2912 = LINE('',#2913,#2914);
#2913 = CARTESIAN_POINT('',(750.57142857142,317.64611733877,
    67.264568822222));
#2914 = VECTOR('',#2915,1.);
#2915 = DIRECTION('',(-0.,-0.216409655053,0.976302648363));
#2916 = PCURVE('',#2441,#2917);
#2917 = DEFINITIONAL_REPRESENTATION('',(#2918),#2922);
#2918 = LINE('',#2919,#2920);
#2919 = CARTESIAN_POINT('',(-0.,0.));
#2920 = VECTOR('',#2921,1.);
#2921 = DIRECTION('',(-0.,-1.));
#2922 = ( GEOMETRIC_REPRESENTATION_CONTEXT(2) 
PARAMETRIC_REPRESENTATION_CONTEXT() REPRESENTATION_CONTEXT('2D SPACE',''
  ) );
#2923 = PCURVE('',#2837,#2924);
#2924 = DEFINITIONAL_REPRESENTATION('',(#2925),#2929);
#2925 = LINE('',#2926,#2927);
#2926 = CARTESIAN_POINT('',(-61.28073047858,-9.564831727383E-15));
#2927 = VECTOR('',#2928,1.);
#2928 = DIRECTION('',(1.057526724829E-17,-1.));
#2929 = ( GEOMETRIC_REPRESENTATION_CONTEXT(2) 
PARAMETRIC_REPRESENTATION_CONTEXT() REPRESENTATION_CONTEXT('2D SPACE',''
  ) );
#2930 = ORIENTED_EDGE('',*,*,#2931,.T.);
#2931 = EDGE_CURVE('',#2909,#2426,#2932,.T.);
#2932 = SURFACE_CURVE('',#2933,(#2937,#2944),.PCURVE_S1.);
#2933 = LINE('',#2934,#2935);
#2934 = CARTESIAN_POINT('',(750.57142857142,315.89319913285,
    75.17262027396));
#2935 = VECTOR('',#2936,1.);
#2936 = DIRECTION('',(1.,-0.,-0.));
#2937 = PCURVE('',#2441,#2938);
#2938 = DEFINITIONAL_REPRESENTATION('',(#2939),#2943);
#2939 = LINE('',#2940,#2941);
#2940 = CARTESIAN_POINT('',(-0.,-8.1));
#2941 = VECTOR('',#2942,1.);
#2942 = DIRECTION('',(-1.,0.));
#2943 = ( GEOMETRIC_REPRESENTATION_CONTEXT(2) 
PARAMETRIC_REPRESENTATION_CONTEXT() REPRESENTATION_CONTEXT('2D SPACE',''
  ) );
#2944 = PCURVE('',#2469,#2945);
#2945 = DEFINITIONAL_REPRESENTATION('',(#2946),#2950);
#2946 = LINE('',#2947,#2948);
#2947 = CARTESIAN_POINT('',(-30.64036523929,-20.));
#2948 = VECTOR('',#2949,1.);
#2949 = DIRECTION('',(-0.,1.));
#2950 = ( GEOMETRIC_REPRESENTATION_CONTEXT(2) 
PARAMETRIC_REPRESENTATION_CONTEXT() REPRESENTATION_CONTEXT('2D SPACE',''
  ) );
#2951 = ORIENTED_EDGE('',*,*,#2425,.F.);
#2952 = ORIENTED_EDGE('',*,*,#2798,.F.);
#2953 = ADVANCED_FACE('',(#2954),#2469,.T.);
#2954 = FACE_BOUND('',#2955,.F.);
#2955 = EDGE_LOOP('',(#2956,#2979,#3000,#3001));
#2956 = ORIENTED_EDGE('',*,*,#2957,.T.);
#2957 = EDGE_CURVE('',#2454,#2958,#2960,.T.);
#2958 = VERTEX_POINT('',#2959);
#2959 = CARTESIAN_POINT('',(750.57142857142,256.064659673,
    61.910878529712));
#2960 = SURFACE_CURVE('',#2961,(#2965,#2972),.PCURVE_S1.);
#2961 = LINE('',#2962,#2963);
#2962 = CARTESIAN_POINT('',(790.57142857142,256.064659673,
    61.910878529712));
#2963 = VECTOR('',#2964,1.);
#2964 = DIRECTION('',(-1.,-0.,-0.));
#2965 = PCURVE('',#2469,#2966);
#2966 = DEFINITIONAL_REPRESENTATION('',(#2967),#2971);
#2967 = LINE('',#2968,#2969);
#2968 = CARTESIAN_POINT('',(30.640365239295,20.));
#2969 = VECTOR('',#2970,1.);
#2970 = DIRECTION('',(-0.,-1.));
#2971 = ( GEOMETRIC_REPRESENTATION_CONTEXT(2) 
PARAMETRIC_REPRESENTATION_CONTEXT() REPRESENTATION_CONTEXT('2D SPACE',''
  ) );
#2972 = PCURVE('',#2497,#2973);
#2973 = DEFINITIONAL_REPRESENTATION('',(#2974),#2978);
#2974 = LINE('',#2975,#2976);
#2975 = CARTESIAN_POINT('',(-0.,-8.1));
#2976 = VECTOR('',#2977,1.);
#2977 = DIRECTION('',(-1.,0.));
#2978 = ( GEOMETRIC_REPRESENTATION_CONTEXT(2) 
PARAMETRIC_REPRESENTATION_CONTEXT() REPRESENTATION_CONTEXT('2D SPACE',''
  ) );
#2979 = ORIENTED_EDGE('',*,*,#2980,.T.);
#2980 = EDGE_CURVE('',#2958,#2909,#2981,.T.);
#2981 = SURFACE_CURVE('',#2982,(#2986,#2993),.PCURVE_S1.);
#2982 = LINE('',#2983,#2984);
#2983 = CARTESIAN_POINT('',(750.57142857142,256.064659673,
    61.910878529712));
#2984 = VECTOR('',#2985,1.);
#2985 = DIRECTION('',(-0.,0.976302648363,0.216409655053));
#2986 = PCURVE('',#2469,#2987);
#2987 = DEFINITIONAL_REPRESENTATION('',(#2988),#2992);
#2988 = LINE('',#2989,#2990);
#2989 = CARTESIAN_POINT('',(30.640365239295,-20.));
#2990 = VECTOR('',#2991,1.);
#2991 = DIRECTION('',(-1.,-0.));
#2992 = ( GEOMETRIC_REPRESENTATION_CONTEXT(2) 
PARAMETRIC_REPRESENTATION_CONTEXT() REPRESENTATION_CONTEXT('2D SPACE',''
  ) );
#2993 = PCURVE('',#2837,#2994);
#2994 = DEFINITIONAL_REPRESENTATION('',(#2995),#2999);
#2995 = LINE('',#2996,#2997);
#2996 = CARTESIAN_POINT('',(-9.726125757489E-15,-8.1));
#2997 = VECTOR('',#2998,1.);
#2998 = DIRECTION('',(-1.,1.057526724829E-17));
#2999 = ( GEOMETRIC_REPRESENTATION_CONTEXT(2) 
PARAMETRIC_REPRESENTATION_CONTEXT() REPRESENTATION_CONTEXT('2D SPACE',''
  ) );
#3000 = ORIENTED_EDGE('',*,*,#2931,.T.);
#3001 = ORIENTED_EDGE('',*,*,#2453,.T.);
#3002 = ADVANCED_FACE('',(#3003),#2497,.F.);
#3003 = FACE_BOUND('',#3004,.T.);
#3004 = EDGE_LOOP('',(#3005,#3006,#3007,#3028));
#3005 = ORIENTED_EDGE('',*,*,#2481,.T.);
#3006 = ORIENTED_EDGE('',*,*,#2957,.T.);
#3007 = ORIENTED_EDGE('',*,*,#3008,.F.);
#3008 = EDGE_CURVE('',#2822,#2958,#3009,.T.);
#3009 = SURFACE_CURVE('',#3010,(#3014,#3021),.PCURVE_S1.);
#3010 = LINE('',#3011,#3012);
#3011 = CARTESIAN_POINT('',(750.57142857142,257.81757787893,
    54.002827077974));
#3012 = VECTOR('',#3013,1.);
#3013 = DIRECTION('',(-0.,-0.216409655053,0.976302648363));
#3014 = PCURVE('',#2497,#3015);
#3015 = DEFINITIONAL_REPRESENTATION('',(#3016),#3020);
#3016 = LINE('',#3017,#3018);
#3017 = CARTESIAN_POINT('',(-40.,0.));
#3018 = VECTOR('',#3019,1.);
#3019 = DIRECTION('',(-0.,-1.));
#3020 = ( GEOMETRIC_REPRESENTATION_CONTEXT(2) 
PARAMETRIC_REPRESENTATION_CONTEXT() REPRESENTATION_CONTEXT('2D SPACE',''
  ) );
#3021 = PCURVE('',#2837,#3022);
#3022 = DEFINITIONAL_REPRESENTATION('',(#3023),#3027);
#3023 = LINE('',#3024,#3025);
#3024 = CARTESIAN_POINT('',(-0.,0.));
#3025 = VECTOR('',#3026,1.);
#3026 = DIRECTION('',(1.057526724829E-17,-1.));
#3027 = ( GEOMETRIC_REPRESENTATION_CONTEXT(2) 
PARAMETRIC_REPRESENTATION_CONTEXT() REPRESENTATION_CONTEXT('2D SPACE',''
  ) );
#3028 = ORIENTED_EDGE('',*,*,#2849,.F.);
#3029 = ADVANCED_FACE('',(#3030),#2654,.F.);
#3030 = FACE_BOUND('',#3031,.T.);
#3031 = EDGE_LOOP('',(#3032));
#3032 = ORIENTED_EDGE('',*,*,#2639,.T.);
#3033 = ADVANCED_FACE('',(#3034),#2713,.F.);
#3034 = FACE_BOUND('',#3035,.T.);
#3035 = EDGE_LOOP('',(#3036));
#3036 = ORIENTED_EDGE('',*,*,#2698,.T.);
#3037 = ADVANCED_FACE('',(#3038,#3068),#2751,.T.);
#3038 = FACE_BOUND('',#3039,.F.);
#3039 = EDGE_LOOP('',(#3040));
#3040 = ORIENTED_EDGE('',*,*,#3041,.T.);
#3041 = EDGE_CURVE('',#3042,#3042,#3044,.T.);
#3042 = VERTEX_POINT('',#3043);
#3043 = CARTESIAN_POINT('',(653.78571428571,239.93513164979,
    50.346241667772));
#3044 = SURFACE_CURVE('',#3045,(#3050,#3061),.PCURVE_S1.);
#3045 = CIRCLE('',#3046,9.);
#3046 = AXIS2_PLACEMENT_3D('',#3047,#3048,#3049);
#3047 = CARTESIAN_POINT('',(662.78571428571,239.93513164979,
    50.346241667772));
#3048 = DIRECTION('',(0.,0.216409655053,-0.976302648363));
#3049 = DIRECTION('',(-1.,-0.,-0.));
#3050 = PCURVE('',#2751,#3051);
#3051 = DEFINITIONAL_REPRESENTATION('',(#3052),#3060);
#3052 = ( BOUNDED_CURVE() B_SPLINE_CURVE(2,(#3053,#3054,#3055,#3056,
#3057,#3058,#3059),.UNSPECIFIED.,.T.,.F.) B_SPLINE_CURVE_WITH_KNOTS((1,2
    ,2,2,2,1),(-2.094395102393,0.,2.094395102393,4.188790204786,
6.28318530718,8.377580409573),.UNSPECIFIED.) CURVE() 
GEOMETRIC_REPRESENTATION_ITEM() RATIONAL_B_SPLINE_CURVE((1.,0.5,1.,0.5,
1.,0.5,1.)) REPRESENTATION_ITEM('') );
#3053 = CARTESIAN_POINT('',(0.,-9.));
#3054 = CARTESIAN_POINT('',(-15.58845726812,-9.));
#3055 = CARTESIAN_POINT('',(-7.79422863406,4.5));
#3056 = CARTESIAN_POINT('',(-2.204364238465E-15,18.));
#3057 = CARTESIAN_POINT('',(7.79422863406,4.5));
#3058 = CARTESIAN_POINT('',(15.58845726812,-9.));
#3059 = CARTESIAN_POINT('',(0.,-9.));
#3060 = ( GEOMETRIC_REPRESENTATION_CONTEXT(2) 
PARAMETRIC_REPRESENTATION_CONTEXT() REPRESENTATION_CONTEXT('2D SPACE',''
  ) );
#3061 = PCURVE('',#2893,#3062);
#3062 = DEFINITIONAL_REPRESENTATION('',(#3063),#3067);
#3063 = LINE('',#3064,#3065);
#3064 = CARTESIAN_POINT('',(0.,-0.3));
#3065 = VECTOR('',#3066,1.);
#3066 = DIRECTION('',(1.,0.));
#3067 = ( GEOMETRIC_REPRESENTATION_CONTEXT(2) 
PARAMETRIC_REPRESENTATION_CONTEXT() REPRESENTATION_CONTEXT('2D SPACE',''
  ) );
#3068 = FACE_BOUND('',#3069,.F.);
#3069 = EDGE_LOOP('',(#3070));
#3070 = ORIENTED_EDGE('',*,*,#2734,.F.);
#3071 = ADVANCED_FACE('',(#3072),#2837,.F.);
#3072 = FACE_BOUND('',#3073,.T.);
#3073 = EDGE_LOOP('',(#3074,#3075,#3076,#3077));
#3074 = ORIENTED_EDGE('',*,*,#3008,.T.);
#3075 = ORIENTED_EDGE('',*,*,#2980,.T.);
#3076 = ORIENTED_EDGE('',*,*,#2908,.F.);
#3077 = ORIENTED_EDGE('',*,*,#2821,.F.);
#3078 = ADVANCED_FACE('',(#3079),#2893,.T.);
#3079 = FACE_BOUND('',#3080,.T.);
#3080 = EDGE_LOOP('',(#3081,#3102,#3103,#3104));
#3081 = ORIENTED_EDGE('',*,*,#3082,.T.);
#3082 = EDGE_CURVE('',#2873,#3042,#3083,.T.);
#3083 = SEAM_CURVE('',#3084,(#3088,#3095),.PCURVE_S1.);
#3084 = LINE('',#3085,#3086);
#3085 = CARTESIAN_POINT('',(653.78571428571,240.00005454631,
    50.053350873263));
#3086 = VECTOR('',#3087,1.);
#3087 = DIRECTION('',(-0.,-0.216409655053,0.976302648363));
#3088 = PCURVE('',#2893,#3089);
#3089 = DEFINITIONAL_REPRESENTATION('',(#3090),#3094);
#3090 = LINE('',#3091,#3092);
#3091 = CARTESIAN_POINT('',(0.,0.));
#3092 = VECTOR('',#3093,1.);
#3093 = DIRECTION('',(0.,-1.));
#3094 = ( GEOMETRIC_REPRESENTATION_CONTEXT(2) 
PARAMETRIC_REPRESENTATION_CONTEXT() REPRESENTATION_CONTEXT('2D SPACE',''
  ) );
#3095 = PCURVE('',#2893,#3096);
#3096 = DEFINITIONAL_REPRESENTATION('',(#3097),#3101);
#3097 = LINE('',#3098,#3099);
#3098 = CARTESIAN_POINT('',(6.28318530718,0.));
#3099 = VECTOR('',#3100,1.);
#3100 = DIRECTION('',(0.,-1.));
#3101 = ( GEOMETRIC_REPRESENTATION_CONTEXT(2) 
PARAMETRIC_REPRESENTATION_CONTEXT() REPRESENTATION_CONTEXT('2D SPACE',''
  ) );
#3102 = ORIENTED_EDGE('',*,*,#3041,.T.);
#3103 = ORIENTED_EDGE('',*,*,#3082,.F.);
#3104 = ORIENTED_EDGE('',*,*,#2872,.F.);
#3105 = ( GEOMETRIC_REPRESENTATION_CONTEXT(3) 
GLOBAL_UNCERTAINTY_ASSIGNED_CONTEXT((#3109)) 
GLOBAL_UNIT_ASSIGNED_CONTEXT((#3106,#3107,#3108)) REPRESENTATION_CONTEXT
('Context #1','3D Context with UNIT and UNCERTAINTY') );
#3106 = ( LENGTH_UNIT() NAMED_UNIT(*) SI_UNIT(.MILLI.,.METRE.) );
#3107 = ( NAMED_UNIT(*) PLANE_ANGLE_UNIT() SI_UNIT($,.RADIAN.) );
#3108 = ( NAMED_UNIT(*) SI_UNIT($,.STERADIAN.) SOLID_ANGLE_UNIT() );
#3109 = UNCERTAINTY_MEASURE_WITH_UNIT(LENGTH_MEASURE(1.E-07),#3106,
  'distance_accuracy_value','confusion accuracy');
#3110 = PRODUCT_RELATED_PRODUCT_CATEGORY('part',$,(#7));
ENDSEC;
END-ISO-10303-21;
