ISO-10303-21;
HEADER;
FILE_DESCRIPTION(('Open CASCADE Model'),'2;1');
FILE_NAME('Open CASCADE Shape Model','2026-08-28T07:54:16',('Author'),(
    'Open CASCADE'),'Open CASCADE STEP processor 7.9','Open CASCADE 7.9'
  ,'Unknown');
FILE_SCHEMA(('AUTOMOTIVE_DESIGN { 1 0 10303 214 1 1 1 1 }'));
ENDSEC;
DATA;
#1 = APPLICATION_PROTOCOL_DEFINITION('international standard',
  'automotive_design',2000,#2);
#2 = APPLICATION_CONTEXT(
  'core data for automotive mechanical design processes');
#3 = SHAPE_DEFINITION_REPRESENTATION(#4,#10);
#4 = PRODUCT_DEFINITION_SHAPE('','',#5);
#5 = PRODUCT_DEFINITION('design','',#6,#9);
#6 = PRODUCT_DEFINITION_FORMATION('','',#7);
#7 = PRODUCT('Open CASCADE STEP translator 7.9 30',
  'Open CASCADE STEP translator 7.9 30','',(#8));
#8 = PRODUCT_CONTEXT('',#2,'mechanical');
#9 = PRODUCT_DEFINITION_CONTEXT('part definition',#2,'design');
#10 = ADVANCED_BREP_SHAPE_REPRESENTATION('',(#11,#15),#4343);
#11 = AXIS2_PLACEMENT_3D('',#12,#13,#14);
#12 = CARTESIAN_POINT('',(0.,0.,0.));
#13 = DIRECTION('',(0.,0.,1.));
#14 = DIRECTION('',(1.,0.,-0.));
#15 = MANIFOLD_SOLID_BREP('',#16);
#16 = CLOSED_SHELL('',(#17,#137,#213,#284,#311,#1828,#1835,#1911,#1960,
    #2009,#2058,#2107,#2156,#2205,#2254,#2303,#2352,#2401,#2450,#2499,
    #2548,#2597,#2646,#2695,#2744,#2793,#2842,#2891,#2940,#2989,#3038,
    #3087,#3136,#3185,#3234,#3283,#3332,#3381,#3430,#3479,#3528,#3577,
    #3626,#3675,#3724,#3773,#3822,#3871,#3920,#3969,#4018,#4067,#4116,
    #4165,#4214,#4263,#4290));
#17 = ADVANCED_FACE('',(#18),#32,.T.);
#18 = FACE_BOUND('',#19,.T.);
#19 = EDGE_LOOP('',(#20,#55,#83,#111));
#20 = ORIENTED_EDGE('',*,*,#21,.T.);
#21 = EDGE_CURVE('',#22,#24,#26,.T.);
#22 = VERTEX_POINT('',#23);
#23 = CARTESIAN_POINT('',(-27.1795,9.95,0.));
#24 = VERTEX_POINT('',#25);
#25 = CARTESIAN_POINT('',(-27.1795,9.95,2.2));
#26 = SURFACE_CURVE('',#27,(#31,#43),.PCURVE_S1.);
#27 = LINE('',#28,#29);
#28 = CARTESIAN_POINT('',(-27.1795,9.95,0.));
#29 = VECTOR('',#30,1.);
#30 = DIRECTION('',(0.,0.,1.));
#31 = PCURVE('',#32,#37);
#32 = PLANE('',#33);
#33 = AXIS2_PLACEMENT_3D('',#34,#35,#36);
#34 = CARTESIAN_POINT('',(-27.1795,9.95,0.));
#35 = DIRECTION('',(0.,1.,0.));
#36 = DIRECTION('',(1.,0.,0.));
#37 = DEFINITIONAL_REPRESENTATION('',(#38),#42);
#38 = LINE('',#39,#40);
#39 = CARTESIAN_POINT('',(0.,0.));
#40 = VECTOR('',#41,1.);
#41 = DIRECTION('',(0.,-1.));
#42 = ( GEOMETRIC_REPRESENTATION_CONTEXT(2) 
PARAMETRIC_REPRESENTATION_CONTEXT() REPRESENTATION_CONTEXT('2D SPACE',''
  ) );
#43 = PCURVE('',#44,#49);
#44 = PLANE('',#45);
#45 = AXIS2_PLACEMENT_3D('',#46,#47,#48);
#46 = CARTESIAN_POINT('',(-26.8775,-9.95,0.));
#47 = DIRECTION('',(-0.999884866229,-1.517413214076E-02,0.));
#48 = DIRECTION('',(-1.517413214076E-02,0.999884866229,0.));
#49 = DEFINITIONAL_REPRESENTATION('',(#50),#54);
#50 = LINE('',#51,#52);
#51 = CARTESIAN_POINT('',(19.902291425864,0.));
#52 = VECTOR('',#53,1.);
#53 = DIRECTION('',(0.,-1.));
#54 = ( GEOMETRIC_REPRESENTATION_CONTEXT(2) 
PARAMETRIC_REPRESENTATION_CONTEXT() REPRESENTATION_CONTEXT('2D SPACE',''
  ) );
#55 = ORIENTED_EDGE('',*,*,#56,.T.);
#56 = EDGE_CURVE('',#24,#57,#59,.T.);
#57 = VERTEX_POINT('',#58);
#58 = CARTESIAN_POINT('',(27.1795,9.95,2.2));
#59 = SURFACE_CURVE('',#60,(#64,#71),.PCURVE_S1.);
#60 = LINE('',#61,#62);
#61 = CARTESIAN_POINT('',(-27.1795,9.95,2.2));
#62 = VECTOR('',#63,1.);
#63 = DIRECTION('',(1.,0.,0.));
#64 = PCURVE('',#32,#65);
#65 = DEFINITIONAL_REPRESENTATION('',(#66),#70);
#66 = LINE('',#67,#68);
#67 = CARTESIAN_POINT('',(0.,-2.2));
#68 = VECTOR('',#69,1.);
#69 = DIRECTION('',(1.,0.));
#70 = ( GEOMETRIC_REPRESENTATION_CONTEXT(2) 
PARAMETRIC_REPRESENTATION_CONTEXT() REPRESENTATION_CONTEXT('2D SPACE',''
  ) );
#71 = PCURVE('',#72,#77);
#72 = PLANE('',#73);
#73 = AXIS2_PLACEMENT_3D('',#74,#75,#76);
#74 = CARTESIAN_POINT('',(3.842885576979E-16,4.062910747343E-02,2.2));
#75 = DIRECTION('',(-0.,-0.,-1.));
#76 = DIRECTION('',(-1.,0.,0.));
#77 = DEFINITIONAL_REPRESENTATION('',(#78),#82);
#78 = LINE('',#79,#80);
#79 = CARTESIAN_POINT('',(27.1795,9.909370892527));
#80 = VECTOR('',#81,1.);
#81 = DIRECTION('',(-1.,0.));
#82 = ( GEOMETRIC_REPRESENTATION_CONTEXT(2) 
PARAMETRIC_REPRESENTATION_CONTEXT() REPRESENTATION_CONTEXT('2D SPACE',''
  ) );
#83 = ORIENTED_EDGE('',*,*,#84,.F.);
#84 = EDGE_CURVE('',#85,#57,#87,.T.);
#85 = VERTEX_POINT('',#86);
#86 = CARTESIAN_POINT('',(27.1795,9.95,0.));
#87 = SURFACE_CURVE('',#88,(#92,#99),.PCURVE_S1.);
#88 = LINE('',#89,#90);
#89 = CARTESIAN_POINT('',(27.1795,9.95,0.));
#90 = VECTOR('',#91,1.);
#91 = DIRECTION('',(0.,0.,1.));
#92 = PCURVE('',#32,#93);
#93 = DEFINITIONAL_REPRESENTATION('',(#94),#98);
#94 = LINE('',#95,#96);
#95 = CARTESIAN_POINT('',(54.359,0.));
#96 = VECTOR('',#97,1.);
#97 = DIRECTION('',(0.,-1.));
#98 = ( GEOMETRIC_REPRESENTATION_CONTEXT(2) 
PARAMETRIC_REPRESENTATION_CONTEXT() REPRESENTATION_CONTEXT('2D SPACE',''
  ) );
#99 = PCURVE('',#100,#105);
#100 = PLANE('',#101);
#101 = AXIS2_PLACEMENT_3D('',#102,#103,#104);
#102 = CARTESIAN_POINT('',(27.1795,9.95,0.));
#103 = DIRECTION('',(0.999884866229,-1.517413214076E-02,0.));
#104 = DIRECTION('',(-1.517413214076E-02,-0.999884866229,0.));
#105 = DEFINITIONAL_REPRESENTATION('',(#106),#110);
#106 = LINE('',#107,#108);
#107 = CARTESIAN_POINT('',(0.,0.));
#108 = VECTOR('',#109,1.);
#109 = DIRECTION('',(0.,-1.));
#110 = ( GEOMETRIC_REPRESENTATION_CONTEXT(2) 
PARAMETRIC_REPRESENTATION_CONTEXT() REPRESENTATION_CONTEXT('2D SPACE',''
  ) );
#111 = ORIENTED_EDGE('',*,*,#112,.F.);
#112 = EDGE_CURVE('',#22,#85,#113,.T.);
#113 = SURFACE_CURVE('',#114,(#118,#125),.PCURVE_S1.);
#114 = LINE('',#115,#116);
#115 = CARTESIAN_POINT('',(-27.1795,9.95,0.));
#116 = VECTOR('',#117,1.);
#117 = DIRECTION('',(1.,0.,0.));
#118 = PCURVE('',#32,#119);
#119 = DEFINITIONAL_REPRESENTATION('',(#120),#124);
#120 = LINE('',#121,#122);
#121 = CARTESIAN_POINT('',(0.,0.));
#122 = VECTOR('',#123,1.);
#123 = DIRECTION('',(1.,0.));
#124 = ( GEOMETRIC_REPRESENTATION_CONTEXT(2) 
PARAMETRIC_REPRESENTATION_CONTEXT() REPRESENTATION_CONTEXT('2D SPACE',''
  ) );
#125 = PCURVE('',#126,#131);
#126 = PLANE('',#127);
#127 = AXIS2_PLACEMENT_3D('',#128,#129,#130);
#128 = CARTESIAN_POINT('',(3.842885576979E-16,4.062910747343E-02,0.));
#129 = DIRECTION('',(-0.,-0.,-1.));
#130 = DIRECTION('',(-1.,0.,0.));
#131 = DEFINITIONAL_REPRESENTATION('',(#132),#136);
#132 = LINE('',#133,#134);
#133 = CARTESIAN_POINT('',(27.1795,9.909370892527));
#134 = VECTOR('',#135,1.);
#135 = DIRECTION('',(-1.,0.));
#136 = ( GEOMETRIC_REPRESENTATION_CONTEXT(2) 
PARAMETRIC_REPRESENTATION_CONTEXT() REPRESENTATION_CONTEXT('2D SPACE',''
  ) );
#137 = ADVANCED_FACE('',(#138),#44,.T.);
#138 = FACE_BOUND('',#139,.T.);
#139 = EDGE_LOOP('',(#140,#170,#191,#192));
#140 = ORIENTED_EDGE('',*,*,#141,.T.);
#141 = EDGE_CURVE('',#142,#144,#146,.T.);
#142 = VERTEX_POINT('',#143);
#143 = CARTESIAN_POINT('',(-26.8775,-9.95,0.));
#144 = VERTEX_POINT('',#145);
#145 = CARTESIAN_POINT('',(-26.8775,-9.95,2.2));
#146 = SURFACE_CURVE('',#147,(#151,#158),.PCURVE_S1.);
#147 = LINE('',#148,#149);
#148 = CARTESIAN_POINT('',(-26.8775,-9.95,0.));
#149 = VECTOR('',#150,1.);
#150 = DIRECTION('',(0.,0.,1.));
#151 = PCURVE('',#44,#152);
#152 = DEFINITIONAL_REPRESENTATION('',(#153),#157);
#153 = LINE('',#154,#155);
#154 = CARTESIAN_POINT('',(0.,0.));
#155 = VECTOR('',#156,1.);
#156 = DIRECTION('',(0.,-1.));
#157 = ( GEOMETRIC_REPRESENTATION_CONTEXT(2) 
PARAMETRIC_REPRESENTATION_CONTEXT() REPRESENTATION_CONTEXT('2D SPACE',''
  ) );
#158 = PCURVE('',#159,#164);
#159 = PLANE('',#160);
#160 = AXIS2_PLACEMENT_3D('',#161,#162,#163);
#161 = CARTESIAN_POINT('',(26.8775,-9.95,0.));
#162 = DIRECTION('',(0.,-1.,0.));
#163 = DIRECTION('',(-1.,0.,0.));
#164 = DEFINITIONAL_REPRESENTATION('',(#165),#169);
#165 = LINE('',#166,#167);
#166 = CARTESIAN_POINT('',(53.755,0.));
#167 = VECTOR('',#168,1.);
#168 = DIRECTION('',(0.,-1.));
#169 = ( GEOMETRIC_REPRESENTATION_CONTEXT(2) 
PARAMETRIC_REPRESENTATION_CONTEXT() REPRESENTATION_CONTEXT('2D SPACE',''
  ) );
#170 = ORIENTED_EDGE('',*,*,#171,.T.);
#171 = EDGE_CURVE('',#144,#24,#172,.T.);
#172 = SURFACE_CURVE('',#173,(#177,#184),.PCURVE_S1.);
#173 = LINE('',#174,#175);
#174 = CARTESIAN_POINT('',(-26.8775,-9.95,2.2));
#175 = VECTOR('',#176,1.);
#176 = DIRECTION('',(-1.517413214076E-02,0.999884866229,0.));
#177 = PCURVE('',#44,#178);
#178 = DEFINITIONAL_REPRESENTATION('',(#179),#183);
#179 = LINE('',#180,#181);
#180 = CARTESIAN_POINT('',(0.,-2.2));
#181 = VECTOR('',#182,1.);
#182 = DIRECTION('',(1.,0.));
#183 = ( GEOMETRIC_REPRESENTATION_CONTEXT(2) 
PARAMETRIC_REPRESENTATION_CONTEXT() REPRESENTATION_CONTEXT('2D SPACE',''
  ) );
#184 = PCURVE('',#72,#185);
#185 = DEFINITIONAL_REPRESENTATION('',(#186),#190);
#186 = LINE('',#187,#188);
#187 = CARTESIAN_POINT('',(26.8775,-9.990629107473));
#188 = VECTOR('',#189,1.);
#189 = DIRECTION('',(1.517413214076E-02,0.999884866229));
#190 = ( GEOMETRIC_REPRESENTATION_CONTEXT(2) 
PARAMETRIC_REPRESENTATION_CONTEXT() REPRESENTATION_CONTEXT('2D SPACE',''
  ) );
#191 = ORIENTED_EDGE('',*,*,#21,.F.);
#192 = ORIENTED_EDGE('',*,*,#193,.F.);
#193 = EDGE_CURVE('',#142,#22,#194,.T.);
#194 = SURFACE_CURVE('',#195,(#199,#206),.PCURVE_S1.);
#195 = LINE('',#196,#197);
#196 = CARTESIAN_POINT('',(-26.8775,-9.95,0.));
#197 = VECTOR('',#198,1.);
#198 = DIRECTION('',(-1.517413214076E-02,0.999884866229,0.));
#199 = PCURVE('',#44,#200);
#200 = DEFINITIONAL_REPRESENTATION('',(#201),#205);
#201 = LINE('',#202,#203);
#202 = CARTESIAN_POINT('',(0.,0.));
#203 = VECTOR('',#204,1.);
#204 = DIRECTION('',(1.,0.));
#205 = ( GEOMETRIC_REPRESENTATION_CONTEXT(2) 
PARAMETRIC_REPRESENTATION_CONTEXT() REPRESENTATION_CONTEXT('2D SPACE',''
  ) );
#206 = PCURVE('',#126,#207);
#207 = DEFINITIONAL_REPRESENTATION('',(#208),#212);
#208 = LINE('',#209,#210);
#209 = CARTESIAN_POINT('',(26.8775,-9.990629107473));
#210 = VECTOR('',#211,1.);
#211 = DIRECTION('',(1.517413214076E-02,0.999884866229));
#212 = ( GEOMETRIC_REPRESENTATION_CONTEXT(2) 
PARAMETRIC_REPRESENTATION_CONTEXT() REPRESENTATION_CONTEXT('2D SPACE',''
  ) );
#213 = ADVANCED_FACE('',(#214),#100,.T.);
#214 = FACE_BOUND('',#215,.T.);
#215 = EDGE_LOOP('',(#216,#217,#240,#263));
#216 = ORIENTED_EDGE('',*,*,#84,.T.);
#217 = ORIENTED_EDGE('',*,*,#218,.T.);
#218 = EDGE_CURVE('',#57,#219,#221,.T.);
#219 = VERTEX_POINT('',#220);
#220 = CARTESIAN_POINT('',(26.8775,-9.95,2.2));
#221 = SURFACE_CURVE('',#222,(#226,#233),.PCURVE_S1.);
#222 = LINE('',#223,#224);
#223 = CARTESIAN_POINT('',(27.1795,9.95,2.2));
#224 = VECTOR('',#225,1.);
#225 = DIRECTION('',(-1.517413214076E-02,-0.999884866229,0.));
#226 = PCURVE('',#100,#227);
#227 = DEFINITIONAL_REPRESENTATION('',(#228),#232);
#228 = LINE('',#229,#230);
#229 = CARTESIAN_POINT('',(0.,-2.2));
#230 = VECTOR('',#231,1.);
#231 = DIRECTION('',(1.,0.));
#232 = ( GEOMETRIC_REPRESENTATION_CONTEXT(2) 
PARAMETRIC_REPRESENTATION_CONTEXT() REPRESENTATION_CONTEXT('2D SPACE',''
  ) );
#233 = PCURVE('',#72,#234);
#234 = DEFINITIONAL_REPRESENTATION('',(#235),#239);
#235 = LINE('',#236,#237);
#236 = CARTESIAN_POINT('',(-27.1795,9.909370892527));
#237 = VECTOR('',#238,1.);
#238 = DIRECTION('',(1.517413214076E-02,-0.999884866229));
#239 = ( GEOMETRIC_REPRESENTATION_CONTEXT(2) 
PARAMETRIC_REPRESENTATION_CONTEXT() REPRESENTATION_CONTEXT('2D SPACE',''
  ) );
#240 = ORIENTED_EDGE('',*,*,#241,.F.);
#241 = EDGE_CURVE('',#242,#219,#244,.T.);
#242 = VERTEX_POINT('',#243);
#243 = CARTESIAN_POINT('',(26.8775,-9.95,0.));
#244 = SURFACE_CURVE('',#245,(#249,#256),.PCURVE_S1.);
#245 = LINE('',#246,#247);
#246 = CARTESIAN_POINT('',(26.8775,-9.95,0.));
#247 = VECTOR('',#248,1.);
#248 = DIRECTION('',(0.,0.,1.));
#249 = PCURVE('',#100,#250);
#250 = DEFINITIONAL_REPRESENTATION('',(#251),#255);
#251 = LINE('',#252,#253);
#252 = CARTESIAN_POINT('',(19.902291425864,0.));
#253 = VECTOR('',#254,1.);
#254 = DIRECTION('',(0.,-1.));
#255 = ( GEOMETRIC_REPRESENTATION_CONTEXT(2) 
PARAMETRIC_REPRESENTATION_CONTEXT() REPRESENTATION_CONTEXT('2D SPACE',''
  ) );
#256 = PCURVE('',#159,#257);
#257 = DEFINITIONAL_REPRESENTATION('',(#258),#262);
#258 = LINE('',#259,#260);
#259 = CARTESIAN_POINT('',(0.,-0.));
#260 = VECTOR('',#261,1.);
#261 = DIRECTION('',(0.,-1.));
#262 = ( GEOMETRIC_REPRESENTATION_CONTEXT(2) 
PARAMETRIC_REPRESENTATION_CONTEXT() REPRESENTATION_CONTEXT('2D SPACE',''
  ) );
#263 = ORIENTED_EDGE('',*,*,#264,.F.);
#264 = EDGE_CURVE('',#85,#242,#265,.T.);
#265 = SURFACE_CURVE('',#266,(#270,#277),.PCURVE_S1.);
#266 = LINE('',#267,#268);
#267 = CARTESIAN_POINT('',(27.1795,9.95,0.));
#268 = VECTOR('',#269,1.);
#269 = DIRECTION('',(-1.517413214076E-02,-0.999884866229,0.));
#270 = PCURVE('',#100,#271);
#271 = DEFINITIONAL_REPRESENTATION('',(#272),#276);
#272 = LINE('',#273,#274);
#273 = CARTESIAN_POINT('',(0.,0.));
#274 = VECTOR('',#275,1.);
#275 = DIRECTION('',(1.,0.));
#276 = ( GEOMETRIC_REPRESENTATION_CONTEXT(2) 
PARAMETRIC_REPRESENTATION_CONTEXT() REPRESENTATION_CONTEXT('2D SPACE',''
  ) );
#277 = PCURVE('',#126,#278);
#278 = DEFINITIONAL_REPRESENTATION('',(#279),#283);
#279 = LINE('',#280,#281);
#280 = CARTESIAN_POINT('',(-27.1795,9.909370892527));
#281 = VECTOR('',#282,1.);
#282 = DIRECTION('',(1.517413214076E-02,-0.999884866229));
#283 = ( GEOMETRIC_REPRESENTATION_CONTEXT(2) 
PARAMETRIC_REPRESENTATION_CONTEXT() REPRESENTATION_CONTEXT('2D SPACE',''
  ) );
#284 = ADVANCED_FACE('',(#285),#126,.T.);
#285 = FACE_BOUND('',#286,.T.);
#286 = EDGE_LOOP('',(#287,#288,#289,#310));
#287 = ORIENTED_EDGE('',*,*,#112,.T.);
#288 = ORIENTED_EDGE('',*,*,#264,.T.);
#289 = ORIENTED_EDGE('',*,*,#290,.T.);
#290 = EDGE_CURVE('',#242,#142,#291,.T.);
#291 = SURFACE_CURVE('',#292,(#296,#303),.PCURVE_S1.);
#292 = LINE('',#293,#294);
#293 = CARTESIAN_POINT('',(26.8775,-9.95,0.));
#294 = VECTOR('',#295,1.);
#295 = DIRECTION('',(-1.,0.,0.));
#296 = PCURVE('',#126,#297);
#297 = DEFINITIONAL_REPRESENTATION('',(#298),#302);
#298 = LINE('',#299,#300);
#299 = CARTESIAN_POINT('',(-26.8775,-9.990629107473));
#300 = VECTOR('',#301,1.);
#301 = DIRECTION('',(1.,0.));
#302 = ( GEOMETRIC_REPRESENTATION_CONTEXT(2) 
PARAMETRIC_REPRESENTATION_CONTEXT() REPRESENTATION_CONTEXT('2D SPACE',''
  ) );
#303 = PCURVE('',#159,#304);
#304 = DEFINITIONAL_REPRESENTATION('',(#305),#309);
#305 = LINE('',#306,#307);
#306 = CARTESIAN_POINT('',(0.,-0.));
#307 = VECTOR('',#308,1.);
#308 = DIRECTION('',(1.,0.));
#309 = ( GEOMETRIC_REPRESENTATION_CONTEXT(2) 
PARAMETRIC_REPRESENTATION_CONTEXT() REPRESENTATION_CONTEXT('2D SPACE',''
  ) );
#310 = ORIENTED_EDGE('',*,*,#193,.T.);
#311 = ADVANCED_FACE('',(#312,#338),#72,.F.);
#312 = FACE_BOUND('',#313,.F.);
#313 = EDGE_LOOP('',(#314,#315,#316,#337));
#314 = ORIENTED_EDGE('',*,*,#56,.T.);
#315 = ORIENTED_EDGE('',*,*,#218,.T.);
#316 = ORIENTED_EDGE('',*,*,#317,.T.);
#317 = EDGE_CURVE('',#219,#144,#318,.T.);
#318 = SURFACE_CURVE('',#319,(#323,#330),.PCURVE_S1.);
#319 = LINE('',#320,#321);
#320 = CARTESIAN_POINT('',(26.8775,-9.95,2.2));
#321 = VECTOR('',#322,1.);
#322 = DIRECTION('',(-1.,0.,0.));
#323 = PCURVE('',#72,#324);
#324 = DEFINITIONAL_REPRESENTATION('',(#325),#329);
#325 = LINE('',#326,#327);
#326 = CARTESIAN_POINT('',(-26.8775,-9.990629107473));
#327 = VECTOR('',#328,1.);
#328 = DIRECTION('',(1.,0.));
#329 = ( GEOMETRIC_REPRESENTATION_CONTEXT(2) 
PARAMETRIC_REPRESENTATION_CONTEXT() REPRESENTATION_CONTEXT('2D SPACE',''
  ) );
#330 = PCURVE('',#159,#331);
#331 = DEFINITIONAL_REPRESENTATION('',(#332),#336);
#332 = LINE('',#333,#334);
#333 = CARTESIAN_POINT('',(0.,-2.2));
#334 = VECTOR('',#335,1.);
#335 = DIRECTION('',(1.,0.));
#336 = ( GEOMETRIC_REPRESENTATION_CONTEXT(2) 
PARAMETRIC_REPRESENTATION_CONTEXT() REPRESENTATION_CONTEXT('2D SPACE',''
  ) );
#337 = ORIENTED_EDGE('',*,*,#171,.T.);
#338 = FACE_BOUND('',#339,.F.);
#339 = EDGE_LOOP('',(#340,#372,#400,#430,#460,#490,#520,#550,#580,#610,
    #640,#670,#700,#728,#758,#788,#818,#848,#878,#908,#938,#968,#998,
    #1028,#1056,#1086,#1116,#1146,#1176,#1206,#1236,#1266,#1296,#1326,
    #1356,#1386,#1416,#1444,#1472,#1500,#1530,#1560,#1590,#1620,#1650,
    #1680,#1710,#1740,#1770,#1800));
#340 = ORIENTED_EDGE('',*,*,#341,.T.);
#341 = EDGE_CURVE('',#342,#344,#346,.T.);
#342 = VERTEX_POINT('',#343);
#343 = CARTESIAN_POINT('',(-1.833581724948,-2.18346144651,2.2));
#344 = VERTEX_POINT('',#345);
#345 = CARTESIAN_POINT('',(-1.937821404851,-1.349561865724,2.2));
#346 = SURFACE_CURVE('',#347,(#351,#358),.PCURVE_S1.);
#347 = B_SPLINE_CURVE_WITH_KNOTS('',2,(#348,#349,#350),.UNSPECIFIED.,.F.
  ,.F.,(3,3),(0.,1.),.PIECEWISE_BEZIER_KNOTS.);
#348 = CARTESIAN_POINT('',(-1.833581724948,-2.18346144651,2.2));
#349 = CARTESIAN_POINT('',(-1.959751561938,-1.810416616377,2.2));
#350 = CARTESIAN_POINT('',(-1.937821404851,-1.349561865724,2.2));
#351 = PCURVE('',#72,#352);
#352 = DEFINITIONAL_REPRESENTATION('',(#353),#357);
#353 = B_SPLINE_CURVE_WITH_KNOTS('',2,(#354,#355,#356),.UNSPECIFIED.,.F.
  ,.F.,(3,3),(0.,1.),.PIECEWISE_BEZIER_KNOTS.);
#354 = CARTESIAN_POINT('',(1.833581724948,-2.224090553983));
#355 = CARTESIAN_POINT('',(1.959751561938,-1.851045723851));
#356 = CARTESIAN_POINT('',(1.937821404851,-1.390190973197));
#357 = ( GEOMETRIC_REPRESENTATION_CONTEXT(2) 
PARAMETRIC_REPRESENTATION_CONTEXT() REPRESENTATION_CONTEXT('2D SPACE',''
  ) );
#358 = PCURVE('',#359,#366);
#359 = SURFACE_OF_LINEAR_EXTRUSION('',#360,#364);
#360 = B_SPLINE_CURVE_WITH_KNOTS('',2,(#361,#362,#363),.UNSPECIFIED.,.F.
  ,.F.,(3,3),(0.,1.),.PIECEWISE_BEZIER_KNOTS.);
#361 = CARTESIAN_POINT('',(-1.833581724948,-2.18346144651,1.8));
#362 = CARTESIAN_POINT('',(-1.959751561938,-1.810416616377,1.8));
#363 = CARTESIAN_POINT('',(-1.937821404851,-1.349561865724,1.8));
#364 = VECTOR('',#365,1.);
#365 = DIRECTION('',(-0.,-0.,-1.));
#366 = DEFINITIONAL_REPRESENTATION('',(#367),#371);
#367 = LINE('',#368,#369);
#368 = CARTESIAN_POINT('',(0.,-0.4));
#369 = VECTOR('',#370,1.);
#370 = DIRECTION('',(1.,0.));
#371 = ( GEOMETRIC_REPRESENTATION_CONTEXT(2) 
PARAMETRIC_REPRESENTATION_CONTEXT() REPRESENTATION_CONTEXT('2D SPACE',''
  ) );
#372 = ORIENTED_EDGE('',*,*,#373,.T.);
#373 = EDGE_CURVE('',#344,#374,#376,.T.);
#374 = VERTEX_POINT('',#375);
#375 = CARTESIAN_POINT('',(-2.629049955528,-1.349561865724,2.2));
#376 = SURFACE_CURVE('',#377,(#381,#388),.PCURVE_S1.);
#377 = LINE('',#378,#379);
#378 = CARTESIAN_POINT('',(-1.937821404851,-1.349561865724,2.2));
#379 = VECTOR('',#380,1.);
#380 = DIRECTION('',(-1.,0.,0.));
#381 = PCURVE('',#72,#382);
#382 = DEFINITIONAL_REPRESENTATION('',(#383),#387);
#383 = LINE('',#384,#385);
#384 = CARTESIAN_POINT('',(1.937821404851,-1.390190973197));
#385 = VECTOR('',#386,1.);
#386 = DIRECTION('',(1.,0.));
#387 = ( GEOMETRIC_REPRESENTATION_CONTEXT(2) 
PARAMETRIC_REPRESENTATION_CONTEXT() REPRESENTATION_CONTEXT('2D SPACE',''
  ) );
#388 = PCURVE('',#389,#394);
#389 = PLANE('',#390);
#390 = AXIS2_PLACEMENT_3D('',#391,#392,#393);
#391 = CARTESIAN_POINT('',(-1.937821404851,-1.349561865724,1.8));
#392 = DIRECTION('',(0.,-1.,0.));
#393 = DIRECTION('',(-1.,0.,0.));
#394 = DEFINITIONAL_REPRESENTATION('',(#395),#399);
#395 = LINE('',#396,#397);
#396 = CARTESIAN_POINT('',(0.,-0.4));
#397 = VECTOR('',#398,1.);
#398 = DIRECTION('',(1.,0.));
#399 = ( GEOMETRIC_REPRESENTATION_CONTEXT(2) 
PARAMETRIC_REPRESENTATION_CONTEXT() REPRESENTATION_CONTEXT('2D SPACE',''
  ) );
#400 = ORIENTED_EDGE('',*,*,#401,.T.);
#401 = EDGE_CURVE('',#374,#402,#404,.T.);
#402 = VERTEX_POINT('',#403);
#403 = CARTESIAN_POINT('',(-2.491915039995,-2.457766994446,2.2));
#404 = SURFACE_CURVE('',#405,(#409,#416),.PCURVE_S1.);
#405 = B_SPLINE_CURVE_WITH_KNOTS('',2,(#406,#407,#408),.UNSPECIFIED.,.F.
  ,.F.,(3,3),(0.,1.),.PIECEWISE_BEZIER_KNOTS.);
#406 = CARTESIAN_POINT('',(-2.629049955528,-1.349561865724,2.2));
#407 = CARTESIAN_POINT('',(-2.672945986572,-1.974999945139,2.2));
#408 = CARTESIAN_POINT('',(-2.491915039995,-2.457766994446,2.2));
#409 = PCURVE('',#72,#410);
#410 = DEFINITIONAL_REPRESENTATION('',(#411),#415);
#411 = B_SPLINE_CURVE_WITH_KNOTS('',2,(#412,#413,#414),.UNSPECIFIED.,.F.
  ,.F.,(3,3),(0.,1.),.PIECEWISE_BEZIER_KNOTS.);
#412 = CARTESIAN_POINT('',(2.629049955528,-1.390190973197));
#413 = CARTESIAN_POINT('',(2.672945986572,-2.015629052612));
#414 = CARTESIAN_POINT('',(2.491915039995,-2.498396101919));
#415 = ( GEOMETRIC_REPRESENTATION_CONTEXT(2) 
PARAMETRIC_REPRESENTATION_CONTEXT() REPRESENTATION_CONTEXT('2D SPACE',''
  ) );
#416 = PCURVE('',#417,#424);
#417 = SURFACE_OF_LINEAR_EXTRUSION('',#418,#422);
#418 = B_SPLINE_CURVE_WITH_KNOTS('',2,(#419,#420,#421),.UNSPECIFIED.,.F.
  ,.F.,(3,3),(0.,1.),.PIECEWISE_BEZIER_KNOTS.);
#419 = CARTESIAN_POINT('',(-2.629049955528,-1.349561865724,1.8));
#420 = CARTESIAN_POINT('',(-2.672945986572,-1.974999945139,1.8));
#421 = CARTESIAN_POINT('',(-2.491915039995,-2.457766994446,1.8));
#422 = VECTOR('',#423,1.);
#423 = DIRECTION('',(-0.,-0.,-1.));
#424 = DEFINITIONAL_REPRESENTATION('',(#425),#429);
#425 = LINE('',#426,#427);
#426 = CARTESIAN_POINT('',(0.,-0.4));
#427 = VECTOR('',#428,1.);
#428 = DIRECTION('',(1.,0.));
#429 = ( GEOMETRIC_REPRESENTATION_CONTEXT(2) 
PARAMETRIC_REPRESENTATION_CONTEXT() REPRESENTATION_CONTEXT('2D SPACE',''
  ) );
#430 = ORIENTED_EDGE('',*,*,#431,.T.);
#431 = EDGE_CURVE('',#402,#432,#434,.T.);
#432 = VERTEX_POINT('',#433);
#433 = CARTESIAN_POINT('',(-1.954286881101,-3.269700701276,2.2));
#434 = SURFACE_CURVE('',#435,(#439,#446),.PCURVE_S1.);
#435 = B_SPLINE_CURVE_WITH_KNOTS('',2,(#436,#437,#438),.UNSPECIFIED.,.F.
  ,.F.,(3,3),(0.,1.),.PIECEWISE_BEZIER_KNOTS.);
#436 = CARTESIAN_POINT('',(-2.491915039995,-2.457766994446,2.2));
#437 = CARTESIAN_POINT('',(-2.310884093417,-2.940534043753,2.2));
#438 = CARTESIAN_POINT('',(-1.954286881101,-3.269700701276,2.2));
#439 = PCURVE('',#72,#440);
#440 = DEFINITIONAL_REPRESENTATION('',(#441),#445);
#441 = B_SPLINE_CURVE_WITH_KNOTS('',2,(#442,#443,#444),.UNSPECIFIED.,.F.
  ,.F.,(3,3),(0.,1.),.PIECEWISE_BEZIER_KNOTS.);
#442 = CARTESIAN_POINT('',(2.491915039995,-2.498396101919));
#443 = CARTESIAN_POINT('',(2.310884093417,-2.981163151226));
#444 = CARTESIAN_POINT('',(1.954286881101,-3.310329808749));
#445 = ( GEOMETRIC_REPRESENTATION_CONTEXT(2) 
PARAMETRIC_REPRESENTATION_CONTEXT() REPRESENTATION_CONTEXT('2D SPACE',''
  ) );
#446 = PCURVE('',#447,#454);
#447 = SURFACE_OF_LINEAR_EXTRUSION('',#448,#452);
#448 = B_SPLINE_CURVE_WITH_KNOTS('',2,(#449,#450,#451),.UNSPECIFIED.,.F.
  ,.F.,(3,3),(0.,1.),.PIECEWISE_BEZIER_KNOTS.);
#449 = CARTESIAN_POINT('',(-2.491915039995,-2.457766994446,1.8));
#450 = CARTESIAN_POINT('',(-2.310884093417,-2.940534043753,1.8));
#451 = CARTESIAN_POINT('',(-1.954286881101,-3.269700701276,1.8));
#452 = VECTOR('',#453,1.);
#453 = DIRECTION('',(-0.,-0.,-1.));
#454 = DEFINITIONAL_REPRESENTATION('',(#455),#459);
#455 = LINE('',#456,#457);
#456 = CARTESIAN_POINT('',(0.,-0.4));
#457 = VECTOR('',#458,1.);
#458 = DIRECTION('',(1.,0.));
#459 = ( GEOMETRIC_REPRESENTATION_CONTEXT(2) 
PARAMETRIC_REPRESENTATION_CONTEXT() REPRESENTATION_CONTEXT('2D SPACE',''
  ) );
#460 = ORIENTED_EDGE('',*,*,#461,.T.);
#461 = EDGE_CURVE('',#432,#462,#464,.T.);
#462 = VERTEX_POINT('',#463);
#463 = CARTESIAN_POINT('',(-1.098439284793,-3.774433624538,2.2));
#464 = SURFACE_CURVE('',#465,(#469,#476),.PCURVE_S1.);
#465 = B_SPLINE_CURVE_WITH_KNOTS('',2,(#466,#467,#468),.UNSPECIFIED.,.F.
  ,.F.,(3,3),(0.,1.),.PIECEWISE_BEZIER_KNOTS.);
#466 = CARTESIAN_POINT('',(-1.954286881101,-3.269700701276,2.2));
#467 = CARTESIAN_POINT('',(-1.597689668784,-3.598867358799,2.2));
#468 = CARTESIAN_POINT('',(-1.098439284793,-3.774433624538,2.2));
#469 = PCURVE('',#72,#470);
#470 = DEFINITIONAL_REPRESENTATION('',(#471),#475);
#471 = B_SPLINE_CURVE_WITH_KNOTS('',2,(#472,#473,#474),.UNSPECIFIED.,.F.
  ,.F.,(3,3),(0.,1.),.PIECEWISE_BEZIER_KNOTS.);
#472 = CARTESIAN_POINT('',(1.954286881101,-3.310329808749));
#473 = CARTESIAN_POINT('',(1.597689668784,-3.639496466272));
#474 = CARTESIAN_POINT('',(1.098439284793,-3.815062732012));
#475 = ( GEOMETRIC_REPRESENTATION_CONTEXT(2) 
PARAMETRIC_REPRESENTATION_CONTEXT() REPRESENTATION_CONTEXT('2D SPACE',''
  ) );
#476 = PCURVE('',#477,#484);
#477 = SURFACE_OF_LINEAR_EXTRUSION('',#478,#482);
#478 = B_SPLINE_CURVE_WITH_KNOTS('',2,(#479,#480,#481),.UNSPECIFIED.,.F.
  ,.F.,(3,3),(0.,1.),.PIECEWISE_BEZIER_KNOTS.);
#479 = CARTESIAN_POINT('',(-1.954286881101,-3.269700701276,1.8));
#480 = CARTESIAN_POINT('',(-1.597689668784,-3.598867358799,1.8));
#481 = CARTESIAN_POINT('',(-1.098439284793,-3.774433624538,1.8));
#482 = VECTOR('',#483,1.);
#483 = DIRECTION('',(-0.,-0.,-1.));
#484 = DEFINITIONAL_REPRESENTATION('',(#485),#489);
#485 = LINE('',#486,#487);
#486 = CARTESIAN_POINT('',(0.,-0.4));
#487 = VECTOR('',#488,1.);
#488 = DIRECTION('',(1.,0.));
#489 = ( GEOMETRIC_REPRESENTATION_CONTEXT(2) 
PARAMETRIC_REPRESENTATION_CONTEXT() REPRESENTATION_CONTEXT('2D SPACE',''
  ) );
#490 = ORIENTED_EDGE('',*,*,#491,.T.);
#491 = EDGE_CURVE('',#462,#492,#494,.T.);
#492 = VERTEX_POINT('',#493);
#493 = CARTESIAN_POINT('',(-6.71749075522E-03,-3.949999890278,2.2));
#494 = SURFACE_CURVE('',#495,(#499,#506),.PCURVE_S1.);
#495 = B_SPLINE_CURVE_WITH_KNOTS('',2,(#496,#497,#498),.UNSPECIFIED.,.F.
  ,.F.,(3,3),(0.,1.),.PIECEWISE_BEZIER_KNOTS.);
#496 = CARTESIAN_POINT('',(-1.098439284793,-3.774433624538,2.2));
#497 = CARTESIAN_POINT('',(-0.599188900802,-3.949999890278,2.2));
#498 = CARTESIAN_POINT('',(-6.71749075522E-03,-3.949999890278,2.2));
#499 = PCURVE('',#72,#500);
#500 = DEFINITIONAL_REPRESENTATION('',(#501),#505);
#501 = B_SPLINE_CURVE_WITH_KNOTS('',2,(#502,#503,#504),.UNSPECIFIED.,.F.
  ,.F.,(3,3),(0.,1.),.PIECEWISE_BEZIER_KNOTS.);
#502 = CARTESIAN_POINT('',(1.098439284793,-3.815062732012));
#503 = CARTESIAN_POINT('',(0.599188900802,-3.990628997751));
#504 = CARTESIAN_POINT('',(6.71749075522E-03,-3.990628997751));
#505 = ( GEOMETRIC_REPRESENTATION_CONTEXT(2) 
PARAMETRIC_REPRESENTATION_CONTEXT() REPRESENTATION_CONTEXT('2D SPACE',''
  ) );
#506 = PCURVE('',#507,#514);
#507 = SURFACE_OF_LINEAR_EXTRUSION('',#508,#512);
#508 = B_SPLINE_CURVE_WITH_KNOTS('',2,(#509,#510,#511),.UNSPECIFIED.,.F.
  ,.F.,(3,3),(0.,1.),.PIECEWISE_BEZIER_KNOTS.);
#509 = CARTESIAN_POINT('',(-1.098439284793,-3.774433624538,1.8));
#510 = CARTESIAN_POINT('',(-0.599188900802,-3.949999890278,1.8));
#511 = CARTESIAN_POINT('',(-6.71749075522E-03,-3.949999890278,1.8));
#512 = VECTOR('',#513,1.);
#513 = DIRECTION('',(-0.,-0.,-1.));
#514 = DEFINITIONAL_REPRESENTATION('',(#515),#519);
#515 = LINE('',#516,#517);
#516 = CARTESIAN_POINT('',(0.,-0.4));
#517 = VECTOR('',#518,1.);
#518 = DIRECTION('',(1.,0.));
#519 = ( GEOMETRIC_REPRESENTATION_CONTEXT(2) 
PARAMETRIC_REPRESENTATION_CONTEXT() REPRESENTATION_CONTEXT('2D SPACE',''
  ) );
#520 = ORIENTED_EDGE('',*,*,#521,.T.);
#521 = EDGE_CURVE('',#492,#522,#524,.T.);
#522 = VERTEX_POINT('',#523);
#523 = CARTESIAN_POINT('',(1.00274835577,-3.801864179332,2.2));
#524 = SURFACE_CURVE('',#525,(#529,#536),.PCURVE_S1.);
#525 = B_SPLINE_CURVE_WITH_KNOTS('',2,(#526,#527,#528),.UNSPECIFIED.,.F.
  ,.F.,(3,3),(0.,1.),.PIECEWISE_BEZIER_KNOTS.);
#526 = CARTESIAN_POINT('',(-6.71749075522E-03,-3.949999890278,2.2));
#527 = CARTESIAN_POINT('',(0.519963448029,-3.949999890278,2.2));
#528 = CARTESIAN_POINT('',(1.00274835577,-3.801864179332,2.2));
#529 = PCURVE('',#72,#530);
#530 = DEFINITIONAL_REPRESENTATION('',(#531),#535);
#531 = B_SPLINE_CURVE_WITH_KNOTS('',2,(#532,#533,#534),.UNSPECIFIED.,.F.
  ,.F.,(3,3),(0.,1.),.PIECEWISE_BEZIER_KNOTS.);
#532 = CARTESIAN_POINT('',(6.71749075522E-03,-3.990628997751));
#533 = CARTESIAN_POINT('',(-0.519963448029,-3.990628997751));
#534 = CARTESIAN_POINT('',(-1.00274835577,-3.842493286805));
#535 = ( GEOMETRIC_REPRESENTATION_CONTEXT(2) 
PARAMETRIC_REPRESENTATION_CONTEXT() REPRESENTATION_CONTEXT('2D SPACE',''
  ) );
#536 = PCURVE('',#537,#544);
#537 = SURFACE_OF_LINEAR_EXTRUSION('',#538,#542);
#538 = B_SPLINE_CURVE_WITH_KNOTS('',2,(#539,#540,#541),.UNSPECIFIED.,.F.
  ,.F.,(3,3),(0.,1.),.PIECEWISE_BEZIER_KNOTS.);
#539 = CARTESIAN_POINT('',(-6.71749075522E-03,-3.949999890278,1.8));
#540 = CARTESIAN_POINT('',(0.519963448029,-3.949999890278,1.8));
#541 = CARTESIAN_POINT('',(1.00274835577,-3.801864179332,1.8));
#542 = VECTOR('',#543,1.);
#543 = DIRECTION('',(-0.,-0.,-1.));
#544 = DEFINITIONAL_REPRESENTATION('',(#545),#549);
#545 = LINE('',#546,#547);
#546 = CARTESIAN_POINT('',(0.,-0.4));
#547 = VECTOR('',#548,1.);
#548 = DIRECTION('',(1.,0.));
#549 = ( GEOMETRIC_REPRESENTATION_CONTEXT(2) 
PARAMETRIC_REPRESENTATION_CONTEXT() REPRESENTATION_CONTEXT('2D SPACE',''
  ) );
#550 = ORIENTED_EDGE('',*,*,#551,.T.);
#551 = EDGE_CURVE('',#522,#552,#554,.T.);
#552 = VERTEX_POINT('',#553);
#553 = CARTESIAN_POINT('',(1.8476130151,-3.357492763362,2.2));
#554 = SURFACE_CURVE('',#555,(#559,#566),.PCURVE_S1.);
#555 = B_SPLINE_CURVE_WITH_KNOTS('',2,(#556,#557,#558),.UNSPECIFIED.,.F.
  ,.F.,(3,3),(0.,1.),.PIECEWISE_BEZIER_KNOTS.);
#556 = CARTESIAN_POINT('',(1.00274835577,-3.801864179332,2.2));
#557 = CARTESIAN_POINT('',(1.485533263511,-3.653728468386,2.2));
#558 = CARTESIAN_POINT('',(1.8476130151,-3.357492763362,2.2));
#559 = PCURVE('',#72,#560);
#560 = DEFINITIONAL_REPRESENTATION('',(#561),#565);
#561 = B_SPLINE_CURVE_WITH_KNOTS('',2,(#562,#563,#564),.UNSPECIFIED.,.F.
  ,.F.,(3,3),(0.,1.),.PIECEWISE_BEZIER_KNOTS.);
#562 = CARTESIAN_POINT('',(-1.00274835577,-3.842493286805));
#563 = CARTESIAN_POINT('',(-1.485533263511,-3.694357575859));
#564 = CARTESIAN_POINT('',(-1.8476130151,-3.398121870836));
#565 = ( GEOMETRIC_REPRESENTATION_CONTEXT(2) 
PARAMETRIC_REPRESENTATION_CONTEXT() REPRESENTATION_CONTEXT('2D SPACE',''
  ) );
#566 = PCURVE('',#567,#574);
#567 = SURFACE_OF_LINEAR_EXTRUSION('',#568,#572);
#568 = B_SPLINE_CURVE_WITH_KNOTS('',2,(#569,#570,#571),.UNSPECIFIED.,.F.
  ,.F.,(3,3),(0.,1.),.PIECEWISE_BEZIER_KNOTS.);
#569 = CARTESIAN_POINT('',(1.00274835577,-3.801864179332,1.8));
#570 = CARTESIAN_POINT('',(1.485533263511,-3.653728468386,1.8));
#571 = CARTESIAN_POINT('',(1.8476130151,-3.357492763362,1.8));
#572 = VECTOR('',#573,1.);
#573 = DIRECTION('',(-0.,-0.,-1.));
#574 = DEFINITIONAL_REPRESENTATION('',(#575),#579);
#575 = LINE('',#576,#577);
#576 = CARTESIAN_POINT('',(0.,-0.4));
#577 = VECTOR('',#578,1.);
#578 = DIRECTION('',(1.,0.));
#579 = ( GEOMETRIC_REPRESENTATION_CONTEXT(2) 
PARAMETRIC_REPRESENTATION_CONTEXT() REPRESENTATION_CONTEXT('2D SPACE',''
  ) );
#580 = ORIENTED_EDGE('',*,*,#581,.T.);
#581 = EDGE_CURVE('',#552,#582,#584,.T.);
#582 = VERTEX_POINT('',#583);
#583 = CARTESIAN_POINT('',(2.423654665765,-2.627850720913,2.2));
#584 = SURFACE_CURVE('',#585,(#589,#596),.PCURVE_S1.);
#585 = B_SPLINE_CURVE_WITH_KNOTS('',2,(#586,#587,#588),.UNSPECIFIED.,.F.
  ,.F.,(3,3),(0.,1.),.PIECEWISE_BEZIER_KNOTS.);
#586 = CARTESIAN_POINT('',(1.8476130151,-3.357492763362,2.2));
#587 = CARTESIAN_POINT('',(2.209692766688,-3.061257058339,2.2));
#588 = CARTESIAN_POINT('',(2.423654665765,-2.627850720913,2.2));
#589 = PCURVE('',#72,#590);
#590 = DEFINITIONAL_REPRESENTATION('',(#591),#595);
#591 = B_SPLINE_CURVE_WITH_KNOTS('',2,(#592,#593,#594),.UNSPECIFIED.,.F.
  ,.F.,(3,3),(0.,1.),.PIECEWISE_BEZIER_KNOTS.);
#592 = CARTESIAN_POINT('',(-1.8476130151,-3.398121870836));
#593 = CARTESIAN_POINT('',(-2.209692766688,-3.101886165812));
#594 = CARTESIAN_POINT('',(-2.423654665765,-2.668479828387));
#595 = ( GEOMETRIC_REPRESENTATION_CONTEXT(2) 
PARAMETRIC_REPRESENTATION_CONTEXT() REPRESENTATION_CONTEXT('2D SPACE',''
  ) );
#596 = PCURVE('',#597,#604);
#597 = SURFACE_OF_LINEAR_EXTRUSION('',#598,#602);
#598 = B_SPLINE_CURVE_WITH_KNOTS('',2,(#599,#600,#601),.UNSPECIFIED.,.F.
  ,.F.,(3,3),(0.,1.),.PIECEWISE_BEZIER_KNOTS.);
#599 = CARTESIAN_POINT('',(1.8476130151,-3.357492763362,1.8));
#600 = CARTESIAN_POINT('',(2.209692766688,-3.061257058339,1.8));
#601 = CARTESIAN_POINT('',(2.423654665765,-2.627850720913,1.8));
#602 = VECTOR('',#603,1.);
#603 = DIRECTION('',(-0.,-0.,-1.));
#604 = DEFINITIONAL_REPRESENTATION('',(#605),#609);
#605 = LINE('',#606,#607);
#606 = CARTESIAN_POINT('',(0.,-0.4));
#607 = VECTOR('',#608,1.);
#608 = DIRECTION('',(1.,0.));
#609 = ( GEOMETRIC_REPRESENTATION_CONTEXT(2) 
PARAMETRIC_REPRESENTATION_CONTEXT() REPRESENTATION_CONTEXT('2D SPACE',''
  ) );
#610 = ORIENTED_EDGE('',*,*,#611,.T.);
#611 = EDGE_CURVE('',#582,#612,#614,.T.);
#612 = VERTEX_POINT('',#613);
#613 = CARTESIAN_POINT('',(2.637616564842,-1.62386741366,2.2));
#614 = SURFACE_CURVE('',#615,(#619,#626),.PCURVE_S1.);
#615 = B_SPLINE_CURVE_WITH_KNOTS('',2,(#616,#617,#618),.UNSPECIFIED.,.F.
  ,.F.,(3,3),(0.,1.),.PIECEWISE_BEZIER_KNOTS.);
#616 = CARTESIAN_POINT('',(2.423654665765,-2.627850720913,2.2));
#617 = CARTESIAN_POINT('',(2.637616564842,-2.194444383488,2.2));
#618 = CARTESIAN_POINT('',(2.637616564842,-1.62386741366,2.2));
#619 = PCURVE('',#72,#620);
#620 = DEFINITIONAL_REPRESENTATION('',(#621),#625);
#621 = B_SPLINE_CURVE_WITH_KNOTS('',2,(#622,#623,#624),.UNSPECIFIED.,.F.
  ,.F.,(3,3),(0.,1.),.PIECEWISE_BEZIER_KNOTS.);
#622 = CARTESIAN_POINT('',(-2.423654665765,-2.668479828387));
#623 = CARTESIAN_POINT('',(-2.637616564842,-2.235073490961));
#624 = CARTESIAN_POINT('',(-2.637616564842,-1.664496521133));
#625 = ( GEOMETRIC_REPRESENTATION_CONTEXT(2) 
PARAMETRIC_REPRESENTATION_CONTEXT() REPRESENTATION_CONTEXT('2D SPACE',''
  ) );
#626 = PCURVE('',#627,#634);
#627 = SURFACE_OF_LINEAR_EXTRUSION('',#628,#632);
#628 = B_SPLINE_CURVE_WITH_KNOTS('',2,(#629,#630,#631),.UNSPECIFIED.,.F.
  ,.F.,(3,3),(0.,1.),.PIECEWISE_BEZIER_KNOTS.);
#629 = CARTESIAN_POINT('',(2.423654665765,-2.627850720913,1.8));
#630 = CARTESIAN_POINT('',(2.637616564842,-2.194444383488,1.8));
#631 = CARTESIAN_POINT('',(2.637616564842,-1.62386741366,1.8));
#632 = VECTOR('',#633,1.);
#633 = DIRECTION('',(-0.,-0.,-1.));
#634 = DEFINITIONAL_REPRESENTATION('',(#635),#639);
#635 = LINE('',#636,#637);
#636 = CARTESIAN_POINT('',(0.,-0.4));
#637 = VECTOR('',#638,1.);
#638 = DIRECTION('',(1.,0.));
#639 = ( GEOMETRIC_REPRESENTATION_CONTEXT(2) 
PARAMETRIC_REPRESENTATION_CONTEXT() REPRESENTATION_CONTEXT('2D SPACE',''
  ) );
#640 = ORIENTED_EDGE('',*,*,#641,.T.);
#641 = EDGE_CURVE('',#612,#642,#644,.T.);
#642 = VERTEX_POINT('',#643);
#643 = CARTESIAN_POINT('',(2.226158242938,-0.356597212317,2.2));
#644 = SURFACE_CURVE('',#645,(#649,#656),.PCURVE_S1.);
#645 = B_SPLINE_CURVE_WITH_KNOTS('',2,(#646,#647,#648),.UNSPECIFIED.,.F.
  ,.F.,(3,3),(0.,1.),.PIECEWISE_BEZIER_KNOTS.);
#646 = CARTESIAN_POINT('',(2.637616564842,-1.62386741366,2.2));
#647 = CARTESIAN_POINT('',(2.637616564842,-0.866812674851,2.2));
#648 = CARTESIAN_POINT('',(2.226158242938,-0.356597212317,2.2));
#649 = PCURVE('',#72,#650);
#650 = DEFINITIONAL_REPRESENTATION('',(#651),#655);
#651 = B_SPLINE_CURVE_WITH_KNOTS('',2,(#652,#653,#654),.UNSPECIFIED.,.F.
  ,.F.,(3,3),(0.,1.),.PIECEWISE_BEZIER_KNOTS.);
#652 = CARTESIAN_POINT('',(-2.637616564842,-1.664496521133));
#653 = CARTESIAN_POINT('',(-2.637616564842,-0.907441782325));
#654 = CARTESIAN_POINT('',(-2.226158242938,-0.39722631979));
#655 = ( GEOMETRIC_REPRESENTATION_CONTEXT(2) 
PARAMETRIC_REPRESENTATION_CONTEXT() REPRESENTATION_CONTEXT('2D SPACE',''
  ) );
#656 = PCURVE('',#657,#664);
#657 = SURFACE_OF_LINEAR_EXTRUSION('',#658,#662);
#658 = B_SPLINE_CURVE_WITH_KNOTS('',2,(#659,#660,#661),.UNSPECIFIED.,.F.
  ,.F.,(3,3),(0.,1.),.PIECEWISE_BEZIER_KNOTS.);
#659 = CARTESIAN_POINT('',(2.637616564842,-1.62386741366,1.8));
#660 = CARTESIAN_POINT('',(2.637616564842,-0.866812674851,1.8));
#661 = CARTESIAN_POINT('',(2.226158242938,-0.356597212317,1.8));
#662 = VECTOR('',#663,1.);
#663 = DIRECTION('',(-0.,-0.,-1.));
#664 = DEFINITIONAL_REPRESENTATION('',(#665),#669);
#665 = LINE('',#666,#667);
#666 = CARTESIAN_POINT('',(0.,-0.4));
#667 = VECTOR('',#668,1.);
#668 = DIRECTION('',(1.,0.));
#669 = ( GEOMETRIC_REPRESENTATION_CONTEXT(2) 
PARAMETRIC_REPRESENTATION_CONTEXT() REPRESENTATION_CONTEXT('2D SPACE',''
  ) );
#670 = ORIENTED_EDGE('',*,*,#671,.T.);
#671 = EDGE_CURVE('',#642,#672,#674,.T.);
#672 = VERTEX_POINT('',#673);
#673 = CARTESIAN_POINT('',(1.057609465357,0.274305547936,2.2));
#674 = SURFACE_CURVE('',#675,(#679,#686),.PCURVE_S1.);
#675 = B_SPLINE_CURVE_WITH_KNOTS('',2,(#676,#677,#678),.UNSPECIFIED.,.F.
  ,.F.,(3,3),(0.,1.),.PIECEWISE_BEZIER_KNOTS.);
#676 = CARTESIAN_POINT('',(2.226158242938,-0.356597212317,2.2));
#677 = CARTESIAN_POINT('',(1.814699921034,0.153618250218,2.2));
#678 = CARTESIAN_POINT('',(1.057609465357,0.274305547936,2.2));
#679 = PCURVE('',#72,#680);
#680 = DEFINITIONAL_REPRESENTATION('',(#681),#685);
#681 = B_SPLINE_CURVE_WITH_KNOTS('',2,(#682,#683,#684),.UNSPECIFIED.,.F.
  ,.F.,(3,3),(0.,1.),.PIECEWISE_BEZIER_KNOTS.);
#682 = CARTESIAN_POINT('',(-2.226158242938,-0.39722631979));
#683 = CARTESIAN_POINT('',(-1.814699921034,0.112989142744));
#684 = CARTESIAN_POINT('',(-1.057609465357,0.233676440463));
#685 = ( GEOMETRIC_REPRESENTATION_CONTEXT(2) 
PARAMETRIC_REPRESENTATION_CONTEXT() REPRESENTATION_CONTEXT('2D SPACE',''
  ) );
#686 = PCURVE('',#687,#694);
#687 = SURFACE_OF_LINEAR_EXTRUSION('',#688,#692);
#688 = B_SPLINE_CURVE_WITH_KNOTS('',2,(#689,#690,#691),.UNSPECIFIED.,.F.
  ,.F.,(3,3),(0.,1.),.PIECEWISE_BEZIER_KNOTS.);
#689 = CARTESIAN_POINT('',(2.226158242938,-0.356597212317,1.8));
#690 = CARTESIAN_POINT('',(1.814699921034,0.153618250218,1.8));
#691 = CARTESIAN_POINT('',(1.057609465357,0.274305547936,1.8));
#692 = VECTOR('',#693,1.);
#693 = DIRECTION('',(-0.,-0.,-1.));
#694 = DEFINITIONAL_REPRESENTATION('',(#695),#699);
#695 = LINE('',#696,#697);
#696 = CARTESIAN_POINT('',(0.,-0.4));
#697 = VECTOR('',#698,1.);
#698 = DIRECTION('',(1.,0.));
#699 = ( GEOMETRIC_REPRESENTATION_CONTEXT(2) 
PARAMETRIC_REPRESENTATION_CONTEXT() REPRESENTATION_CONTEXT('2D SPACE',''
  ) );
#700 = ORIENTED_EDGE('',*,*,#701,.T.);
#701 = EDGE_CURVE('',#672,#702,#704,.T.);
#702 = VERTEX_POINT('',#703);
#703 = CARTESIAN_POINT('',(1.057609465357,0.296271421892,2.2));
#704 = SURFACE_CURVE('',#705,(#709,#716),.PCURVE_S1.);
#705 = LINE('',#706,#707);
#706 = CARTESIAN_POINT('',(1.057609465357,0.274305547936,2.2));
#707 = VECTOR('',#708,1.);
#708 = DIRECTION('',(0.,1.,0.));
#709 = PCURVE('',#72,#710);
#710 = DEFINITIONAL_REPRESENTATION('',(#711),#715);
#711 = LINE('',#712,#713);
#712 = CARTESIAN_POINT('',(-1.057609465357,0.233676440463));
#713 = VECTOR('',#714,1.);
#714 = DIRECTION('',(0.,1.));
#715 = ( GEOMETRIC_REPRESENTATION_CONTEXT(2) 
PARAMETRIC_REPRESENTATION_CONTEXT() REPRESENTATION_CONTEXT('2D SPACE',''
  ) );
#716 = PCURVE('',#717,#722);
#717 = PLANE('',#718);
#718 = AXIS2_PLACEMENT_3D('',#719,#720,#721);
#719 = CARTESIAN_POINT('',(1.057609465357,0.274305547936,1.8));
#720 = DIRECTION('',(-1.,0.,0.));
#721 = DIRECTION('',(0.,1.,0.));
#722 = DEFINITIONAL_REPRESENTATION('',(#723),#727);
#723 = LINE('',#724,#725);
#724 = CARTESIAN_POINT('',(-2.22044604925E-16,-0.4));
#725 = VECTOR('',#726,1.);
#726 = DIRECTION('',(1.,0.));
#727 = ( GEOMETRIC_REPRESENTATION_CONTEXT(2) 
PARAMETRIC_REPRESENTATION_CONTEXT() REPRESENTATION_CONTEXT('2D SPACE',''
  ) );
#728 = ORIENTED_EDGE('',*,*,#729,.T.);
#729 = EDGE_CURVE('',#702,#730,#732,.T.);
#730 = VERTEX_POINT('',#731);
#731 = CARTESIAN_POINT('',(2.017661024699,0.910690847461,2.2));
#732 = SURFACE_CURVE('',#733,(#737,#744),.PCURVE_S1.);
#733 = B_SPLINE_CURVE_WITH_KNOTS('',2,(#734,#735,#736),.UNSPECIFIED.,.F.
  ,.F.,(3,3),(0.,1.),.PIECEWISE_BEZIER_KNOTS.);
#734 = CARTESIAN_POINT('',(1.057609465357,0.296271421892,2.2));
#735 = CARTESIAN_POINT('',(1.683011827904,0.449853955241,2.2));
#736 = CARTESIAN_POINT('',(2.017661024699,0.910690847461,2.2));
#737 = PCURVE('',#72,#738);
#738 = DEFINITIONAL_REPRESENTATION('',(#739),#743);
#739 = B_SPLINE_CURVE_WITH_KNOTS('',2,(#740,#741,#742),.UNSPECIFIED.,.F.
  ,.F.,(3,3),(0.,1.),.PIECEWISE_BEZIER_KNOTS.);
#740 = CARTESIAN_POINT('',(-1.057609465357,0.255642314418));
#741 = CARTESIAN_POINT('',(-1.683011827904,0.409224847768));
#742 = CARTESIAN_POINT('',(-2.017661024699,0.870061739987));
#743 = ( GEOMETRIC_REPRESENTATION_CONTEXT(2) 
PARAMETRIC_REPRESENTATION_CONTEXT() REPRESENTATION_CONTEXT('2D SPACE',''
  ) );
#744 = PCURVE('',#745,#752);
#745 = SURFACE_OF_LINEAR_EXTRUSION('',#746,#750);
#746 = B_SPLINE_CURVE_WITH_KNOTS('',2,(#747,#748,#749),.UNSPECIFIED.,.F.
  ,.F.,(3,3),(0.,1.),.PIECEWISE_BEZIER_KNOTS.);
#747 = CARTESIAN_POINT('',(1.057609465357,0.296271421892,1.8));
#748 = CARTESIAN_POINT('',(1.683011827904,0.449853955241,1.8));
#749 = CARTESIAN_POINT('',(2.017661024699,0.910690847461,1.8));
#750 = VECTOR('',#751,1.);
#751 = DIRECTION('',(-0.,-0.,-1.));
#752 = DEFINITIONAL_REPRESENTATION('',(#753),#757);
#753 = LINE('',#754,#755);
#754 = CARTESIAN_POINT('',(0.,-0.4));
#755 = VECTOR('',#756,1.);
#756 = DIRECTION('',(1.,0.));
#757 = ( GEOMETRIC_REPRESENTATION_CONTEXT(2) 
PARAMETRIC_REPRESENTATION_CONTEXT() REPRESENTATION_CONTEXT('2D SPACE',''
  ) );
#758 = ORIENTED_EDGE('',*,*,#759,.T.);
#759 = EDGE_CURVE('',#730,#760,#762,.T.);
#760 = VERTEX_POINT('',#761);
#761 = CARTESIAN_POINT('',(2.352310221494,1.996965819095,2.2));
#762 = SURFACE_CURVE('',#763,(#767,#774),.PCURVE_S1.);
#763 = B_SPLINE_CURVE_WITH_KNOTS('',2,(#764,#765,#766),.UNSPECIFIED.,.F.
  ,.F.,(3,3),(0.,1.),.PIECEWISE_BEZIER_KNOTS.);
#764 = CARTESIAN_POINT('',(2.017661024699,0.910690847461,2.2));
#765 = CARTESIAN_POINT('',(2.352310221494,1.37152773968,2.2));
#766 = CARTESIAN_POINT('',(2.352310221494,1.996965819095,2.2));
#767 = PCURVE('',#72,#768);
#768 = DEFINITIONAL_REPRESENTATION('',(#769),#773);
#769 = B_SPLINE_CURVE_WITH_KNOTS('',2,(#770,#771,#772),.UNSPECIFIED.,.F.
  ,.F.,(3,3),(0.,1.),.PIECEWISE_BEZIER_KNOTS.);
#770 = CARTESIAN_POINT('',(-2.017661024699,0.870061739987));
#771 = CARTESIAN_POINT('',(-2.352310221494,1.330898632206));
#772 = CARTESIAN_POINT('',(-2.352310221494,1.956336711621));
#773 = ( GEOMETRIC_REPRESENTATION_CONTEXT(2) 
PARAMETRIC_REPRESENTATION_CONTEXT() REPRESENTATION_CONTEXT('2D SPACE',''
  ) );
#774 = PCURVE('',#775,#782);
#775 = SURFACE_OF_LINEAR_EXTRUSION('',#776,#780);
#776 = B_SPLINE_CURVE_WITH_KNOTS('',2,(#777,#778,#779),.UNSPECIFIED.,.F.
  ,.F.,(3,3),(0.,1.),.PIECEWISE_BEZIER_KNOTS.);
#777 = CARTESIAN_POINT('',(2.017661024699,0.910690847461,1.8));
#778 = CARTESIAN_POINT('',(2.352310221494,1.37152773968,1.8));
#779 = CARTESIAN_POINT('',(2.352310221494,1.996965819095,1.8));
#780 = VECTOR('',#781,1.);
#781 = DIRECTION('',(-0.,-0.,-1.));
#782 = DEFINITIONAL_REPRESENTATION('',(#783),#787);
#783 = LINE('',#784,#785);
#784 = CARTESIAN_POINT('',(0.,-0.4));
#785 = VECTOR('',#786,1.);
#786 = DIRECTION('',(1.,0.));
#787 = ( GEOMETRIC_REPRESENTATION_CONTEXT(2) 
PARAMETRIC_REPRESENTATION_CONTEXT() REPRESENTATION_CONTEXT('2D SPACE',''
  ) );
#788 = ORIENTED_EDGE('',*,*,#789,.T.);
#789 = EDGE_CURVE('',#760,#790,#792,.T.);
#790 = VERTEX_POINT('',#791);
#791 = CARTESIAN_POINT('',(2.149331259395,2.880208253328,2.2));
#792 = SURFACE_CURVE('',#793,(#797,#804),.PCURVE_S1.);
#793 = B_SPLINE_CURVE_WITH_KNOTS('',2,(#794,#795,#796),.UNSPECIFIED.,.F.
  ,.F.,(3,3),(0.,1.),.PIECEWISE_BEZIER_KNOTS.);
#794 = CARTESIAN_POINT('',(2.352310221494,1.996965819095,2.2));
#795 = CARTESIAN_POINT('',(2.352310221494,2.512645962467,2.2));
#796 = CARTESIAN_POINT('',(2.149331259395,2.880208253328,2.2));
#797 = PCURVE('',#72,#798);
#798 = DEFINITIONAL_REPRESENTATION('',(#799),#803);
#799 = B_SPLINE_CURVE_WITH_KNOTS('',2,(#800,#801,#802),.UNSPECIFIED.,.F.
  ,.F.,(3,3),(0.,1.),.PIECEWISE_BEZIER_KNOTS.);
#800 = CARTESIAN_POINT('',(-2.352310221494,1.956336711621));
#801 = CARTESIAN_POINT('',(-2.352310221494,2.472016854994));
#802 = CARTESIAN_POINT('',(-2.149331259395,2.839579145854));
#803 = ( GEOMETRIC_REPRESENTATION_CONTEXT(2) 
PARAMETRIC_REPRESENTATION_CONTEXT() REPRESENTATION_CONTEXT('2D SPACE',''
  ) );
#804 = PCURVE('',#805,#812);
#805 = SURFACE_OF_LINEAR_EXTRUSION('',#806,#810);
#806 = B_SPLINE_CURVE_WITH_KNOTS('',2,(#807,#808,#809),.UNSPECIFIED.,.F.
  ,.F.,(3,3),(0.,1.),.PIECEWISE_BEZIER_KNOTS.);
#807 = CARTESIAN_POINT('',(2.352310221494,1.996965819095,1.8));
#808 = CARTESIAN_POINT('',(2.352310221494,2.512645962467,1.8));
#809 = CARTESIAN_POINT('',(2.149331259395,2.880208253328,1.8));
#810 = VECTOR('',#811,1.);
#811 = DIRECTION('',(-0.,-0.,-1.));
#812 = DEFINITIONAL_REPRESENTATION('',(#813),#817);
#813 = LINE('',#814,#815);
#814 = CARTESIAN_POINT('',(0.,-0.4));
#815 = VECTOR('',#816,1.);
#816 = DIRECTION('',(1.,0.));
#817 = ( GEOMETRIC_REPRESENTATION_CONTEXT(2) 
PARAMETRIC_REPRESENTATION_CONTEXT() REPRESENTATION_CONTEXT('2D SPACE',''
  ) );
#818 = ORIENTED_EDGE('',*,*,#819,.T.);
#819 = EDGE_CURVE('',#790,#820,#822,.T.);
#820 = VERTEX_POINT('',#821);
#821 = CARTESIAN_POINT('',(1.611703100501,3.483680458787,2.2));
#822 = SURFACE_CURVE('',#823,(#827,#834),.PCURVE_S1.);
#823 = B_SPLINE_CURVE_WITH_KNOTS('',2,(#824,#825,#826),.UNSPECIFIED.,.F.
  ,.F.,(3,3),(0.,1.),.PIECEWISE_BEZIER_KNOTS.);
#824 = CARTESIAN_POINT('',(2.149331259395,2.880208253328,2.2));
#825 = CARTESIAN_POINT('',(1.946352297296,3.247770544188,2.2));
#826 = CARTESIAN_POINT('',(1.611703100501,3.483680458787,2.2));
#827 = PCURVE('',#72,#828);
#828 = DEFINITIONAL_REPRESENTATION('',(#829),#833);
#829 = B_SPLINE_CURVE_WITH_KNOTS('',2,(#830,#831,#832),.UNSPECIFIED.,.F.
  ,.F.,(3,3),(0.,1.),.PIECEWISE_BEZIER_KNOTS.);
#830 = CARTESIAN_POINT('',(-2.149331259395,2.839579145854));
#831 = CARTESIAN_POINT('',(-1.946352297296,3.207141436715));
#832 = CARTESIAN_POINT('',(-1.611703100501,3.443051351313));
#833 = ( GEOMETRIC_REPRESENTATION_CONTEXT(2) 
PARAMETRIC_REPRESENTATION_CONTEXT() REPRESENTATION_CONTEXT('2D SPACE',''
  ) );
#834 = PCURVE('',#835,#842);
#835 = SURFACE_OF_LINEAR_EXTRUSION('',#836,#840);
#836 = B_SPLINE_CURVE_WITH_KNOTS('',2,(#837,#838,#839),.UNSPECIFIED.,.F.
  ,.F.,(3,3),(0.,1.),.PIECEWISE_BEZIER_KNOTS.);
#837 = CARTESIAN_POINT('',(2.149331259395,2.880208253328,1.8));
#838 = CARTESIAN_POINT('',(1.946352297296,3.247770544188,1.8));
#839 = CARTESIAN_POINT('',(1.611703100501,3.483680458787,1.8));
#840 = VECTOR('',#841,1.);
#841 = DIRECTION('',(-0.,-0.,-1.));
#842 = DEFINITIONAL_REPRESENTATION('',(#843),#847);
#843 = LINE('',#844,#845);
#844 = CARTESIAN_POINT('',(0.,-0.4));
#845 = VECTOR('',#846,1.);
#846 = DIRECTION('',(1.,0.));
#847 = ( GEOMETRIC_REPRESENTATION_CONTEXT(2) 
PARAMETRIC_REPRESENTATION_CONTEXT() REPRESENTATION_CONTEXT('2D SPACE',''
  ) );
#848 = ORIENTED_EDGE('',*,*,#849,.T.);
#849 = EDGE_CURVE('',#820,#850,#852,.T.);
#850 = VERTEX_POINT('',#851);
#851 = CARTESIAN_POINT('',(0.849130105552,3.834795131832,2.2));
#852 = SURFACE_CURVE('',#853,(#857,#864),.PCURVE_S1.);
#853 = B_SPLINE_CURVE_WITH_KNOTS('',2,(#854,#855,#856),.UNSPECIFIED.,.F.
  ,.F.,(3,3),(0.,1.),.PIECEWISE_BEZIER_KNOTS.);
#854 = CARTESIAN_POINT('',(1.611703100501,3.483680458787,2.2));
#855 = CARTESIAN_POINT('',(1.277053903706,3.719590373385,2.2));
#856 = CARTESIAN_POINT('',(0.849130105552,3.834795131832,2.2));
#857 = PCURVE('',#72,#858);
#858 = DEFINITIONAL_REPRESENTATION('',(#859),#863);
#859 = B_SPLINE_CURVE_WITH_KNOTS('',2,(#860,#861,#862),.UNSPECIFIED.,.F.
  ,.F.,(3,3),(0.,1.),.PIECEWISE_BEZIER_KNOTS.);
#860 = CARTESIAN_POINT('',(-1.611703100501,3.443051351313));
#861 = CARTESIAN_POINT('',(-1.277053903706,3.678961265912));
#862 = CARTESIAN_POINT('',(-0.849130105552,3.794166024358));
#863 = ( GEOMETRIC_REPRESENTATION_CONTEXT(2) 
PARAMETRIC_REPRESENTATION_CONTEXT() REPRESENTATION_CONTEXT('2D SPACE',''
  ) );
#864 = PCURVE('',#865,#872);
#865 = SURFACE_OF_LINEAR_EXTRUSION('',#866,#870);
#866 = B_SPLINE_CURVE_WITH_KNOTS('',2,(#867,#868,#869),.UNSPECIFIED.,.F.
  ,.F.,(3,3),(0.,1.),.PIECEWISE_BEZIER_KNOTS.);
#867 = CARTESIAN_POINT('',(1.611703100501,3.483680458787,1.8));
#868 = CARTESIAN_POINT('',(1.277053903706,3.719590373385,1.8));
#869 = CARTESIAN_POINT('',(0.849130105552,3.834795131832,1.8));
#870 = VECTOR('',#871,1.);
#871 = DIRECTION('',(-0.,-0.,-1.));
#872 = DEFINITIONAL_REPRESENTATION('',(#873),#877);
#873 = LINE('',#874,#875);
#874 = CARTESIAN_POINT('',(0.,-0.4));
#875 = VECTOR('',#876,1.);
#876 = DIRECTION('',(1.,0.));
#877 = ( GEOMETRIC_REPRESENTATION_CONTEXT(2) 
PARAMETRIC_REPRESENTATION_CONTEXT() REPRESENTATION_CONTEXT('2D SPACE',''
  ) );
#878 = ORIENTED_EDGE('',*,*,#879,.T.);
#879 = EDGE_CURVE('',#850,#880,#882,.T.);
#880 = VERTEX_POINT('',#881);
#881 = CARTESIAN_POINT('',(-2.864764784281E-02,3.949999890278,2.2));
#882 = SURFACE_CURVE('',#883,(#887,#894),.PCURVE_S1.);
#883 = B_SPLINE_CURVE_WITH_KNOTS('',2,(#884,#885,#886),.UNSPECIFIED.,.F.
  ,.F.,(3,3),(0.,1.),.PIECEWISE_BEZIER_KNOTS.);
#884 = CARTESIAN_POINT('',(0.849130105552,3.834795131832,2.2));
#885 = CARTESIAN_POINT('',(0.421206307399,3.949999890278,2.2));
#886 = CARTESIAN_POINT('',(-2.864764784281E-02,3.949999890278,2.2));
#887 = PCURVE('',#72,#888);
#888 = DEFINITIONAL_REPRESENTATION('',(#889),#893);
#889 = B_SPLINE_CURVE_WITH_KNOTS('',2,(#890,#891,#892),.UNSPECIFIED.,.F.
  ,.F.,(3,3),(0.,1.),.PIECEWISE_BEZIER_KNOTS.);
#890 = CARTESIAN_POINT('',(-0.849130105552,3.794166024358));
#891 = CARTESIAN_POINT('',(-0.421206307399,3.909370782804));
#892 = CARTESIAN_POINT('',(2.864764784281E-02,3.909370782804));
#893 = ( GEOMETRIC_REPRESENTATION_CONTEXT(2) 
PARAMETRIC_REPRESENTATION_CONTEXT() REPRESENTATION_CONTEXT('2D SPACE',''
  ) );
#894 = PCURVE('',#895,#902);
#895 = SURFACE_OF_LINEAR_EXTRUSION('',#896,#900);
#896 = B_SPLINE_CURVE_WITH_KNOTS('',2,(#897,#898,#899),.UNSPECIFIED.,.F.
  ,.F.,(3,3),(0.,1.),.PIECEWISE_BEZIER_KNOTS.);
#897 = CARTESIAN_POINT('',(0.849130105552,3.834795131832,1.8));
#898 = CARTESIAN_POINT('',(0.421206307399,3.949999890278,1.8));
#899 = CARTESIAN_POINT('',(-2.864764784281E-02,3.949999890278,1.8));
#900 = VECTOR('',#901,1.);
#901 = DIRECTION('',(-0.,-0.,-1.));
#902 = DEFINITIONAL_REPRESENTATION('',(#903),#907);
#903 = LINE('',#904,#905);
#904 = CARTESIAN_POINT('',(0.,-0.4));
#905 = VECTOR('',#906,1.);
#906 = DIRECTION('',(1.,0.));
#907 = ( GEOMETRIC_REPRESENTATION_CONTEXT(2) 
PARAMETRIC_REPRESENTATION_CONTEXT() REPRESENTATION_CONTEXT('2D SPACE',''
  ) );
#908 = ORIENTED_EDGE('',*,*,#909,.T.);
#909 = EDGE_CURVE('',#880,#910,#912,.T.);
#910 = VERTEX_POINT('',#911);
#911 = CARTESIAN_POINT('',(-1.038095635934,3.757986006723,2.2));
#912 = SURFACE_CURVE('',#913,(#917,#924),.PCURVE_S1.);
#913 = B_SPLINE_CURVE_WITH_KNOTS('',2,(#914,#915,#916),.UNSPECIFIED.,.F.
  ,.F.,(3,3),(0.,1.),.PIECEWISE_BEZIER_KNOTS.);
#914 = CARTESIAN_POINT('',(-2.864764784281E-02,3.949999890278,2.2));
#915 = CARTESIAN_POINT('',(-0.588223822259,3.949999890278,2.2));
#916 = CARTESIAN_POINT('',(-1.038095635934,3.757986006723,2.2));
#917 = PCURVE('',#72,#918);
#918 = DEFINITIONAL_REPRESENTATION('',(#919),#923);
#919 = B_SPLINE_CURVE_WITH_KNOTS('',2,(#920,#921,#922),.UNSPECIFIED.,.F.
  ,.F.,(3,3),(0.,1.),.PIECEWISE_BEZIER_KNOTS.);
#920 = CARTESIAN_POINT('',(2.864764784281E-02,3.909370782804));
#921 = CARTESIAN_POINT('',(0.588223822259,3.909370782804));
#922 = CARTESIAN_POINT('',(1.038095635934,3.717356899249));
#923 = ( GEOMETRIC_REPRESENTATION_CONTEXT(2) 
PARAMETRIC_REPRESENTATION_CONTEXT() REPRESENTATION_CONTEXT('2D SPACE',''
  ) );
#924 = PCURVE('',#925,#932);
#925 = SURFACE_OF_LINEAR_EXTRUSION('',#926,#930);
#926 = B_SPLINE_CURVE_WITH_KNOTS('',2,(#927,#928,#929),.UNSPECIFIED.,.F.
  ,.F.,(3,3),(0.,1.),.PIECEWISE_BEZIER_KNOTS.);
#927 = CARTESIAN_POINT('',(-2.864764784281E-02,3.949999890278,1.8));
#928 = CARTESIAN_POINT('',(-0.588223822259,3.949999890278,1.8));
#929 = CARTESIAN_POINT('',(-1.038095635934,3.757986006723,1.8));
#930 = VECTOR('',#931,1.);
#931 = DIRECTION('',(-0.,-0.,-1.));
#932 = DEFINITIONAL_REPRESENTATION('',(#933),#937);
#933 = LINE('',#934,#935);
#934 = CARTESIAN_POINT('',(0.,-0.4));
#935 = VECTOR('',#936,1.);
#936 = DIRECTION('',(1.,0.));
#937 = ( GEOMETRIC_REPRESENTATION_CONTEXT(2) 
PARAMETRIC_REPRESENTATION_CONTEXT() REPRESENTATION_CONTEXT('2D SPACE',''
  ) );
#938 = ORIENTED_EDGE('',*,*,#939,.T.);
#939 = EDGE_CURVE('',#910,#940,#942,.T.);
#940 = VERTEX_POINT('',#941);
#941 = CARTESIAN_POINT('',(-1.800668630883,3.231322926372,2.2));
#942 = SURFACE_CURVE('',#943,(#947,#954),.PCURVE_S1.);
#943 = B_SPLINE_CURVE_WITH_KNOTS('',2,(#944,#945,#946),.UNSPECIFIED.,.F.
  ,.F.,(3,3),(0.,1.),.PIECEWISE_BEZIER_KNOTS.);
#944 = CARTESIAN_POINT('',(-1.038095635934,3.757986006723,2.2));
#945 = CARTESIAN_POINT('',(-1.487967449609,3.565972123167,2.2));
#946 = CARTESIAN_POINT('',(-1.800668630883,3.231322926372,2.2));
#947 = PCURVE('',#72,#948);
#948 = DEFINITIONAL_REPRESENTATION('',(#949),#953);
#949 = B_SPLINE_CURVE_WITH_KNOTS('',2,(#950,#951,#952),.UNSPECIFIED.,.F.
  ,.F.,(3,3),(0.,1.),.PIECEWISE_BEZIER_KNOTS.);
#950 = CARTESIAN_POINT('',(1.038095635934,3.717356899249));
#951 = CARTESIAN_POINT('',(1.487967449609,3.525343015694));
#952 = CARTESIAN_POINT('',(1.800668630883,3.190693818899));
#953 = ( GEOMETRIC_REPRESENTATION_CONTEXT(2) 
PARAMETRIC_REPRESENTATION_CONTEXT() REPRESENTATION_CONTEXT('2D SPACE',''
  ) );
#954 = PCURVE('',#955,#962);
#955 = SURFACE_OF_LINEAR_EXTRUSION('',#956,#960);
#956 = B_SPLINE_CURVE_WITH_KNOTS('',2,(#957,#958,#959),.UNSPECIFIED.,.F.
  ,.F.,(3,3),(0.,1.),.PIECEWISE_BEZIER_KNOTS.);
#957 = CARTESIAN_POINT('',(-1.038095635934,3.757986006723,1.8));
#958 = CARTESIAN_POINT('',(-1.487967449609,3.565972123167,1.8));
#959 = CARTESIAN_POINT('',(-1.800668630883,3.231322926372,1.8));
#960 = VECTOR('',#961,1.);
#961 = DIRECTION('',(-0.,-0.,-1.));
#962 = DEFINITIONAL_REPRESENTATION('',(#963),#967);
#963 = LINE('',#964,#965);
#964 = CARTESIAN_POINT('',(0.,-0.4));
#965 = VECTOR('',#966,1.);
#966 = DIRECTION('',(1.,0.));
#967 = ( GEOMETRIC_REPRESENTATION_CONTEXT(2) 
PARAMETRIC_REPRESENTATION_CONTEXT() REPRESENTATION_CONTEXT('2D SPACE',''
  ) );
#968 = ORIENTED_EDGE('',*,*,#969,.T.);
#969 = EDGE_CURVE('',#940,#970,#972,.T.);
#970 = VERTEX_POINT('',#971);
#971 = CARTESIAN_POINT('',(-2.28343568019,2.435836837358,2.2));
#972 = SURFACE_CURVE('',#973,(#977,#984),.PCURVE_S1.);
#973 = B_SPLINE_CURVE_WITH_KNOTS('',2,(#974,#975,#976),.UNSPECIFIED.,.F.
  ,.F.,(3,3),(0.,1.),.PIECEWISE_BEZIER_KNOTS.);
#974 = CARTESIAN_POINT('',(-1.800668630883,3.231322926372,2.2));
#975 = CARTESIAN_POINT('',(-2.113369812156,2.896673729577,2.2));
#976 = CARTESIAN_POINT('',(-2.28343568019,2.435836837358,2.2));
#977 = PCURVE('',#72,#978);
#978 = DEFINITIONAL_REPRESENTATION('',(#979),#983);
#979 = B_SPLINE_CURVE_WITH_KNOTS('',2,(#980,#981,#982),.UNSPECIFIED.,.F.
  ,.F.,(3,3),(0.,1.),.PIECEWISE_BEZIER_KNOTS.);
#980 = CARTESIAN_POINT('',(1.800668630883,3.190693818899));
#981 = CARTESIAN_POINT('',(2.113369812156,2.856044622104));
#982 = CARTESIAN_POINT('',(2.28343568019,2.395207729885));
#983 = ( GEOMETRIC_REPRESENTATION_CONTEXT(2) 
PARAMETRIC_REPRESENTATION_CONTEXT() REPRESENTATION_CONTEXT('2D SPACE',''
  ) );
#984 = PCURVE('',#985,#992);
#985 = SURFACE_OF_LINEAR_EXTRUSION('',#986,#990);
#986 = B_SPLINE_CURVE_WITH_KNOTS('',2,(#987,#988,#989),.UNSPECIFIED.,.F.
  ,.F.,(3,3),(0.,1.),.PIECEWISE_BEZIER_KNOTS.);
#987 = CARTESIAN_POINT('',(-1.800668630883,3.231322926372,1.8));
#988 = CARTESIAN_POINT('',(-2.113369812156,2.896673729577,1.8));
#989 = CARTESIAN_POINT('',(-2.28343568019,2.435836837358,1.8));
#990 = VECTOR('',#991,1.);
#991 = DIRECTION('',(-0.,-0.,-1.));
#992 = DEFINITIONAL_REPRESENTATION('',(#993),#997);
#993 = LINE('',#994,#995);
#994 = CARTESIAN_POINT('',(0.,-0.4));
#995 = VECTOR('',#996,1.);
#996 = DIRECTION('',(1.,0.));
#997 = ( GEOMETRIC_REPRESENTATION_CONTEXT(2) 
PARAMETRIC_REPRESENTATION_CONTEXT() REPRESENTATION_CONTEXT('2D SPACE',''
  ) );
#998 = ORIENTED_EDGE('',*,*,#999,.T.);
#999 = EDGE_CURVE('',#970,#1000,#1002,.T.);
#1000 = VERTEX_POINT('',#1001);
#1001 = CARTESIAN_POINT('',(-2.453501548223,1.426388849267,2.2));
#1002 = SURFACE_CURVE('',#1003,(#1007,#1014),.PCURVE_S1.);
#1003 = B_SPLINE_CURVE_WITH_KNOTS('',2,(#1004,#1005,#1006),
  .UNSPECIFIED.,.F.,.F.,(3,3),(0.,1.),.PIECEWISE_BEZIER_KNOTS.);
#1004 = CARTESIAN_POINT('',(-2.28343568019,2.435836837358,2.2));
#1005 = CARTESIAN_POINT('',(-2.453501548223,1.974999945139,2.2));
#1006 = CARTESIAN_POINT('',(-2.453501548223,1.426388849267,2.2));
#1007 = PCURVE('',#72,#1008);
#1008 = DEFINITIONAL_REPRESENTATION('',(#1009),#1013);
#1009 = B_SPLINE_CURVE_WITH_KNOTS('',2,(#1010,#1011,#1012),
  .UNSPECIFIED.,.F.,.F.,(3,3),(0.,1.),.PIECEWISE_BEZIER_KNOTS.);
#1010 = CARTESIAN_POINT('',(2.28343568019,2.395207729885));
#1011 = CARTESIAN_POINT('',(2.453501548223,1.934370837665));
#1012 = CARTESIAN_POINT('',(2.453501548223,1.385759741794));
#1013 = ( GEOMETRIC_REPRESENTATION_CONTEXT(2) 
PARAMETRIC_REPRESENTATION_CONTEXT() REPRESENTATION_CONTEXT('2D SPACE',''
  ) );
#1014 = PCURVE('',#1015,#1022);
#1015 = SURFACE_OF_LINEAR_EXTRUSION('',#1016,#1020);
#1016 = B_SPLINE_CURVE_WITH_KNOTS('',2,(#1017,#1018,#1019),
  .UNSPECIFIED.,.F.,.F.,(3,3),(0.,1.),.PIECEWISE_BEZIER_KNOTS.);
#1017 = CARTESIAN_POINT('',(-2.28343568019,2.435836837358,1.8));
#1018 = CARTESIAN_POINT('',(-2.453501548223,1.974999945139,1.8));
#1019 = CARTESIAN_POINT('',(-2.453501548223,1.426388849267,1.8));
#1020 = VECTOR('',#1021,1.);
#1021 = DIRECTION('',(-0.,-0.,-1.));
#1022 = DEFINITIONAL_REPRESENTATION('',(#1023),#1027);
#1023 = LINE('',#1024,#1025);
#1024 = CARTESIAN_POINT('',(0.,-0.4));
#1025 = VECTOR('',#1026,1.);
#1026 = DIRECTION('',(1.,0.));
#1027 = ( GEOMETRIC_REPRESENTATION_CONTEXT(2) 
PARAMETRIC_REPRESENTATION_CONTEXT() REPRESENTATION_CONTEXT('2D SPACE',''
  ) );
#1028 = ORIENTED_EDGE('',*,*,#1029,.T.);
#1029 = EDGE_CURVE('',#1000,#1030,#1032,.T.);
#1030 = VERTEX_POINT('',#1031);
#1031 = CARTESIAN_POINT('',(-1.762272997545,1.426388849267,2.2));
#1032 = SURFACE_CURVE('',#1033,(#1037,#1044),.PCURVE_S1.);
#1033 = LINE('',#1034,#1035);
#1034 = CARTESIAN_POINT('',(-2.453501548223,1.426388849267,2.2));
#1035 = VECTOR('',#1036,1.);
#1036 = DIRECTION('',(1.,0.,0.));
#1037 = PCURVE('',#72,#1038);
#1038 = DEFINITIONAL_REPRESENTATION('',(#1039),#1043);
#1039 = LINE('',#1040,#1041);
#1040 = CARTESIAN_POINT('',(2.453501548223,1.385759741794));
#1041 = VECTOR('',#1042,1.);
#1042 = DIRECTION('',(-1.,0.));
#1043 = ( GEOMETRIC_REPRESENTATION_CONTEXT(2) 
PARAMETRIC_REPRESENTATION_CONTEXT() REPRESENTATION_CONTEXT('2D SPACE',''
  ) );
#1044 = PCURVE('',#1045,#1050);
#1045 = PLANE('',#1046);
#1046 = AXIS2_PLACEMENT_3D('',#1047,#1048,#1049);
#1047 = CARTESIAN_POINT('',(-2.453501548223,1.426388849267,1.8));
#1048 = DIRECTION('',(0.,1.,0.));
#1049 = DIRECTION('',(1.,0.,0.));
#1050 = DEFINITIONAL_REPRESENTATION('',(#1051),#1055);
#1051 = LINE('',#1052,#1053);
#1052 = CARTESIAN_POINT('',(0.,-0.4));
#1053 = VECTOR('',#1054,1.);
#1054 = DIRECTION('',(1.,0.));
#1055 = ( GEOMETRIC_REPRESENTATION_CONTEXT(2) 
PARAMETRIC_REPRESENTATION_CONTEXT() REPRESENTATION_CONTEXT('2D SPACE',''
  ) );
#1056 = ORIENTED_EDGE('',*,*,#1057,.T.);
#1057 = EDGE_CURVE('',#1030,#1058,#1060,.T.);
#1058 = VERTEX_POINT('',#1059);
#1059 = CARTESIAN_POINT('',(-1.663515856915,2.210909859737,2.2));
#1060 = SURFACE_CURVE('',#1061,(#1065,#1072),.PCURVE_S1.);
#1061 = B_SPLINE_CURVE_WITH_KNOTS('',2,(#1062,#1063,#1064),
  .UNSPECIFIED.,.F.,.F.,(3,3),(0.,1.),.PIECEWISE_BEZIER_KNOTS.);
#1062 = CARTESIAN_POINT('',(-1.762272997545,1.426388849267,2.2));
#1063 = CARTESIAN_POINT('',(-1.773238076089,1.854312647421,2.2));
#1064 = CARTESIAN_POINT('',(-1.663515856915,2.210909859737,2.2));
#1065 = PCURVE('',#72,#1066);
#1066 = DEFINITIONAL_REPRESENTATION('',(#1067),#1071);
#1067 = B_SPLINE_CURVE_WITH_KNOTS('',2,(#1068,#1069,#1070),
  .UNSPECIFIED.,.F.,.F.,(3,3),(0.,1.),.PIECEWISE_BEZIER_KNOTS.);
#1068 = CARTESIAN_POINT('',(1.762272997545,1.385759741794));
#1069 = CARTESIAN_POINT('',(1.773238076089,1.813683539947));
#1070 = CARTESIAN_POINT('',(1.663515856915,2.170280752264));
#1071 = ( GEOMETRIC_REPRESENTATION_CONTEXT(2) 
PARAMETRIC_REPRESENTATION_CONTEXT() REPRESENTATION_CONTEXT('2D SPACE',''
  ) );
#1072 = PCURVE('',#1073,#1080);
#1073 = SURFACE_OF_LINEAR_EXTRUSION('',#1074,#1078);
#1074 = B_SPLINE_CURVE_WITH_KNOTS('',2,(#1075,#1076,#1077),
  .UNSPECIFIED.,.F.,.F.,(3,3),(0.,1.),.PIECEWISE_BEZIER_KNOTS.);
#1075 = CARTESIAN_POINT('',(-1.762272997545,1.426388849267,1.8));
#1076 = CARTESIAN_POINT('',(-1.773238076089,1.854312647421,1.8));
#1077 = CARTESIAN_POINT('',(-1.663515856915,2.210909859737,1.8));
#1078 = VECTOR('',#1079,1.);
#1079 = DIRECTION('',(-0.,-0.,-1.));
#1080 = DEFINITIONAL_REPRESENTATION('',(#1081),#1085);
#1081 = LINE('',#1082,#1083);
#1082 = CARTESIAN_POINT('',(0.,-0.4));
#1083 = VECTOR('',#1084,1.);
#1084 = DIRECTION('',(1.,0.));
#1085 = ( GEOMETRIC_REPRESENTATION_CONTEXT(2) 
PARAMETRIC_REPRESENTATION_CONTEXT() REPRESENTATION_CONTEXT('2D SPACE',''
  ) );
#1086 = ORIENTED_EDGE('',*,*,#1087,.T.);
#1087 = EDGE_CURVE('',#1058,#1088,#1090,.T.);
#1088 = VERTEX_POINT('',#1089);
#1089 = CARTESIAN_POINT('',(-1.32886666012,2.82534714374,2.2));
#1090 = SURFACE_CURVE('',#1091,(#1095,#1102),.PCURVE_S1.);
#1091 = B_SPLINE_CURVE_WITH_KNOTS('',2,(#1092,#1093,#1094),
  .UNSPECIFIED.,.F.,.F.,(3,3),(0.,1.),.PIECEWISE_BEZIER_KNOTS.);
#1092 = CARTESIAN_POINT('',(-1.663515856915,2.210909859737,2.2));
#1093 = CARTESIAN_POINT('',(-1.55379363774,2.567507072054,2.2));
#1094 = CARTESIAN_POINT('',(-1.32886666012,2.82534714374,2.2));
#1095 = PCURVE('',#72,#1096);
#1096 = DEFINITIONAL_REPRESENTATION('',(#1097),#1101);
#1097 = B_SPLINE_CURVE_WITH_KNOTS('',2,(#1098,#1099,#1100),
  .UNSPECIFIED.,.F.,.F.,(3,3),(0.,1.),.PIECEWISE_BEZIER_KNOTS.);
#1098 = CARTESIAN_POINT('',(1.663515856915,2.170280752264));
#1099 = CARTESIAN_POINT('',(1.55379363774,2.526877964581));
#1100 = CARTESIAN_POINT('',(1.32886666012,2.784718036267));
#1101 = ( GEOMETRIC_REPRESENTATION_CONTEXT(2) 
PARAMETRIC_REPRESENTATION_CONTEXT() REPRESENTATION_CONTEXT('2D SPACE',''
  ) );
#1102 = PCURVE('',#1103,#1110);
#1103 = SURFACE_OF_LINEAR_EXTRUSION('',#1104,#1108);
#1104 = B_SPLINE_CURVE_WITH_KNOTS('',2,(#1105,#1106,#1107),
  .UNSPECIFIED.,.F.,.F.,(3,3),(0.,1.),.PIECEWISE_BEZIER_KNOTS.);
#1105 = CARTESIAN_POINT('',(-1.663515856915,2.210909859737,1.8));
#1106 = CARTESIAN_POINT('',(-1.55379363774,2.567507072054,1.8));
#1107 = CARTESIAN_POINT('',(-1.32886666012,2.82534714374,1.8));
#1108 = VECTOR('',#1109,1.);
#1109 = DIRECTION('',(-0.,-0.,-1.));
#1110 = DEFINITIONAL_REPRESENTATION('',(#1111),#1115);
#1111 = LINE('',#1112,#1113);
#1112 = CARTESIAN_POINT('',(0.,-0.4));
#1113 = VECTOR('',#1114,1.);
#1114 = DIRECTION('',(1.,0.));
#1115 = ( GEOMETRIC_REPRESENTATION_CONTEXT(2) 
PARAMETRIC_REPRESENTATION_CONTEXT() REPRESENTATION_CONTEXT('2D SPACE',''
  ) );
#1116 = ORIENTED_EDGE('',*,*,#1117,.T.);
#1117 = EDGE_CURVE('',#1088,#1118,#1120,.T.);
#1118 = VERTEX_POINT('',#1119);
#1119 = CARTESIAN_POINT('',(-0.774773024976,3.2258403871,2.2));
#1120 = SURFACE_CURVE('',#1121,(#1125,#1132),.PCURVE_S1.);
#1121 = B_SPLINE_CURVE_WITH_KNOTS('',2,(#1122,#1123,#1124),
  .UNSPECIFIED.,.F.,.F.,(3,3),(0.,1.),.PIECEWISE_BEZIER_KNOTS.);
#1122 = CARTESIAN_POINT('',(-1.32886666012,2.82534714374,2.2));
#1123 = CARTESIAN_POINT('',(-1.103939682499,3.083187215427,2.2));
#1124 = CARTESIAN_POINT('',(-0.774773024976,3.2258403871,2.2));
#1125 = PCURVE('',#72,#1126);
#1126 = DEFINITIONAL_REPRESENTATION('',(#1127),#1131);
#1127 = B_SPLINE_CURVE_WITH_KNOTS('',2,(#1128,#1129,#1130),
  .UNSPECIFIED.,.F.,.F.,(3,3),(0.,1.),.PIECEWISE_BEZIER_KNOTS.);
#1128 = CARTESIAN_POINT('',(1.32886666012,2.784718036267));
#1129 = CARTESIAN_POINT('',(1.103939682499,3.042558107953));
#1130 = CARTESIAN_POINT('',(0.774773024976,3.185211279627));
#1131 = ( GEOMETRIC_REPRESENTATION_CONTEXT(2) 
PARAMETRIC_REPRESENTATION_CONTEXT() REPRESENTATION_CONTEXT('2D SPACE',''
  ) );
#1132 = PCURVE('',#1133,#1140);
#1133 = SURFACE_OF_LINEAR_EXTRUSION('',#1134,#1138);
#1134 = B_SPLINE_CURVE_WITH_KNOTS('',2,(#1135,#1136,#1137),
  .UNSPECIFIED.,.F.,.F.,(3,3),(0.,1.),.PIECEWISE_BEZIER_KNOTS.);
#1135 = CARTESIAN_POINT('',(-1.32886666012,2.82534714374,1.8));
#1136 = CARTESIAN_POINT('',(-1.103939682499,3.083187215427,1.8));
#1137 = CARTESIAN_POINT('',(-0.774773024976,3.2258403871,1.8));
#1138 = VECTOR('',#1139,1.);
#1139 = DIRECTION('',(-0.,-0.,-1.));
#1140 = DEFINITIONAL_REPRESENTATION('',(#1141),#1145);
#1141 = LINE('',#1142,#1143);
#1142 = CARTESIAN_POINT('',(0.,-0.4));
#1143 = VECTOR('',#1144,1.);
#1144 = DIRECTION('',(1.,0.));
#1145 = ( GEOMETRIC_REPRESENTATION_CONTEXT(2) 
PARAMETRIC_REPRESENTATION_CONTEXT() REPRESENTATION_CONTEXT('2D SPACE',''
  ) );
#1146 = ORIENTED_EDGE('',*,*,#1147,.T.);
#1147 = EDGE_CURVE('',#1118,#1148,#1150,.T.);
#1148 = VERTEX_POINT('',#1149);
#1149 = CARTESIAN_POINT('',(-1.768256929901E-02,3.368493558774,2.2));
#1150 = SURFACE_CURVE('',#1151,(#1155,#1162),.PCURVE_S1.);
#1151 = B_SPLINE_CURVE_WITH_KNOTS('',2,(#1152,#1153,#1154),
  .UNSPECIFIED.,.F.,.F.,(3,3),(0.,1.),.PIECEWISE_BEZIER_KNOTS.);
#1152 = CARTESIAN_POINT('',(-0.774773024976,3.2258403871,2.2));
#1153 = CARTESIAN_POINT('',(-0.445606367453,3.368493558774,2.2));
#1154 = CARTESIAN_POINT('',(-1.768256929901E-02,3.368493558774,2.2));
#1155 = PCURVE('',#72,#1156);
#1156 = DEFINITIONAL_REPRESENTATION('',(#1157),#1161);
#1157 = B_SPLINE_CURVE_WITH_KNOTS('',2,(#1158,#1159,#1160),
  .UNSPECIFIED.,.F.,.F.,(3,3),(0.,1.),.PIECEWISE_BEZIER_KNOTS.);
#1158 = CARTESIAN_POINT('',(0.774773024976,3.185211279627));
#1159 = CARTESIAN_POINT('',(0.445606367453,3.327864451301));
#1160 = CARTESIAN_POINT('',(1.768256929901E-02,3.327864451301));
#1161 = ( GEOMETRIC_REPRESENTATION_CONTEXT(2) 
PARAMETRIC_REPRESENTATION_CONTEXT() REPRESENTATION_CONTEXT('2D SPACE',''
  ) );
#1162 = PCURVE('',#1163,#1170);
#1163 = SURFACE_OF_LINEAR_EXTRUSION('',#1164,#1168);
#1164 = B_SPLINE_CURVE_WITH_KNOTS('',2,(#1165,#1166,#1167),
  .UNSPECIFIED.,.F.,.F.,(3,3),(0.,1.),.PIECEWISE_BEZIER_KNOTS.);
#1165 = CARTESIAN_POINT('',(-0.774773024976,3.2258403871,1.8));
#1166 = CARTESIAN_POINT('',(-0.445606367453,3.368493558774,1.8));
#1167 = CARTESIAN_POINT('',(-1.768256929901E-02,3.368493558774,1.8));
#1168 = VECTOR('',#1169,1.);
#1169 = DIRECTION('',(-0.,-0.,-1.));
#1170 = DEFINITIONAL_REPRESENTATION('',(#1171),#1175);
#1171 = LINE('',#1172,#1173);
#1172 = CARTESIAN_POINT('',(0.,-0.4));
#1173 = VECTOR('',#1174,1.);
#1174 = DIRECTION('',(1.,0.));
#1175 = ( GEOMETRIC_REPRESENTATION_CONTEXT(2) 
PARAMETRIC_REPRESENTATION_CONTEXT() REPRESENTATION_CONTEXT('2D SPACE',''
  ) );
#1176 = ORIENTED_EDGE('',*,*,#1177,.T.);
#1177 = EDGE_CURVE('',#1148,#1178,#1180,.T.);
#1178 = VERTEX_POINT('',#1179);
#1179 = CARTESIAN_POINT('',(0.635186064909,3.286201894394,2.2));
#1180 = SURFACE_CURVE('',#1181,(#1185,#1192),.PCURVE_S1.);
#1181 = B_SPLINE_CURVE_WITH_KNOTS('',2,(#1182,#1183,#1184),
  .UNSPECIFIED.,.F.,.F.,(3,3),(0.,1.),.PIECEWISE_BEZIER_KNOTS.);
#1182 = CARTESIAN_POINT('',(-1.768256929901E-02,3.368493558774,2.2));
#1183 = CARTESIAN_POINT('',(0.33344996218,3.368493558774,2.2));
#1184 = CARTESIAN_POINT('',(0.635186064909,3.286201894394,2.2));
#1185 = PCURVE('',#72,#1186);
#1186 = DEFINITIONAL_REPRESENTATION('',(#1187),#1191);
#1187 = B_SPLINE_CURVE_WITH_KNOTS('',2,(#1188,#1189,#1190),
  .UNSPECIFIED.,.F.,.F.,(3,3),(0.,1.),.PIECEWISE_BEZIER_KNOTS.);
#1188 = CARTESIAN_POINT('',(1.768256929901E-02,3.327864451301));
#1189 = CARTESIAN_POINT('',(-0.33344996218,3.327864451301));
#1190 = CARTESIAN_POINT('',(-0.635186064909,3.24557278692));
#1191 = ( GEOMETRIC_REPRESENTATION_CONTEXT(2) 
PARAMETRIC_REPRESENTATION_CONTEXT() REPRESENTATION_CONTEXT('2D SPACE',''
  ) );
#1192 = PCURVE('',#1193,#1200);
#1193 = SURFACE_OF_LINEAR_EXTRUSION('',#1194,#1198);
#1194 = B_SPLINE_CURVE_WITH_KNOTS('',2,(#1195,#1196,#1197),
  .UNSPECIFIED.,.F.,.F.,(3,3),(0.,1.),.PIECEWISE_BEZIER_KNOTS.);
#1195 = CARTESIAN_POINT('',(-1.768256929901E-02,3.368493558774,1.8));
#1196 = CARTESIAN_POINT('',(0.33344996218,3.368493558774,1.8));
#1197 = CARTESIAN_POINT('',(0.635186064909,3.286201894394,1.8));
#1198 = VECTOR('',#1199,1.);
#1199 = DIRECTION('',(-0.,-0.,-1.));
#1200 = DEFINITIONAL_REPRESENTATION('',(#1201),#1205);
#1201 = LINE('',#1202,#1203);
#1202 = CARTESIAN_POINT('',(0.,-0.4));
#1203 = VECTOR('',#1204,1.);
#1204 = DIRECTION('',(1.,0.));
#1205 = ( GEOMETRIC_REPRESENTATION_CONTEXT(2) 
PARAMETRIC_REPRESENTATION_CONTEXT() REPRESENTATION_CONTEXT('2D SPACE',''
  ) );
#1206 = ORIENTED_EDGE('',*,*,#1207,.T.);
#1207 = EDGE_CURVE('',#1178,#1208,#1210,.T.);
#1208 = VERTEX_POINT('',#1209);
#1209 = CARTESIAN_POINT('',(1.167331684532,3.022861425002,2.2));
#1210 = SURFACE_CURVE('',#1211,(#1215,#1222),.PCURVE_S1.);
#1211 = B_SPLINE_CURVE_WITH_KNOTS('',2,(#1212,#1213,#1214),
  .UNSPECIFIED.,.F.,.F.,(3,3),(0.,1.),.PIECEWISE_BEZIER_KNOTS.);
#1212 = CARTESIAN_POINT('',(0.635186064909,3.286201894394,2.2));
#1213 = CARTESIAN_POINT('',(0.936922167639,3.203910230013,2.2));
#1214 = CARTESIAN_POINT('',(1.167331684532,3.022861425002,2.2));
#1215 = PCURVE('',#72,#1216);
#1216 = DEFINITIONAL_REPRESENTATION('',(#1217),#1221);
#1217 = B_SPLINE_CURVE_WITH_KNOTS('',2,(#1218,#1219,#1220),
  .UNSPECIFIED.,.F.,.F.,(3,3),(0.,1.),.PIECEWISE_BEZIER_KNOTS.);
#1218 = CARTESIAN_POINT('',(-0.635186064909,3.24557278692));
#1219 = CARTESIAN_POINT('',(-0.936922167639,3.163281122539));
#1220 = CARTESIAN_POINT('',(-1.167331684532,2.982232317528));
#1221 = ( GEOMETRIC_REPRESENTATION_CONTEXT(2) 
PARAMETRIC_REPRESENTATION_CONTEXT() REPRESENTATION_CONTEXT('2D SPACE',''
  ) );
#1222 = PCURVE('',#1223,#1230);
#1223 = SURFACE_OF_LINEAR_EXTRUSION('',#1224,#1228);
#1224 = B_SPLINE_CURVE_WITH_KNOTS('',2,(#1225,#1226,#1227),
  .UNSPECIFIED.,.F.,.F.,(3,3),(0.,1.),.PIECEWISE_BEZIER_KNOTS.);
#1225 = CARTESIAN_POINT('',(0.635186064909,3.286201894394,1.8));
#1226 = CARTESIAN_POINT('',(0.936922167639,3.203910230013,1.8));
#1227 = CARTESIAN_POINT('',(1.167331684532,3.022861425002,1.8));
#1228 = VECTOR('',#1229,1.);
#1229 = DIRECTION('',(-0.,-0.,-1.));
#1230 = DEFINITIONAL_REPRESENTATION('',(#1231),#1235);
#1231 = LINE('',#1232,#1233);
#1232 = CARTESIAN_POINT('',(0.,-0.4));
#1233 = VECTOR('',#1234,1.);
#1234 = DIRECTION('',(1.,0.));
#1235 = ( GEOMETRIC_REPRESENTATION_CONTEXT(2) 
PARAMETRIC_REPRESENTATION_CONTEXT() REPRESENTATION_CONTEXT('2D SPACE',''
  ) );
#1236 = ORIENTED_EDGE('',*,*,#1237,.T.);
#1237 = EDGE_CURVE('',#1208,#1238,#1240,.T.);
#1238 = VERTEX_POINT('',#1239);
#1239 = CARTESIAN_POINT('',(1.52941143612,2.572989611326,2.2));
#1240 = SURFACE_CURVE('',#1241,(#1245,#1252),.PCURVE_S1.);
#1241 = B_SPLINE_CURVE_WITH_KNOTS('',2,(#1242,#1243,#1244),
  .UNSPECIFIED.,.F.,.F.,(3,3),(0.,1.),.PIECEWISE_BEZIER_KNOTS.);
#1242 = CARTESIAN_POINT('',(1.167331684532,3.022861425002,2.2));
#1243 = CARTESIAN_POINT('',(1.397741201424,2.84181261999,2.2));
#1244 = CARTESIAN_POINT('',(1.52941143612,2.572989611326,2.2));
#1245 = PCURVE('',#72,#1246);
#1246 = DEFINITIONAL_REPRESENTATION('',(#1247),#1251);
#1247 = B_SPLINE_CURVE_WITH_KNOTS('',2,(#1248,#1249,#1250),
  .UNSPECIFIED.,.F.,.F.,(3,3),(0.,1.),.PIECEWISE_BEZIER_KNOTS.);
#1248 = CARTESIAN_POINT('',(-1.167331684532,2.982232317528));
#1249 = CARTESIAN_POINT('',(-1.397741201424,2.801183512517));
#1250 = CARTESIAN_POINT('',(-1.52941143612,2.532360503853));
#1251 = ( GEOMETRIC_REPRESENTATION_CONTEXT(2) 
PARAMETRIC_REPRESENTATION_CONTEXT() REPRESENTATION_CONTEXT('2D SPACE',''
  ) );
#1252 = PCURVE('',#1253,#1260);
#1253 = SURFACE_OF_LINEAR_EXTRUSION('',#1254,#1258);
#1254 = B_SPLINE_CURVE_WITH_KNOTS('',2,(#1255,#1256,#1257),
  .UNSPECIFIED.,.F.,.F.,(3,3),(0.,1.),.PIECEWISE_BEZIER_KNOTS.);
#1255 = CARTESIAN_POINT('',(1.167331684532,3.022861425002,1.8));
#1256 = CARTESIAN_POINT('',(1.397741201424,2.84181261999,1.8));
#1257 = CARTESIAN_POINT('',(1.52941143612,2.572989611326,1.8));
#1258 = VECTOR('',#1259,1.);
#1259 = DIRECTION('',(-0.,-0.,-1.));
#1260 = DEFINITIONAL_REPRESENTATION('',(#1261),#1265);
#1261 = LINE('',#1262,#1263);
#1262 = CARTESIAN_POINT('',(0.,-0.4));
#1263 = VECTOR('',#1264,1.);
#1264 = DIRECTION('',(1.,0.));
#1265 = ( GEOMETRIC_REPRESENTATION_CONTEXT(2) 
PARAMETRIC_REPRESENTATION_CONTEXT() REPRESENTATION_CONTEXT('2D SPACE',''
  ) );
#1266 = ORIENTED_EDGE('',*,*,#1267,.T.);
#1267 = EDGE_CURVE('',#1238,#1268,#1270,.T.);
#1268 = VERTEX_POINT('',#1269);
#1269 = CARTESIAN_POINT('',(1.661081670816,1.920138835552,2.2));
#1270 = SURFACE_CURVE('',#1271,(#1275,#1282),.PCURVE_S1.);
#1271 = B_SPLINE_CURVE_WITH_KNOTS('',2,(#1272,#1273,#1274),
  .UNSPECIFIED.,.F.,.F.,(3,3),(0.,1.),.PIECEWISE_BEZIER_KNOTS.);
#1272 = CARTESIAN_POINT('',(1.52941143612,2.572989611326,2.2));
#1273 = CARTESIAN_POINT('',(1.661081670816,2.304166602662,2.2));
#1274 = CARTESIAN_POINT('',(1.661081670816,1.920138835552,2.2));
#1275 = PCURVE('',#72,#1276);
#1276 = DEFINITIONAL_REPRESENTATION('',(#1277),#1281);
#1277 = B_SPLINE_CURVE_WITH_KNOTS('',2,(#1278,#1279,#1280),
  .UNSPECIFIED.,.F.,.F.,(3,3),(0.,1.),.PIECEWISE_BEZIER_KNOTS.);
#1278 = CARTESIAN_POINT('',(-1.52941143612,2.532360503853));
#1279 = CARTESIAN_POINT('',(-1.661081670816,2.263537495189));
#1280 = CARTESIAN_POINT('',(-1.661081670816,1.879509728078));
#1281 = ( GEOMETRIC_REPRESENTATION_CONTEXT(2) 
PARAMETRIC_REPRESENTATION_CONTEXT() REPRESENTATION_CONTEXT('2D SPACE',''
  ) );
#1282 = PCURVE('',#1283,#1290);
#1283 = SURFACE_OF_LINEAR_EXTRUSION('',#1284,#1288);
#1284 = B_SPLINE_CURVE_WITH_KNOTS('',2,(#1285,#1286,#1287),
  .UNSPECIFIED.,.F.,.F.,(3,3),(0.,1.),.PIECEWISE_BEZIER_KNOTS.);
#1285 = CARTESIAN_POINT('',(1.52941143612,2.572989611326,1.8));
#1286 = CARTESIAN_POINT('',(1.661081670816,2.304166602662,1.8));
#1287 = CARTESIAN_POINT('',(1.661081670816,1.920138835552,1.8));
#1288 = VECTOR('',#1289,1.);
#1289 = DIRECTION('',(-0.,-0.,-1.));
#1290 = DEFINITIONAL_REPRESENTATION('',(#1291),#1295);
#1291 = LINE('',#1292,#1293);
#1292 = CARTESIAN_POINT('',(0.,-0.4));
#1293 = VECTOR('',#1294,1.);
#1294 = DIRECTION('',(1.,0.));
#1295 = ( GEOMETRIC_REPRESENTATION_CONTEXT(2) 
PARAMETRIC_REPRESENTATION_CONTEXT() REPRESENTATION_CONTEXT('2D SPACE',''
  ) );
#1296 = ORIENTED_EDGE('',*,*,#1297,.T.);
#1297 = EDGE_CURVE('',#1268,#1298,#1300,.T.);
#1298 = VERTEX_POINT('',#1299);
#1299 = CARTESIAN_POINT('',(1.518446357576,1.294736473005,2.2));
#1300 = SURFACE_CURVE('',#1301,(#1305,#1312),.PCURVE_S1.);
#1301 = B_SPLINE_CURVE_WITH_KNOTS('',2,(#1302,#1303,#1304),
  .UNSPECIFIED.,.F.,.F.,(3,3),(0.,1.),.PIECEWISE_BEZIER_KNOTS.);
#1302 = CARTESIAN_POINT('',(1.661081670816,1.920138835552,2.2));
#1303 = CARTESIAN_POINT('',(1.661081670816,1.558076942397,2.2));
#1304 = CARTESIAN_POINT('',(1.518446357576,1.294736473005,2.2));
#1305 = PCURVE('',#72,#1306);
#1306 = DEFINITIONAL_REPRESENTATION('',(#1307),#1311);
#1307 = B_SPLINE_CURVE_WITH_KNOTS('',2,(#1308,#1309,#1310),
  .UNSPECIFIED.,.F.,.F.,(3,3),(0.,1.),.PIECEWISE_BEZIER_KNOTS.);
#1308 = CARTESIAN_POINT('',(-1.661081670816,1.879509728078));
#1309 = CARTESIAN_POINT('',(-1.661081670816,1.517447834924));
#1310 = CARTESIAN_POINT('',(-1.518446357576,1.254107365532));
#1311 = ( GEOMETRIC_REPRESENTATION_CONTEXT(2) 
PARAMETRIC_REPRESENTATION_CONTEXT() REPRESENTATION_CONTEXT('2D SPACE',''
  ) );
#1312 = PCURVE('',#1313,#1320);
#1313 = SURFACE_OF_LINEAR_EXTRUSION('',#1314,#1318);
#1314 = B_SPLINE_CURVE_WITH_KNOTS('',2,(#1315,#1316,#1317),
  .UNSPECIFIED.,.F.,.F.,(3,3),(0.,1.),.PIECEWISE_BEZIER_KNOTS.);
#1315 = CARTESIAN_POINT('',(1.661081670816,1.920138835552,1.8));
#1316 = CARTESIAN_POINT('',(1.661081670816,1.558076942397,1.8));
#1317 = CARTESIAN_POINT('',(1.518446357576,1.294736473005,1.8));
#1318 = VECTOR('',#1319,1.);
#1319 = DIRECTION('',(-0.,-0.,-1.));
#1320 = DEFINITIONAL_REPRESENTATION('',(#1321),#1325);
#1321 = LINE('',#1322,#1323);
#1322 = CARTESIAN_POINT('',(0.,-0.4));
#1323 = VECTOR('',#1324,1.);
#1324 = DIRECTION('',(1.,0.));
#1325 = ( GEOMETRIC_REPRESENTATION_CONTEXT(2) 
PARAMETRIC_REPRESENTATION_CONTEXT() REPRESENTATION_CONTEXT('2D SPACE',''
  ) );
#1326 = ORIENTED_EDGE('',*,*,#1327,.T.);
#1327 = EDGE_CURVE('',#1298,#1328,#1330,.T.);
#1328 = VERTEX_POINT('',#1329);
#1329 = CARTESIAN_POINT('',(1.150866208282,0.861330135579,2.2));
#1330 = SURFACE_CURVE('',#1331,(#1335,#1342),.PCURVE_S1.);
#1331 = B_SPLINE_CURVE_WITH_KNOTS('',2,(#1332,#1333,#1334),
  .UNSPECIFIED.,.F.,.F.,(3,3),(0.,1.),.PIECEWISE_BEZIER_KNOTS.);
#1332 = CARTESIAN_POINT('',(1.518446357576,1.294736473005,2.2));
#1333 = CARTESIAN_POINT('',(1.375811044337,1.031396003613,2.2));
#1334 = CARTESIAN_POINT('',(1.150866208282,0.861330135579,2.2));
#1335 = PCURVE('',#72,#1336);
#1336 = DEFINITIONAL_REPRESENTATION('',(#1337),#1341);
#1337 = B_SPLINE_CURVE_WITH_KNOTS('',2,(#1338,#1339,#1340),
  .UNSPECIFIED.,.F.,.F.,(3,3),(0.,1.),.PIECEWISE_BEZIER_KNOTS.);
#1338 = CARTESIAN_POINT('',(-1.518446357576,1.254107365532));
#1339 = CARTESIAN_POINT('',(-1.375811044337,0.990766896139));
#1340 = CARTESIAN_POINT('',(-1.150866208282,0.820701028106));
#1341 = ( GEOMETRIC_REPRESENTATION_CONTEXT(2) 
PARAMETRIC_REPRESENTATION_CONTEXT() REPRESENTATION_CONTEXT('2D SPACE',''
  ) );
#1342 = PCURVE('',#1343,#1350);
#1343 = SURFACE_OF_LINEAR_EXTRUSION('',#1344,#1348);
#1344 = B_SPLINE_CURVE_WITH_KNOTS('',2,(#1345,#1346,#1347),
  .UNSPECIFIED.,.F.,.F.,(3,3),(0.,1.),.PIECEWISE_BEZIER_KNOTS.);
#1345 = CARTESIAN_POINT('',(1.518446357576,1.294736473005,1.8));
#1346 = CARTESIAN_POINT('',(1.375811044337,1.031396003613,1.8));
#1347 = CARTESIAN_POINT('',(1.150866208282,0.861330135579,1.8));
#1348 = VECTOR('',#1349,1.);
#1349 = DIRECTION('',(-0.,-0.,-1.));
#1350 = DEFINITIONAL_REPRESENTATION('',(#1351),#1355);
#1351 = LINE('',#1352,#1353);
#1352 = CARTESIAN_POINT('',(0.,-0.4));
#1353 = VECTOR('',#1354,1.);
#1354 = DIRECTION('',(1.,0.));
#1355 = ( GEOMETRIC_REPRESENTATION_CONTEXT(2) 
PARAMETRIC_REPRESENTATION_CONTEXT() REPRESENTATION_CONTEXT('2D SPACE',''
  ) );
#1356 = ORIENTED_EDGE('',*,*,#1357,.T.);
#1357 = EDGE_CURVE('',#1328,#1358,#1360,.T.);
#1358 = VERTEX_POINT('',#1359);
#1359 = CARTESIAN_POINT('',(0.646133285019,0.608972603165,2.2));
#1360 = SURFACE_CURVE('',#1361,(#1365,#1372),.PCURVE_S1.);
#1361 = B_SPLINE_CURVE_WITH_KNOTS('',2,(#1362,#1363,#1364),
  .UNSPECIFIED.,.F.,.F.,(3,3),(0.,1.),.PIECEWISE_BEZIER_KNOTS.);
#1362 = CARTESIAN_POINT('',(1.150866208282,0.861330135579,2.2));
#1363 = CARTESIAN_POINT('',(0.925921372227,0.691264267546,2.2));
#1364 = CARTESIAN_POINT('',(0.646133285019,0.608972603165,2.2));
#1365 = PCURVE('',#72,#1366);
#1366 = DEFINITIONAL_REPRESENTATION('',(#1367),#1371);
#1367 = B_SPLINE_CURVE_WITH_KNOTS('',2,(#1368,#1369,#1370),
  .UNSPECIFIED.,.F.,.F.,(3,3),(0.,1.),.PIECEWISE_BEZIER_KNOTS.);
#1368 = CARTESIAN_POINT('',(-1.150866208282,0.820701028106));
#1369 = CARTESIAN_POINT('',(-0.925921372227,0.650635160072));
#1370 = CARTESIAN_POINT('',(-0.646133285019,0.568343495692));
#1371 = ( GEOMETRIC_REPRESENTATION_CONTEXT(2) 
PARAMETRIC_REPRESENTATION_CONTEXT() REPRESENTATION_CONTEXT('2D SPACE',''
  ) );
#1372 = PCURVE('',#1373,#1380);
#1373 = SURFACE_OF_LINEAR_EXTRUSION('',#1374,#1378);
#1374 = B_SPLINE_CURVE_WITH_KNOTS('',2,(#1375,#1376,#1377),
  .UNSPECIFIED.,.F.,.F.,(3,3),(0.,1.),.PIECEWISE_BEZIER_KNOTS.);
#1375 = CARTESIAN_POINT('',(1.150866208282,0.861330135579,1.8));
#1376 = CARTESIAN_POINT('',(0.925921372227,0.691264267546,1.8));
#1377 = CARTESIAN_POINT('',(0.646133285019,0.608972603165,1.8));
#1378 = VECTOR('',#1379,1.);
#1379 = DIRECTION('',(-0.,-0.,-1.));
#1380 = DEFINITIONAL_REPRESENTATION('',(#1381),#1385);
#1381 = LINE('',#1382,#1383);
#1382 = CARTESIAN_POINT('',(0.,-0.4));
#1383 = VECTOR('',#1384,1.);
#1384 = DIRECTION('',(1.,0.));
#1385 = ( GEOMETRIC_REPRESENTATION_CONTEXT(2) 
PARAMETRIC_REPRESENTATION_CONTEXT() REPRESENTATION_CONTEXT('2D SPACE',''
  ) );
#1386 = ORIENTED_EDGE('',*,*,#1387,.T.);
#1387 = EDGE_CURVE('',#1358,#1388,#1390,.T.);
#1388 = VERTEX_POINT('',#1389);
#1389 = CARTESIAN_POINT('',(0.103004728419,0.526680938784,2.2));
#1390 = SURFACE_CURVE('',#1391,(#1395,#1402),.PCURVE_S1.);
#1391 = B_SPLINE_CURVE_WITH_KNOTS('',2,(#1392,#1393,#1394),
  .UNSPECIFIED.,.F.,.F.,(3,3),(0.,1.),.PIECEWISE_BEZIER_KNOTS.);
#1392 = CARTESIAN_POINT('',(0.646133285019,0.608972603165,2.2));
#1393 = CARTESIAN_POINT('',(0.366345197811,0.526680938784,2.2));
#1394 = CARTESIAN_POINT('',(0.103004728419,0.526680938784,2.2));
#1395 = PCURVE('',#72,#1396);
#1396 = DEFINITIONAL_REPRESENTATION('',(#1397),#1401);
#1397 = B_SPLINE_CURVE_WITH_KNOTS('',2,(#1398,#1399,#1400),
  .UNSPECIFIED.,.F.,.F.,(3,3),(0.,1.),.PIECEWISE_BEZIER_KNOTS.);
#1398 = CARTESIAN_POINT('',(-0.646133285019,0.568343495692));
#1399 = CARTESIAN_POINT('',(-0.366345197811,0.486051831311));
#1400 = CARTESIAN_POINT('',(-0.103004728419,0.486051831311));
#1401 = ( GEOMETRIC_REPRESENTATION_CONTEXT(2) 
PARAMETRIC_REPRESENTATION_CONTEXT() REPRESENTATION_CONTEXT('2D SPACE',''
  ) );
#1402 = PCURVE('',#1403,#1410);
#1403 = SURFACE_OF_LINEAR_EXTRUSION('',#1404,#1408);
#1404 = B_SPLINE_CURVE_WITH_KNOTS('',2,(#1405,#1406,#1407),
  .UNSPECIFIED.,.F.,.F.,(3,3),(0.,1.),.PIECEWISE_BEZIER_KNOTS.);
#1405 = CARTESIAN_POINT('',(0.646133285019,0.608972603165,1.8));
#1406 = CARTESIAN_POINT('',(0.366345197811,0.526680938784,1.8));
#1407 = CARTESIAN_POINT('',(0.103004728419,0.526680938784,1.8));
#1408 = VECTOR('',#1409,1.);
#1409 = DIRECTION('',(-0.,-0.,-1.));
#1410 = DEFINITIONAL_REPRESENTATION('',(#1411),#1415);
#1411 = LINE('',#1412,#1413);
#1412 = CARTESIAN_POINT('',(0.,-0.4));
#1413 = VECTOR('',#1414,1.);
#1414 = DIRECTION('',(1.,0.));
#1415 = ( GEOMETRIC_REPRESENTATION_CONTEXT(2) 
PARAMETRIC_REPRESENTATION_CONTEXT() REPRESENTATION_CONTEXT('2D SPACE',''
  ) );
#1416 = ORIENTED_EDGE('',*,*,#1417,.T.);
#1417 = EDGE_CURVE('',#1388,#1418,#1420,.T.);
#1418 = VERTEX_POINT('',#1419);
#1419 = CARTESIAN_POINT('',(-0.478501603084,0.526680938784,2.2));
#1420 = SURFACE_CURVE('',#1421,(#1425,#1432),.PCURVE_S1.);
#1421 = LINE('',#1422,#1423);
#1422 = CARTESIAN_POINT('',(0.103004728419,0.526680938784,2.2));
#1423 = VECTOR('',#1424,1.);
#1424 = DIRECTION('',(-1.,0.,0.));
#1425 = PCURVE('',#72,#1426);
#1426 = DEFINITIONAL_REPRESENTATION('',(#1427),#1431);
#1427 = LINE('',#1428,#1429);
#1428 = CARTESIAN_POINT('',(-0.103004728419,0.486051831311));
#1429 = VECTOR('',#1430,1.);
#1430 = DIRECTION('',(1.,0.));
#1431 = ( GEOMETRIC_REPRESENTATION_CONTEXT(2) 
PARAMETRIC_REPRESENTATION_CONTEXT() REPRESENTATION_CONTEXT('2D SPACE',''
  ) );
#1432 = PCURVE('',#1433,#1438);
#1433 = PLANE('',#1434);
#1434 = AXIS2_PLACEMENT_3D('',#1435,#1436,#1437);
#1435 = CARTESIAN_POINT('',(0.103004728419,0.526680938784,1.8));
#1436 = DIRECTION('',(0.,-1.,0.));
#1437 = DIRECTION('',(-1.,0.,0.));
#1438 = DEFINITIONAL_REPRESENTATION('',(#1439),#1443);
#1439 = LINE('',#1440,#1441);
#1440 = CARTESIAN_POINT('',(0.,-0.4));
#1441 = VECTOR('',#1442,1.);
#1442 = DIRECTION('',(1.,0.));
#1443 = ( GEOMETRIC_REPRESENTATION_CONTEXT(2) 
PARAMETRIC_REPRESENTATION_CONTEXT() REPRESENTATION_CONTEXT('2D SPACE',''
  ) );
#1444 = ORIENTED_EDGE('',*,*,#1445,.T.);
#1445 = EDGE_CURVE('',#1418,#1446,#1448,.T.);
#1446 = VERTEX_POINT('',#1447);
#1447 = CARTESIAN_POINT('',(-0.478501603084,-5.486110958719E-02,2.2));
#1448 = SURFACE_CURVE('',#1449,(#1453,#1460),.PCURVE_S1.);
#1449 = LINE('',#1450,#1451);
#1450 = CARTESIAN_POINT('',(-0.478501603084,0.526680938784,2.2));
#1451 = VECTOR('',#1452,1.);
#1452 = DIRECTION('',(0.,-1.,0.));
#1453 = PCURVE('',#72,#1454);
#1454 = DEFINITIONAL_REPRESENTATION('',(#1455),#1459);
#1455 = LINE('',#1456,#1457);
#1456 = CARTESIAN_POINT('',(0.478501603084,0.486051831311));
#1457 = VECTOR('',#1458,1.);
#1458 = DIRECTION('',(0.,-1.));
#1459 = ( GEOMETRIC_REPRESENTATION_CONTEXT(2) 
PARAMETRIC_REPRESENTATION_CONTEXT() REPRESENTATION_CONTEXT('2D SPACE',''
  ) );
#1460 = PCURVE('',#1461,#1466);
#1461 = PLANE('',#1462);
#1462 = AXIS2_PLACEMENT_3D('',#1463,#1464,#1465);
#1463 = CARTESIAN_POINT('',(-0.478501603084,0.526680938784,1.8));
#1464 = DIRECTION('',(1.,0.,0.));
#1465 = DIRECTION('',(0.,-1.,0.));
#1466 = DEFINITIONAL_REPRESENTATION('',(#1467),#1471);
#1467 = LINE('',#1468,#1469);
#1468 = CARTESIAN_POINT('',(2.22044604925E-16,-0.4));
#1469 = VECTOR('',#1470,1.);
#1470 = DIRECTION('',(1.,0.));
#1471 = ( GEOMETRIC_REPRESENTATION_CONTEXT(2) 
PARAMETRIC_REPRESENTATION_CONTEXT() REPRESENTATION_CONTEXT('2D SPACE',''
  ) );
#1472 = ORIENTED_EDGE('',*,*,#1473,.T.);
#1473 = EDGE_CURVE('',#1446,#1474,#1476,.T.);
#1474 = VERTEX_POINT('',#1475);
#1475 = CARTESIAN_POINT('',(0.103004728419,-5.486110958719E-02,2.2));
#1476 = SURFACE_CURVE('',#1477,(#1481,#1488),.PCURVE_S1.);
#1477 = LINE('',#1478,#1479);
#1478 = CARTESIAN_POINT('',(-0.478501603084,-5.486110958719E-02,2.2));
#1479 = VECTOR('',#1480,1.);
#1480 = DIRECTION('',(1.,0.,0.));
#1481 = PCURVE('',#72,#1482);
#1482 = DEFINITIONAL_REPRESENTATION('',(#1483),#1487);
#1483 = LINE('',#1484,#1485);
#1484 = CARTESIAN_POINT('',(0.478501603084,-9.549021706062E-02));
#1485 = VECTOR('',#1486,1.);
#1486 = DIRECTION('',(-1.,0.));
#1487 = ( GEOMETRIC_REPRESENTATION_CONTEXT(2) 
PARAMETRIC_REPRESENTATION_CONTEXT() REPRESENTATION_CONTEXT('2D SPACE',''
  ) );
#1488 = PCURVE('',#1489,#1494);
#1489 = PLANE('',#1490);
#1490 = AXIS2_PLACEMENT_3D('',#1491,#1492,#1493);
#1491 = CARTESIAN_POINT('',(-0.478501603084,-5.486110958719E-02,1.8));
#1492 = DIRECTION('',(0.,1.,0.));
#1493 = DIRECTION('',(1.,0.,0.));
#1494 = DEFINITIONAL_REPRESENTATION('',(#1495),#1499);
#1495 = LINE('',#1496,#1497);
#1496 = CARTESIAN_POINT('',(0.,-0.4));
#1497 = VECTOR('',#1498,1.);
#1498 = DIRECTION('',(1.,0.));
#1499 = ( GEOMETRIC_REPRESENTATION_CONTEXT(2) 
PARAMETRIC_REPRESENTATION_CONTEXT() REPRESENTATION_CONTEXT('2D SPACE',''
  ) );
#1500 = ORIENTED_EDGE('',*,*,#1501,.T.);
#1501 = EDGE_CURVE('',#1474,#1502,#1504,.T.);
#1502 = VERTEX_POINT('',#1503);
#1503 = CARTESIAN_POINT('',(0.821699550759,-0.153600391784,2.2));
#1504 = SURFACE_CURVE('',#1505,(#1509,#1516),.PCURVE_S1.);
#1505 = B_SPLINE_CURVE_WITH_KNOTS('',2,(#1506,#1507,#1508),
  .UNSPECIFIED.,.F.,.F.,(3,3),(0.,1.),.PIECEWISE_BEZIER_KNOTS.);
#1506 = CARTESIAN_POINT('',(0.103004728419,-5.486110958719E-02,2.2));
#1507 = CARTESIAN_POINT('',(0.48703249553,-5.486110958719E-02,2.2));
#1508 = CARTESIAN_POINT('',(0.821699550759,-0.153600391784,2.2));
#1509 = PCURVE('',#72,#1510);
#1510 = DEFINITIONAL_REPRESENTATION('',(#1511),#1515);
#1511 = B_SPLINE_CURVE_WITH_KNOTS('',2,(#1512,#1513,#1514),
  .UNSPECIFIED.,.F.,.F.,(3,3),(0.,1.),.PIECEWISE_BEZIER_KNOTS.);
#1512 = CARTESIAN_POINT('',(-0.103004728419,-9.549021706062E-02));
#1513 = CARTESIAN_POINT('',(-0.48703249553,-9.549021706062E-02));
#1514 = CARTESIAN_POINT('',(-0.821699550759,-0.194229499257));
#1515 = ( GEOMETRIC_REPRESENTATION_CONTEXT(2) 
PARAMETRIC_REPRESENTATION_CONTEXT() REPRESENTATION_CONTEXT('2D SPACE',''
  ) );
#1516 = PCURVE('',#1517,#1524);
#1517 = SURFACE_OF_LINEAR_EXTRUSION('',#1518,#1522);
#1518 = B_SPLINE_CURVE_WITH_KNOTS('',2,(#1519,#1520,#1521),
  .UNSPECIFIED.,.F.,.F.,(3,3),(0.,1.),.PIECEWISE_BEZIER_KNOTS.);
#1519 = CARTESIAN_POINT('',(0.103004728419,-5.486110958719E-02,1.8));
#1520 = CARTESIAN_POINT('',(0.48703249553,-5.486110958719E-02,1.8));
#1521 = CARTESIAN_POINT('',(0.821699550759,-0.153600391784,1.8));
#1522 = VECTOR('',#1523,1.);
#1523 = DIRECTION('',(-0.,-0.,-1.));
#1524 = DEFINITIONAL_REPRESENTATION('',(#1525),#1529);
#1525 = LINE('',#1526,#1527);
#1526 = CARTESIAN_POINT('',(0.,-0.4));
#1527 = VECTOR('',#1528,1.);
#1528 = DIRECTION('',(1.,0.));
#1529 = ( GEOMETRIC_REPRESENTATION_CONTEXT(2) 
PARAMETRIC_REPRESENTATION_CONTEXT() REPRESENTATION_CONTEXT('2D SPACE',''
  ) );
#1530 = ORIENTED_EDGE('',*,*,#1531,.T.);
#1531 = EDGE_CURVE('',#1502,#1532,#1534,.T.);
#1532 = VERTEX_POINT('',#1533);
#1533 = CARTESIAN_POINT('',(1.408724138402,-0.455336494513,2.2));
#1534 = SURFACE_CURVE('',#1535,(#1539,#1546),.PCURVE_S1.);
#1535 = B_SPLINE_CURVE_WITH_KNOTS('',2,(#1536,#1537,#1538),
  .UNSPECIFIED.,.F.,.F.,(3,3),(0.,1.),.PIECEWISE_BEZIER_KNOTS.);
#1536 = CARTESIAN_POINT('',(0.821699550759,-0.153600391784,2.2));
#1537 = CARTESIAN_POINT('',(1.156366605988,-0.25233967398,2.2));
#1538 = CARTESIAN_POINT('',(1.408724138402,-0.455336494513,2.2));
#1539 = PCURVE('',#72,#1540);
#1540 = DEFINITIONAL_REPRESENTATION('',(#1541),#1545);
#1541 = B_SPLINE_CURVE_WITH_KNOTS('',2,(#1542,#1543,#1544),
  .UNSPECIFIED.,.F.,.F.,(3,3),(0.,1.),.PIECEWISE_BEZIER_KNOTS.);
#1542 = CARTESIAN_POINT('',(-0.821699550759,-0.194229499257));
#1543 = CARTESIAN_POINT('',(-1.156366605988,-0.292968781454));
#1544 = CARTESIAN_POINT('',(-1.408724138402,-0.495965601987));
#1545 = ( GEOMETRIC_REPRESENTATION_CONTEXT(2) 
PARAMETRIC_REPRESENTATION_CONTEXT() REPRESENTATION_CONTEXT('2D SPACE',''
  ) );
#1546 = PCURVE('',#1547,#1554);
#1547 = SURFACE_OF_LINEAR_EXTRUSION('',#1548,#1552);
#1548 = B_SPLINE_CURVE_WITH_KNOTS('',2,(#1549,#1550,#1551),
  .UNSPECIFIED.,.F.,.F.,(3,3),(0.,1.),.PIECEWISE_BEZIER_KNOTS.);
#1549 = CARTESIAN_POINT('',(0.821699550759,-0.153600391784,1.8));
#1550 = CARTESIAN_POINT('',(1.156366605988,-0.25233967398,1.8));
#1551 = CARTESIAN_POINT('',(1.408724138402,-0.455336494513,1.8));
#1552 = VECTOR('',#1553,1.);
#1553 = DIRECTION('',(-0.,-0.,-1.));
#1554 = DEFINITIONAL_REPRESENTATION('',(#1555),#1559);
#1555 = LINE('',#1556,#1557);
#1556 = CARTESIAN_POINT('',(0.,-0.4));
#1557 = VECTOR('',#1558,1.);
#1558 = DIRECTION('',(1.,0.));
#1559 = ( GEOMETRIC_REPRESENTATION_CONTEXT(2) 
PARAMETRIC_REPRESENTATION_CONTEXT() REPRESENTATION_CONTEXT('2D SPACE',''
  ) );
#1560 = ORIENTED_EDGE('',*,*,#1561,.T.);
#1561 = EDGE_CURVE('',#1532,#1562,#1564,.T.);
#1562 = VERTEX_POINT('',#1563);
#1563 = CARTESIAN_POINT('',(1.803716984056,-0.960069417776,2.2));
#1564 = SURFACE_CURVE('',#1565,(#1569,#1576),.PCURVE_S1.);
#1565 = B_SPLINE_CURVE_WITH_KNOTS('',2,(#1566,#1567,#1568),
  .UNSPECIFIED.,.F.,.F.,(3,3),(0.,1.),.PIECEWISE_BEZIER_KNOTS.);
#1566 = CARTESIAN_POINT('',(1.408724138402,-0.455336494513,2.2));
#1567 = CARTESIAN_POINT('',(1.661081670816,-0.658333315046,2.2));
#1568 = CARTESIAN_POINT('',(1.803716984056,-0.960069417776,2.2));
#1569 = PCURVE('',#72,#1570);
#1570 = DEFINITIONAL_REPRESENTATION('',(#1571),#1575);
#1571 = B_SPLINE_CURVE_WITH_KNOTS('',2,(#1572,#1573,#1574),
  .UNSPECIFIED.,.F.,.F.,(3,3),(0.,1.),.PIECEWISE_BEZIER_KNOTS.);
#1572 = CARTESIAN_POINT('',(-1.408724138402,-0.495965601987));
#1573 = CARTESIAN_POINT('',(-1.661081670816,-0.69896242252));
#1574 = CARTESIAN_POINT('',(-1.803716984056,-1.000698525249));
#1575 = ( GEOMETRIC_REPRESENTATION_CONTEXT(2) 
PARAMETRIC_REPRESENTATION_CONTEXT() REPRESENTATION_CONTEXT('2D SPACE',''
  ) );
#1576 = PCURVE('',#1577,#1584);
#1577 = SURFACE_OF_LINEAR_EXTRUSION('',#1578,#1582);
#1578 = B_SPLINE_CURVE_WITH_KNOTS('',2,(#1579,#1580,#1581),
  .UNSPECIFIED.,.F.,.F.,(3,3),(0.,1.),.PIECEWISE_BEZIER_KNOTS.);
#1579 = CARTESIAN_POINT('',(1.408724138402,-0.455336494513,1.8));
#1580 = CARTESIAN_POINT('',(1.661081670816,-0.658333315046,1.8));
#1581 = CARTESIAN_POINT('',(1.803716984056,-0.960069417776,1.8));
#1582 = VECTOR('',#1583,1.);
#1583 = DIRECTION('',(-0.,-0.,-1.));
#1584 = DEFINITIONAL_REPRESENTATION('',(#1585),#1589);
#1585 = LINE('',#1586,#1587);
#1586 = CARTESIAN_POINT('',(0.,-0.4));
#1587 = VECTOR('',#1588,1.);
#1588 = DIRECTION('',(1.,0.));
#1589 = ( GEOMETRIC_REPRESENTATION_CONTEXT(2) 
PARAMETRIC_REPRESENTATION_CONTEXT() REPRESENTATION_CONTEXT('2D SPACE',''
  ) );
#1590 = ORIENTED_EDGE('',*,*,#1591,.T.);
#1591 = EDGE_CURVE('',#1562,#1592,#1594,.T.);
#1592 = VERTEX_POINT('',#1593);
#1593 = CARTESIAN_POINT('',(1.946352297296,-1.678728523247,2.2));
#1594 = SURFACE_CURVE('',#1595,(#1599,#1606),.PCURVE_S1.);
#1595 = B_SPLINE_CURVE_WITH_KNOTS('',2,(#1596,#1597,#1598),
  .UNSPECIFIED.,.F.,.F.,(3,3),(0.,1.),.PIECEWISE_BEZIER_KNOTS.);
#1596 = CARTESIAN_POINT('',(1.803716984056,-0.960069417776,2.2));
#1597 = CARTESIAN_POINT('',(1.946352297296,-1.261805520505,2.2));
#1598 = CARTESIAN_POINT('',(1.946352297296,-1.678728523247,2.2));
#1599 = PCURVE('',#72,#1600);
#1600 = DEFINITIONAL_REPRESENTATION('',(#1601),#1605);
#1601 = B_SPLINE_CURVE_WITH_KNOTS('',2,(#1602,#1603,#1604),
  .UNSPECIFIED.,.F.,.F.,(3,3),(0.,1.),.PIECEWISE_BEZIER_KNOTS.);
#1602 = CARTESIAN_POINT('',(-1.803716984056,-1.000698525249));
#1603 = CARTESIAN_POINT('',(-1.946352297296,-1.302434627979));
#1604 = CARTESIAN_POINT('',(-1.946352297296,-1.719357630721));
#1605 = ( GEOMETRIC_REPRESENTATION_CONTEXT(2) 
PARAMETRIC_REPRESENTATION_CONTEXT() REPRESENTATION_CONTEXT('2D SPACE',''
  ) );
#1606 = PCURVE('',#1607,#1614);
#1607 = SURFACE_OF_LINEAR_EXTRUSION('',#1608,#1612);
#1608 = B_SPLINE_CURVE_WITH_KNOTS('',2,(#1609,#1610,#1611),
  .UNSPECIFIED.,.F.,.F.,(3,3),(0.,1.),.PIECEWISE_BEZIER_KNOTS.);
#1609 = CARTESIAN_POINT('',(1.803716984056,-0.960069417776,1.8));
#1610 = CARTESIAN_POINT('',(1.946352297296,-1.261805520505,1.8));
#1611 = CARTESIAN_POINT('',(1.946352297296,-1.678728523247,1.8));
#1612 = VECTOR('',#1613,1.);
#1613 = DIRECTION('',(-0.,-0.,-1.));
#1614 = DEFINITIONAL_REPRESENTATION('',(#1615),#1619);
#1615 = LINE('',#1616,#1617);
#1616 = CARTESIAN_POINT('',(0.,-0.4));
#1617 = VECTOR('',#1618,1.);
#1618 = DIRECTION('',(1.,0.));
#1619 = ( GEOMETRIC_REPRESENTATION_CONTEXT(2) 
PARAMETRIC_REPRESENTATION_CONTEXT() REPRESENTATION_CONTEXT('2D SPACE',''
  ) );
#1620 = ORIENTED_EDGE('',*,*,#1621,.T.);
#1621 = EDGE_CURVE('',#1592,#1622,#1624,.T.);
#1622 = VERTEX_POINT('',#1623);
#1623 = CARTESIAN_POINT('',(1.781768968535,-2.402905884859,2.2));
#1624 = SURFACE_CURVE('',#1625,(#1629,#1636),.PCURVE_S1.);
#1625 = B_SPLINE_CURVE_WITH_KNOTS('',2,(#1626,#1627,#1628),
  .UNSPECIFIED.,.F.,.F.,(3,3),(0.,1.),.PIECEWISE_BEZIER_KNOTS.);
#1626 = CARTESIAN_POINT('',(1.946352297296,-1.678728523247,2.2));
#1627 = CARTESIAN_POINT('',(1.946352297296,-2.084722164313,2.2));
#1628 = CARTESIAN_POINT('',(1.781768968535,-2.402905884859,2.2));
#1629 = PCURVE('',#72,#1630);
#1630 = DEFINITIONAL_REPRESENTATION('',(#1631),#1635);
#1631 = B_SPLINE_CURVE_WITH_KNOTS('',2,(#1632,#1633,#1634),
  .UNSPECIFIED.,.F.,.F.,(3,3),(0.,1.),.PIECEWISE_BEZIER_KNOTS.);
#1632 = CARTESIAN_POINT('',(-1.946352297296,-1.719357630721));
#1633 = CARTESIAN_POINT('',(-1.946352297296,-2.125351271787));
#1634 = CARTESIAN_POINT('',(-1.781768968535,-2.443534992332));
#1635 = ( GEOMETRIC_REPRESENTATION_CONTEXT(2) 
PARAMETRIC_REPRESENTATION_CONTEXT() REPRESENTATION_CONTEXT('2D SPACE',''
  ) );
#1636 = PCURVE('',#1637,#1644);
#1637 = SURFACE_OF_LINEAR_EXTRUSION('',#1638,#1642);
#1638 = B_SPLINE_CURVE_WITH_KNOTS('',2,(#1639,#1640,#1641),
  .UNSPECIFIED.,.F.,.F.,(3,3),(0.,1.),.PIECEWISE_BEZIER_KNOTS.);
#1639 = CARTESIAN_POINT('',(1.946352297296,-1.678728523247,1.8));
#1640 = CARTESIAN_POINT('',(1.946352297296,-2.084722164313,1.8));
#1641 = CARTESIAN_POINT('',(1.781768968535,-2.402905884859,1.8));
#1642 = VECTOR('',#1643,1.);
#1643 = DIRECTION('',(-0.,-0.,-1.));
#1644 = DEFINITIONAL_REPRESENTATION('',(#1645),#1649);
#1645 = LINE('',#1646,#1647);
#1646 = CARTESIAN_POINT('',(0.,-0.4));
#1647 = VECTOR('',#1648,1.);
#1648 = DIRECTION('',(1.,0.));
#1649 = ( GEOMETRIC_REPRESENTATION_CONTEXT(2) 
PARAMETRIC_REPRESENTATION_CONTEXT() REPRESENTATION_CONTEXT('2D SPACE',''
  ) );
#1650 = ORIENTED_EDGE('',*,*,#1651,.T.);
#1651 = EDGE_CURVE('',#1622,#1652,#1654,.T.);
#1652 = VERTEX_POINT('',#1653);
#1653 = CARTESIAN_POINT('',(1.342880091837,-2.940534043753,2.2));
#1654 = SURFACE_CURVE('',#1655,(#1659,#1666),.PCURVE_S1.);
#1655 = B_SPLINE_CURVE_WITH_KNOTS('',2,(#1656,#1657,#1658),
  .UNSPECIFIED.,.F.,.F.,(3,3),(0.,1.),.PIECEWISE_BEZIER_KNOTS.);
#1656 = CARTESIAN_POINT('',(1.781768968535,-2.402905884859,2.2));
#1657 = CARTESIAN_POINT('',(1.617185639773,-2.721089605404,2.2));
#1658 = CARTESIAN_POINT('',(1.342880091837,-2.940534043753,2.2));
#1659 = PCURVE('',#72,#1660);
#1660 = DEFINITIONAL_REPRESENTATION('',(#1661),#1665);
#1661 = B_SPLINE_CURVE_WITH_KNOTS('',2,(#1662,#1663,#1664),
  .UNSPECIFIED.,.F.,.F.,(3,3),(0.,1.),.PIECEWISE_BEZIER_KNOTS.);
#1662 = CARTESIAN_POINT('',(-1.781768968535,-2.443534992332));
#1663 = CARTESIAN_POINT('',(-1.617185639773,-2.761718712877));
#1664 = CARTESIAN_POINT('',(-1.342880091837,-2.981163151226));
#1665 = ( GEOMETRIC_REPRESENTATION_CONTEXT(2) 
PARAMETRIC_REPRESENTATION_CONTEXT() REPRESENTATION_CONTEXT('2D SPACE',''
  ) );
#1666 = PCURVE('',#1667,#1674);
#1667 = SURFACE_OF_LINEAR_EXTRUSION('',#1668,#1672);
#1668 = B_SPLINE_CURVE_WITH_KNOTS('',2,(#1669,#1670,#1671),
  .UNSPECIFIED.,.F.,.F.,(3,3),(0.,1.),.PIECEWISE_BEZIER_KNOTS.);
#1669 = CARTESIAN_POINT('',(1.781768968535,-2.402905884859,1.8));
#1670 = CARTESIAN_POINT('',(1.617185639773,-2.721089605404,1.8));
#1671 = CARTESIAN_POINT('',(1.342880091837,-2.940534043753,1.8));
#1672 = VECTOR('',#1673,1.);
#1673 = DIRECTION('',(-0.,-0.,-1.));
#1674 = DEFINITIONAL_REPRESENTATION('',(#1675),#1679);
#1675 = LINE('',#1676,#1677);
#1676 = CARTESIAN_POINT('',(0.,-0.4));
#1677 = VECTOR('',#1678,1.);
#1678 = DIRECTION('',(1.,0.));
#1679 = ( GEOMETRIC_REPRESENTATION_CONTEXT(2) 
PARAMETRIC_REPRESENTATION_CONTEXT() REPRESENTATION_CONTEXT('2D SPACE',''
  ) );
#1680 = ORIENTED_EDGE('',*,*,#1681,.T.);
#1681 = EDGE_CURVE('',#1652,#1682,#1684,.T.);
#1682 = VERTEX_POINT('',#1683);
#1683 = CARTESIAN_POINT('',(0.717459870856,-3.269700701276,2.2));
#1684 = SURFACE_CURVE('',#1685,(#1689,#1696),.PCURVE_S1.);
#1685 = B_SPLINE_CURVE_WITH_KNOTS('',2,(#1686,#1687,#1688),
  .UNSPECIFIED.,.F.,.F.,(3,3),(0.,1.),.PIECEWISE_BEZIER_KNOTS.);
#1686 = CARTESIAN_POINT('',(1.342880091837,-2.940534043753,2.2));
#1687 = CARTESIAN_POINT('',(1.068574543901,-3.159978482101,2.2));
#1688 = CARTESIAN_POINT('',(0.717459870856,-3.269700701276,2.2));
#1689 = PCURVE('',#72,#1690);
#1690 = DEFINITIONAL_REPRESENTATION('',(#1691),#1695);
#1691 = B_SPLINE_CURVE_WITH_KNOTS('',2,(#1692,#1693,#1694),
  .UNSPECIFIED.,.F.,.F.,(3,3),(0.,1.),.PIECEWISE_BEZIER_KNOTS.);
#1692 = CARTESIAN_POINT('',(-1.342880091837,-2.981163151226));
#1693 = CARTESIAN_POINT('',(-1.068574543901,-3.200607589575));
#1694 = CARTESIAN_POINT('',(-0.717459870856,-3.310329808749));
#1695 = ( GEOMETRIC_REPRESENTATION_CONTEXT(2) 
PARAMETRIC_REPRESENTATION_CONTEXT() REPRESENTATION_CONTEXT('2D SPACE',''
  ) );
#1696 = PCURVE('',#1697,#1704);
#1697 = SURFACE_OF_LINEAR_EXTRUSION('',#1698,#1702);
#1698 = B_SPLINE_CURVE_WITH_KNOTS('',2,(#1699,#1700,#1701),
  .UNSPECIFIED.,.F.,.F.,(3,3),(0.,1.),.PIECEWISE_BEZIER_KNOTS.);
#1699 = CARTESIAN_POINT('',(1.342880091837,-2.940534043753,1.8));
#1700 = CARTESIAN_POINT('',(1.068574543901,-3.159978482101,1.8));
#1701 = CARTESIAN_POINT('',(0.717459870856,-3.269700701276,1.8));
#1702 = VECTOR('',#1703,1.);
#1703 = DIRECTION('',(-0.,-0.,-1.));
#1704 = DEFINITIONAL_REPRESENTATION('',(#1705),#1709);
#1705 = LINE('',#1706,#1707);
#1706 = CARTESIAN_POINT('',(0.,-0.4));
#1707 = VECTOR('',#1708,1.);
#1708 = DIRECTION('',(1.,0.));
#1709 = ( GEOMETRIC_REPRESENTATION_CONTEXT(2) 
PARAMETRIC_REPRESENTATION_CONTEXT() REPRESENTATION_CONTEXT('2D SPACE',''
  ) );
#1710 = ORIENTED_EDGE('',*,*,#1711,.T.);
#1711 = EDGE_CURVE('',#1682,#1712,#1714,.T.);
#1712 = VERTEX_POINT('',#1713);
#1713 = CARTESIAN_POINT('',(-1.768256929901E-02,-3.37942292045,2.2));
#1714 = SURFACE_CURVE('',#1715,(#1719,#1726),.PCURVE_S1.);
#1715 = B_SPLINE_CURVE_WITH_KNOTS('',2,(#1716,#1717,#1718),
  .UNSPECIFIED.,.F.,.F.,(3,3),(0.,1.),.PIECEWISE_BEZIER_KNOTS.);
#1716 = CARTESIAN_POINT('',(0.717459870856,-3.269700701276,2.2));
#1717 = CARTESIAN_POINT('',(0.366345197811,-3.37942292045,2.2));
#1718 = CARTESIAN_POINT('',(-1.768256929901E-02,-3.37942292045,2.2));
#1719 = PCURVE('',#72,#1720);
#1720 = DEFINITIONAL_REPRESENTATION('',(#1721),#1725);
#1721 = B_SPLINE_CURVE_WITH_KNOTS('',2,(#1722,#1723,#1724),
  .UNSPECIFIED.,.F.,.F.,(3,3),(0.,1.),.PIECEWISE_BEZIER_KNOTS.);
#1722 = CARTESIAN_POINT('',(-0.717459870856,-3.310329808749));
#1723 = CARTESIAN_POINT('',(-0.366345197811,-3.420052027923));
#1724 = CARTESIAN_POINT('',(1.768256929901E-02,-3.420052027923));
#1725 = ( GEOMETRIC_REPRESENTATION_CONTEXT(2) 
PARAMETRIC_REPRESENTATION_CONTEXT() REPRESENTATION_CONTEXT('2D SPACE',''
  ) );
#1726 = PCURVE('',#1727,#1734);
#1727 = SURFACE_OF_LINEAR_EXTRUSION('',#1728,#1732);
#1728 = B_SPLINE_CURVE_WITH_KNOTS('',2,(#1729,#1730,#1731),
  .UNSPECIFIED.,.F.,.F.,(3,3),(0.,1.),.PIECEWISE_BEZIER_KNOTS.);
#1729 = CARTESIAN_POINT('',(0.717459870856,-3.269700701276,1.8));
#1730 = CARTESIAN_POINT('',(0.366345197811,-3.37942292045,1.8));
#1731 = CARTESIAN_POINT('',(-1.768256929901E-02,-3.37942292045,1.8));
#1732 = VECTOR('',#1733,1.);
#1733 = DIRECTION('',(-0.,-0.,-1.));
#1734 = DEFINITIONAL_REPRESENTATION('',(#1735),#1739);
#1735 = LINE('',#1736,#1737);
#1736 = CARTESIAN_POINT('',(0.,-0.4));
#1737 = VECTOR('',#1738,1.);
#1738 = DIRECTION('',(1.,0.));
#1739 = ( GEOMETRIC_REPRESENTATION_CONTEXT(2) 
PARAMETRIC_REPRESENTATION_CONTEXT() REPRESENTATION_CONTEXT('2D SPACE',''
  ) );
#1740 = ORIENTED_EDGE('',*,*,#1741,.T.);
#1741 = EDGE_CURVE('',#1712,#1742,#1744,.T.);
#1742 = VERTEX_POINT('',#1743);
#1743 = CARTESIAN_POINT('',(-0.846081752379,-3.231305067938,2.2));
#1744 = SURFACE_CURVE('',#1745,(#1749,#1756),.PCURVE_S1.);
#1745 = B_SPLINE_CURVE_WITH_KNOTS('',2,(#1746,#1747,#1748),
  .UNSPECIFIED.,.F.,.F.,(3,3),(0.,1.),.PIECEWISE_BEZIER_KNOTS.);
#1746 = CARTESIAN_POINT('',(-1.768256929901E-02,-3.37942292045,2.2));
#1747 = CARTESIAN_POINT('',(-0.478501603084,-3.37942292045,2.2));
#1748 = CARTESIAN_POINT('',(-0.846081752379,-3.231305067938,2.2));
#1749 = PCURVE('',#72,#1750);
#1750 = DEFINITIONAL_REPRESENTATION('',(#1751),#1755);
#1751 = B_SPLINE_CURVE_WITH_KNOTS('',2,(#1752,#1753,#1754),
  .UNSPECIFIED.,.F.,.F.,(3,3),(0.,1.),.PIECEWISE_BEZIER_KNOTS.);
#1752 = CARTESIAN_POINT('',(1.768256929901E-02,-3.420052027923));
#1753 = CARTESIAN_POINT('',(0.478501603084,-3.420052027923));
#1754 = CARTESIAN_POINT('',(0.846081752379,-3.271934175412));
#1755 = ( GEOMETRIC_REPRESENTATION_CONTEXT(2) 
PARAMETRIC_REPRESENTATION_CONTEXT() REPRESENTATION_CONTEXT('2D SPACE',''
  ) );
#1756 = PCURVE('',#1757,#1764);
#1757 = SURFACE_OF_LINEAR_EXTRUSION('',#1758,#1762);
#1758 = B_SPLINE_CURVE_WITH_KNOTS('',2,(#1759,#1760,#1761),
  .UNSPECIFIED.,.F.,.F.,(3,3),(0.,1.),.PIECEWISE_BEZIER_KNOTS.);
#1759 = CARTESIAN_POINT('',(-1.768256929901E-02,-3.37942292045,1.8));
#1760 = CARTESIAN_POINT('',(-0.478501603084,-3.37942292045,1.8));
#1761 = CARTESIAN_POINT('',(-0.846081752379,-3.231305067938,1.8));
#1762 = VECTOR('',#1763,1.);
#1763 = DIRECTION('',(-0.,-0.,-1.));
#1764 = DEFINITIONAL_REPRESENTATION('',(#1765),#1769);
#1765 = LINE('',#1766,#1767);
#1766 = CARTESIAN_POINT('',(0.,-0.4));
#1767 = VECTOR('',#1768,1.);
#1768 = DIRECTION('',(1.,0.));
#1769 = ( GEOMETRIC_REPRESENTATION_CONTEXT(2) 
PARAMETRIC_REPRESENTATION_CONTEXT() REPRESENTATION_CONTEXT('2D SPACE',''
  ) );
#1770 = ORIENTED_EDGE('',*,*,#1771,.T.);
#1771 = EDGE_CURVE('',#1742,#1772,#1774,.T.);
#1772 = VERTEX_POINT('',#1773);
#1773 = CARTESIAN_POINT('',(-1.460536894816,-2.819846746034,2.2));
#1774 = SURFACE_CURVE('',#1775,(#1779,#1786),.PCURVE_S1.);
#1775 = B_SPLINE_CURVE_WITH_KNOTS('',2,(#1776,#1777,#1778),
  .UNSPECIFIED.,.F.,.F.,(3,3),(0.,1.),.PIECEWISE_BEZIER_KNOTS.);
#1776 = CARTESIAN_POINT('',(-0.846081752379,-3.231305067938,2.2));
#1777 = CARTESIAN_POINT('',(-1.213661901673,-3.083187215427,2.2));
#1778 = CARTESIAN_POINT('',(-1.460536894816,-2.819846746034,2.2));
#1779 = PCURVE('',#72,#1780);
#1780 = DEFINITIONAL_REPRESENTATION('',(#1781),#1785);
#1781 = B_SPLINE_CURVE_WITH_KNOTS('',2,(#1782,#1783,#1784),
  .UNSPECIFIED.,.F.,.F.,(3,3),(0.,1.),.PIECEWISE_BEZIER_KNOTS.);
#1782 = CARTESIAN_POINT('',(0.846081752379,-3.271934175412));
#1783 = CARTESIAN_POINT('',(1.213661901673,-3.1238163229));
#1784 = CARTESIAN_POINT('',(1.460536894816,-2.860475853508));
#1785 = ( GEOMETRIC_REPRESENTATION_CONTEXT(2) 
PARAMETRIC_REPRESENTATION_CONTEXT() REPRESENTATION_CONTEXT('2D SPACE',''
  ) );
#1786 = PCURVE('',#1787,#1794);
#1787 = SURFACE_OF_LINEAR_EXTRUSION('',#1788,#1792);
#1788 = B_SPLINE_CURVE_WITH_KNOTS('',2,(#1789,#1790,#1791),
  .UNSPECIFIED.,.F.,.F.,(3,3),(0.,1.),.PIECEWISE_BEZIER_KNOTS.);
#1789 = CARTESIAN_POINT('',(-0.846081752379,-3.231305067938,1.8));
#1790 = CARTESIAN_POINT('',(-1.213661901673,-3.083187215427,1.8));
#1791 = CARTESIAN_POINT('',(-1.460536894816,-2.819846746034,1.8));
#1792 = VECTOR('',#1793,1.);
#1793 = DIRECTION('',(-0.,-0.,-1.));
#1794 = DEFINITIONAL_REPRESENTATION('',(#1795),#1799);
#1795 = LINE('',#1796,#1797);
#1796 = CARTESIAN_POINT('',(0.,-0.4));
#1797 = VECTOR('',#1798,1.);
#1798 = DIRECTION('',(1.,0.));
#1799 = ( GEOMETRIC_REPRESENTATION_CONTEXT(2) 
PARAMETRIC_REPRESENTATION_CONTEXT() REPRESENTATION_CONTEXT('2D SPACE',''
  ) );
#1800 = ORIENTED_EDGE('',*,*,#1801,.T.);
#1801 = EDGE_CURVE('',#1772,#342,#1802,.T.);
#1802 = SURFACE_CURVE('',#1803,(#1807,#1814),.PCURVE_S1.);
#1803 = B_SPLINE_CURVE_WITH_KNOTS('',2,(#1804,#1805,#1806),
  .UNSPECIFIED.,.F.,.F.,(3,3),(0.,1.),.PIECEWISE_BEZIER_KNOTS.);
#1804 = CARTESIAN_POINT('',(-1.460536894816,-2.819846746034,2.2));
#1805 = CARTESIAN_POINT('',(-1.707411887958,-2.556506276642,2.2));
#1806 = CARTESIAN_POINT('',(-1.833581724948,-2.18346144651,2.2));
#1807 = PCURVE('',#72,#1808);
#1808 = DEFINITIONAL_REPRESENTATION('',(#1809),#1813);
#1809 = B_SPLINE_CURVE_WITH_KNOTS('',2,(#1810,#1811,#1812),
  .UNSPECIFIED.,.F.,.F.,(3,3),(0.,1.),.PIECEWISE_BEZIER_KNOTS.);
#1810 = CARTESIAN_POINT('',(1.460536894816,-2.860475853508));
#1811 = CARTESIAN_POINT('',(1.707411887958,-2.597135384116));
#1812 = CARTESIAN_POINT('',(1.833581724948,-2.224090553983));
#1813 = ( GEOMETRIC_REPRESENTATION_CONTEXT(2) 
PARAMETRIC_REPRESENTATION_CONTEXT() REPRESENTATION_CONTEXT('2D SPACE',''
  ) );
#1814 = PCURVE('',#1815,#1822);
#1815 = SURFACE_OF_LINEAR_EXTRUSION('',#1816,#1820);
#1816 = B_SPLINE_CURVE_WITH_KNOTS('',2,(#1817,#1818,#1819),
  .UNSPECIFIED.,.F.,.F.,(3,3),(0.,1.),.PIECEWISE_BEZIER_KNOTS.);
#1817 = CARTESIAN_POINT('',(-1.460536894816,-2.819846746034,1.8));
#1818 = CARTESIAN_POINT('',(-1.707411887958,-2.556506276642,1.8));
#1819 = CARTESIAN_POINT('',(-1.833581724948,-2.18346144651,1.8));
#1820 = VECTOR('',#1821,1.);
#1821 = DIRECTION('',(-0.,-0.,-1.));
#1822 = DEFINITIONAL_REPRESENTATION('',(#1823),#1827);
#1823 = LINE('',#1824,#1825);
#1824 = CARTESIAN_POINT('',(0.,-0.4));
#1825 = VECTOR('',#1826,1.);
#1826 = DIRECTION('',(1.,0.));
#1827 = ( GEOMETRIC_REPRESENTATION_CONTEXT(2) 
PARAMETRIC_REPRESENTATION_CONTEXT() REPRESENTATION_CONTEXT('2D SPACE',''
  ) );
#1828 = ADVANCED_FACE('',(#1829),#159,.T.);
#1829 = FACE_BOUND('',#1830,.T.);
#1830 = EDGE_LOOP('',(#1831,#1832,#1833,#1834));
#1831 = ORIENTED_EDGE('',*,*,#241,.T.);
#1832 = ORIENTED_EDGE('',*,*,#317,.T.);
#1833 = ORIENTED_EDGE('',*,*,#141,.F.);
#1834 = ORIENTED_EDGE('',*,*,#290,.F.);
#1835 = ADVANCED_FACE('',(#1836),#359,.T.);
#1836 = FACE_BOUND('',#1837,.T.);
#1837 = EDGE_LOOP('',(#1838,#1861,#1862,#1885));
#1838 = ORIENTED_EDGE('',*,*,#1839,.T.);
#1839 = EDGE_CURVE('',#1840,#342,#1842,.T.);
#1840 = VERTEX_POINT('',#1841);
#1841 = CARTESIAN_POINT('',(-1.833581724948,-2.18346144651,1.8));
#1842 = SURFACE_CURVE('',#1843,(#1847,#1854),.PCURVE_S1.);
#1843 = LINE('',#1844,#1845);
#1844 = CARTESIAN_POINT('',(-1.833581724948,-2.18346144651,1.8));
#1845 = VECTOR('',#1846,1.);
#1846 = DIRECTION('',(0.,0.,1.));
#1847 = PCURVE('',#359,#1848);
#1848 = DEFINITIONAL_REPRESENTATION('',(#1849),#1853);
#1849 = LINE('',#1850,#1851);
#1850 = CARTESIAN_POINT('',(0.,0.));
#1851 = VECTOR('',#1852,1.);
#1852 = DIRECTION('',(0.,-1.));
#1853 = ( GEOMETRIC_REPRESENTATION_CONTEXT(2) 
PARAMETRIC_REPRESENTATION_CONTEXT() REPRESENTATION_CONTEXT('2D SPACE',''
  ) );
#1854 = PCURVE('',#1815,#1855);
#1855 = DEFINITIONAL_REPRESENTATION('',(#1856),#1860);
#1856 = LINE('',#1857,#1858);
#1857 = CARTESIAN_POINT('',(1.,0.));
#1858 = VECTOR('',#1859,1.);
#1859 = DIRECTION('',(0.,-1.));
#1860 = ( GEOMETRIC_REPRESENTATION_CONTEXT(2) 
PARAMETRIC_REPRESENTATION_CONTEXT() REPRESENTATION_CONTEXT('2D SPACE',''
  ) );
#1861 = ORIENTED_EDGE('',*,*,#341,.T.);
#1862 = ORIENTED_EDGE('',*,*,#1863,.F.);
#1863 = EDGE_CURVE('',#1864,#344,#1866,.T.);
#1864 = VERTEX_POINT('',#1865);
#1865 = CARTESIAN_POINT('',(-1.937821404851,-1.349561865724,1.8));
#1866 = SURFACE_CURVE('',#1867,(#1871,#1878),.PCURVE_S1.);
#1867 = LINE('',#1868,#1869);
#1868 = CARTESIAN_POINT('',(-1.937821404851,-1.349561865724,1.8));
#1869 = VECTOR('',#1870,1.);
#1870 = DIRECTION('',(0.,0.,1.));
#1871 = PCURVE('',#359,#1872);
#1872 = DEFINITIONAL_REPRESENTATION('',(#1873),#1877);
#1873 = LINE('',#1874,#1875);
#1874 = CARTESIAN_POINT('',(1.,0.));
#1875 = VECTOR('',#1876,1.);
#1876 = DIRECTION('',(0.,-1.));
#1877 = ( GEOMETRIC_REPRESENTATION_CONTEXT(2) 
PARAMETRIC_REPRESENTATION_CONTEXT() REPRESENTATION_CONTEXT('2D SPACE',''
  ) );
#1878 = PCURVE('',#389,#1879);
#1879 = DEFINITIONAL_REPRESENTATION('',(#1880),#1884);
#1880 = LINE('',#1881,#1882);
#1881 = CARTESIAN_POINT('',(0.,-0.));
#1882 = VECTOR('',#1883,1.);
#1883 = DIRECTION('',(0.,-1.));
#1884 = ( GEOMETRIC_REPRESENTATION_CONTEXT(2) 
PARAMETRIC_REPRESENTATION_CONTEXT() REPRESENTATION_CONTEXT('2D SPACE',''
  ) );
#1885 = ORIENTED_EDGE('',*,*,#1886,.F.);
#1886 = EDGE_CURVE('',#1840,#1864,#1887,.T.);
#1887 = SURFACE_CURVE('',#1888,(#1892,#1899),.PCURVE_S1.);
#1888 = B_SPLINE_CURVE_WITH_KNOTS('',2,(#1889,#1890,#1891),
  .UNSPECIFIED.,.F.,.F.,(3,3),(0.,1.),.PIECEWISE_BEZIER_KNOTS.);
#1889 = CARTESIAN_POINT('',(-1.833581724948,-2.18346144651,1.8));
#1890 = CARTESIAN_POINT('',(-1.959751561938,-1.810416616377,1.8));
#1891 = CARTESIAN_POINT('',(-1.937821404851,-1.349561865724,1.8));
#1892 = PCURVE('',#359,#1893);
#1893 = DEFINITIONAL_REPRESENTATION('',(#1894),#1898);
#1894 = LINE('',#1895,#1896);
#1895 = CARTESIAN_POINT('',(0.,0.));
#1896 = VECTOR('',#1897,1.);
#1897 = DIRECTION('',(1.,0.));
#1898 = ( GEOMETRIC_REPRESENTATION_CONTEXT(2) 
PARAMETRIC_REPRESENTATION_CONTEXT() REPRESENTATION_CONTEXT('2D SPACE',''
  ) );
#1899 = PCURVE('',#1900,#1905);
#1900 = PLANE('',#1901);
#1901 = AXIS2_PLACEMENT_3D('',#1902,#1903,#1904);
#1902 = CARTESIAN_POINT('',(-2.991147565551,-3.79638164006,1.8));
#1903 = DIRECTION('',(0.,0.,1.));
#1904 = DIRECTION('',(1.,0.,0.));
#1905 = DEFINITIONAL_REPRESENTATION('',(#1906),#1910);
#1906 = B_SPLINE_CURVE_WITH_KNOTS('',2,(#1907,#1908,#1909),
  .UNSPECIFIED.,.F.,.F.,(3,3),(0.,1.),.PIECEWISE_BEZIER_KNOTS.);
#1907 = CARTESIAN_POINT('',(1.157565840603,1.61292019355));
#1908 = CARTESIAN_POINT('',(1.031396003613,1.985965023683));
#1909 = CARTESIAN_POINT('',(1.0533261607,2.446819774336));
#1910 = ( GEOMETRIC_REPRESENTATION_CONTEXT(2) 
PARAMETRIC_REPRESENTATION_CONTEXT() REPRESENTATION_CONTEXT('2D SPACE',''
  ) );
#1911 = ADVANCED_FACE('',(#1912),#1815,.T.);
#1912 = FACE_BOUND('',#1913,.T.);
#1913 = EDGE_LOOP('',(#1914,#1937,#1938,#1939));
#1914 = ORIENTED_EDGE('',*,*,#1915,.T.);
#1915 = EDGE_CURVE('',#1916,#1772,#1918,.T.);
#1916 = VERTEX_POINT('',#1917);
#1917 = CARTESIAN_POINT('',(-1.460536894816,-2.819846746034,1.8));
#1918 = SURFACE_CURVE('',#1919,(#1923,#1930),.PCURVE_S1.);
#1919 = LINE('',#1920,#1921);
#1920 = CARTESIAN_POINT('',(-1.460536894816,-2.819846746034,1.8));
#1921 = VECTOR('',#1922,1.);
#1922 = DIRECTION('',(0.,0.,1.));
#1923 = PCURVE('',#1815,#1924);
#1924 = DEFINITIONAL_REPRESENTATION('',(#1925),#1929);
#1925 = LINE('',#1926,#1927);
#1926 = CARTESIAN_POINT('',(0.,0.));
#1927 = VECTOR('',#1928,1.);
#1928 = DIRECTION('',(0.,-1.));
#1929 = ( GEOMETRIC_REPRESENTATION_CONTEXT(2) 
PARAMETRIC_REPRESENTATION_CONTEXT() REPRESENTATION_CONTEXT('2D SPACE',''
  ) );
#1930 = PCURVE('',#1787,#1931);
#1931 = DEFINITIONAL_REPRESENTATION('',(#1932),#1936);
#1932 = LINE('',#1933,#1934);
#1933 = CARTESIAN_POINT('',(1.,0.));
#1934 = VECTOR('',#1935,1.);
#1935 = DIRECTION('',(0.,-1.));
#1936 = ( GEOMETRIC_REPRESENTATION_CONTEXT(2) 
PARAMETRIC_REPRESENTATION_CONTEXT() REPRESENTATION_CONTEXT('2D SPACE',''
  ) );
#1937 = ORIENTED_EDGE('',*,*,#1801,.T.);
#1938 = ORIENTED_EDGE('',*,*,#1839,.F.);
#1939 = ORIENTED_EDGE('',*,*,#1940,.F.);
#1940 = EDGE_CURVE('',#1916,#1840,#1941,.T.);
#1941 = SURFACE_CURVE('',#1942,(#1946,#1953),.PCURVE_S1.);
#1942 = B_SPLINE_CURVE_WITH_KNOTS('',2,(#1943,#1944,#1945),
  .UNSPECIFIED.,.F.,.F.,(3,3),(0.,1.),.PIECEWISE_BEZIER_KNOTS.);
#1943 = CARTESIAN_POINT('',(-1.460536894816,-2.819846746034,1.8));
#1944 = CARTESIAN_POINT('',(-1.707411887958,-2.556506276642,1.8));
#1945 = CARTESIAN_POINT('',(-1.833581724948,-2.18346144651,1.8));
#1946 = PCURVE('',#1815,#1947);
#1947 = DEFINITIONAL_REPRESENTATION('',(#1948),#1952);
#1948 = LINE('',#1949,#1950);
#1949 = CARTESIAN_POINT('',(0.,0.));
#1950 = VECTOR('',#1951,1.);
#1951 = DIRECTION('',(1.,0.));
#1952 = ( GEOMETRIC_REPRESENTATION_CONTEXT(2) 
PARAMETRIC_REPRESENTATION_CONTEXT() REPRESENTATION_CONTEXT('2D SPACE',''
  ) );
#1953 = PCURVE('',#1900,#1954);
#1954 = DEFINITIONAL_REPRESENTATION('',(#1955),#1959);
#1955 = B_SPLINE_CURVE_WITH_KNOTS('',2,(#1956,#1957,#1958),
  .UNSPECIFIED.,.F.,.F.,(3,3),(0.,1.),.PIECEWISE_BEZIER_KNOTS.);
#1956 = CARTESIAN_POINT('',(1.530610670735,0.976534894026));
#1957 = CARTESIAN_POINT('',(1.283735677593,1.239875363418));
#1958 = CARTESIAN_POINT('',(1.157565840603,1.61292019355));
#1959 = ( GEOMETRIC_REPRESENTATION_CONTEXT(2) 
PARAMETRIC_REPRESENTATION_CONTEXT() REPRESENTATION_CONTEXT('2D SPACE',''
  ) );
#1960 = ADVANCED_FACE('',(#1961),#1787,.T.);
#1961 = FACE_BOUND('',#1962,.T.);
#1962 = EDGE_LOOP('',(#1963,#1986,#1987,#1988));
#1963 = ORIENTED_EDGE('',*,*,#1964,.T.);
#1964 = EDGE_CURVE('',#1965,#1742,#1967,.T.);
#1965 = VERTEX_POINT('',#1966);
#1966 = CARTESIAN_POINT('',(-0.846081752379,-3.231305067938,1.8));
#1967 = SURFACE_CURVE('',#1968,(#1972,#1979),.PCURVE_S1.);
#1968 = LINE('',#1969,#1970);
#1969 = CARTESIAN_POINT('',(-0.846081752379,-3.231305067938,1.8));
#1970 = VECTOR('',#1971,1.);
#1971 = DIRECTION('',(0.,0.,1.));
#1972 = PCURVE('',#1787,#1973);
#1973 = DEFINITIONAL_REPRESENTATION('',(#1974),#1978);
#1974 = LINE('',#1975,#1976);
#1975 = CARTESIAN_POINT('',(0.,0.));
#1976 = VECTOR('',#1977,1.);
#1977 = DIRECTION('',(0.,-1.));
#1978 = ( GEOMETRIC_REPRESENTATION_CONTEXT(2) 
PARAMETRIC_REPRESENTATION_CONTEXT() REPRESENTATION_CONTEXT('2D SPACE',''
  ) );
#1979 = PCURVE('',#1757,#1980);
#1980 = DEFINITIONAL_REPRESENTATION('',(#1981),#1985);
#1981 = LINE('',#1982,#1983);
#1982 = CARTESIAN_POINT('',(1.,0.));
#1983 = VECTOR('',#1984,1.);
#1984 = DIRECTION('',(0.,-1.));
#1985 = ( GEOMETRIC_REPRESENTATION_CONTEXT(2) 
PARAMETRIC_REPRESENTATION_CONTEXT() REPRESENTATION_CONTEXT('2D SPACE',''
  ) );
#1986 = ORIENTED_EDGE('',*,*,#1771,.T.);
#1987 = ORIENTED_EDGE('',*,*,#1915,.F.);
#1988 = ORIENTED_EDGE('',*,*,#1989,.F.);
#1989 = EDGE_CURVE('',#1965,#1916,#1990,.T.);
#1990 = SURFACE_CURVE('',#1991,(#1995,#2002),.PCURVE_S1.);
#1991 = B_SPLINE_CURVE_WITH_KNOTS('',2,(#1992,#1993,#1994),
  .UNSPECIFIED.,.F.,.F.,(3,3),(0.,1.),.PIECEWISE_BEZIER_KNOTS.);
#1992 = CARTESIAN_POINT('',(-0.846081752379,-3.231305067938,1.8));
#1993 = CARTESIAN_POINT('',(-1.213661901673,-3.083187215427,1.8));
#1994 = CARTESIAN_POINT('',(-1.460536894816,-2.819846746034,1.8));
#1995 = PCURVE('',#1787,#1996);
#1996 = DEFINITIONAL_REPRESENTATION('',(#1997),#2001);
#1997 = LINE('',#1998,#1999);
#1998 = CARTESIAN_POINT('',(0.,0.));
#1999 = VECTOR('',#2000,1.);
#2000 = DIRECTION('',(1.,0.));
#2001 = ( GEOMETRIC_REPRESENTATION_CONTEXT(2) 
PARAMETRIC_REPRESENTATION_CONTEXT() REPRESENTATION_CONTEXT('2D SPACE',''
  ) );
#2002 = PCURVE('',#1900,#2003);
#2003 = DEFINITIONAL_REPRESENTATION('',(#2004),#2008);
#2004 = B_SPLINE_CURVE_WITH_KNOTS('',2,(#2005,#2006,#2007),
  .UNSPECIFIED.,.F.,.F.,(3,3),(0.,1.),.PIECEWISE_BEZIER_KNOTS.);
#2005 = CARTESIAN_POINT('',(2.145065813172,0.565076572122));
#2006 = CARTESIAN_POINT('',(1.777485663878,0.713194424633));
#2007 = CARTESIAN_POINT('',(1.530610670735,0.976534894026));
#2008 = ( GEOMETRIC_REPRESENTATION_CONTEXT(2) 
PARAMETRIC_REPRESENTATION_CONTEXT() REPRESENTATION_CONTEXT('2D SPACE',''
  ) );
#2009 = ADVANCED_FACE('',(#2010),#1757,.T.);
#2010 = FACE_BOUND('',#2011,.T.);
#2011 = EDGE_LOOP('',(#2012,#2035,#2036,#2037));
#2012 = ORIENTED_EDGE('',*,*,#2013,.T.);
#2013 = EDGE_CURVE('',#2014,#1712,#2016,.T.);
#2014 = VERTEX_POINT('',#2015);
#2015 = CARTESIAN_POINT('',(-1.768256929901E-02,-3.37942292045,1.8));
#2016 = SURFACE_CURVE('',#2017,(#2021,#2028),.PCURVE_S1.);
#2017 = LINE('',#2018,#2019);
#2018 = CARTESIAN_POINT('',(-1.768256929901E-02,-3.37942292045,1.8));
#2019 = VECTOR('',#2020,1.);
#2020 = DIRECTION('',(0.,0.,1.));
#2021 = PCURVE('',#1757,#2022);
#2022 = DEFINITIONAL_REPRESENTATION('',(#2023),#2027);
#2023 = LINE('',#2024,#2025);
#2024 = CARTESIAN_POINT('',(0.,0.));
#2025 = VECTOR('',#2026,1.);
#2026 = DIRECTION('',(0.,-1.));
#2027 = ( GEOMETRIC_REPRESENTATION_CONTEXT(2) 
PARAMETRIC_REPRESENTATION_CONTEXT() REPRESENTATION_CONTEXT('2D SPACE',''
  ) );
#2028 = PCURVE('',#1727,#2029);
#2029 = DEFINITIONAL_REPRESENTATION('',(#2030),#2034);
#2030 = LINE('',#2031,#2032);
#2031 = CARTESIAN_POINT('',(1.,0.));
#2032 = VECTOR('',#2033,1.);
#2033 = DIRECTION('',(0.,-1.));
#2034 = ( GEOMETRIC_REPRESENTATION_CONTEXT(2) 
PARAMETRIC_REPRESENTATION_CONTEXT() REPRESENTATION_CONTEXT('2D SPACE',''
  ) );
#2035 = ORIENTED_EDGE('',*,*,#1741,.T.);
#2036 = ORIENTED_EDGE('',*,*,#1964,.F.);
#2037 = ORIENTED_EDGE('',*,*,#2038,.F.);
#2038 = EDGE_CURVE('',#2014,#1965,#2039,.T.);
#2039 = SURFACE_CURVE('',#2040,(#2044,#2051),.PCURVE_S1.);
#2040 = B_SPLINE_CURVE_WITH_KNOTS('',2,(#2041,#2042,#2043),
  .UNSPECIFIED.,.F.,.F.,(3,3),(0.,1.),.PIECEWISE_BEZIER_KNOTS.);
#2041 = CARTESIAN_POINT('',(-1.768256929901E-02,-3.37942292045,1.8));
#2042 = CARTESIAN_POINT('',(-0.478501603084,-3.37942292045,1.8));
#2043 = CARTESIAN_POINT('',(-0.846081752379,-3.231305067938,1.8));
#2044 = PCURVE('',#1757,#2045);
#2045 = DEFINITIONAL_REPRESENTATION('',(#2046),#2050);
#2046 = LINE('',#2047,#2048);
#2047 = CARTESIAN_POINT('',(0.,0.));
#2048 = VECTOR('',#2049,1.);
#2049 = DIRECTION('',(1.,0.));
#2050 = ( GEOMETRIC_REPRESENTATION_CONTEXT(2) 
PARAMETRIC_REPRESENTATION_CONTEXT() REPRESENTATION_CONTEXT('2D SPACE',''
  ) );
#2051 = PCURVE('',#1900,#2052);
#2052 = DEFINITIONAL_REPRESENTATION('',(#2053),#2057);
#2053 = B_SPLINE_CURVE_WITH_KNOTS('',2,(#2054,#2055,#2056),
  .UNSPECIFIED.,.F.,.F.,(3,3),(0.,1.),.PIECEWISE_BEZIER_KNOTS.);
#2054 = CARTESIAN_POINT('',(2.973464996252,0.41695871961));
#2055 = CARTESIAN_POINT('',(2.512645962467,0.41695871961));
#2056 = CARTESIAN_POINT('',(2.145065813172,0.565076572122));
#2057 = ( GEOMETRIC_REPRESENTATION_CONTEXT(2) 
PARAMETRIC_REPRESENTATION_CONTEXT() REPRESENTATION_CONTEXT('2D SPACE',''
  ) );
#2058 = ADVANCED_FACE('',(#2059),#1727,.T.);
#2059 = FACE_BOUND('',#2060,.T.);
#2060 = EDGE_LOOP('',(#2061,#2084,#2085,#2086));
#2061 = ORIENTED_EDGE('',*,*,#2062,.T.);
#2062 = EDGE_CURVE('',#2063,#1682,#2065,.T.);
#2063 = VERTEX_POINT('',#2064);
#2064 = CARTESIAN_POINT('',(0.717459870856,-3.269700701276,1.8));
#2065 = SURFACE_CURVE('',#2066,(#2070,#2077),.PCURVE_S1.);
#2066 = LINE('',#2067,#2068);
#2067 = CARTESIAN_POINT('',(0.717459870856,-3.269700701276,1.8));
#2068 = VECTOR('',#2069,1.);
#2069 = DIRECTION('',(0.,0.,1.));
#2070 = PCURVE('',#1727,#2071);
#2071 = DEFINITIONAL_REPRESENTATION('',(#2072),#2076);
#2072 = LINE('',#2073,#2074);
#2073 = CARTESIAN_POINT('',(0.,0.));
#2074 = VECTOR('',#2075,1.);
#2075 = DIRECTION('',(0.,-1.));
#2076 = ( GEOMETRIC_REPRESENTATION_CONTEXT(2) 
PARAMETRIC_REPRESENTATION_CONTEXT() REPRESENTATION_CONTEXT('2D SPACE',''
  ) );
#2077 = PCURVE('',#1697,#2078);
#2078 = DEFINITIONAL_REPRESENTATION('',(#2079),#2083);
#2079 = LINE('',#2080,#2081);
#2080 = CARTESIAN_POINT('',(1.,0.));
#2081 = VECTOR('',#2082,1.);
#2082 = DIRECTION('',(0.,-1.));
#2083 = ( GEOMETRIC_REPRESENTATION_CONTEXT(2) 
PARAMETRIC_REPRESENTATION_CONTEXT() REPRESENTATION_CONTEXT('2D SPACE',''
  ) );
#2084 = ORIENTED_EDGE('',*,*,#1711,.T.);
#2085 = ORIENTED_EDGE('',*,*,#2013,.F.);
#2086 = ORIENTED_EDGE('',*,*,#2087,.F.);
#2087 = EDGE_CURVE('',#2063,#2014,#2088,.T.);
#2088 = SURFACE_CURVE('',#2089,(#2093,#2100),.PCURVE_S1.);
#2089 = B_SPLINE_CURVE_WITH_KNOTS('',2,(#2090,#2091,#2092),
  .UNSPECIFIED.,.F.,.F.,(3,3),(0.,1.),.PIECEWISE_BEZIER_KNOTS.);
#2090 = CARTESIAN_POINT('',(0.717459870856,-3.269700701276,1.8));
#2091 = CARTESIAN_POINT('',(0.366345197811,-3.37942292045,1.8));
#2092 = CARTESIAN_POINT('',(-1.768256929901E-02,-3.37942292045,1.8));
#2093 = PCURVE('',#1727,#2094);
#2094 = DEFINITIONAL_REPRESENTATION('',(#2095),#2099);
#2095 = LINE('',#2096,#2097);
#2096 = CARTESIAN_POINT('',(0.,0.));
#2097 = VECTOR('',#2098,1.);
#2098 = DIRECTION('',(1.,0.));
#2099 = ( GEOMETRIC_REPRESENTATION_CONTEXT(2) 
PARAMETRIC_REPRESENTATION_CONTEXT() REPRESENTATION_CONTEXT('2D SPACE',''
  ) );
#2100 = PCURVE('',#1900,#2101);
#2101 = DEFINITIONAL_REPRESENTATION('',(#2102),#2106);
#2102 = B_SPLINE_CURVE_WITH_KNOTS('',2,(#2103,#2104,#2105),
  .UNSPECIFIED.,.F.,.F.,(3,3),(0.,1.),.PIECEWISE_BEZIER_KNOTS.);
#2103 = CARTESIAN_POINT('',(3.708607436407,0.526680938784));
#2104 = CARTESIAN_POINT('',(3.357492763362,0.41695871961));
#2105 = CARTESIAN_POINT('',(2.973464996252,0.41695871961));
#2106 = ( GEOMETRIC_REPRESENTATION_CONTEXT(2) 
PARAMETRIC_REPRESENTATION_CONTEXT() REPRESENTATION_CONTEXT('2D SPACE',''
  ) );
#2107 = ADVANCED_FACE('',(#2108),#1697,.T.);
#2108 = FACE_BOUND('',#2109,.T.);
#2109 = EDGE_LOOP('',(#2110,#2133,#2134,#2135));
#2110 = ORIENTED_EDGE('',*,*,#2111,.T.);
#2111 = EDGE_CURVE('',#2112,#1652,#2114,.T.);
#2112 = VERTEX_POINT('',#2113);
#2113 = CARTESIAN_POINT('',(1.342880091837,-2.940534043753,1.8));
#2114 = SURFACE_CURVE('',#2115,(#2119,#2126),.PCURVE_S1.);
#2115 = LINE('',#2116,#2117);
#2116 = CARTESIAN_POINT('',(1.342880091837,-2.940534043753,1.8));
#2117 = VECTOR('',#2118,1.);
#2118 = DIRECTION('',(0.,0.,1.));
#2119 = PCURVE('',#1697,#2120);
#2120 = DEFINITIONAL_REPRESENTATION('',(#2121),#2125);
#2121 = LINE('',#2122,#2123);
#2122 = CARTESIAN_POINT('',(0.,0.));
#2123 = VECTOR('',#2124,1.);
#2124 = DIRECTION('',(0.,-1.));
#2125 = ( GEOMETRIC_REPRESENTATION_CONTEXT(2) 
PARAMETRIC_REPRESENTATION_CONTEXT() REPRESENTATION_CONTEXT('2D SPACE',''
  ) );
#2126 = PCURVE('',#1667,#2127);
#2127 = DEFINITIONAL_REPRESENTATION('',(#2128),#2132);
#2128 = LINE('',#2129,#2130);
#2129 = CARTESIAN_POINT('',(1.,0.));
#2130 = VECTOR('',#2131,1.);
#2131 = DIRECTION('',(0.,-1.));
#2132 = ( GEOMETRIC_REPRESENTATION_CONTEXT(2) 
PARAMETRIC_REPRESENTATION_CONTEXT() REPRESENTATION_CONTEXT('2D SPACE',''
  ) );
#2133 = ORIENTED_EDGE('',*,*,#1681,.T.);
#2134 = ORIENTED_EDGE('',*,*,#2062,.F.);
#2135 = ORIENTED_EDGE('',*,*,#2136,.F.);
#2136 = EDGE_CURVE('',#2112,#2063,#2137,.T.);
#2137 = SURFACE_CURVE('',#2138,(#2142,#2149),.PCURVE_S1.);
#2138 = B_SPLINE_CURVE_WITH_KNOTS('',2,(#2139,#2140,#2141),
  .UNSPECIFIED.,.F.,.F.,(3,3),(0.,1.),.PIECEWISE_BEZIER_KNOTS.);
#2139 = CARTESIAN_POINT('',(1.342880091837,-2.940534043753,1.8));
#2140 = CARTESIAN_POINT('',(1.068574543901,-3.159978482101,1.8));
#2141 = CARTESIAN_POINT('',(0.717459870856,-3.269700701276,1.8));
#2142 = PCURVE('',#1697,#2143);
#2143 = DEFINITIONAL_REPRESENTATION('',(#2144),#2148);
#2144 = LINE('',#2145,#2146);
#2145 = CARTESIAN_POINT('',(0.,0.));
#2146 = VECTOR('',#2147,1.);
#2147 = DIRECTION('',(1.,0.));
#2148 = ( GEOMETRIC_REPRESENTATION_CONTEXT(2) 
PARAMETRIC_REPRESENTATION_CONTEXT() REPRESENTATION_CONTEXT('2D SPACE',''
  ) );
#2149 = PCURVE('',#1900,#2150);
#2150 = DEFINITIONAL_REPRESENTATION('',(#2151),#2155);
#2151 = B_SPLINE_CURVE_WITH_KNOTS('',2,(#2152,#2153,#2154),
  .UNSPECIFIED.,.F.,.F.,(3,3),(0.,1.),.PIECEWISE_BEZIER_KNOTS.);
#2152 = CARTESIAN_POINT('',(4.334027657388,0.855847596307));
#2153 = CARTESIAN_POINT('',(4.059722109452,0.636403157959));
#2154 = CARTESIAN_POINT('',(3.708607436407,0.526680938784));
#2155 = ( GEOMETRIC_REPRESENTATION_CONTEXT(2) 
PARAMETRIC_REPRESENTATION_CONTEXT() REPRESENTATION_CONTEXT('2D SPACE',''
  ) );
#2156 = ADVANCED_FACE('',(#2157),#1667,.T.);
#2157 = FACE_BOUND('',#2158,.T.);
#2158 = EDGE_LOOP('',(#2159,#2182,#2183,#2184));
#2159 = ORIENTED_EDGE('',*,*,#2160,.T.);
#2160 = EDGE_CURVE('',#2161,#1622,#2163,.T.);
#2161 = VERTEX_POINT('',#2162);
#2162 = CARTESIAN_POINT('',(1.781768968535,-2.402905884859,1.8));
#2163 = SURFACE_CURVE('',#2164,(#2168,#2175),.PCURVE_S1.);
#2164 = LINE('',#2165,#2166);
#2165 = CARTESIAN_POINT('',(1.781768968535,-2.402905884859,1.8));
#2166 = VECTOR('',#2167,1.);
#2167 = DIRECTION('',(0.,0.,1.));
#2168 = PCURVE('',#1667,#2169);
#2169 = DEFINITIONAL_REPRESENTATION('',(#2170),#2174);
#2170 = LINE('',#2171,#2172);
#2171 = CARTESIAN_POINT('',(0.,0.));
#2172 = VECTOR('',#2173,1.);
#2173 = DIRECTION('',(0.,-1.));
#2174 = ( GEOMETRIC_REPRESENTATION_CONTEXT(2) 
PARAMETRIC_REPRESENTATION_CONTEXT() REPRESENTATION_CONTEXT('2D SPACE',''
  ) );
#2175 = PCURVE('',#1637,#2176);
#2176 = DEFINITIONAL_REPRESENTATION('',(#2177),#2181);
#2177 = LINE('',#2178,#2179);
#2178 = CARTESIAN_POINT('',(1.,0.));
#2179 = VECTOR('',#2180,1.);
#2180 = DIRECTION('',(0.,-1.));
#2181 = ( GEOMETRIC_REPRESENTATION_CONTEXT(2) 
PARAMETRIC_REPRESENTATION_CONTEXT() REPRESENTATION_CONTEXT('2D SPACE',''
  ) );
#2182 = ORIENTED_EDGE('',*,*,#1651,.T.);
#2183 = ORIENTED_EDGE('',*,*,#2111,.F.);
#2184 = ORIENTED_EDGE('',*,*,#2185,.F.);
#2185 = EDGE_CURVE('',#2161,#2112,#2186,.T.);
#2186 = SURFACE_CURVE('',#2187,(#2191,#2198),.PCURVE_S1.);
#2187 = B_SPLINE_CURVE_WITH_KNOTS('',2,(#2188,#2189,#2190),
  .UNSPECIFIED.,.F.,.F.,(3,3),(0.,1.),.PIECEWISE_BEZIER_KNOTS.);
#2188 = CARTESIAN_POINT('',(1.781768968535,-2.402905884859,1.8));
#2189 = CARTESIAN_POINT('',(1.617185639773,-2.721089605404,1.8));
#2190 = CARTESIAN_POINT('',(1.342880091837,-2.940534043753,1.8));
#2191 = PCURVE('',#1667,#2192);
#2192 = DEFINITIONAL_REPRESENTATION('',(#2193),#2197);
#2193 = LINE('',#2194,#2195);
#2194 = CARTESIAN_POINT('',(0.,0.));
#2195 = VECTOR('',#2196,1.);
#2196 = DIRECTION('',(1.,0.));
#2197 = ( GEOMETRIC_REPRESENTATION_CONTEXT(2) 
PARAMETRIC_REPRESENTATION_CONTEXT() REPRESENTATION_CONTEXT('2D SPACE',''
  ) );
#2198 = PCURVE('',#1900,#2199);
#2199 = DEFINITIONAL_REPRESENTATION('',(#2200),#2204);
#2200 = B_SPLINE_CURVE_WITH_KNOTS('',2,(#2201,#2202,#2203),
  .UNSPECIFIED.,.F.,.F.,(3,3),(0.,1.),.PIECEWISE_BEZIER_KNOTS.);
#2201 = CARTESIAN_POINT('',(4.772916534086,1.393475755201));
#2202 = CARTESIAN_POINT('',(4.608333205324,1.075292034656));
#2203 = CARTESIAN_POINT('',(4.334027657388,0.855847596307));
#2204 = ( GEOMETRIC_REPRESENTATION_CONTEXT(2) 
PARAMETRIC_REPRESENTATION_CONTEXT() REPRESENTATION_CONTEXT('2D SPACE',''
  ) );
#2205 = ADVANCED_FACE('',(#2206),#1637,.T.);
#2206 = FACE_BOUND('',#2207,.T.);
#2207 = EDGE_LOOP('',(#2208,#2231,#2232,#2233));
#2208 = ORIENTED_EDGE('',*,*,#2209,.T.);
#2209 = EDGE_CURVE('',#2210,#1592,#2212,.T.);
#2210 = VERTEX_POINT('',#2211);
#2211 = CARTESIAN_POINT('',(1.946352297296,-1.678728523247,1.8));
#2212 = SURFACE_CURVE('',#2213,(#2217,#2224),.PCURVE_S1.);
#2213 = LINE('',#2214,#2215);
#2214 = CARTESIAN_POINT('',(1.946352297296,-1.678728523247,1.8));
#2215 = VECTOR('',#2216,1.);
#2216 = DIRECTION('',(0.,0.,1.));
#2217 = PCURVE('',#1637,#2218);
#2218 = DEFINITIONAL_REPRESENTATION('',(#2219),#2223);
#2219 = LINE('',#2220,#2221);
#2220 = CARTESIAN_POINT('',(0.,0.));
#2221 = VECTOR('',#2222,1.);
#2222 = DIRECTION('',(0.,-1.));
#2223 = ( GEOMETRIC_REPRESENTATION_CONTEXT(2) 
PARAMETRIC_REPRESENTATION_CONTEXT() REPRESENTATION_CONTEXT('2D SPACE',''
  ) );
#2224 = PCURVE('',#1607,#2225);
#2225 = DEFINITIONAL_REPRESENTATION('',(#2226),#2230);
#2226 = LINE('',#2227,#2228);
#2227 = CARTESIAN_POINT('',(1.,0.));
#2228 = VECTOR('',#2229,1.);
#2229 = DIRECTION('',(0.,-1.));
#2230 = ( GEOMETRIC_REPRESENTATION_CONTEXT(2) 
PARAMETRIC_REPRESENTATION_CONTEXT() REPRESENTATION_CONTEXT('2D SPACE',''
  ) );
#2231 = ORIENTED_EDGE('',*,*,#1621,.T.);
#2232 = ORIENTED_EDGE('',*,*,#2160,.F.);
#2233 = ORIENTED_EDGE('',*,*,#2234,.F.);
#2234 = EDGE_CURVE('',#2210,#2161,#2235,.T.);
#2235 = SURFACE_CURVE('',#2236,(#2240,#2247),.PCURVE_S1.);
#2236 = B_SPLINE_CURVE_WITH_KNOTS('',2,(#2237,#2238,#2239),
  .UNSPECIFIED.,.F.,.F.,(3,3),(0.,1.),.PIECEWISE_BEZIER_KNOTS.);
#2237 = CARTESIAN_POINT('',(1.946352297296,-1.678728523247,1.8));
#2238 = CARTESIAN_POINT('',(1.946352297296,-2.084722164313,1.8));
#2239 = CARTESIAN_POINT('',(1.781768968535,-2.402905884859,1.8));
#2240 = PCURVE('',#1637,#2241);
#2241 = DEFINITIONAL_REPRESENTATION('',(#2242),#2246);
#2242 = LINE('',#2243,#2244);
#2243 = CARTESIAN_POINT('',(0.,0.));
#2244 = VECTOR('',#2245,1.);
#2245 = DIRECTION('',(1.,0.));
#2246 = ( GEOMETRIC_REPRESENTATION_CONTEXT(2) 
PARAMETRIC_REPRESENTATION_CONTEXT() REPRESENTATION_CONTEXT('2D SPACE',''
  ) );
#2247 = PCURVE('',#1900,#2248);
#2248 = DEFINITIONAL_REPRESENTATION('',(#2249),#2253);
#2249 = B_SPLINE_CURVE_WITH_KNOTS('',2,(#2250,#2251,#2252),
  .UNSPECIFIED.,.F.,.F.,(3,3),(0.,1.),.PIECEWISE_BEZIER_KNOTS.);
#2250 = CARTESIAN_POINT('',(4.937499862847,2.117653116813));
#2251 = CARTESIAN_POINT('',(4.937499862847,1.711659475747));
#2252 = CARTESIAN_POINT('',(4.772916534086,1.393475755201));
#2253 = ( GEOMETRIC_REPRESENTATION_CONTEXT(2) 
PARAMETRIC_REPRESENTATION_CONTEXT() REPRESENTATION_CONTEXT('2D SPACE',''
  ) );
#2254 = ADVANCED_FACE('',(#2255),#1607,.T.);
#2255 = FACE_BOUND('',#2256,.T.);
#2256 = EDGE_LOOP('',(#2257,#2280,#2281,#2282));
#2257 = ORIENTED_EDGE('',*,*,#2258,.T.);
#2258 = EDGE_CURVE('',#2259,#1562,#2261,.T.);
#2259 = VERTEX_POINT('',#2260);
#2260 = CARTESIAN_POINT('',(1.803716984056,-0.960069417776,1.8));
#2261 = SURFACE_CURVE('',#2262,(#2266,#2273),.PCURVE_S1.);
#2262 = LINE('',#2263,#2264);
#2263 = CARTESIAN_POINT('',(1.803716984056,-0.960069417776,1.8));
#2264 = VECTOR('',#2265,1.);
#2265 = DIRECTION('',(0.,0.,1.));
#2266 = PCURVE('',#1607,#2267);
#2267 = DEFINITIONAL_REPRESENTATION('',(#2268),#2272);
#2268 = LINE('',#2269,#2270);
#2269 = CARTESIAN_POINT('',(0.,0.));
#2270 = VECTOR('',#2271,1.);
#2271 = DIRECTION('',(0.,-1.));
#2272 = ( GEOMETRIC_REPRESENTATION_CONTEXT(2) 
PARAMETRIC_REPRESENTATION_CONTEXT() REPRESENTATION_CONTEXT('2D SPACE',''
  ) );
#2273 = PCURVE('',#1577,#2274);
#2274 = DEFINITIONAL_REPRESENTATION('',(#2275),#2279);
#2275 = LINE('',#2276,#2277);
#2276 = CARTESIAN_POINT('',(1.,0.));
#2277 = VECTOR('',#2278,1.);
#2278 = DIRECTION('',(0.,-1.));
#2279 = ( GEOMETRIC_REPRESENTATION_CONTEXT(2) 
PARAMETRIC_REPRESENTATION_CONTEXT() REPRESENTATION_CONTEXT('2D SPACE',''
  ) );
#2280 = ORIENTED_EDGE('',*,*,#1591,.T.);
#2281 = ORIENTED_EDGE('',*,*,#2209,.F.);
#2282 = ORIENTED_EDGE('',*,*,#2283,.F.);
#2283 = EDGE_CURVE('',#2259,#2210,#2284,.T.);
#2284 = SURFACE_CURVE('',#2285,(#2289,#2296),.PCURVE_S1.);
#2285 = B_SPLINE_CURVE_WITH_KNOTS('',2,(#2286,#2287,#2288),
  .UNSPECIFIED.,.F.,.F.,(3,3),(0.,1.),.PIECEWISE_BEZIER_KNOTS.);
#2286 = CARTESIAN_POINT('',(1.803716984056,-0.960069417776,1.8));
#2287 = CARTESIAN_POINT('',(1.946352297296,-1.261805520505,1.8));
#2288 = CARTESIAN_POINT('',(1.946352297296,-1.678728523247,1.8));
#2289 = PCURVE('',#1607,#2290);
#2290 = DEFINITIONAL_REPRESENTATION('',(#2291),#2295);
#2291 = LINE('',#2292,#2293);
#2292 = CARTESIAN_POINT('',(0.,0.));
#2293 = VECTOR('',#2294,1.);
#2294 = DIRECTION('',(1.,0.));
#2295 = ( GEOMETRIC_REPRESENTATION_CONTEXT(2) 
PARAMETRIC_REPRESENTATION_CONTEXT() REPRESENTATION_CONTEXT('2D SPACE',''
  ) );
#2296 = PCURVE('',#1900,#2297);
#2297 = DEFINITIONAL_REPRESENTATION('',(#2298),#2302);
#2298 = B_SPLINE_CURVE_WITH_KNOTS('',2,(#2299,#2300,#2301),
  .UNSPECIFIED.,.F.,.F.,(3,3),(0.,1.),.PIECEWISE_BEZIER_KNOTS.);
#2299 = CARTESIAN_POINT('',(4.794864549607,2.836312222284));
#2300 = CARTESIAN_POINT('',(4.937499862847,2.534576119555));
#2301 = CARTESIAN_POINT('',(4.937499862847,2.117653116813));
#2302 = ( GEOMETRIC_REPRESENTATION_CONTEXT(2) 
PARAMETRIC_REPRESENTATION_CONTEXT() REPRESENTATION_CONTEXT('2D SPACE',''
  ) );
#2303 = ADVANCED_FACE('',(#2304),#1577,.T.);
#2304 = FACE_BOUND('',#2305,.T.);
#2305 = EDGE_LOOP('',(#2306,#2329,#2330,#2331));
#2306 = ORIENTED_EDGE('',*,*,#2307,.T.);
#2307 = EDGE_CURVE('',#2308,#1532,#2310,.T.);
#2308 = VERTEX_POINT('',#2309);
#2309 = CARTESIAN_POINT('',(1.408724138402,-0.455336494513,1.8));
#2310 = SURFACE_CURVE('',#2311,(#2315,#2322),.PCURVE_S1.);
#2311 = LINE('',#2312,#2313);
#2312 = CARTESIAN_POINT('',(1.408724138402,-0.455336494513,1.8));
#2313 = VECTOR('',#2314,1.);
#2314 = DIRECTION('',(0.,0.,1.));
#2315 = PCURVE('',#1577,#2316);
#2316 = DEFINITIONAL_REPRESENTATION('',(#2317),#2321);
#2317 = LINE('',#2318,#2319);
#2318 = CARTESIAN_POINT('',(0.,0.));
#2319 = VECTOR('',#2320,1.);
#2320 = DIRECTION('',(0.,-1.));
#2321 = ( GEOMETRIC_REPRESENTATION_CONTEXT(2) 
PARAMETRIC_REPRESENTATION_CONTEXT() REPRESENTATION_CONTEXT('2D SPACE',''
  ) );
#2322 = PCURVE('',#1547,#2323);
#2323 = DEFINITIONAL_REPRESENTATION('',(#2324),#2328);
#2324 = LINE('',#2325,#2326);
#2325 = CARTESIAN_POINT('',(1.,0.));
#2326 = VECTOR('',#2327,1.);
#2327 = DIRECTION('',(0.,-1.));
#2328 = ( GEOMETRIC_REPRESENTATION_CONTEXT(2) 
PARAMETRIC_REPRESENTATION_CONTEXT() REPRESENTATION_CONTEXT('2D SPACE',''
  ) );
#2329 = ORIENTED_EDGE('',*,*,#1561,.T.);
#2330 = ORIENTED_EDGE('',*,*,#2258,.F.);
#2331 = ORIENTED_EDGE('',*,*,#2332,.F.);
#2332 = EDGE_CURVE('',#2308,#2259,#2333,.T.);
#2333 = SURFACE_CURVE('',#2334,(#2338,#2345),.PCURVE_S1.);
#2334 = B_SPLINE_CURVE_WITH_KNOTS('',2,(#2335,#2336,#2337),
  .UNSPECIFIED.,.F.,.F.,(3,3),(0.,1.),.PIECEWISE_BEZIER_KNOTS.);
#2335 = CARTESIAN_POINT('',(1.408724138402,-0.455336494513,1.8));
#2336 = CARTESIAN_POINT('',(1.661081670816,-0.658333315046,1.8));
#2337 = CARTESIAN_POINT('',(1.803716984056,-0.960069417776,1.8));
#2338 = PCURVE('',#1577,#2339);
#2339 = DEFINITIONAL_REPRESENTATION('',(#2340),#2344);
#2340 = LINE('',#2341,#2342);
#2341 = CARTESIAN_POINT('',(0.,0.));
#2342 = VECTOR('',#2343,1.);
#2343 = DIRECTION('',(1.,0.));
#2344 = ( GEOMETRIC_REPRESENTATION_CONTEXT(2) 
PARAMETRIC_REPRESENTATION_CONTEXT() REPRESENTATION_CONTEXT('2D SPACE',''
  ) );
#2345 = PCURVE('',#1900,#2346);
#2346 = DEFINITIONAL_REPRESENTATION('',(#2347),#2351);
#2347 = B_SPLINE_CURVE_WITH_KNOTS('',2,(#2348,#2349,#2350),
  .UNSPECIFIED.,.F.,.F.,(3,3),(0.,1.),.PIECEWISE_BEZIER_KNOTS.);
#2348 = CARTESIAN_POINT('',(4.399871703953,3.341045145547));
#2349 = CARTESIAN_POINT('',(4.652229236367,3.138048325014));
#2350 = CARTESIAN_POINT('',(4.794864549607,2.836312222284));
#2351 = ( GEOMETRIC_REPRESENTATION_CONTEXT(2) 
PARAMETRIC_REPRESENTATION_CONTEXT() REPRESENTATION_CONTEXT('2D SPACE',''
  ) );
#2352 = ADVANCED_FACE('',(#2353),#1547,.T.);
#2353 = FACE_BOUND('',#2354,.T.);
#2354 = EDGE_LOOP('',(#2355,#2378,#2379,#2380));
#2355 = ORIENTED_EDGE('',*,*,#2356,.T.);
#2356 = EDGE_CURVE('',#2357,#1502,#2359,.T.);
#2357 = VERTEX_POINT('',#2358);
#2358 = CARTESIAN_POINT('',(0.821699550759,-0.153600391784,1.8));
#2359 = SURFACE_CURVE('',#2360,(#2364,#2371),.PCURVE_S1.);
#2360 = LINE('',#2361,#2362);
#2361 = CARTESIAN_POINT('',(0.821699550759,-0.153600391784,1.8));
#2362 = VECTOR('',#2363,1.);
#2363 = DIRECTION('',(0.,0.,1.));
#2364 = PCURVE('',#1547,#2365);
#2365 = DEFINITIONAL_REPRESENTATION('',(#2366),#2370);
#2366 = LINE('',#2367,#2368);
#2367 = CARTESIAN_POINT('',(0.,0.));
#2368 = VECTOR('',#2369,1.);
#2369 = DIRECTION('',(0.,-1.));
#2370 = ( GEOMETRIC_REPRESENTATION_CONTEXT(2) 
PARAMETRIC_REPRESENTATION_CONTEXT() REPRESENTATION_CONTEXT('2D SPACE',''
  ) );
#2371 = PCURVE('',#1517,#2372);
#2372 = DEFINITIONAL_REPRESENTATION('',(#2373),#2377);
#2373 = LINE('',#2374,#2375);
#2374 = CARTESIAN_POINT('',(1.,0.));
#2375 = VECTOR('',#2376,1.);
#2376 = DIRECTION('',(0.,-1.));
#2377 = ( GEOMETRIC_REPRESENTATION_CONTEXT(2) 
PARAMETRIC_REPRESENTATION_CONTEXT() REPRESENTATION_CONTEXT('2D SPACE',''
  ) );
#2378 = ORIENTED_EDGE('',*,*,#1531,.T.);
#2379 = ORIENTED_EDGE('',*,*,#2307,.F.);
#2380 = ORIENTED_EDGE('',*,*,#2381,.F.);
#2381 = EDGE_CURVE('',#2357,#2308,#2382,.T.);
#2382 = SURFACE_CURVE('',#2383,(#2387,#2394),.PCURVE_S1.);
#2383 = B_SPLINE_CURVE_WITH_KNOTS('',2,(#2384,#2385,#2386),
  .UNSPECIFIED.,.F.,.F.,(3,3),(0.,1.),.PIECEWISE_BEZIER_KNOTS.);
#2384 = CARTESIAN_POINT('',(0.821699550759,-0.153600391784,1.8));
#2385 = CARTESIAN_POINT('',(1.156366605988,-0.25233967398,1.8));
#2386 = CARTESIAN_POINT('',(1.408724138402,-0.455336494513,1.8));
#2387 = PCURVE('',#1547,#2388);
#2388 = DEFINITIONAL_REPRESENTATION('',(#2389),#2393);
#2389 = LINE('',#2390,#2391);
#2390 = CARTESIAN_POINT('',(0.,0.));
#2391 = VECTOR('',#2392,1.);
#2392 = DIRECTION('',(1.,0.));
#2393 = ( GEOMETRIC_REPRESENTATION_CONTEXT(2) 
PARAMETRIC_REPRESENTATION_CONTEXT() REPRESENTATION_CONTEXT('2D SPACE',''
  ) );
#2394 = PCURVE('',#1900,#2395);
#2395 = DEFINITIONAL_REPRESENTATION('',(#2396),#2400);
#2396 = B_SPLINE_CURVE_WITH_KNOTS('',2,(#2397,#2398,#2399),
  .UNSPECIFIED.,.F.,.F.,(3,3),(0.,1.),.PIECEWISE_BEZIER_KNOTS.);
#2397 = CARTESIAN_POINT('',(3.81284711631,3.642781248276));
#2398 = CARTESIAN_POINT('',(4.147514171539,3.54404196608));
#2399 = CARTESIAN_POINT('',(4.399871703953,3.341045145547));
#2400 = ( GEOMETRIC_REPRESENTATION_CONTEXT(2) 
PARAMETRIC_REPRESENTATION_CONTEXT() REPRESENTATION_CONTEXT('2D SPACE',''
  ) );
#2401 = ADVANCED_FACE('',(#2402),#1517,.T.);
#2402 = FACE_BOUND('',#2403,.T.);
#2403 = EDGE_LOOP('',(#2404,#2427,#2428,#2429));
#2404 = ORIENTED_EDGE('',*,*,#2405,.T.);
#2405 = EDGE_CURVE('',#2406,#1474,#2408,.T.);
#2406 = VERTEX_POINT('',#2407);
#2407 = CARTESIAN_POINT('',(0.103004728419,-5.486110958719E-02,1.8));
#2408 = SURFACE_CURVE('',#2409,(#2413,#2420),.PCURVE_S1.);
#2409 = LINE('',#2410,#2411);
#2410 = CARTESIAN_POINT('',(0.103004728419,-5.486110958719E-02,1.8));
#2411 = VECTOR('',#2412,1.);
#2412 = DIRECTION('',(0.,0.,1.));
#2413 = PCURVE('',#1517,#2414);
#2414 = DEFINITIONAL_REPRESENTATION('',(#2415),#2419);
#2415 = LINE('',#2416,#2417);
#2416 = CARTESIAN_POINT('',(0.,0.));
#2417 = VECTOR('',#2418,1.);
#2418 = DIRECTION('',(0.,-1.));
#2419 = ( GEOMETRIC_REPRESENTATION_CONTEXT(2) 
PARAMETRIC_REPRESENTATION_CONTEXT() REPRESENTATION_CONTEXT('2D SPACE',''
  ) );
#2420 = PCURVE('',#1489,#2421);
#2421 = DEFINITIONAL_REPRESENTATION('',(#2422),#2426);
#2422 = LINE('',#2423,#2424);
#2423 = CARTESIAN_POINT('',(0.581506331503,0.));
#2424 = VECTOR('',#2425,1.);
#2425 = DIRECTION('',(0.,-1.));
#2426 = ( GEOMETRIC_REPRESENTATION_CONTEXT(2) 
PARAMETRIC_REPRESENTATION_CONTEXT() REPRESENTATION_CONTEXT('2D SPACE',''
  ) );
#2427 = ORIENTED_EDGE('',*,*,#1501,.T.);
#2428 = ORIENTED_EDGE('',*,*,#2356,.F.);
#2429 = ORIENTED_EDGE('',*,*,#2430,.F.);
#2430 = EDGE_CURVE('',#2406,#2357,#2431,.T.);
#2431 = SURFACE_CURVE('',#2432,(#2436,#2443),.PCURVE_S1.);
#2432 = B_SPLINE_CURVE_WITH_KNOTS('',2,(#2433,#2434,#2435),
  .UNSPECIFIED.,.F.,.F.,(3,3),(0.,1.),.PIECEWISE_BEZIER_KNOTS.);
#2433 = CARTESIAN_POINT('',(0.103004728419,-5.486110958719E-02,1.8));
#2434 = CARTESIAN_POINT('',(0.48703249553,-5.486110958719E-02,1.8));
#2435 = CARTESIAN_POINT('',(0.821699550759,-0.153600391784,1.8));
#2436 = PCURVE('',#1517,#2437);
#2437 = DEFINITIONAL_REPRESENTATION('',(#2438),#2442);
#2438 = LINE('',#2439,#2440);
#2439 = CARTESIAN_POINT('',(0.,0.));
#2440 = VECTOR('',#2441,1.);
#2441 = DIRECTION('',(1.,0.));
#2442 = ( GEOMETRIC_REPRESENTATION_CONTEXT(2) 
PARAMETRIC_REPRESENTATION_CONTEXT() REPRESENTATION_CONTEXT('2D SPACE',''
  ) );
#2443 = PCURVE('',#1900,#2444);
#2444 = DEFINITIONAL_REPRESENTATION('',(#2445),#2449);
#2445 = B_SPLINE_CURVE_WITH_KNOTS('',2,(#2446,#2447,#2448),
  .UNSPECIFIED.,.F.,.F.,(3,3),(0.,1.),.PIECEWISE_BEZIER_KNOTS.);
#2446 = CARTESIAN_POINT('',(3.09415229397,3.741520530473));
#2447 = CARTESIAN_POINT('',(3.478180061081,3.741520530473));
#2448 = CARTESIAN_POINT('',(3.81284711631,3.642781248276));
#2449 = ( GEOMETRIC_REPRESENTATION_CONTEXT(2) 
PARAMETRIC_REPRESENTATION_CONTEXT() REPRESENTATION_CONTEXT('2D SPACE',''
  ) );
#2450 = ADVANCED_FACE('',(#2451),#1489,.T.);
#2451 = FACE_BOUND('',#2452,.T.);
#2452 = EDGE_LOOP('',(#2453,#2476,#2477,#2478));
#2453 = ORIENTED_EDGE('',*,*,#2454,.T.);
#2454 = EDGE_CURVE('',#2455,#1446,#2457,.T.);
#2455 = VERTEX_POINT('',#2456);
#2456 = CARTESIAN_POINT('',(-0.478501603084,-5.486110958719E-02,1.8));
#2457 = SURFACE_CURVE('',#2458,(#2462,#2469),.PCURVE_S1.);
#2458 = LINE('',#2459,#2460);
#2459 = CARTESIAN_POINT('',(-0.478501603084,-5.486110958719E-02,1.8));
#2460 = VECTOR('',#2461,1.);
#2461 = DIRECTION('',(0.,0.,1.));
#2462 = PCURVE('',#1489,#2463);
#2463 = DEFINITIONAL_REPRESENTATION('',(#2464),#2468);
#2464 = LINE('',#2465,#2466);
#2465 = CARTESIAN_POINT('',(0.,0.));
#2466 = VECTOR('',#2467,1.);
#2467 = DIRECTION('',(0.,-1.));
#2468 = ( GEOMETRIC_REPRESENTATION_CONTEXT(2) 
PARAMETRIC_REPRESENTATION_CONTEXT() REPRESENTATION_CONTEXT('2D SPACE',''
  ) );
#2469 = PCURVE('',#1461,#2470);
#2470 = DEFINITIONAL_REPRESENTATION('',(#2471),#2475);
#2471 = LINE('',#2472,#2473);
#2472 = CARTESIAN_POINT('',(0.581542048372,0.));
#2473 = VECTOR('',#2474,1.);
#2474 = DIRECTION('',(0.,-1.));
#2475 = ( GEOMETRIC_REPRESENTATION_CONTEXT(2) 
PARAMETRIC_REPRESENTATION_CONTEXT() REPRESENTATION_CONTEXT('2D SPACE',''
  ) );
#2476 = ORIENTED_EDGE('',*,*,#1473,.T.);
#2477 = ORIENTED_EDGE('',*,*,#2405,.F.);
#2478 = ORIENTED_EDGE('',*,*,#2479,.F.);
#2479 = EDGE_CURVE('',#2455,#2406,#2480,.T.);
#2480 = SURFACE_CURVE('',#2481,(#2485,#2492),.PCURVE_S1.);
#2481 = LINE('',#2482,#2483);
#2482 = CARTESIAN_POINT('',(-0.478501603084,-5.486110958719E-02,1.8));
#2483 = VECTOR('',#2484,1.);
#2484 = DIRECTION('',(1.,0.,0.));
#2485 = PCURVE('',#1489,#2486);
#2486 = DEFINITIONAL_REPRESENTATION('',(#2487),#2491);
#2487 = LINE('',#2488,#2489);
#2488 = CARTESIAN_POINT('',(0.,0.));
#2489 = VECTOR('',#2490,1.);
#2490 = DIRECTION('',(1.,0.));
#2491 = ( GEOMETRIC_REPRESENTATION_CONTEXT(2) 
PARAMETRIC_REPRESENTATION_CONTEXT() REPRESENTATION_CONTEXT('2D SPACE',''
  ) );
#2492 = PCURVE('',#1900,#2493);
#2493 = DEFINITIONAL_REPRESENTATION('',(#2494),#2498);
#2494 = LINE('',#2495,#2496);
#2495 = CARTESIAN_POINT('',(2.512645962467,3.741520530473));
#2496 = VECTOR('',#2497,1.);
#2497 = DIRECTION('',(1.,0.));
#2498 = ( GEOMETRIC_REPRESENTATION_CONTEXT(2) 
PARAMETRIC_REPRESENTATION_CONTEXT() REPRESENTATION_CONTEXT('2D SPACE',''
  ) );
#2499 = ADVANCED_FACE('',(#2500),#1461,.T.);
#2500 = FACE_BOUND('',#2501,.T.);
#2501 = EDGE_LOOP('',(#2502,#2525,#2526,#2527));
#2502 = ORIENTED_EDGE('',*,*,#2503,.T.);
#2503 = EDGE_CURVE('',#2504,#1418,#2506,.T.);
#2504 = VERTEX_POINT('',#2505);
#2505 = CARTESIAN_POINT('',(-0.478501603084,0.526680938784,1.8));
#2506 = SURFACE_CURVE('',#2507,(#2511,#2518),.PCURVE_S1.);
#2507 = LINE('',#2508,#2509);
#2508 = CARTESIAN_POINT('',(-0.478501603084,0.526680938784,1.8));
#2509 = VECTOR('',#2510,1.);
#2510 = DIRECTION('',(0.,0.,1.));
#2511 = PCURVE('',#1461,#2512);
#2512 = DEFINITIONAL_REPRESENTATION('',(#2513),#2517);
#2513 = LINE('',#2514,#2515);
#2514 = CARTESIAN_POINT('',(0.,0.));
#2515 = VECTOR('',#2516,1.);
#2516 = DIRECTION('',(0.,-1.));
#2517 = ( GEOMETRIC_REPRESENTATION_CONTEXT(2) 
PARAMETRIC_REPRESENTATION_CONTEXT() REPRESENTATION_CONTEXT('2D SPACE',''
  ) );
#2518 = PCURVE('',#1433,#2519);
#2519 = DEFINITIONAL_REPRESENTATION('',(#2520),#2524);
#2520 = LINE('',#2521,#2522);
#2521 = CARTESIAN_POINT('',(0.581506331503,0.));
#2522 = VECTOR('',#2523,1.);
#2523 = DIRECTION('',(0.,-1.));
#2524 = ( GEOMETRIC_REPRESENTATION_CONTEXT(2) 
PARAMETRIC_REPRESENTATION_CONTEXT() REPRESENTATION_CONTEXT('2D SPACE',''
  ) );
#2525 = ORIENTED_EDGE('',*,*,#1445,.T.);
#2526 = ORIENTED_EDGE('',*,*,#2454,.F.);
#2527 = ORIENTED_EDGE('',*,*,#2528,.F.);
#2528 = EDGE_CURVE('',#2504,#2455,#2529,.T.);
#2529 = SURFACE_CURVE('',#2530,(#2534,#2541),.PCURVE_S1.);
#2530 = LINE('',#2531,#2532);
#2531 = CARTESIAN_POINT('',(-0.478501603084,0.526680938784,1.8));
#2532 = VECTOR('',#2533,1.);
#2533 = DIRECTION('',(0.,-1.,0.));
#2534 = PCURVE('',#1461,#2535);
#2535 = DEFINITIONAL_REPRESENTATION('',(#2536),#2540);
#2536 = LINE('',#2537,#2538);
#2537 = CARTESIAN_POINT('',(2.22044604925E-16,0.));
#2538 = VECTOR('',#2539,1.);
#2539 = DIRECTION('',(1.,0.));
#2540 = ( GEOMETRIC_REPRESENTATION_CONTEXT(2) 
PARAMETRIC_REPRESENTATION_CONTEXT() REPRESENTATION_CONTEXT('2D SPACE',''
  ) );
#2541 = PCURVE('',#1900,#2542);
#2542 = DEFINITIONAL_REPRESENTATION('',(#2543),#2547);
#2543 = LINE('',#2544,#2545);
#2544 = CARTESIAN_POINT('',(2.512645962467,4.323062578844));
#2545 = VECTOR('',#2546,1.);
#2546 = DIRECTION('',(0.,-1.));
#2547 = ( GEOMETRIC_REPRESENTATION_CONTEXT(2) 
PARAMETRIC_REPRESENTATION_CONTEXT() REPRESENTATION_CONTEXT('2D SPACE',''
  ) );
#2548 = ADVANCED_FACE('',(#2549),#1433,.T.);
#2549 = FACE_BOUND('',#2550,.T.);
#2550 = EDGE_LOOP('',(#2551,#2574,#2575,#2576));
#2551 = ORIENTED_EDGE('',*,*,#2552,.T.);
#2552 = EDGE_CURVE('',#2553,#1388,#2555,.T.);
#2553 = VERTEX_POINT('',#2554);
#2554 = CARTESIAN_POINT('',(0.103004728419,0.526680938784,1.8));
#2555 = SURFACE_CURVE('',#2556,(#2560,#2567),.PCURVE_S1.);
#2556 = LINE('',#2557,#2558);
#2557 = CARTESIAN_POINT('',(0.103004728419,0.526680938784,1.8));
#2558 = VECTOR('',#2559,1.);
#2559 = DIRECTION('',(0.,0.,1.));
#2560 = PCURVE('',#1433,#2561);
#2561 = DEFINITIONAL_REPRESENTATION('',(#2562),#2566);
#2562 = LINE('',#2563,#2564);
#2563 = CARTESIAN_POINT('',(0.,-0.));
#2564 = VECTOR('',#2565,1.);
#2565 = DIRECTION('',(0.,-1.));
#2566 = ( GEOMETRIC_REPRESENTATION_CONTEXT(2) 
PARAMETRIC_REPRESENTATION_CONTEXT() REPRESENTATION_CONTEXT('2D SPACE',''
  ) );
#2567 = PCURVE('',#1403,#2568);
#2568 = DEFINITIONAL_REPRESENTATION('',(#2569),#2573);
#2569 = LINE('',#2570,#2571);
#2570 = CARTESIAN_POINT('',(1.,0.));
#2571 = VECTOR('',#2572,1.);
#2572 = DIRECTION('',(0.,-1.));
#2573 = ( GEOMETRIC_REPRESENTATION_CONTEXT(2) 
PARAMETRIC_REPRESENTATION_CONTEXT() REPRESENTATION_CONTEXT('2D SPACE',''
  ) );
#2574 = ORIENTED_EDGE('',*,*,#1417,.T.);
#2575 = ORIENTED_EDGE('',*,*,#2503,.F.);
#2576 = ORIENTED_EDGE('',*,*,#2577,.F.);
#2577 = EDGE_CURVE('',#2553,#2504,#2578,.T.);
#2578 = SURFACE_CURVE('',#2579,(#2583,#2590),.PCURVE_S1.);
#2579 = LINE('',#2580,#2581);
#2580 = CARTESIAN_POINT('',(0.103004728419,0.526680938784,1.8));
#2581 = VECTOR('',#2582,1.);
#2582 = DIRECTION('',(-1.,0.,0.));
#2583 = PCURVE('',#1433,#2584);
#2584 = DEFINITIONAL_REPRESENTATION('',(#2585),#2589);
#2585 = LINE('',#2586,#2587);
#2586 = CARTESIAN_POINT('',(0.,-0.));
#2587 = VECTOR('',#2588,1.);
#2588 = DIRECTION('',(1.,0.));
#2589 = ( GEOMETRIC_REPRESENTATION_CONTEXT(2) 
PARAMETRIC_REPRESENTATION_CONTEXT() REPRESENTATION_CONTEXT('2D SPACE',''
  ) );
#2590 = PCURVE('',#1900,#2591);
#2591 = DEFINITIONAL_REPRESENTATION('',(#2592),#2596);
#2592 = LINE('',#2593,#2594);
#2593 = CARTESIAN_POINT('',(3.09415229397,4.323062578844));
#2594 = VECTOR('',#2595,1.);
#2595 = DIRECTION('',(-1.,0.));
#2596 = ( GEOMETRIC_REPRESENTATION_CONTEXT(2) 
PARAMETRIC_REPRESENTATION_CONTEXT() REPRESENTATION_CONTEXT('2D SPACE',''
  ) );
#2597 = ADVANCED_FACE('',(#2598),#1403,.T.);
#2598 = FACE_BOUND('',#2599,.T.);
#2599 = EDGE_LOOP('',(#2600,#2623,#2624,#2625));
#2600 = ORIENTED_EDGE('',*,*,#2601,.T.);
#2601 = EDGE_CURVE('',#2602,#1358,#2604,.T.);
#2602 = VERTEX_POINT('',#2603);
#2603 = CARTESIAN_POINT('',(0.646133285019,0.608972603165,1.8));
#2604 = SURFACE_CURVE('',#2605,(#2609,#2616),.PCURVE_S1.);
#2605 = LINE('',#2606,#2607);
#2606 = CARTESIAN_POINT('',(0.646133285019,0.608972603165,1.8));
#2607 = VECTOR('',#2608,1.);
#2608 = DIRECTION('',(0.,0.,1.));
#2609 = PCURVE('',#1403,#2610);
#2610 = DEFINITIONAL_REPRESENTATION('',(#2611),#2615);
#2611 = LINE('',#2612,#2613);
#2612 = CARTESIAN_POINT('',(0.,0.));
#2613 = VECTOR('',#2614,1.);
#2614 = DIRECTION('',(0.,-1.));
#2615 = ( GEOMETRIC_REPRESENTATION_CONTEXT(2) 
PARAMETRIC_REPRESENTATION_CONTEXT() REPRESENTATION_CONTEXT('2D SPACE',''
  ) );
#2616 = PCURVE('',#1373,#2617);
#2617 = DEFINITIONAL_REPRESENTATION('',(#2618),#2622);
#2618 = LINE('',#2619,#2620);
#2619 = CARTESIAN_POINT('',(1.,0.));
#2620 = VECTOR('',#2621,1.);
#2621 = DIRECTION('',(0.,-1.));
#2622 = ( GEOMETRIC_REPRESENTATION_CONTEXT(2) 
PARAMETRIC_REPRESENTATION_CONTEXT() REPRESENTATION_CONTEXT('2D SPACE',''
  ) );
#2623 = ORIENTED_EDGE('',*,*,#1387,.T.);
#2624 = ORIENTED_EDGE('',*,*,#2552,.F.);
#2625 = ORIENTED_EDGE('',*,*,#2626,.F.);
#2626 = EDGE_CURVE('',#2602,#2553,#2627,.T.);
#2627 = SURFACE_CURVE('',#2628,(#2632,#2639),.PCURVE_S1.);
#2628 = B_SPLINE_CURVE_WITH_KNOTS('',2,(#2629,#2630,#2631),
  .UNSPECIFIED.,.F.,.F.,(3,3),(0.,1.),.PIECEWISE_BEZIER_KNOTS.);
#2629 = CARTESIAN_POINT('',(0.646133285019,0.608972603165,1.8));
#2630 = CARTESIAN_POINT('',(0.366345197811,0.526680938784,1.8));
#2631 = CARTESIAN_POINT('',(0.103004728419,0.526680938784,1.8));
#2632 = PCURVE('',#1403,#2633);
#2633 = DEFINITIONAL_REPRESENTATION('',(#2634),#2638);
#2634 = LINE('',#2635,#2636);
#2635 = CARTESIAN_POINT('',(0.,0.));
#2636 = VECTOR('',#2637,1.);
#2637 = DIRECTION('',(1.,0.));
#2638 = ( GEOMETRIC_REPRESENTATION_CONTEXT(2) 
PARAMETRIC_REPRESENTATION_CONTEXT() REPRESENTATION_CONTEXT('2D SPACE',''
  ) );
#2639 = PCURVE('',#1900,#2640);
#2640 = DEFINITIONAL_REPRESENTATION('',(#2641),#2645);
#2641 = B_SPLINE_CURVE_WITH_KNOTS('',2,(#2642,#2643,#2644),
  .UNSPECIFIED.,.F.,.F.,(3,3),(0.,1.),.PIECEWISE_BEZIER_KNOTS.);
#2642 = CARTESIAN_POINT('',(3.63728085057,4.405354243225));
#2643 = CARTESIAN_POINT('',(3.357492763362,4.323062578844));
#2644 = CARTESIAN_POINT('',(3.09415229397,4.323062578844));
#2645 = ( GEOMETRIC_REPRESENTATION_CONTEXT(2) 
PARAMETRIC_REPRESENTATION_CONTEXT() REPRESENTATION_CONTEXT('2D SPACE',''
  ) );
#2646 = ADVANCED_FACE('',(#2647),#1373,.T.);
#2647 = FACE_BOUND('',#2648,.T.);
#2648 = EDGE_LOOP('',(#2649,#2672,#2673,#2674));
#2649 = ORIENTED_EDGE('',*,*,#2650,.T.);
#2650 = EDGE_CURVE('',#2651,#1328,#2653,.T.);
#2651 = VERTEX_POINT('',#2652);
#2652 = CARTESIAN_POINT('',(1.150866208282,0.861330135579,1.8));
#2653 = SURFACE_CURVE('',#2654,(#2658,#2665),.PCURVE_S1.);
#2654 = LINE('',#2655,#2656);
#2655 = CARTESIAN_POINT('',(1.150866208282,0.861330135579,1.8));
#2656 = VECTOR('',#2657,1.);
#2657 = DIRECTION('',(0.,0.,1.));
#2658 = PCURVE('',#1373,#2659);
#2659 = DEFINITIONAL_REPRESENTATION('',(#2660),#2664);
#2660 = LINE('',#2661,#2662);
#2661 = CARTESIAN_POINT('',(0.,0.));
#2662 = VECTOR('',#2663,1.);
#2663 = DIRECTION('',(0.,-1.));
#2664 = ( GEOMETRIC_REPRESENTATION_CONTEXT(2) 
PARAMETRIC_REPRESENTATION_CONTEXT() REPRESENTATION_CONTEXT('2D SPACE',''
  ) );
#2665 = PCURVE('',#1343,#2666);
#2666 = DEFINITIONAL_REPRESENTATION('',(#2667),#2671);
#2667 = LINE('',#2668,#2669);
#2668 = CARTESIAN_POINT('',(1.,0.));
#2669 = VECTOR('',#2670,1.);
#2670 = DIRECTION('',(0.,-1.));
#2671 = ( GEOMETRIC_REPRESENTATION_CONTEXT(2) 
PARAMETRIC_REPRESENTATION_CONTEXT() REPRESENTATION_CONTEXT('2D SPACE',''
  ) );
#2672 = ORIENTED_EDGE('',*,*,#1357,.T.);
#2673 = ORIENTED_EDGE('',*,*,#2601,.F.);
#2674 = ORIENTED_EDGE('',*,*,#2675,.F.);
#2675 = EDGE_CURVE('',#2651,#2602,#2676,.T.);
#2676 = SURFACE_CURVE('',#2677,(#2681,#2688),.PCURVE_S1.);
#2677 = B_SPLINE_CURVE_WITH_KNOTS('',2,(#2678,#2679,#2680),
  .UNSPECIFIED.,.F.,.F.,(3,3),(0.,1.),.PIECEWISE_BEZIER_KNOTS.);
#2678 = CARTESIAN_POINT('',(1.150866208282,0.861330135579,1.8));
#2679 = CARTESIAN_POINT('',(0.925921372227,0.691264267546,1.8));
#2680 = CARTESIAN_POINT('',(0.646133285019,0.608972603165,1.8));
#2681 = PCURVE('',#1373,#2682);
#2682 = DEFINITIONAL_REPRESENTATION('',(#2683),#2687);
#2683 = LINE('',#2684,#2685);
#2684 = CARTESIAN_POINT('',(0.,0.));
#2685 = VECTOR('',#2686,1.);
#2686 = DIRECTION('',(1.,0.));
#2687 = ( GEOMETRIC_REPRESENTATION_CONTEXT(2) 
PARAMETRIC_REPRESENTATION_CONTEXT() REPRESENTATION_CONTEXT('2D SPACE',''
  ) );
#2688 = PCURVE('',#1900,#2689);
#2689 = DEFINITIONAL_REPRESENTATION('',(#2690),#2694);
#2690 = B_SPLINE_CURVE_WITH_KNOTS('',2,(#2691,#2692,#2693),
  .UNSPECIFIED.,.F.,.F.,(3,3),(0.,1.),.PIECEWISE_BEZIER_KNOTS.);
#2691 = CARTESIAN_POINT('',(4.142013773833,4.657711775639));
#2692 = CARTESIAN_POINT('',(3.917068937778,4.487645907606));
#2693 = CARTESIAN_POINT('',(3.63728085057,4.405354243225));
#2694 = ( GEOMETRIC_REPRESENTATION_CONTEXT(2) 
PARAMETRIC_REPRESENTATION_CONTEXT() REPRESENTATION_CONTEXT('2D SPACE',''
  ) );
#2695 = ADVANCED_FACE('',(#2696),#1343,.T.);
#2696 = FACE_BOUND('',#2697,.T.);
#2697 = EDGE_LOOP('',(#2698,#2721,#2722,#2723));
#2698 = ORIENTED_EDGE('',*,*,#2699,.T.);
#2699 = EDGE_CURVE('',#2700,#1298,#2702,.T.);
#2700 = VERTEX_POINT('',#2701);
#2701 = CARTESIAN_POINT('',(1.518446357576,1.294736473005,1.8));
#2702 = SURFACE_CURVE('',#2703,(#2707,#2714),.PCURVE_S1.);
#2703 = LINE('',#2704,#2705);
#2704 = CARTESIAN_POINT('',(1.518446357576,1.294736473005,1.8));
#2705 = VECTOR('',#2706,1.);
#2706 = DIRECTION('',(0.,0.,1.));
#2707 = PCURVE('',#1343,#2708);
#2708 = DEFINITIONAL_REPRESENTATION('',(#2709),#2713);
#2709 = LINE('',#2710,#2711);
#2710 = CARTESIAN_POINT('',(0.,0.));
#2711 = VECTOR('',#2712,1.);
#2712 = DIRECTION('',(0.,-1.));
#2713 = ( GEOMETRIC_REPRESENTATION_CONTEXT(2) 
PARAMETRIC_REPRESENTATION_CONTEXT() REPRESENTATION_CONTEXT('2D SPACE',''
  ) );
#2714 = PCURVE('',#1313,#2715);
#2715 = DEFINITIONAL_REPRESENTATION('',(#2716),#2720);
#2716 = LINE('',#2717,#2718);
#2717 = CARTESIAN_POINT('',(1.,0.));
#2718 = VECTOR('',#2719,1.);
#2719 = DIRECTION('',(0.,-1.));
#2720 = ( GEOMETRIC_REPRESENTATION_CONTEXT(2) 
PARAMETRIC_REPRESENTATION_CONTEXT() REPRESENTATION_CONTEXT('2D SPACE',''
  ) );
#2721 = ORIENTED_EDGE('',*,*,#1327,.T.);
#2722 = ORIENTED_EDGE('',*,*,#2650,.F.);
#2723 = ORIENTED_EDGE('',*,*,#2724,.F.);
#2724 = EDGE_CURVE('',#2700,#2651,#2725,.T.);
#2725 = SURFACE_CURVE('',#2726,(#2730,#2737),.PCURVE_S1.);
#2726 = B_SPLINE_CURVE_WITH_KNOTS('',2,(#2727,#2728,#2729),
  .UNSPECIFIED.,.F.,.F.,(3,3),(0.,1.),.PIECEWISE_BEZIER_KNOTS.);
#2727 = CARTESIAN_POINT('',(1.518446357576,1.294736473005,1.8));
#2728 = CARTESIAN_POINT('',(1.375811044337,1.031396003613,1.8));
#2729 = CARTESIAN_POINT('',(1.150866208282,0.861330135579,1.8));
#2730 = PCURVE('',#1343,#2731);
#2731 = DEFINITIONAL_REPRESENTATION('',(#2732),#2736);
#2732 = LINE('',#2733,#2734);
#2733 = CARTESIAN_POINT('',(0.,0.));
#2734 = VECTOR('',#2735,1.);
#2735 = DIRECTION('',(1.,0.));
#2736 = ( GEOMETRIC_REPRESENTATION_CONTEXT(2) 
PARAMETRIC_REPRESENTATION_CONTEXT() REPRESENTATION_CONTEXT('2D SPACE',''
  ) );
#2737 = PCURVE('',#1900,#2738);
#2738 = DEFINITIONAL_REPRESENTATION('',(#2739),#2743);
#2739 = B_SPLINE_CURVE_WITH_KNOTS('',2,(#2740,#2741,#2742),
  .UNSPECIFIED.,.F.,.F.,(3,3),(0.,1.),.PIECEWISE_BEZIER_KNOTS.);
#2740 = CARTESIAN_POINT('',(4.509593923128,5.091118113065));
#2741 = CARTESIAN_POINT('',(4.366958609888,4.827777643673));
#2742 = CARTESIAN_POINT('',(4.142013773833,4.657711775639));
#2743 = ( GEOMETRIC_REPRESENTATION_CONTEXT(2) 
PARAMETRIC_REPRESENTATION_CONTEXT() REPRESENTATION_CONTEXT('2D SPACE',''
  ) );
#2744 = ADVANCED_FACE('',(#2745),#1313,.T.);
#2745 = FACE_BOUND('',#2746,.T.);
#2746 = EDGE_LOOP('',(#2747,#2770,#2771,#2772));
#2747 = ORIENTED_EDGE('',*,*,#2748,.T.);
#2748 = EDGE_CURVE('',#2749,#1268,#2751,.T.);
#2749 = VERTEX_POINT('',#2750);
#2750 = CARTESIAN_POINT('',(1.661081670816,1.920138835552,1.8));
#2751 = SURFACE_CURVE('',#2752,(#2756,#2763),.PCURVE_S1.);
#2752 = LINE('',#2753,#2754);
#2753 = CARTESIAN_POINT('',(1.661081670816,1.920138835552,1.8));
#2754 = VECTOR('',#2755,1.);
#2755 = DIRECTION('',(0.,0.,1.));
#2756 = PCURVE('',#1313,#2757);
#2757 = DEFINITIONAL_REPRESENTATION('',(#2758),#2762);
#2758 = LINE('',#2759,#2760);
#2759 = CARTESIAN_POINT('',(0.,0.));
#2760 = VECTOR('',#2761,1.);
#2761 = DIRECTION('',(0.,-1.));
#2762 = ( GEOMETRIC_REPRESENTATION_CONTEXT(2) 
PARAMETRIC_REPRESENTATION_CONTEXT() REPRESENTATION_CONTEXT('2D SPACE',''
  ) );
#2763 = PCURVE('',#1283,#2764);
#2764 = DEFINITIONAL_REPRESENTATION('',(#2765),#2769);
#2765 = LINE('',#2766,#2767);
#2766 = CARTESIAN_POINT('',(1.,0.));
#2767 = VECTOR('',#2768,1.);
#2768 = DIRECTION('',(0.,-1.));
#2769 = ( GEOMETRIC_REPRESENTATION_CONTEXT(2) 
PARAMETRIC_REPRESENTATION_CONTEXT() REPRESENTATION_CONTEXT('2D SPACE',''
  ) );
#2770 = ORIENTED_EDGE('',*,*,#1297,.T.);
#2771 = ORIENTED_EDGE('',*,*,#2699,.F.);
#2772 = ORIENTED_EDGE('',*,*,#2773,.F.);
#2773 = EDGE_CURVE('',#2749,#2700,#2774,.T.);
#2774 = SURFACE_CURVE('',#2775,(#2779,#2786),.PCURVE_S1.);
#2775 = B_SPLINE_CURVE_WITH_KNOTS('',2,(#2776,#2777,#2778),
  .UNSPECIFIED.,.F.,.F.,(3,3),(0.,1.),.PIECEWISE_BEZIER_KNOTS.);
#2776 = CARTESIAN_POINT('',(1.661081670816,1.920138835552,1.8));
#2777 = CARTESIAN_POINT('',(1.661081670816,1.558076942397,1.8));
#2778 = CARTESIAN_POINT('',(1.518446357576,1.294736473005,1.8));
#2779 = PCURVE('',#1313,#2780);
#2780 = DEFINITIONAL_REPRESENTATION('',(#2781),#2785);
#2781 = LINE('',#2782,#2783);
#2782 = CARTESIAN_POINT('',(0.,0.));
#2783 = VECTOR('',#2784,1.);
#2784 = DIRECTION('',(1.,0.));
#2785 = ( GEOMETRIC_REPRESENTATION_CONTEXT(2) 
PARAMETRIC_REPRESENTATION_CONTEXT() REPRESENTATION_CONTEXT('2D SPACE',''
  ) );
#2786 = PCURVE('',#1900,#2787);
#2787 = DEFINITIONAL_REPRESENTATION('',(#2788),#2792);
#2788 = B_SPLINE_CURVE_WITH_KNOTS('',2,(#2789,#2790,#2791),
  .UNSPECIFIED.,.F.,.F.,(3,3),(0.,1.),.PIECEWISE_BEZIER_KNOTS.);
#2789 = CARTESIAN_POINT('',(4.652229236367,5.716520475612));
#2790 = CARTESIAN_POINT('',(4.652229236367,5.354458582457));
#2791 = CARTESIAN_POINT('',(4.509593923128,5.091118113065));
#2792 = ( GEOMETRIC_REPRESENTATION_CONTEXT(2) 
PARAMETRIC_REPRESENTATION_CONTEXT() REPRESENTATION_CONTEXT('2D SPACE',''
  ) );
#2793 = ADVANCED_FACE('',(#2794),#1283,.T.);
#2794 = FACE_BOUND('',#2795,.T.);
#2795 = EDGE_LOOP('',(#2796,#2819,#2820,#2821));
#2796 = ORIENTED_EDGE('',*,*,#2797,.T.);
#2797 = EDGE_CURVE('',#2798,#1238,#2800,.T.);
#2798 = VERTEX_POINT('',#2799);
#2799 = CARTESIAN_POINT('',(1.52941143612,2.572989611326,1.8));
#2800 = SURFACE_CURVE('',#2801,(#2805,#2812),.PCURVE_S1.);
#2801 = LINE('',#2802,#2803);
#2802 = CARTESIAN_POINT('',(1.52941143612,2.572989611326,1.8));
#2803 = VECTOR('',#2804,1.);
#2804 = DIRECTION('',(0.,0.,1.));
#2805 = PCURVE('',#1283,#2806);
#2806 = DEFINITIONAL_REPRESENTATION('',(#2807),#2811);
#2807 = LINE('',#2808,#2809);
#2808 = CARTESIAN_POINT('',(0.,0.));
#2809 = VECTOR('',#2810,1.);
#2810 = DIRECTION('',(0.,-1.));
#2811 = ( GEOMETRIC_REPRESENTATION_CONTEXT(2) 
PARAMETRIC_REPRESENTATION_CONTEXT() REPRESENTATION_CONTEXT('2D SPACE',''
  ) );
#2812 = PCURVE('',#1253,#2813);
#2813 = DEFINITIONAL_REPRESENTATION('',(#2814),#2818);
#2814 = LINE('',#2815,#2816);
#2815 = CARTESIAN_POINT('',(1.,0.));
#2816 = VECTOR('',#2817,1.);
#2817 = DIRECTION('',(0.,-1.));
#2818 = ( GEOMETRIC_REPRESENTATION_CONTEXT(2) 
PARAMETRIC_REPRESENTATION_CONTEXT() REPRESENTATION_CONTEXT('2D SPACE',''
  ) );
#2819 = ORIENTED_EDGE('',*,*,#1267,.T.);
#2820 = ORIENTED_EDGE('',*,*,#2748,.F.);
#2821 = ORIENTED_EDGE('',*,*,#2822,.F.);
#2822 = EDGE_CURVE('',#2798,#2749,#2823,.T.);
#2823 = SURFACE_CURVE('',#2824,(#2828,#2835),.PCURVE_S1.);
#2824 = B_SPLINE_CURVE_WITH_KNOTS('',2,(#2825,#2826,#2827),
  .UNSPECIFIED.,.F.,.F.,(3,3),(0.,1.),.PIECEWISE_BEZIER_KNOTS.);
#2825 = CARTESIAN_POINT('',(1.52941143612,2.572989611326,1.8));
#2826 = CARTESIAN_POINT('',(1.661081670816,2.304166602662,1.8));
#2827 = CARTESIAN_POINT('',(1.661081670816,1.920138835552,1.8));
#2828 = PCURVE('',#1283,#2829);
#2829 = DEFINITIONAL_REPRESENTATION('',(#2830),#2834);
#2830 = LINE('',#2831,#2832);
#2831 = CARTESIAN_POINT('',(0.,0.));
#2832 = VECTOR('',#2833,1.);
#2833 = DIRECTION('',(1.,0.));
#2834 = ( GEOMETRIC_REPRESENTATION_CONTEXT(2) 
PARAMETRIC_REPRESENTATION_CONTEXT() REPRESENTATION_CONTEXT('2D SPACE',''
  ) );
#2835 = PCURVE('',#1900,#2836);
#2836 = DEFINITIONAL_REPRESENTATION('',(#2837),#2841);
#2837 = B_SPLINE_CURVE_WITH_KNOTS('',2,(#2838,#2839,#2840),
  .UNSPECIFIED.,.F.,.F.,(3,3),(0.,1.),.PIECEWISE_BEZIER_KNOTS.);
#2838 = CARTESIAN_POINT('',(4.520559001671,6.369371251386));
#2839 = CARTESIAN_POINT('',(4.652229236367,6.100548242722));
#2840 = CARTESIAN_POINT('',(4.652229236367,5.716520475612));
#2841 = ( GEOMETRIC_REPRESENTATION_CONTEXT(2) 
PARAMETRIC_REPRESENTATION_CONTEXT() REPRESENTATION_CONTEXT('2D SPACE',''
  ) );
#2842 = ADVANCED_FACE('',(#2843),#1253,.T.);
#2843 = FACE_BOUND('',#2844,.T.);
#2844 = EDGE_LOOP('',(#2845,#2868,#2869,#2870));
#2845 = ORIENTED_EDGE('',*,*,#2846,.T.);
#2846 = EDGE_CURVE('',#2847,#1208,#2849,.T.);
#2847 = VERTEX_POINT('',#2848);
#2848 = CARTESIAN_POINT('',(1.167331684532,3.022861425002,1.8));
#2849 = SURFACE_CURVE('',#2850,(#2854,#2861),.PCURVE_S1.);
#2850 = LINE('',#2851,#2852);
#2851 = CARTESIAN_POINT('',(1.167331684532,3.022861425002,1.8));
#2852 = VECTOR('',#2853,1.);
#2853 = DIRECTION('',(0.,0.,1.));
#2854 = PCURVE('',#1253,#2855);
#2855 = DEFINITIONAL_REPRESENTATION('',(#2856),#2860);
#2856 = LINE('',#2857,#2858);
#2857 = CARTESIAN_POINT('',(0.,0.));
#2858 = VECTOR('',#2859,1.);
#2859 = DIRECTION('',(0.,-1.));
#2860 = ( GEOMETRIC_REPRESENTATION_CONTEXT(2) 
PARAMETRIC_REPRESENTATION_CONTEXT() REPRESENTATION_CONTEXT('2D SPACE',''
  ) );
#2861 = PCURVE('',#1223,#2862);
#2862 = DEFINITIONAL_REPRESENTATION('',(#2863),#2867);
#2863 = LINE('',#2864,#2865);
#2864 = CARTESIAN_POINT('',(1.,0.));
#2865 = VECTOR('',#2866,1.);
#2866 = DIRECTION('',(0.,-1.));
#2867 = ( GEOMETRIC_REPRESENTATION_CONTEXT(2) 
PARAMETRIC_REPRESENTATION_CONTEXT() REPRESENTATION_CONTEXT('2D SPACE',''
  ) );
#2868 = ORIENTED_EDGE('',*,*,#1237,.T.);
#2869 = ORIENTED_EDGE('',*,*,#2797,.F.);
#2870 = ORIENTED_EDGE('',*,*,#2871,.F.);
#2871 = EDGE_CURVE('',#2847,#2798,#2872,.T.);
#2872 = SURFACE_CURVE('',#2873,(#2877,#2884),.PCURVE_S1.);
#2873 = B_SPLINE_CURVE_WITH_KNOTS('',2,(#2874,#2875,#2876),
  .UNSPECIFIED.,.F.,.F.,(3,3),(0.,1.),.PIECEWISE_BEZIER_KNOTS.);
#2874 = CARTESIAN_POINT('',(1.167331684532,3.022861425002,1.8));
#2875 = CARTESIAN_POINT('',(1.397741201424,2.84181261999,1.8));
#2876 = CARTESIAN_POINT('',(1.52941143612,2.572989611326,1.8));
#2877 = PCURVE('',#1253,#2878);
#2878 = DEFINITIONAL_REPRESENTATION('',(#2879),#2883);
#2879 = LINE('',#2880,#2881);
#2880 = CARTESIAN_POINT('',(0.,0.));
#2881 = VECTOR('',#2882,1.);
#2882 = DIRECTION('',(1.,0.));
#2883 = ( GEOMETRIC_REPRESENTATION_CONTEXT(2) 
PARAMETRIC_REPRESENTATION_CONTEXT() REPRESENTATION_CONTEXT('2D SPACE',''
  ) );
#2884 = PCURVE('',#1900,#2885);
#2885 = DEFINITIONAL_REPRESENTATION('',(#2886),#2890);
#2886 = B_SPLINE_CURVE_WITH_KNOTS('',2,(#2887,#2888,#2889),
  .UNSPECIFIED.,.F.,.F.,(3,3),(0.,1.),.PIECEWISE_BEZIER_KNOTS.);
#2887 = CARTESIAN_POINT('',(4.158479250083,6.819243065062));
#2888 = CARTESIAN_POINT('',(4.388888766975,6.63819426005));
#2889 = CARTESIAN_POINT('',(4.520559001671,6.369371251386));
#2890 = ( GEOMETRIC_REPRESENTATION_CONTEXT(2) 
PARAMETRIC_REPRESENTATION_CONTEXT() REPRESENTATION_CONTEXT('2D SPACE',''
  ) );
#2891 = ADVANCED_FACE('',(#2892),#1223,.T.);
#2892 = FACE_BOUND('',#2893,.T.);
#2893 = EDGE_LOOP('',(#2894,#2917,#2918,#2919));
#2894 = ORIENTED_EDGE('',*,*,#2895,.T.);
#2895 = EDGE_CURVE('',#2896,#1178,#2898,.T.);
#2896 = VERTEX_POINT('',#2897);
#2897 = CARTESIAN_POINT('',(0.635186064909,3.286201894394,1.8));
#2898 = SURFACE_CURVE('',#2899,(#2903,#2910),.PCURVE_S1.);
#2899 = LINE('',#2900,#2901);
#2900 = CARTESIAN_POINT('',(0.635186064909,3.286201894394,1.8));
#2901 = VECTOR('',#2902,1.);
#2902 = DIRECTION('',(0.,0.,1.));
#2903 = PCURVE('',#1223,#2904);
#2904 = DEFINITIONAL_REPRESENTATION('',(#2905),#2909);
#2905 = LINE('',#2906,#2907);
#2906 = CARTESIAN_POINT('',(0.,0.));
#2907 = VECTOR('',#2908,1.);
#2908 = DIRECTION('',(0.,-1.));
#2909 = ( GEOMETRIC_REPRESENTATION_CONTEXT(2) 
PARAMETRIC_REPRESENTATION_CONTEXT() REPRESENTATION_CONTEXT('2D SPACE',''
  ) );
#2910 = PCURVE('',#1193,#2911);
#2911 = DEFINITIONAL_REPRESENTATION('',(#2912),#2916);
#2912 = LINE('',#2913,#2914);
#2913 = CARTESIAN_POINT('',(1.,0.));
#2914 = VECTOR('',#2915,1.);
#2915 = DIRECTION('',(0.,-1.));
#2916 = ( GEOMETRIC_REPRESENTATION_CONTEXT(2) 
PARAMETRIC_REPRESENTATION_CONTEXT() REPRESENTATION_CONTEXT('2D SPACE',''
  ) );
#2917 = ORIENTED_EDGE('',*,*,#1207,.T.);
#2918 = ORIENTED_EDGE('',*,*,#2846,.F.);
#2919 = ORIENTED_EDGE('',*,*,#2920,.F.);
#2920 = EDGE_CURVE('',#2896,#2847,#2921,.T.);
#2921 = SURFACE_CURVE('',#2922,(#2926,#2933),.PCURVE_S1.);
#2922 = B_SPLINE_CURVE_WITH_KNOTS('',2,(#2923,#2924,#2925),
  .UNSPECIFIED.,.F.,.F.,(3,3),(0.,1.),.PIECEWISE_BEZIER_KNOTS.);
#2923 = CARTESIAN_POINT('',(0.635186064909,3.286201894394,1.8));
#2924 = CARTESIAN_POINT('',(0.936922167639,3.203910230013,1.8));
#2925 = CARTESIAN_POINT('',(1.167331684532,3.022861425002,1.8));
#2926 = PCURVE('',#1223,#2927);
#2927 = DEFINITIONAL_REPRESENTATION('',(#2928),#2932);
#2928 = LINE('',#2929,#2930);
#2929 = CARTESIAN_POINT('',(0.,0.));
#2930 = VECTOR('',#2931,1.);
#2931 = DIRECTION('',(1.,0.));
#2932 = ( GEOMETRIC_REPRESENTATION_CONTEXT(2) 
PARAMETRIC_REPRESENTATION_CONTEXT() REPRESENTATION_CONTEXT('2D SPACE',''
  ) );
#2933 = PCURVE('',#1900,#2934);
#2934 = DEFINITIONAL_REPRESENTATION('',(#2935),#2939);
#2935 = B_SPLINE_CURVE_WITH_KNOTS('',2,(#2936,#2937,#2938),
  .UNSPECIFIED.,.F.,.F.,(3,3),(0.,1.),.PIECEWISE_BEZIER_KNOTS.);
#2936 = CARTESIAN_POINT('',(3.626333630461,7.082583534454));
#2937 = CARTESIAN_POINT('',(3.92806973319,7.000291870073));
#2938 = CARTESIAN_POINT('',(4.158479250083,6.819243065062));
#2939 = ( GEOMETRIC_REPRESENTATION_CONTEXT(2) 
PARAMETRIC_REPRESENTATION_CONTEXT() REPRESENTATION_CONTEXT('2D SPACE',''
  ) );
#2940 = ADVANCED_FACE('',(#2941),#1193,.T.);
#2941 = FACE_BOUND('',#2942,.T.);
#2942 = EDGE_LOOP('',(#2943,#2966,#2967,#2968));
#2943 = ORIENTED_EDGE('',*,*,#2944,.T.);
#2944 = EDGE_CURVE('',#2945,#1148,#2947,.T.);
#2945 = VERTEX_POINT('',#2946);
#2946 = CARTESIAN_POINT('',(-1.768256929901E-02,3.368493558774,1.8));
#2947 = SURFACE_CURVE('',#2948,(#2952,#2959),.PCURVE_S1.);
#2948 = LINE('',#2949,#2950);
#2949 = CARTESIAN_POINT('',(-1.768256929901E-02,3.368493558774,1.8));
#2950 = VECTOR('',#2951,1.);
#2951 = DIRECTION('',(0.,0.,1.));
#2952 = PCURVE('',#1193,#2953);
#2953 = DEFINITIONAL_REPRESENTATION('',(#2954),#2958);
#2954 = LINE('',#2955,#2956);
#2955 = CARTESIAN_POINT('',(0.,0.));
#2956 = VECTOR('',#2957,1.);
#2957 = DIRECTION('',(0.,-1.));
#2958 = ( GEOMETRIC_REPRESENTATION_CONTEXT(2) 
PARAMETRIC_REPRESENTATION_CONTEXT() REPRESENTATION_CONTEXT('2D SPACE',''
  ) );
#2959 = PCURVE('',#1163,#2960);
#2960 = DEFINITIONAL_REPRESENTATION('',(#2961),#2965);
#2961 = LINE('',#2962,#2963);
#2962 = CARTESIAN_POINT('',(1.,0.));
#2963 = VECTOR('',#2964,1.);
#2964 = DIRECTION('',(0.,-1.));
#2965 = ( GEOMETRIC_REPRESENTATION_CONTEXT(2) 
PARAMETRIC_REPRESENTATION_CONTEXT() REPRESENTATION_CONTEXT('2D SPACE',''
  ) );
#2966 = ORIENTED_EDGE('',*,*,#1177,.T.);
#2967 = ORIENTED_EDGE('',*,*,#2895,.F.);
#2968 = ORIENTED_EDGE('',*,*,#2969,.F.);
#2969 = EDGE_CURVE('',#2945,#2896,#2970,.T.);
#2970 = SURFACE_CURVE('',#2971,(#2975,#2982),.PCURVE_S1.);
#2971 = B_SPLINE_CURVE_WITH_KNOTS('',2,(#2972,#2973,#2974),
  .UNSPECIFIED.,.F.,.F.,(3,3),(0.,1.),.PIECEWISE_BEZIER_KNOTS.);
#2972 = CARTESIAN_POINT('',(-1.768256929901E-02,3.368493558774,1.8));
#2973 = CARTESIAN_POINT('',(0.33344996218,3.368493558774,1.8));
#2974 = CARTESIAN_POINT('',(0.635186064909,3.286201894394,1.8));
#2975 = PCURVE('',#1193,#2976);
#2976 = DEFINITIONAL_REPRESENTATION('',(#2977),#2981);
#2977 = LINE('',#2978,#2979);
#2978 = CARTESIAN_POINT('',(0.,0.));
#2979 = VECTOR('',#2980,1.);
#2980 = DIRECTION('',(1.,0.));
#2981 = ( GEOMETRIC_REPRESENTATION_CONTEXT(2) 
PARAMETRIC_REPRESENTATION_CONTEXT() REPRESENTATION_CONTEXT('2D SPACE',''
  ) );
#2982 = PCURVE('',#1900,#2983);
#2983 = DEFINITIONAL_REPRESENTATION('',(#2984),#2988);
#2984 = B_SPLINE_CURVE_WITH_KNOTS('',2,(#2985,#2986,#2987),
  .UNSPECIFIED.,.F.,.F.,(3,3),(0.,1.),.PIECEWISE_BEZIER_KNOTS.);
#2985 = CARTESIAN_POINT('',(2.973464996252,7.164875198834));
#2986 = CARTESIAN_POINT('',(3.324597527731,7.164875198834));
#2987 = CARTESIAN_POINT('',(3.626333630461,7.082583534454));
#2988 = ( GEOMETRIC_REPRESENTATION_CONTEXT(2) 
PARAMETRIC_REPRESENTATION_CONTEXT() REPRESENTATION_CONTEXT('2D SPACE',''
  ) );
#2989 = ADVANCED_FACE('',(#2990),#1163,.T.);
#2990 = FACE_BOUND('',#2991,.T.);
#2991 = EDGE_LOOP('',(#2992,#3015,#3016,#3017));
#2992 = ORIENTED_EDGE('',*,*,#2993,.T.);
#2993 = EDGE_CURVE('',#2994,#1118,#2996,.T.);
#2994 = VERTEX_POINT('',#2995);
#2995 = CARTESIAN_POINT('',(-0.774773024976,3.2258403871,1.8));
#2996 = SURFACE_CURVE('',#2997,(#3001,#3008),.PCURVE_S1.);
#2997 = LINE('',#2998,#2999);
#2998 = CARTESIAN_POINT('',(-0.774773024976,3.2258403871,1.8));
#2999 = VECTOR('',#3000,1.);
#3000 = DIRECTION('',(0.,0.,1.));
#3001 = PCURVE('',#1163,#3002);
#3002 = DEFINITIONAL_REPRESENTATION('',(#3003),#3007);
#3003 = LINE('',#3004,#3005);
#3004 = CARTESIAN_POINT('',(0.,0.));
#3005 = VECTOR('',#3006,1.);
#3006 = DIRECTION('',(0.,-1.));
#3007 = ( GEOMETRIC_REPRESENTATION_CONTEXT(2) 
PARAMETRIC_REPRESENTATION_CONTEXT() REPRESENTATION_CONTEXT('2D SPACE',''
  ) );
#3008 = PCURVE('',#1133,#3009);
#3009 = DEFINITIONAL_REPRESENTATION('',(#3010),#3014);
#3010 = LINE('',#3011,#3012);
#3011 = CARTESIAN_POINT('',(1.,0.));
#3012 = VECTOR('',#3013,1.);
#3013 = DIRECTION('',(0.,-1.));
#3014 = ( GEOMETRIC_REPRESENTATION_CONTEXT(2) 
PARAMETRIC_REPRESENTATION_CONTEXT() REPRESENTATION_CONTEXT('2D SPACE',''
  ) );
#3015 = ORIENTED_EDGE('',*,*,#1147,.T.);
#3016 = ORIENTED_EDGE('',*,*,#2944,.F.);
#3017 = ORIENTED_EDGE('',*,*,#3018,.F.);
#3018 = EDGE_CURVE('',#2994,#2945,#3019,.T.);
#3019 = SURFACE_CURVE('',#3020,(#3024,#3031),.PCURVE_S1.);
#3020 = B_SPLINE_CURVE_WITH_KNOTS('',2,(#3021,#3022,#3023),
  .UNSPECIFIED.,.F.,.F.,(3,3),(0.,1.),.PIECEWISE_BEZIER_KNOTS.);
#3021 = CARTESIAN_POINT('',(-0.774773024976,3.2258403871,1.8));
#3022 = CARTESIAN_POINT('',(-0.445606367453,3.368493558774,1.8));
#3023 = CARTESIAN_POINT('',(-1.768256929901E-02,3.368493558774,1.8));
#3024 = PCURVE('',#1163,#3025);
#3025 = DEFINITIONAL_REPRESENTATION('',(#3026),#3030);
#3026 = LINE('',#3027,#3028);
#3027 = CARTESIAN_POINT('',(0.,0.));
#3028 = VECTOR('',#3029,1.);
#3029 = DIRECTION('',(1.,0.));
#3030 = ( GEOMETRIC_REPRESENTATION_CONTEXT(2) 
PARAMETRIC_REPRESENTATION_CONTEXT() REPRESENTATION_CONTEXT('2D SPACE',''
  ) );
#3031 = PCURVE('',#1900,#3032);
#3032 = DEFINITIONAL_REPRESENTATION('',(#3033),#3037);
#3033 = B_SPLINE_CURVE_WITH_KNOTS('',2,(#3034,#3035,#3036),
  .UNSPECIFIED.,.F.,.F.,(3,3),(0.,1.),.PIECEWISE_BEZIER_KNOTS.);
#3034 = CARTESIAN_POINT('',(2.216374540575,7.02222202716));
#3035 = CARTESIAN_POINT('',(2.545541198098,7.164875198834));
#3036 = CARTESIAN_POINT('',(2.973464996252,7.164875198834));
#3037 = ( GEOMETRIC_REPRESENTATION_CONTEXT(2) 
PARAMETRIC_REPRESENTATION_CONTEXT() REPRESENTATION_CONTEXT('2D SPACE',''
  ) );
#3038 = ADVANCED_FACE('',(#3039),#1133,.T.);
#3039 = FACE_BOUND('',#3040,.T.);
#3040 = EDGE_LOOP('',(#3041,#3064,#3065,#3066));
#3041 = ORIENTED_EDGE('',*,*,#3042,.T.);
#3042 = EDGE_CURVE('',#3043,#1088,#3045,.T.);
#3043 = VERTEX_POINT('',#3044);
#3044 = CARTESIAN_POINT('',(-1.32886666012,2.82534714374,1.8));
#3045 = SURFACE_CURVE('',#3046,(#3050,#3057),.PCURVE_S1.);
#3046 = LINE('',#3047,#3048);
#3047 = CARTESIAN_POINT('',(-1.32886666012,2.82534714374,1.8));
#3048 = VECTOR('',#3049,1.);
#3049 = DIRECTION('',(0.,0.,1.));
#3050 = PCURVE('',#1133,#3051);
#3051 = DEFINITIONAL_REPRESENTATION('',(#3052),#3056);
#3052 = LINE('',#3053,#3054);
#3053 = CARTESIAN_POINT('',(0.,0.));
#3054 = VECTOR('',#3055,1.);
#3055 = DIRECTION('',(0.,-1.));
#3056 = ( GEOMETRIC_REPRESENTATION_CONTEXT(2) 
PARAMETRIC_REPRESENTATION_CONTEXT() REPRESENTATION_CONTEXT('2D SPACE',''
  ) );
#3057 = PCURVE('',#1103,#3058);
#3058 = DEFINITIONAL_REPRESENTATION('',(#3059),#3063);
#3059 = LINE('',#3060,#3061);
#3060 = CARTESIAN_POINT('',(1.,0.));
#3061 = VECTOR('',#3062,1.);
#3062 = DIRECTION('',(0.,-1.));
#3063 = ( GEOMETRIC_REPRESENTATION_CONTEXT(2) 
PARAMETRIC_REPRESENTATION_CONTEXT() REPRESENTATION_CONTEXT('2D SPACE',''
  ) );
#3064 = ORIENTED_EDGE('',*,*,#1117,.T.);
#3065 = ORIENTED_EDGE('',*,*,#2993,.F.);
#3066 = ORIENTED_EDGE('',*,*,#3067,.F.);
#3067 = EDGE_CURVE('',#3043,#2994,#3068,.T.);
#3068 = SURFACE_CURVE('',#3069,(#3073,#3080),.PCURVE_S1.);
#3069 = B_SPLINE_CURVE_WITH_KNOTS('',2,(#3070,#3071,#3072),
  .UNSPECIFIED.,.F.,.F.,(3,3),(0.,1.),.PIECEWISE_BEZIER_KNOTS.);
#3070 = CARTESIAN_POINT('',(-1.32886666012,2.82534714374,1.8));
#3071 = CARTESIAN_POINT('',(-1.103939682499,3.083187215427,1.8));
#3072 = CARTESIAN_POINT('',(-0.774773024976,3.2258403871,1.8));
#3073 = PCURVE('',#1133,#3074);
#3074 = DEFINITIONAL_REPRESENTATION('',(#3075),#3079);
#3075 = LINE('',#3076,#3077);
#3076 = CARTESIAN_POINT('',(0.,0.));
#3077 = VECTOR('',#3078,1.);
#3078 = DIRECTION('',(1.,0.));
#3079 = ( GEOMETRIC_REPRESENTATION_CONTEXT(2) 
PARAMETRIC_REPRESENTATION_CONTEXT() REPRESENTATION_CONTEXT('2D SPACE',''
  ) );
#3080 = PCURVE('',#1900,#3081);
#3081 = DEFINITIONAL_REPRESENTATION('',(#3082),#3086);
#3082 = B_SPLINE_CURVE_WITH_KNOTS('',2,(#3083,#3084,#3085),
  .UNSPECIFIED.,.F.,.F.,(3,3),(0.,1.),.PIECEWISE_BEZIER_KNOTS.);
#3083 = CARTESIAN_POINT('',(1.662280905431,6.6217287838));
#3084 = CARTESIAN_POINT('',(1.887207883052,6.879568855487));
#3085 = CARTESIAN_POINT('',(2.216374540575,7.02222202716));
#3086 = ( GEOMETRIC_REPRESENTATION_CONTEXT(2) 
PARAMETRIC_REPRESENTATION_CONTEXT() REPRESENTATION_CONTEXT('2D SPACE',''
  ) );
#3087 = ADVANCED_FACE('',(#3088),#1103,.T.);
#3088 = FACE_BOUND('',#3089,.T.);
#3089 = EDGE_LOOP('',(#3090,#3113,#3114,#3115));
#3090 = ORIENTED_EDGE('',*,*,#3091,.T.);
#3091 = EDGE_CURVE('',#3092,#1058,#3094,.T.);
#3092 = VERTEX_POINT('',#3093);
#3093 = CARTESIAN_POINT('',(-1.663515856915,2.210909859737,1.8));
#3094 = SURFACE_CURVE('',#3095,(#3099,#3106),.PCURVE_S1.);
#3095 = LINE('',#3096,#3097);
#3096 = CARTESIAN_POINT('',(-1.663515856915,2.210909859737,1.8));
#3097 = VECTOR('',#3098,1.);
#3098 = DIRECTION('',(0.,0.,1.));
#3099 = PCURVE('',#1103,#3100);
#3100 = DEFINITIONAL_REPRESENTATION('',(#3101),#3105);
#3101 = LINE('',#3102,#3103);
#3102 = CARTESIAN_POINT('',(0.,0.));
#3103 = VECTOR('',#3104,1.);
#3104 = DIRECTION('',(0.,-1.));
#3105 = ( GEOMETRIC_REPRESENTATION_CONTEXT(2) 
PARAMETRIC_REPRESENTATION_CONTEXT() REPRESENTATION_CONTEXT('2D SPACE',''
  ) );
#3106 = PCURVE('',#1073,#3107);
#3107 = DEFINITIONAL_REPRESENTATION('',(#3108),#3112);
#3108 = LINE('',#3109,#3110);
#3109 = CARTESIAN_POINT('',(1.,0.));
#3110 = VECTOR('',#3111,1.);
#3111 = DIRECTION('',(0.,-1.));
#3112 = ( GEOMETRIC_REPRESENTATION_CONTEXT(2) 
PARAMETRIC_REPRESENTATION_CONTEXT() REPRESENTATION_CONTEXT('2D SPACE',''
  ) );
#3113 = ORIENTED_EDGE('',*,*,#1087,.T.);
#3114 = ORIENTED_EDGE('',*,*,#3042,.F.);
#3115 = ORIENTED_EDGE('',*,*,#3116,.F.);
#3116 = EDGE_CURVE('',#3092,#3043,#3117,.T.);
#3117 = SURFACE_CURVE('',#3118,(#3122,#3129),.PCURVE_S1.);
#3118 = B_SPLINE_CURVE_WITH_KNOTS('',2,(#3119,#3120,#3121),
  .UNSPECIFIED.,.F.,.F.,(3,3),(0.,1.),.PIECEWISE_BEZIER_KNOTS.);
#3119 = CARTESIAN_POINT('',(-1.663515856915,2.210909859737,1.8));
#3120 = CARTESIAN_POINT('',(-1.55379363774,2.567507072054,1.8));
#3121 = CARTESIAN_POINT('',(-1.32886666012,2.82534714374,1.8));
#3122 = PCURVE('',#1103,#3123);
#3123 = DEFINITIONAL_REPRESENTATION('',(#3124),#3128);
#3124 = LINE('',#3125,#3126);
#3125 = CARTESIAN_POINT('',(0.,0.));
#3126 = VECTOR('',#3127,1.);
#3127 = DIRECTION('',(1.,0.));
#3128 = ( GEOMETRIC_REPRESENTATION_CONTEXT(2) 
PARAMETRIC_REPRESENTATION_CONTEXT() REPRESENTATION_CONTEXT('2D SPACE',''
  ) );
#3129 = PCURVE('',#1900,#3130);
#3130 = DEFINITIONAL_REPRESENTATION('',(#3131),#3135);
#3131 = B_SPLINE_CURVE_WITH_KNOTS('',2,(#3132,#3133,#3134),
  .UNSPECIFIED.,.F.,.F.,(3,3),(0.,1.),.PIECEWISE_BEZIER_KNOTS.);
#3132 = CARTESIAN_POINT('',(1.327631708636,6.007291499797));
#3133 = CARTESIAN_POINT('',(1.437353927811,6.363888712114));
#3134 = CARTESIAN_POINT('',(1.662280905431,6.6217287838));
#3135 = ( GEOMETRIC_REPRESENTATION_CONTEXT(2) 
PARAMETRIC_REPRESENTATION_CONTEXT() REPRESENTATION_CONTEXT('2D SPACE',''
  ) );
#3136 = ADVANCED_FACE('',(#3137),#1073,.T.);
#3137 = FACE_BOUND('',#3138,.T.);
#3138 = EDGE_LOOP('',(#3139,#3162,#3163,#3164));
#3139 = ORIENTED_EDGE('',*,*,#3140,.T.);
#3140 = EDGE_CURVE('',#3141,#1030,#3143,.T.);
#3141 = VERTEX_POINT('',#3142);
#3142 = CARTESIAN_POINT('',(-1.762272997545,1.426388849267,1.8));
#3143 = SURFACE_CURVE('',#3144,(#3148,#3155),.PCURVE_S1.);
#3144 = LINE('',#3145,#3146);
#3145 = CARTESIAN_POINT('',(-1.762272997545,1.426388849267,1.8));
#3146 = VECTOR('',#3147,1.);
#3147 = DIRECTION('',(0.,0.,1.));
#3148 = PCURVE('',#1073,#3149);
#3149 = DEFINITIONAL_REPRESENTATION('',(#3150),#3154);
#3150 = LINE('',#3151,#3152);
#3151 = CARTESIAN_POINT('',(0.,0.));
#3152 = VECTOR('',#3153,1.);
#3153 = DIRECTION('',(0.,-1.));
#3154 = ( GEOMETRIC_REPRESENTATION_CONTEXT(2) 
PARAMETRIC_REPRESENTATION_CONTEXT() REPRESENTATION_CONTEXT('2D SPACE',''
  ) );
#3155 = PCURVE('',#1045,#3156);
#3156 = DEFINITIONAL_REPRESENTATION('',(#3157),#3161);
#3157 = LINE('',#3158,#3159);
#3158 = CARTESIAN_POINT('',(0.691228550678,0.));
#3159 = VECTOR('',#3160,1.);
#3160 = DIRECTION('',(0.,-1.));
#3161 = ( GEOMETRIC_REPRESENTATION_CONTEXT(2) 
PARAMETRIC_REPRESENTATION_CONTEXT() REPRESENTATION_CONTEXT('2D SPACE',''
  ) );
#3162 = ORIENTED_EDGE('',*,*,#1057,.T.);
#3163 = ORIENTED_EDGE('',*,*,#3091,.F.);
#3164 = ORIENTED_EDGE('',*,*,#3165,.F.);
#3165 = EDGE_CURVE('',#3141,#3092,#3166,.T.);
#3166 = SURFACE_CURVE('',#3167,(#3171,#3178),.PCURVE_S1.);
#3167 = B_SPLINE_CURVE_WITH_KNOTS('',2,(#3168,#3169,#3170),
  .UNSPECIFIED.,.F.,.F.,(3,3),(0.,1.),.PIECEWISE_BEZIER_KNOTS.);
#3168 = CARTESIAN_POINT('',(-1.762272997545,1.426388849267,1.8));
#3169 = CARTESIAN_POINT('',(-1.773238076089,1.854312647421,1.8));
#3170 = CARTESIAN_POINT('',(-1.663515856915,2.210909859737,1.8));
#3171 = PCURVE('',#1073,#3172);
#3172 = DEFINITIONAL_REPRESENTATION('',(#3173),#3177);
#3173 = LINE('',#3174,#3175);
#3174 = CARTESIAN_POINT('',(0.,0.));
#3175 = VECTOR('',#3176,1.);
#3176 = DIRECTION('',(1.,0.));
#3177 = ( GEOMETRIC_REPRESENTATION_CONTEXT(2) 
PARAMETRIC_REPRESENTATION_CONTEXT() REPRESENTATION_CONTEXT('2D SPACE',''
  ) );
#3178 = PCURVE('',#1900,#3179);
#3179 = DEFINITIONAL_REPRESENTATION('',(#3180),#3184);
#3180 = B_SPLINE_CURVE_WITH_KNOTS('',2,(#3181,#3182,#3183),
  .UNSPECIFIED.,.F.,.F.,(3,3),(0.,1.),.PIECEWISE_BEZIER_KNOTS.);
#3181 = CARTESIAN_POINT('',(1.228874568006,5.222770489327));
#3182 = CARTESIAN_POINT('',(1.217909489462,5.650694287481));
#3183 = CARTESIAN_POINT('',(1.327631708636,6.007291499797));
#3184 = ( GEOMETRIC_REPRESENTATION_CONTEXT(2) 
PARAMETRIC_REPRESENTATION_CONTEXT() REPRESENTATION_CONTEXT('2D SPACE',''
  ) );
#3185 = ADVANCED_FACE('',(#3186),#1045,.T.);
#3186 = FACE_BOUND('',#3187,.T.);
#3187 = EDGE_LOOP('',(#3188,#3211,#3212,#3213));
#3188 = ORIENTED_EDGE('',*,*,#3189,.T.);
#3189 = EDGE_CURVE('',#3190,#1000,#3192,.T.);
#3190 = VERTEX_POINT('',#3191);
#3191 = CARTESIAN_POINT('',(-2.453501548223,1.426388849267,1.8));
#3192 = SURFACE_CURVE('',#3193,(#3197,#3204),.PCURVE_S1.);
#3193 = LINE('',#3194,#3195);
#3194 = CARTESIAN_POINT('',(-2.453501548223,1.426388849267,1.8));
#3195 = VECTOR('',#3196,1.);
#3196 = DIRECTION('',(0.,0.,1.));
#3197 = PCURVE('',#1045,#3198);
#3198 = DEFINITIONAL_REPRESENTATION('',(#3199),#3203);
#3199 = LINE('',#3200,#3201);
#3200 = CARTESIAN_POINT('',(0.,0.));
#3201 = VECTOR('',#3202,1.);
#3202 = DIRECTION('',(0.,-1.));
#3203 = ( GEOMETRIC_REPRESENTATION_CONTEXT(2) 
PARAMETRIC_REPRESENTATION_CONTEXT() REPRESENTATION_CONTEXT('2D SPACE',''
  ) );
#3204 = PCURVE('',#1015,#3205);
#3205 = DEFINITIONAL_REPRESENTATION('',(#3206),#3210);
#3206 = LINE('',#3207,#3208);
#3207 = CARTESIAN_POINT('',(1.,0.));
#3208 = VECTOR('',#3209,1.);
#3209 = DIRECTION('',(0.,-1.));
#3210 = ( GEOMETRIC_REPRESENTATION_CONTEXT(2) 
PARAMETRIC_REPRESENTATION_CONTEXT() REPRESENTATION_CONTEXT('2D SPACE',''
  ) );
#3211 = ORIENTED_EDGE('',*,*,#1029,.T.);
#3212 = ORIENTED_EDGE('',*,*,#3140,.F.);
#3213 = ORIENTED_EDGE('',*,*,#3214,.F.);
#3214 = EDGE_CURVE('',#3190,#3141,#3215,.T.);
#3215 = SURFACE_CURVE('',#3216,(#3220,#3227),.PCURVE_S1.);
#3216 = LINE('',#3217,#3218);
#3217 = CARTESIAN_POINT('',(-2.453501548223,1.426388849267,1.8));
#3218 = VECTOR('',#3219,1.);
#3219 = DIRECTION('',(1.,0.,0.));
#3220 = PCURVE('',#1045,#3221);
#3221 = DEFINITIONAL_REPRESENTATION('',(#3222),#3226);
#3222 = LINE('',#3223,#3224);
#3223 = CARTESIAN_POINT('',(0.,0.));
#3224 = VECTOR('',#3225,1.);
#3225 = DIRECTION('',(1.,0.));
#3226 = ( GEOMETRIC_REPRESENTATION_CONTEXT(2) 
PARAMETRIC_REPRESENTATION_CONTEXT() REPRESENTATION_CONTEXT('2D SPACE',''
  ) );
#3227 = PCURVE('',#1900,#3228);
#3228 = DEFINITIONAL_REPRESENTATION('',(#3229),#3233);
#3229 = LINE('',#3230,#3231);
#3230 = CARTESIAN_POINT('',(0.537646017328,5.222770489327));
#3231 = VECTOR('',#3232,1.);
#3232 = DIRECTION('',(1.,0.));
#3233 = ( GEOMETRIC_REPRESENTATION_CONTEXT(2) 
PARAMETRIC_REPRESENTATION_CONTEXT() REPRESENTATION_CONTEXT('2D SPACE',''
  ) );
#3234 = ADVANCED_FACE('',(#3235),#1015,.T.);
#3235 = FACE_BOUND('',#3236,.T.);
#3236 = EDGE_LOOP('',(#3237,#3260,#3261,#3262));
#3237 = ORIENTED_EDGE('',*,*,#3238,.T.);
#3238 = EDGE_CURVE('',#3239,#970,#3241,.T.);
#3239 = VERTEX_POINT('',#3240);
#3240 = CARTESIAN_POINT('',(-2.28343568019,2.435836837358,1.8));
#3241 = SURFACE_CURVE('',#3242,(#3246,#3253),.PCURVE_S1.);
#3242 = LINE('',#3243,#3244);
#3243 = CARTESIAN_POINT('',(-2.28343568019,2.435836837358,1.8));
#3244 = VECTOR('',#3245,1.);
#3245 = DIRECTION('',(0.,0.,1.));
#3246 = PCURVE('',#1015,#3247);
#3247 = DEFINITIONAL_REPRESENTATION('',(#3248),#3252);
#3248 = LINE('',#3249,#3250);
#3249 = CARTESIAN_POINT('',(0.,0.));
#3250 = VECTOR('',#3251,1.);
#3251 = DIRECTION('',(0.,-1.));
#3252 = ( GEOMETRIC_REPRESENTATION_CONTEXT(2) 
PARAMETRIC_REPRESENTATION_CONTEXT() REPRESENTATION_CONTEXT('2D SPACE',''
  ) );
#3253 = PCURVE('',#985,#3254);
#3254 = DEFINITIONAL_REPRESENTATION('',(#3255),#3259);
#3255 = LINE('',#3256,#3257);
#3256 = CARTESIAN_POINT('',(1.,0.));
#3257 = VECTOR('',#3258,1.);
#3258 = DIRECTION('',(0.,-1.));
#3259 = ( GEOMETRIC_REPRESENTATION_CONTEXT(2) 
PARAMETRIC_REPRESENTATION_CONTEXT() REPRESENTATION_CONTEXT('2D SPACE',''
  ) );
#3260 = ORIENTED_EDGE('',*,*,#999,.T.);
#3261 = ORIENTED_EDGE('',*,*,#3189,.F.);
#3262 = ORIENTED_EDGE('',*,*,#3263,.F.);
#3263 = EDGE_CURVE('',#3239,#3190,#3264,.T.);
#3264 = SURFACE_CURVE('',#3265,(#3269,#3276),.PCURVE_S1.);
#3265 = B_SPLINE_CURVE_WITH_KNOTS('',2,(#3266,#3267,#3268),
  .UNSPECIFIED.,.F.,.F.,(3,3),(0.,1.),.PIECEWISE_BEZIER_KNOTS.);
#3266 = CARTESIAN_POINT('',(-2.28343568019,2.435836837358,1.8));
#3267 = CARTESIAN_POINT('',(-2.453501548223,1.974999945139,1.8));
#3268 = CARTESIAN_POINT('',(-2.453501548223,1.426388849267,1.8));
#3269 = PCURVE('',#1015,#3270);
#3270 = DEFINITIONAL_REPRESENTATION('',(#3271),#3275);
#3271 = LINE('',#3272,#3273);
#3272 = CARTESIAN_POINT('',(0.,0.));
#3273 = VECTOR('',#3274,1.);
#3274 = DIRECTION('',(1.,0.));
#3275 = ( GEOMETRIC_REPRESENTATION_CONTEXT(2) 
PARAMETRIC_REPRESENTATION_CONTEXT() REPRESENTATION_CONTEXT('2D SPACE',''
  ) );
#3276 = PCURVE('',#1900,#3277);
#3277 = DEFINITIONAL_REPRESENTATION('',(#3278),#3282);
#3278 = B_SPLINE_CURVE_WITH_KNOTS('',2,(#3279,#3280,#3281),
  .UNSPECIFIED.,.F.,.F.,(3,3),(0.,1.),.PIECEWISE_BEZIER_KNOTS.);
#3279 = CARTESIAN_POINT('',(0.707711885362,6.232218477418));
#3280 = CARTESIAN_POINT('',(0.537646017328,5.771381585199));
#3281 = CARTESIAN_POINT('',(0.537646017328,5.222770489327));
#3282 = ( GEOMETRIC_REPRESENTATION_CONTEXT(2) 
PARAMETRIC_REPRESENTATION_CONTEXT() REPRESENTATION_CONTEXT('2D SPACE',''
  ) );
#3283 = ADVANCED_FACE('',(#3284),#985,.T.);
#3284 = FACE_BOUND('',#3285,.T.);
#3285 = EDGE_LOOP('',(#3286,#3309,#3310,#3311));
#3286 = ORIENTED_EDGE('',*,*,#3287,.T.);
#3287 = EDGE_CURVE('',#3288,#940,#3290,.T.);
#3288 = VERTEX_POINT('',#3289);
#3289 = CARTESIAN_POINT('',(-1.800668630883,3.231322926372,1.8));
#3290 = SURFACE_CURVE('',#3291,(#3295,#3302),.PCURVE_S1.);
#3291 = LINE('',#3292,#3293);
#3292 = CARTESIAN_POINT('',(-1.800668630883,3.231322926372,1.8));
#3293 = VECTOR('',#3294,1.);
#3294 = DIRECTION('',(0.,0.,1.));
#3295 = PCURVE('',#985,#3296);
#3296 = DEFINITIONAL_REPRESENTATION('',(#3297),#3301);
#3297 = LINE('',#3298,#3299);
#3298 = CARTESIAN_POINT('',(0.,0.));
#3299 = VECTOR('',#3300,1.);
#3300 = DIRECTION('',(0.,-1.));
#3301 = ( GEOMETRIC_REPRESENTATION_CONTEXT(2) 
PARAMETRIC_REPRESENTATION_CONTEXT() REPRESENTATION_CONTEXT('2D SPACE',''
  ) );
#3302 = PCURVE('',#955,#3303);
#3303 = DEFINITIONAL_REPRESENTATION('',(#3304),#3308);
#3304 = LINE('',#3305,#3306);
#3305 = CARTESIAN_POINT('',(1.,0.));
#3306 = VECTOR('',#3307,1.);
#3307 = DIRECTION('',(0.,-1.));
#3308 = ( GEOMETRIC_REPRESENTATION_CONTEXT(2) 
PARAMETRIC_REPRESENTATION_CONTEXT() REPRESENTATION_CONTEXT('2D SPACE',''
  ) );
#3309 = ORIENTED_EDGE('',*,*,#969,.T.);
#3310 = ORIENTED_EDGE('',*,*,#3238,.F.);
#3311 = ORIENTED_EDGE('',*,*,#3312,.F.);
#3312 = EDGE_CURVE('',#3288,#3239,#3313,.T.);
#3313 = SURFACE_CURVE('',#3314,(#3318,#3325),.PCURVE_S1.);
#3314 = B_SPLINE_CURVE_WITH_KNOTS('',2,(#3315,#3316,#3317),
  .UNSPECIFIED.,.F.,.F.,(3,3),(0.,1.),.PIECEWISE_BEZIER_KNOTS.);
#3315 = CARTESIAN_POINT('',(-1.800668630883,3.231322926372,1.8));
#3316 = CARTESIAN_POINT('',(-2.113369812156,2.896673729577,1.8));
#3317 = CARTESIAN_POINT('',(-2.28343568019,2.435836837358,1.8));
#3318 = PCURVE('',#985,#3319);
#3319 = DEFINITIONAL_REPRESENTATION('',(#3320),#3324);
#3320 = LINE('',#3321,#3322);
#3321 = CARTESIAN_POINT('',(0.,0.));
#3322 = VECTOR('',#3323,1.);
#3323 = DIRECTION('',(1.,0.));
#3324 = ( GEOMETRIC_REPRESENTATION_CONTEXT(2) 
PARAMETRIC_REPRESENTATION_CONTEXT() REPRESENTATION_CONTEXT('2D SPACE',''
  ) );
#3325 = PCURVE('',#1900,#3326);
#3326 = DEFINITIONAL_REPRESENTATION('',(#3327),#3331);
#3327 = B_SPLINE_CURVE_WITH_KNOTS('',2,(#3328,#3329,#3330),
  .UNSPECIFIED.,.F.,.F.,(3,3),(0.,1.),.PIECEWISE_BEZIER_KNOTS.);
#3328 = CARTESIAN_POINT('',(1.190478934668,7.027704566432));
#3329 = CARTESIAN_POINT('',(0.877777753395,6.693055369637));
#3330 = CARTESIAN_POINT('',(0.707711885362,6.232218477418));
#3331 = ( GEOMETRIC_REPRESENTATION_CONTEXT(2) 
PARAMETRIC_REPRESENTATION_CONTEXT() REPRESENTATION_CONTEXT('2D SPACE',''
  ) );
#3332 = ADVANCED_FACE('',(#3333),#955,.T.);
#3333 = FACE_BOUND('',#3334,.T.);
#3334 = EDGE_LOOP('',(#3335,#3358,#3359,#3360));
#3335 = ORIENTED_EDGE('',*,*,#3336,.T.);
#3336 = EDGE_CURVE('',#3337,#910,#3339,.T.);
#3337 = VERTEX_POINT('',#3338);
#3338 = CARTESIAN_POINT('',(-1.038095635934,3.757986006723,1.8));
#3339 = SURFACE_CURVE('',#3340,(#3344,#3351),.PCURVE_S1.);
#3340 = LINE('',#3341,#3342);
#3341 = CARTESIAN_POINT('',(-1.038095635934,3.757986006723,1.8));
#3342 = VECTOR('',#3343,1.);
#3343 = DIRECTION('',(0.,0.,1.));
#3344 = PCURVE('',#955,#3345);
#3345 = DEFINITIONAL_REPRESENTATION('',(#3346),#3350);
#3346 = LINE('',#3347,#3348);
#3347 = CARTESIAN_POINT('',(0.,0.));
#3348 = VECTOR('',#3349,1.);
#3349 = DIRECTION('',(0.,-1.));
#3350 = ( GEOMETRIC_REPRESENTATION_CONTEXT(2) 
PARAMETRIC_REPRESENTATION_CONTEXT() REPRESENTATION_CONTEXT('2D SPACE',''
  ) );
#3351 = PCURVE('',#925,#3352);
#3352 = DEFINITIONAL_REPRESENTATION('',(#3353),#3357);
#3353 = LINE('',#3354,#3355);
#3354 = CARTESIAN_POINT('',(1.,0.));
#3355 = VECTOR('',#3356,1.);
#3356 = DIRECTION('',(0.,-1.));
#3357 = ( GEOMETRIC_REPRESENTATION_CONTEXT(2) 
PARAMETRIC_REPRESENTATION_CONTEXT() REPRESENTATION_CONTEXT('2D SPACE',''
  ) );
#3358 = ORIENTED_EDGE('',*,*,#939,.T.);
#3359 = ORIENTED_EDGE('',*,*,#3287,.F.);
#3360 = ORIENTED_EDGE('',*,*,#3361,.F.);
#3361 = EDGE_CURVE('',#3337,#3288,#3362,.T.);
#3362 = SURFACE_CURVE('',#3363,(#3367,#3374),.PCURVE_S1.);
#3363 = B_SPLINE_CURVE_WITH_KNOTS('',2,(#3364,#3365,#3366),
  .UNSPECIFIED.,.F.,.F.,(3,3),(0.,1.),.PIECEWISE_BEZIER_KNOTS.);
#3364 = CARTESIAN_POINT('',(-1.038095635934,3.757986006723,1.8));
#3365 = CARTESIAN_POINT('',(-1.487967449609,3.565972123167,1.8));
#3366 = CARTESIAN_POINT('',(-1.800668630883,3.231322926372,1.8));
#3367 = PCURVE('',#955,#3368);
#3368 = DEFINITIONAL_REPRESENTATION('',(#3369),#3373);
#3369 = LINE('',#3370,#3371);
#3370 = CARTESIAN_POINT('',(0.,0.));
#3371 = VECTOR('',#3372,1.);
#3372 = DIRECTION('',(1.,0.));
#3373 = ( GEOMETRIC_REPRESENTATION_CONTEXT(2) 
PARAMETRIC_REPRESENTATION_CONTEXT() REPRESENTATION_CONTEXT('2D SPACE',''
  ) );
#3374 = PCURVE('',#1900,#3375);
#3375 = DEFINITIONAL_REPRESENTATION('',(#3376),#3380);
#3376 = B_SPLINE_CURVE_WITH_KNOTS('',2,(#3377,#3378,#3379),
  .UNSPECIFIED.,.F.,.F.,(3,3),(0.,1.),.PIECEWISE_BEZIER_KNOTS.);
#3377 = CARTESIAN_POINT('',(1.953051929617,7.554367646783));
#3378 = CARTESIAN_POINT('',(1.503180115942,7.362353763227));
#3379 = CARTESIAN_POINT('',(1.190478934668,7.027704566432));
#3380 = ( GEOMETRIC_REPRESENTATION_CONTEXT(2) 
PARAMETRIC_REPRESENTATION_CONTEXT() REPRESENTATION_CONTEXT('2D SPACE',''
  ) );
#3381 = ADVANCED_FACE('',(#3382),#925,.T.);
#3382 = FACE_BOUND('',#3383,.T.);
#3383 = EDGE_LOOP('',(#3384,#3407,#3408,#3409));
#3384 = ORIENTED_EDGE('',*,*,#3385,.T.);
#3385 = EDGE_CURVE('',#3386,#880,#3388,.T.);
#3386 = VERTEX_POINT('',#3387);
#3387 = CARTESIAN_POINT('',(-2.864764784281E-02,3.949999890278,1.8));
#3388 = SURFACE_CURVE('',#3389,(#3393,#3400),.PCURVE_S1.);
#3389 = LINE('',#3390,#3391);
#3390 = CARTESIAN_POINT('',(-2.864764784281E-02,3.949999890278,1.8));
#3391 = VECTOR('',#3392,1.);
#3392 = DIRECTION('',(0.,0.,1.));
#3393 = PCURVE('',#925,#3394);
#3394 = DEFINITIONAL_REPRESENTATION('',(#3395),#3399);
#3395 = LINE('',#3396,#3397);
#3396 = CARTESIAN_POINT('',(0.,0.));
#3397 = VECTOR('',#3398,1.);
#3398 = DIRECTION('',(0.,-1.));
#3399 = ( GEOMETRIC_REPRESENTATION_CONTEXT(2) 
PARAMETRIC_REPRESENTATION_CONTEXT() REPRESENTATION_CONTEXT('2D SPACE',''
  ) );
#3400 = PCURVE('',#895,#3401);
#3401 = DEFINITIONAL_REPRESENTATION('',(#3402),#3406);
#3402 = LINE('',#3403,#3404);
#3403 = CARTESIAN_POINT('',(1.,0.));
#3404 = VECTOR('',#3405,1.);
#3405 = DIRECTION('',(0.,-1.));
#3406 = ( GEOMETRIC_REPRESENTATION_CONTEXT(2) 
PARAMETRIC_REPRESENTATION_CONTEXT() REPRESENTATION_CONTEXT('2D SPACE',''
  ) );
#3407 = ORIENTED_EDGE('',*,*,#909,.T.);
#3408 = ORIENTED_EDGE('',*,*,#3336,.F.);
#3409 = ORIENTED_EDGE('',*,*,#3410,.F.);
#3410 = EDGE_CURVE('',#3386,#3337,#3411,.T.);
#3411 = SURFACE_CURVE('',#3412,(#3416,#3423),.PCURVE_S1.);
#3412 = B_SPLINE_CURVE_WITH_KNOTS('',2,(#3413,#3414,#3415),
  .UNSPECIFIED.,.F.,.F.,(3,3),(0.,1.),.PIECEWISE_BEZIER_KNOTS.);
#3413 = CARTESIAN_POINT('',(-2.864764784281E-02,3.949999890278,1.8));
#3414 = CARTESIAN_POINT('',(-0.588223822259,3.949999890278,1.8));
#3415 = CARTESIAN_POINT('',(-1.038095635934,3.757986006723,1.8));
#3416 = PCURVE('',#925,#3417);
#3417 = DEFINITIONAL_REPRESENTATION('',(#3418),#3422);
#3418 = LINE('',#3419,#3420);
#3419 = CARTESIAN_POINT('',(0.,0.));
#3420 = VECTOR('',#3421,1.);
#3421 = DIRECTION('',(1.,0.));
#3422 = ( GEOMETRIC_REPRESENTATION_CONTEXT(2) 
PARAMETRIC_REPRESENTATION_CONTEXT() REPRESENTATION_CONTEXT('2D SPACE',''
  ) );
#3423 = PCURVE('',#1900,#3424);
#3424 = DEFINITIONAL_REPRESENTATION('',(#3425),#3429);
#3425 = B_SPLINE_CURVE_WITH_KNOTS('',2,(#3426,#3427,#3428),
  .UNSPECIFIED.,.F.,.F.,(3,3),(0.,1.),.PIECEWISE_BEZIER_KNOTS.);
#3426 = CARTESIAN_POINT('',(2.962499917708,7.746381530338));
#3427 = CARTESIAN_POINT('',(2.402923743293,7.746381530338));
#3428 = CARTESIAN_POINT('',(1.953051929617,7.554367646783));
#3429 = ( GEOMETRIC_REPRESENTATION_CONTEXT(2) 
PARAMETRIC_REPRESENTATION_CONTEXT() REPRESENTATION_CONTEXT('2D SPACE',''
  ) );
#3430 = ADVANCED_FACE('',(#3431),#895,.T.);
#3431 = FACE_BOUND('',#3432,.T.);
#3432 = EDGE_LOOP('',(#3433,#3456,#3457,#3458));
#3433 = ORIENTED_EDGE('',*,*,#3434,.T.);
#3434 = EDGE_CURVE('',#3435,#850,#3437,.T.);
#3435 = VERTEX_POINT('',#3436);
#3436 = CARTESIAN_POINT('',(0.849130105552,3.834795131832,1.8));
#3437 = SURFACE_CURVE('',#3438,(#3442,#3449),.PCURVE_S1.);
#3438 = LINE('',#3439,#3440);
#3439 = CARTESIAN_POINT('',(0.849130105552,3.834795131832,1.8));
#3440 = VECTOR('',#3441,1.);
#3441 = DIRECTION('',(0.,0.,1.));
#3442 = PCURVE('',#895,#3443);
#3443 = DEFINITIONAL_REPRESENTATION('',(#3444),#3448);
#3444 = LINE('',#3445,#3446);
#3445 = CARTESIAN_POINT('',(0.,0.));
#3446 = VECTOR('',#3447,1.);
#3447 = DIRECTION('',(0.,-1.));
#3448 = ( GEOMETRIC_REPRESENTATION_CONTEXT(2) 
PARAMETRIC_REPRESENTATION_CONTEXT() REPRESENTATION_CONTEXT('2D SPACE',''
  ) );
#3449 = PCURVE('',#865,#3450);
#3450 = DEFINITIONAL_REPRESENTATION('',(#3451),#3455);
#3451 = LINE('',#3452,#3453);
#3452 = CARTESIAN_POINT('',(1.,0.));
#3453 = VECTOR('',#3454,1.);
#3454 = DIRECTION('',(0.,-1.));
#3455 = ( GEOMETRIC_REPRESENTATION_CONTEXT(2) 
PARAMETRIC_REPRESENTATION_CONTEXT() REPRESENTATION_CONTEXT('2D SPACE',''
  ) );
#3456 = ORIENTED_EDGE('',*,*,#879,.T.);
#3457 = ORIENTED_EDGE('',*,*,#3385,.F.);
#3458 = ORIENTED_EDGE('',*,*,#3459,.F.);
#3459 = EDGE_CURVE('',#3435,#3386,#3460,.T.);
#3460 = SURFACE_CURVE('',#3461,(#3465,#3472),.PCURVE_S1.);
#3461 = B_SPLINE_CURVE_WITH_KNOTS('',2,(#3462,#3463,#3464),
  .UNSPECIFIED.,.F.,.F.,(3,3),(0.,1.),.PIECEWISE_BEZIER_KNOTS.);
#3462 = CARTESIAN_POINT('',(0.849130105552,3.834795131832,1.8));
#3463 = CARTESIAN_POINT('',(0.421206307399,3.949999890278,1.8));
#3464 = CARTESIAN_POINT('',(-2.864764784281E-02,3.949999890278,1.8));
#3465 = PCURVE('',#895,#3466);
#3466 = DEFINITIONAL_REPRESENTATION('',(#3467),#3471);
#3467 = LINE('',#3468,#3469);
#3468 = CARTESIAN_POINT('',(0.,0.));
#3469 = VECTOR('',#3470,1.);
#3470 = DIRECTION('',(1.,0.));
#3471 = ( GEOMETRIC_REPRESENTATION_CONTEXT(2) 
PARAMETRIC_REPRESENTATION_CONTEXT() REPRESENTATION_CONTEXT('2D SPACE',''
  ) );
#3472 = PCURVE('',#1900,#3473);
#3473 = DEFINITIONAL_REPRESENTATION('',(#3474),#3478);
#3474 = B_SPLINE_CURVE_WITH_KNOTS('',2,(#3475,#3476,#3477),
  .UNSPECIFIED.,.F.,.F.,(3,3),(0.,1.),.PIECEWISE_BEZIER_KNOTS.);
#3475 = CARTESIAN_POINT('',(3.840277671103,7.631176771892));
#3476 = CARTESIAN_POINT('',(3.41235387295,7.746381530338));
#3477 = CARTESIAN_POINT('',(2.962499917708,7.746381530338));
#3478 = ( GEOMETRIC_REPRESENTATION_CONTEXT(2) 
PARAMETRIC_REPRESENTATION_CONTEXT() REPRESENTATION_CONTEXT('2D SPACE',''
  ) );
#3479 = ADVANCED_FACE('',(#3480),#865,.T.);
#3480 = FACE_BOUND('',#3481,.T.);
#3481 = EDGE_LOOP('',(#3482,#3505,#3506,#3507));
#3482 = ORIENTED_EDGE('',*,*,#3483,.T.);
#3483 = EDGE_CURVE('',#3484,#820,#3486,.T.);
#3484 = VERTEX_POINT('',#3485);
#3485 = CARTESIAN_POINT('',(1.611703100501,3.483680458787,1.8));
#3486 = SURFACE_CURVE('',#3487,(#3491,#3498),.PCURVE_S1.);
#3487 = LINE('',#3488,#3489);
#3488 = CARTESIAN_POINT('',(1.611703100501,3.483680458787,1.8));
#3489 = VECTOR('',#3490,1.);
#3490 = DIRECTION('',(0.,0.,1.));
#3491 = PCURVE('',#865,#3492);
#3492 = DEFINITIONAL_REPRESENTATION('',(#3493),#3497);
#3493 = LINE('',#3494,#3495);
#3494 = CARTESIAN_POINT('',(0.,0.));
#3495 = VECTOR('',#3496,1.);
#3496 = DIRECTION('',(0.,-1.));
#3497 = ( GEOMETRIC_REPRESENTATION_CONTEXT(2) 
PARAMETRIC_REPRESENTATION_CONTEXT() REPRESENTATION_CONTEXT('2D SPACE',''
  ) );
#3498 = PCURVE('',#835,#3499);
#3499 = DEFINITIONAL_REPRESENTATION('',(#3500),#3504);
#3500 = LINE('',#3501,#3502);
#3501 = CARTESIAN_POINT('',(1.,0.));
#3502 = VECTOR('',#3503,1.);
#3503 = DIRECTION('',(0.,-1.));
#3504 = ( GEOMETRIC_REPRESENTATION_CONTEXT(2) 
PARAMETRIC_REPRESENTATION_CONTEXT() REPRESENTATION_CONTEXT('2D SPACE',''
  ) );
#3505 = ORIENTED_EDGE('',*,*,#849,.T.);
#3506 = ORIENTED_EDGE('',*,*,#3434,.F.);
#3507 = ORIENTED_EDGE('',*,*,#3508,.F.);
#3508 = EDGE_CURVE('',#3484,#3435,#3509,.T.);
#3509 = SURFACE_CURVE('',#3510,(#3514,#3521),.PCURVE_S1.);
#3510 = B_SPLINE_CURVE_WITH_KNOTS('',2,(#3511,#3512,#3513),
  .UNSPECIFIED.,.F.,.F.,(3,3),(0.,1.),.PIECEWISE_BEZIER_KNOTS.);
#3511 = CARTESIAN_POINT('',(1.611703100501,3.483680458787,1.8));
#3512 = CARTESIAN_POINT('',(1.277053903706,3.719590373385,1.8));
#3513 = CARTESIAN_POINT('',(0.849130105552,3.834795131832,1.8));
#3514 = PCURVE('',#865,#3515);
#3515 = DEFINITIONAL_REPRESENTATION('',(#3516),#3520);
#3516 = LINE('',#3517,#3518);
#3517 = CARTESIAN_POINT('',(0.,0.));
#3518 = VECTOR('',#3519,1.);
#3519 = DIRECTION('',(1.,0.));
#3520 = ( GEOMETRIC_REPRESENTATION_CONTEXT(2) 
PARAMETRIC_REPRESENTATION_CONTEXT() REPRESENTATION_CONTEXT('2D SPACE',''
  ) );
#3521 = PCURVE('',#1900,#3522);
#3522 = DEFINITIONAL_REPRESENTATION('',(#3523),#3527);
#3523 = B_SPLINE_CURVE_WITH_KNOTS('',2,(#3524,#3525,#3526),
  .UNSPECIFIED.,.F.,.F.,(3,3),(0.,1.),.PIECEWISE_BEZIER_KNOTS.);
#3524 = CARTESIAN_POINT('',(4.602850666052,7.280062098847));
#3525 = CARTESIAN_POINT('',(4.268201469257,7.515972013445));
#3526 = CARTESIAN_POINT('',(3.840277671103,7.631176771892));
#3527 = ( GEOMETRIC_REPRESENTATION_CONTEXT(2) 
PARAMETRIC_REPRESENTATION_CONTEXT() REPRESENTATION_CONTEXT('2D SPACE',''
  ) );
#3528 = ADVANCED_FACE('',(#3529),#835,.T.);
#3529 = FACE_BOUND('',#3530,.T.);
#3530 = EDGE_LOOP('',(#3531,#3554,#3555,#3556));
#3531 = ORIENTED_EDGE('',*,*,#3532,.T.);
#3532 = EDGE_CURVE('',#3533,#790,#3535,.T.);
#3533 = VERTEX_POINT('',#3534);
#3534 = CARTESIAN_POINT('',(2.149331259395,2.880208253328,1.8));
#3535 = SURFACE_CURVE('',#3536,(#3540,#3547),.PCURVE_S1.);
#3536 = LINE('',#3537,#3538);
#3537 = CARTESIAN_POINT('',(2.149331259395,2.880208253328,1.8));
#3538 = VECTOR('',#3539,1.);
#3539 = DIRECTION('',(0.,0.,1.));
#3540 = PCURVE('',#835,#3541);
#3541 = DEFINITIONAL_REPRESENTATION('',(#3542),#3546);
#3542 = LINE('',#3543,#3544);
#3543 = CARTESIAN_POINT('',(0.,0.));
#3544 = VECTOR('',#3545,1.);
#3545 = DIRECTION('',(0.,-1.));
#3546 = ( GEOMETRIC_REPRESENTATION_CONTEXT(2) 
PARAMETRIC_REPRESENTATION_CONTEXT() REPRESENTATION_CONTEXT('2D SPACE',''
  ) );
#3547 = PCURVE('',#805,#3548);
#3548 = DEFINITIONAL_REPRESENTATION('',(#3549),#3553);
#3549 = LINE('',#3550,#3551);
#3550 = CARTESIAN_POINT('',(1.,0.));
#3551 = VECTOR('',#3552,1.);
#3552 = DIRECTION('',(0.,-1.));
#3553 = ( GEOMETRIC_REPRESENTATION_CONTEXT(2) 
PARAMETRIC_REPRESENTATION_CONTEXT() REPRESENTATION_CONTEXT('2D SPACE',''
  ) );
#3554 = ORIENTED_EDGE('',*,*,#819,.T.);
#3555 = ORIENTED_EDGE('',*,*,#3483,.F.);
#3556 = ORIENTED_EDGE('',*,*,#3557,.F.);
#3557 = EDGE_CURVE('',#3533,#3484,#3558,.T.);
#3558 = SURFACE_CURVE('',#3559,(#3563,#3570),.PCURVE_S1.);
#3559 = B_SPLINE_CURVE_WITH_KNOTS('',2,(#3560,#3561,#3562),
  .UNSPECIFIED.,.F.,.F.,(3,3),(0.,1.),.PIECEWISE_BEZIER_KNOTS.);
#3560 = CARTESIAN_POINT('',(2.149331259395,2.880208253328,1.8));
#3561 = CARTESIAN_POINT('',(1.946352297296,3.247770544188,1.8));
#3562 = CARTESIAN_POINT('',(1.611703100501,3.483680458787,1.8));
#3563 = PCURVE('',#835,#3564);
#3564 = DEFINITIONAL_REPRESENTATION('',(#3565),#3569);
#3565 = LINE('',#3566,#3567);
#3566 = CARTESIAN_POINT('',(0.,0.));
#3567 = VECTOR('',#3568,1.);
#3568 = DIRECTION('',(1.,0.));
#3569 = ( GEOMETRIC_REPRESENTATION_CONTEXT(2) 
PARAMETRIC_REPRESENTATION_CONTEXT() REPRESENTATION_CONTEXT('2D SPACE',''
  ) );
#3570 = PCURVE('',#1900,#3571);
#3571 = DEFINITIONAL_REPRESENTATION('',(#3572),#3576);
#3572 = B_SPLINE_CURVE_WITH_KNOTS('',2,(#3573,#3574,#3575),
  .UNSPECIFIED.,.F.,.F.,(3,3),(0.,1.),.PIECEWISE_BEZIER_KNOTS.);
#3573 = CARTESIAN_POINT('',(5.140478824946,6.676589893388));
#3574 = CARTESIAN_POINT('',(4.937499862847,7.044152184248));
#3575 = CARTESIAN_POINT('',(4.602850666052,7.280062098847));
#3576 = ( GEOMETRIC_REPRESENTATION_CONTEXT(2) 
PARAMETRIC_REPRESENTATION_CONTEXT() REPRESENTATION_CONTEXT('2D SPACE',''
  ) );
#3577 = ADVANCED_FACE('',(#3578),#805,.T.);
#3578 = FACE_BOUND('',#3579,.T.);
#3579 = EDGE_LOOP('',(#3580,#3603,#3604,#3605));
#3580 = ORIENTED_EDGE('',*,*,#3581,.T.);
#3581 = EDGE_CURVE('',#3582,#760,#3584,.T.);
#3582 = VERTEX_POINT('',#3583);
#3583 = CARTESIAN_POINT('',(2.352310221494,1.996965819095,1.8));
#3584 = SURFACE_CURVE('',#3585,(#3589,#3596),.PCURVE_S1.);
#3585 = LINE('',#3586,#3587);
#3586 = CARTESIAN_POINT('',(2.352310221494,1.996965819095,1.8));
#3587 = VECTOR('',#3588,1.);
#3588 = DIRECTION('',(0.,0.,1.));
#3589 = PCURVE('',#805,#3590);
#3590 = DEFINITIONAL_REPRESENTATION('',(#3591),#3595);
#3591 = LINE('',#3592,#3593);
#3592 = CARTESIAN_POINT('',(0.,0.));
#3593 = VECTOR('',#3594,1.);
#3594 = DIRECTION('',(0.,-1.));
#3595 = ( GEOMETRIC_REPRESENTATION_CONTEXT(2) 
PARAMETRIC_REPRESENTATION_CONTEXT() REPRESENTATION_CONTEXT('2D SPACE',''
  ) );
#3596 = PCURVE('',#775,#3597);
#3597 = DEFINITIONAL_REPRESENTATION('',(#3598),#3602);
#3598 = LINE('',#3599,#3600);
#3599 = CARTESIAN_POINT('',(1.,0.));
#3600 = VECTOR('',#3601,1.);
#3601 = DIRECTION('',(0.,-1.));
#3602 = ( GEOMETRIC_REPRESENTATION_CONTEXT(2) 
PARAMETRIC_REPRESENTATION_CONTEXT() REPRESENTATION_CONTEXT('2D SPACE',''
  ) );
#3603 = ORIENTED_EDGE('',*,*,#789,.T.);
#3604 = ORIENTED_EDGE('',*,*,#3532,.F.);
#3605 = ORIENTED_EDGE('',*,*,#3606,.F.);
#3606 = EDGE_CURVE('',#3582,#3533,#3607,.T.);
#3607 = SURFACE_CURVE('',#3608,(#3612,#3619),.PCURVE_S1.);
#3608 = B_SPLINE_CURVE_WITH_KNOTS('',2,(#3609,#3610,#3611),
  .UNSPECIFIED.,.F.,.F.,(3,3),(0.,1.),.PIECEWISE_BEZIER_KNOTS.);
#3609 = CARTESIAN_POINT('',(2.352310221494,1.996965819095,1.8));
#3610 = CARTESIAN_POINT('',(2.352310221494,2.512645962467,1.8));
#3611 = CARTESIAN_POINT('',(2.149331259395,2.880208253328,1.8));
#3612 = PCURVE('',#805,#3613);
#3613 = DEFINITIONAL_REPRESENTATION('',(#3614),#3618);
#3614 = LINE('',#3615,#3616);
#3615 = CARTESIAN_POINT('',(0.,0.));
#3616 = VECTOR('',#3617,1.);
#3617 = DIRECTION('',(1.,0.));
#3618 = ( GEOMETRIC_REPRESENTATION_CONTEXT(2) 
PARAMETRIC_REPRESENTATION_CONTEXT() REPRESENTATION_CONTEXT('2D SPACE',''
  ) );
#3619 = PCURVE('',#1900,#3620);
#3620 = DEFINITIONAL_REPRESENTATION('',(#3621),#3625);
#3621 = B_SPLINE_CURVE_WITH_KNOTS('',2,(#3622,#3623,#3624),
  .UNSPECIFIED.,.F.,.F.,(3,3),(0.,1.),.PIECEWISE_BEZIER_KNOTS.);
#3622 = CARTESIAN_POINT('',(5.343457787045,5.793347459155));
#3623 = CARTESIAN_POINT('',(5.343457787045,6.309027602527));
#3624 = CARTESIAN_POINT('',(5.140478824946,6.676589893388));
#3625 = ( GEOMETRIC_REPRESENTATION_CONTEXT(2) 
PARAMETRIC_REPRESENTATION_CONTEXT() REPRESENTATION_CONTEXT('2D SPACE',''
  ) );
#3626 = ADVANCED_FACE('',(#3627),#775,.T.);
#3627 = FACE_BOUND('',#3628,.T.);
#3628 = EDGE_LOOP('',(#3629,#3652,#3653,#3654));
#3629 = ORIENTED_EDGE('',*,*,#3630,.T.);
#3630 = EDGE_CURVE('',#3631,#730,#3633,.T.);
#3631 = VERTEX_POINT('',#3632);
#3632 = CARTESIAN_POINT('',(2.017661024699,0.910690847461,1.8));
#3633 = SURFACE_CURVE('',#3634,(#3638,#3645),.PCURVE_S1.);
#3634 = LINE('',#3635,#3636);
#3635 = CARTESIAN_POINT('',(2.017661024699,0.910690847461,1.8));
#3636 = VECTOR('',#3637,1.);
#3637 = DIRECTION('',(0.,0.,1.));
#3638 = PCURVE('',#775,#3639);
#3639 = DEFINITIONAL_REPRESENTATION('',(#3640),#3644);
#3640 = LINE('',#3641,#3642);
#3641 = CARTESIAN_POINT('',(0.,0.));
#3642 = VECTOR('',#3643,1.);
#3643 = DIRECTION('',(0.,-1.));
#3644 = ( GEOMETRIC_REPRESENTATION_CONTEXT(2) 
PARAMETRIC_REPRESENTATION_CONTEXT() REPRESENTATION_CONTEXT('2D SPACE',''
  ) );
#3645 = PCURVE('',#745,#3646);
#3646 = DEFINITIONAL_REPRESENTATION('',(#3647),#3651);
#3647 = LINE('',#3648,#3649);
#3648 = CARTESIAN_POINT('',(1.,0.));
#3649 = VECTOR('',#3650,1.);
#3650 = DIRECTION('',(0.,-1.));
#3651 = ( GEOMETRIC_REPRESENTATION_CONTEXT(2) 
PARAMETRIC_REPRESENTATION_CONTEXT() REPRESENTATION_CONTEXT('2D SPACE',''
  ) );
#3652 = ORIENTED_EDGE('',*,*,#759,.T.);
#3653 = ORIENTED_EDGE('',*,*,#3581,.F.);
#3654 = ORIENTED_EDGE('',*,*,#3655,.F.);
#3655 = EDGE_CURVE('',#3631,#3582,#3656,.T.);
#3656 = SURFACE_CURVE('',#3657,(#3661,#3668),.PCURVE_S1.);
#3657 = B_SPLINE_CURVE_WITH_KNOTS('',2,(#3658,#3659,#3660),
  .UNSPECIFIED.,.F.,.F.,(3,3),(0.,1.),.PIECEWISE_BEZIER_KNOTS.);
#3658 = CARTESIAN_POINT('',(2.017661024699,0.910690847461,1.8));
#3659 = CARTESIAN_POINT('',(2.352310221494,1.37152773968,1.8));
#3660 = CARTESIAN_POINT('',(2.352310221494,1.996965819095,1.8));
#3661 = PCURVE('',#775,#3662);
#3662 = DEFINITIONAL_REPRESENTATION('',(#3663),#3667);
#3663 = LINE('',#3664,#3665);
#3664 = CARTESIAN_POINT('',(0.,0.));
#3665 = VECTOR('',#3666,1.);
#3666 = DIRECTION('',(1.,0.));
#3667 = ( GEOMETRIC_REPRESENTATION_CONTEXT(2) 
PARAMETRIC_REPRESENTATION_CONTEXT() REPRESENTATION_CONTEXT('2D SPACE',''
  ) );
#3668 = PCURVE('',#1900,#3669);
#3669 = DEFINITIONAL_REPRESENTATION('',(#3670),#3674);
#3670 = B_SPLINE_CURVE_WITH_KNOTS('',2,(#3671,#3672,#3673),
  .UNSPECIFIED.,.F.,.F.,(3,3),(0.,1.),.PIECEWISE_BEZIER_KNOTS.);
#3671 = CARTESIAN_POINT('',(5.00880859025,4.707072487521));
#3672 = CARTESIAN_POINT('',(5.343457787045,5.16790937974));
#3673 = CARTESIAN_POINT('',(5.343457787045,5.793347459155));
#3674 = ( GEOMETRIC_REPRESENTATION_CONTEXT(2) 
PARAMETRIC_REPRESENTATION_CONTEXT() REPRESENTATION_CONTEXT('2D SPACE',''
  ) );
#3675 = ADVANCED_FACE('',(#3676),#745,.T.);
#3676 = FACE_BOUND('',#3677,.T.);
#3677 = EDGE_LOOP('',(#3678,#3701,#3702,#3703));
#3678 = ORIENTED_EDGE('',*,*,#3679,.T.);
#3679 = EDGE_CURVE('',#3680,#702,#3682,.T.);
#3680 = VERTEX_POINT('',#3681);
#3681 = CARTESIAN_POINT('',(1.057609465357,0.296271421892,1.8));
#3682 = SURFACE_CURVE('',#3683,(#3687,#3694),.PCURVE_S1.);
#3683 = LINE('',#3684,#3685);
#3684 = CARTESIAN_POINT('',(1.057609465357,0.296271421892,1.8));
#3685 = VECTOR('',#3686,1.);
#3686 = DIRECTION('',(0.,0.,1.));
#3687 = PCURVE('',#745,#3688);
#3688 = DEFINITIONAL_REPRESENTATION('',(#3689),#3693);
#3689 = LINE('',#3690,#3691);
#3690 = CARTESIAN_POINT('',(0.,0.));
#3691 = VECTOR('',#3692,1.);
#3692 = DIRECTION('',(0.,-1.));
#3693 = ( GEOMETRIC_REPRESENTATION_CONTEXT(2) 
PARAMETRIC_REPRESENTATION_CONTEXT() REPRESENTATION_CONTEXT('2D SPACE',''
  ) );
#3694 = PCURVE('',#717,#3695);
#3695 = DEFINITIONAL_REPRESENTATION('',(#3696),#3700);
#3696 = LINE('',#3697,#3698);
#3697 = CARTESIAN_POINT('',(2.196587395581E-02,0.));
#3698 = VECTOR('',#3699,1.);
#3699 = DIRECTION('',(0.,-1.));
#3700 = ( GEOMETRIC_REPRESENTATION_CONTEXT(2) 
PARAMETRIC_REPRESENTATION_CONTEXT() REPRESENTATION_CONTEXT('2D SPACE',''
  ) );
#3701 = ORIENTED_EDGE('',*,*,#729,.T.);
#3702 = ORIENTED_EDGE('',*,*,#3630,.F.);
#3703 = ORIENTED_EDGE('',*,*,#3704,.F.);
#3704 = EDGE_CURVE('',#3680,#3631,#3705,.T.);
#3705 = SURFACE_CURVE('',#3706,(#3710,#3717),.PCURVE_S1.);
#3706 = B_SPLINE_CURVE_WITH_KNOTS('',2,(#3707,#3708,#3709),
  .UNSPECIFIED.,.F.,.F.,(3,3),(0.,1.),.PIECEWISE_BEZIER_KNOTS.);
#3707 = CARTESIAN_POINT('',(1.057609465357,0.296271421892,1.8));
#3708 = CARTESIAN_POINT('',(1.683011827904,0.449853955241,1.8));
#3709 = CARTESIAN_POINT('',(2.017661024699,0.910690847461,1.8));
#3710 = PCURVE('',#745,#3711);
#3711 = DEFINITIONAL_REPRESENTATION('',(#3712),#3716);
#3712 = LINE('',#3713,#3714);
#3713 = CARTESIAN_POINT('',(0.,0.));
#3714 = VECTOR('',#3715,1.);
#3715 = DIRECTION('',(1.,0.));
#3716 = ( GEOMETRIC_REPRESENTATION_CONTEXT(2) 
PARAMETRIC_REPRESENTATION_CONTEXT() REPRESENTATION_CONTEXT('2D SPACE',''
  ) );
#3717 = PCURVE('',#1900,#3718);
#3718 = DEFINITIONAL_REPRESENTATION('',(#3719),#3723);
#3719 = B_SPLINE_CURVE_WITH_KNOTS('',2,(#3720,#3721,#3722),
  .UNSPECIFIED.,.F.,.F.,(3,3),(0.,1.),.PIECEWISE_BEZIER_KNOTS.);
#3720 = CARTESIAN_POINT('',(4.048757030908,4.092653061952));
#3721 = CARTESIAN_POINT('',(4.674159393455,4.246235595301));
#3722 = CARTESIAN_POINT('',(5.00880859025,4.707072487521));
#3723 = ( GEOMETRIC_REPRESENTATION_CONTEXT(2) 
PARAMETRIC_REPRESENTATION_CONTEXT() REPRESENTATION_CONTEXT('2D SPACE',''
  ) );
#3724 = ADVANCED_FACE('',(#3725),#717,.T.);
#3725 = FACE_BOUND('',#3726,.T.);
#3726 = EDGE_LOOP('',(#3727,#3750,#3751,#3752));
#3727 = ORIENTED_EDGE('',*,*,#3728,.T.);
#3728 = EDGE_CURVE('',#3729,#672,#3731,.T.);
#3729 = VERTEX_POINT('',#3730);
#3730 = CARTESIAN_POINT('',(1.057609465357,0.274305547936,1.8));
#3731 = SURFACE_CURVE('',#3732,(#3736,#3743),.PCURVE_S1.);
#3732 = LINE('',#3733,#3734);
#3733 = CARTESIAN_POINT('',(1.057609465357,0.274305547936,1.8));
#3734 = VECTOR('',#3735,1.);
#3735 = DIRECTION('',(0.,0.,1.));
#3736 = PCURVE('',#717,#3737);
#3737 = DEFINITIONAL_REPRESENTATION('',(#3738),#3742);
#3738 = LINE('',#3739,#3740);
#3739 = CARTESIAN_POINT('',(0.,0.));
#3740 = VECTOR('',#3741,1.);
#3741 = DIRECTION('',(0.,-1.));
#3742 = ( GEOMETRIC_REPRESENTATION_CONTEXT(2) 
PARAMETRIC_REPRESENTATION_CONTEXT() REPRESENTATION_CONTEXT('2D SPACE',''
  ) );
#3743 = PCURVE('',#687,#3744);
#3744 = DEFINITIONAL_REPRESENTATION('',(#3745),#3749);
#3745 = LINE('',#3746,#3747);
#3746 = CARTESIAN_POINT('',(1.,0.));
#3747 = VECTOR('',#3748,1.);
#3748 = DIRECTION('',(0.,-1.));
#3749 = ( GEOMETRIC_REPRESENTATION_CONTEXT(2) 
PARAMETRIC_REPRESENTATION_CONTEXT() REPRESENTATION_CONTEXT('2D SPACE',''
  ) );
#3750 = ORIENTED_EDGE('',*,*,#701,.T.);
#3751 = ORIENTED_EDGE('',*,*,#3679,.F.);
#3752 = ORIENTED_EDGE('',*,*,#3753,.F.);
#3753 = EDGE_CURVE('',#3729,#3680,#3754,.T.);
#3754 = SURFACE_CURVE('',#3755,(#3759,#3766),.PCURVE_S1.);
#3755 = LINE('',#3756,#3757);
#3756 = CARTESIAN_POINT('',(1.057609465357,0.274305547936,1.8));
#3757 = VECTOR('',#3758,1.);
#3758 = DIRECTION('',(0.,1.,0.));
#3759 = PCURVE('',#717,#3760);
#3760 = DEFINITIONAL_REPRESENTATION('',(#3761),#3765);
#3761 = LINE('',#3762,#3763);
#3762 = CARTESIAN_POINT('',(-2.22044604925E-16,0.));
#3763 = VECTOR('',#3764,1.);
#3764 = DIRECTION('',(1.,0.));
#3765 = ( GEOMETRIC_REPRESENTATION_CONTEXT(2) 
PARAMETRIC_REPRESENTATION_CONTEXT() REPRESENTATION_CONTEXT('2D SPACE',''
  ) );
#3766 = PCURVE('',#1900,#3767);
#3767 = DEFINITIONAL_REPRESENTATION('',(#3768),#3772);
#3768 = LINE('',#3769,#3770);
#3769 = CARTESIAN_POINT('',(4.048757030908,4.070687187996));
#3770 = VECTOR('',#3771,1.);
#3771 = DIRECTION('',(0.,1.));
#3772 = ( GEOMETRIC_REPRESENTATION_CONTEXT(2) 
PARAMETRIC_REPRESENTATION_CONTEXT() REPRESENTATION_CONTEXT('2D SPACE',''
  ) );
#3773 = ADVANCED_FACE('',(#3774),#687,.T.);
#3774 = FACE_BOUND('',#3775,.T.);
#3775 = EDGE_LOOP('',(#3776,#3799,#3800,#3801));
#3776 = ORIENTED_EDGE('',*,*,#3777,.T.);
#3777 = EDGE_CURVE('',#3778,#642,#3780,.T.);
#3778 = VERTEX_POINT('',#3779);
#3779 = CARTESIAN_POINT('',(2.226158242938,-0.356597212317,1.8));
#3780 = SURFACE_CURVE('',#3781,(#3785,#3792),.PCURVE_S1.);
#3781 = LINE('',#3782,#3783);
#3782 = CARTESIAN_POINT('',(2.226158242938,-0.356597212317,1.8));
#3783 = VECTOR('',#3784,1.);
#3784 = DIRECTION('',(0.,0.,1.));
#3785 = PCURVE('',#687,#3786);
#3786 = DEFINITIONAL_REPRESENTATION('',(#3787),#3791);
#3787 = LINE('',#3788,#3789);
#3788 = CARTESIAN_POINT('',(0.,0.));
#3789 = VECTOR('',#3790,1.);
#3790 = DIRECTION('',(0.,-1.));
#3791 = ( GEOMETRIC_REPRESENTATION_CONTEXT(2) 
PARAMETRIC_REPRESENTATION_CONTEXT() REPRESENTATION_CONTEXT('2D SPACE',''
  ) );
#3792 = PCURVE('',#657,#3793);
#3793 = DEFINITIONAL_REPRESENTATION('',(#3794),#3798);
#3794 = LINE('',#3795,#3796);
#3795 = CARTESIAN_POINT('',(1.,0.));
#3796 = VECTOR('',#3797,1.);
#3797 = DIRECTION('',(0.,-1.));
#3798 = ( GEOMETRIC_REPRESENTATION_CONTEXT(2) 
PARAMETRIC_REPRESENTATION_CONTEXT() REPRESENTATION_CONTEXT('2D SPACE',''
  ) );
#3799 = ORIENTED_EDGE('',*,*,#671,.T.);
#3800 = ORIENTED_EDGE('',*,*,#3728,.F.);
#3801 = ORIENTED_EDGE('',*,*,#3802,.F.);
#3802 = EDGE_CURVE('',#3778,#3729,#3803,.T.);
#3803 = SURFACE_CURVE('',#3804,(#3808,#3815),.PCURVE_S1.);
#3804 = B_SPLINE_CURVE_WITH_KNOTS('',2,(#3805,#3806,#3807),
  .UNSPECIFIED.,.F.,.F.,(3,3),(0.,1.),.PIECEWISE_BEZIER_KNOTS.);
#3805 = CARTESIAN_POINT('',(2.226158242938,-0.356597212317,1.8));
#3806 = CARTESIAN_POINT('',(1.814699921034,0.153618250218,1.8));
#3807 = CARTESIAN_POINT('',(1.057609465357,0.274305547936,1.8));
#3808 = PCURVE('',#687,#3809);
#3809 = DEFINITIONAL_REPRESENTATION('',(#3810),#3814);
#3810 = LINE('',#3811,#3812);
#3811 = CARTESIAN_POINT('',(0.,0.));
#3812 = VECTOR('',#3813,1.);
#3813 = DIRECTION('',(1.,0.));
#3814 = ( GEOMETRIC_REPRESENTATION_CONTEXT(2) 
PARAMETRIC_REPRESENTATION_CONTEXT() REPRESENTATION_CONTEXT('2D SPACE',''
  ) );
#3815 = PCURVE('',#1900,#3816);
#3816 = DEFINITIONAL_REPRESENTATION('',(#3817),#3821);
#3817 = B_SPLINE_CURVE_WITH_KNOTS('',2,(#3818,#3819,#3820),
  .UNSPECIFIED.,.F.,.F.,(3,3),(0.,1.),.PIECEWISE_BEZIER_KNOTS.);
#3818 = CARTESIAN_POINT('',(5.217305808489,3.439784427743));
#3819 = CARTESIAN_POINT('',(4.805847486585,3.949999890278));
#3820 = CARTESIAN_POINT('',(4.048757030908,4.070687187996));
#3821 = ( GEOMETRIC_REPRESENTATION_CONTEXT(2) 
PARAMETRIC_REPRESENTATION_CONTEXT() REPRESENTATION_CONTEXT('2D SPACE',''
  ) );
#3822 = ADVANCED_FACE('',(#3823),#657,.T.);
#3823 = FACE_BOUND('',#3824,.T.);
#3824 = EDGE_LOOP('',(#3825,#3848,#3849,#3850));
#3825 = ORIENTED_EDGE('',*,*,#3826,.T.);
#3826 = EDGE_CURVE('',#3827,#612,#3829,.T.);
#3827 = VERTEX_POINT('',#3828);
#3828 = CARTESIAN_POINT('',(2.637616564842,-1.62386741366,1.8));
#3829 = SURFACE_CURVE('',#3830,(#3834,#3841),.PCURVE_S1.);
#3830 = LINE('',#3831,#3832);
#3831 = CARTESIAN_POINT('',(2.637616564842,-1.62386741366,1.8));
#3832 = VECTOR('',#3833,1.);
#3833 = DIRECTION('',(0.,0.,1.));
#3834 = PCURVE('',#657,#3835);
#3835 = DEFINITIONAL_REPRESENTATION('',(#3836),#3840);
#3836 = LINE('',#3837,#3838);
#3837 = CARTESIAN_POINT('',(0.,0.));
#3838 = VECTOR('',#3839,1.);
#3839 = DIRECTION('',(0.,-1.));
#3840 = ( GEOMETRIC_REPRESENTATION_CONTEXT(2) 
PARAMETRIC_REPRESENTATION_CONTEXT() REPRESENTATION_CONTEXT('2D SPACE',''
  ) );
#3841 = PCURVE('',#627,#3842);
#3842 = DEFINITIONAL_REPRESENTATION('',(#3843),#3847);
#3843 = LINE('',#3844,#3845);
#3844 = CARTESIAN_POINT('',(1.,0.));
#3845 = VECTOR('',#3846,1.);
#3846 = DIRECTION('',(0.,-1.));
#3847 = ( GEOMETRIC_REPRESENTATION_CONTEXT(2) 
PARAMETRIC_REPRESENTATION_CONTEXT() REPRESENTATION_CONTEXT('2D SPACE',''
  ) );
#3848 = ORIENTED_EDGE('',*,*,#641,.T.);
#3849 = ORIENTED_EDGE('',*,*,#3777,.F.);
#3850 = ORIENTED_EDGE('',*,*,#3851,.F.);
#3851 = EDGE_CURVE('',#3827,#3778,#3852,.T.);
#3852 = SURFACE_CURVE('',#3853,(#3857,#3864),.PCURVE_S1.);
#3853 = B_SPLINE_CURVE_WITH_KNOTS('',2,(#3854,#3855,#3856),
  .UNSPECIFIED.,.F.,.F.,(3,3),(0.,1.),.PIECEWISE_BEZIER_KNOTS.);
#3854 = CARTESIAN_POINT('',(2.637616564842,-1.62386741366,1.8));
#3855 = CARTESIAN_POINT('',(2.637616564842,-0.866812674851,1.8));
#3856 = CARTESIAN_POINT('',(2.226158242938,-0.356597212317,1.8));
#3857 = PCURVE('',#657,#3858);
#3858 = DEFINITIONAL_REPRESENTATION('',(#3859),#3863);
#3859 = LINE('',#3860,#3861);
#3860 = CARTESIAN_POINT('',(0.,0.));
#3861 = VECTOR('',#3862,1.);
#3862 = DIRECTION('',(1.,0.));
#3863 = ( GEOMETRIC_REPRESENTATION_CONTEXT(2) 
PARAMETRIC_REPRESENTATION_CONTEXT() REPRESENTATION_CONTEXT('2D SPACE',''
  ) );
#3864 = PCURVE('',#1900,#3865);
#3865 = DEFINITIONAL_REPRESENTATION('',(#3866),#3870);
#3866 = B_SPLINE_CURVE_WITH_KNOTS('',2,(#3867,#3868,#3869),
  .UNSPECIFIED.,.F.,.F.,(3,3),(0.,1.),.PIECEWISE_BEZIER_KNOTS.);
#3867 = CARTESIAN_POINT('',(5.628764130393,2.1725142264));
#3868 = CARTESIAN_POINT('',(5.628764130393,2.929568965209));
#3869 = CARTESIAN_POINT('',(5.217305808489,3.439784427743));
#3870 = ( GEOMETRIC_REPRESENTATION_CONTEXT(2) 
PARAMETRIC_REPRESENTATION_CONTEXT() REPRESENTATION_CONTEXT('2D SPACE',''
  ) );
#3871 = ADVANCED_FACE('',(#3872),#627,.T.);
#3872 = FACE_BOUND('',#3873,.T.);
#3873 = EDGE_LOOP('',(#3874,#3897,#3898,#3899));
#3874 = ORIENTED_EDGE('',*,*,#3875,.T.);
#3875 = EDGE_CURVE('',#3876,#582,#3878,.T.);
#3876 = VERTEX_POINT('',#3877);
#3877 = CARTESIAN_POINT('',(2.423654665765,-2.627850720913,1.8));
#3878 = SURFACE_CURVE('',#3879,(#3883,#3890),.PCURVE_S1.);
#3879 = LINE('',#3880,#3881);
#3880 = CARTESIAN_POINT('',(2.423654665765,-2.627850720913,1.8));
#3881 = VECTOR('',#3882,1.);
#3882 = DIRECTION('',(0.,0.,1.));
#3883 = PCURVE('',#627,#3884);
#3884 = DEFINITIONAL_REPRESENTATION('',(#3885),#3889);
#3885 = LINE('',#3886,#3887);
#3886 = CARTESIAN_POINT('',(0.,0.));
#3887 = VECTOR('',#3888,1.);
#3888 = DIRECTION('',(0.,-1.));
#3889 = ( GEOMETRIC_REPRESENTATION_CONTEXT(2) 
PARAMETRIC_REPRESENTATION_CONTEXT() REPRESENTATION_CONTEXT('2D SPACE',''
  ) );
#3890 = PCURVE('',#597,#3891);
#3891 = DEFINITIONAL_REPRESENTATION('',(#3892),#3896);
#3892 = LINE('',#3893,#3894);
#3893 = CARTESIAN_POINT('',(1.,0.));
#3894 = VECTOR('',#3895,1.);
#3895 = DIRECTION('',(0.,-1.));
#3896 = ( GEOMETRIC_REPRESENTATION_CONTEXT(2) 
PARAMETRIC_REPRESENTATION_CONTEXT() REPRESENTATION_CONTEXT('2D SPACE',''
  ) );
#3897 = ORIENTED_EDGE('',*,*,#611,.T.);
#3898 = ORIENTED_EDGE('',*,*,#3826,.F.);
#3899 = ORIENTED_EDGE('',*,*,#3900,.F.);
#3900 = EDGE_CURVE('',#3876,#3827,#3901,.T.);
#3901 = SURFACE_CURVE('',#3902,(#3906,#3913),.PCURVE_S1.);
#3902 = B_SPLINE_CURVE_WITH_KNOTS('',2,(#3903,#3904,#3905),
  .UNSPECIFIED.,.F.,.F.,(3,3),(0.,1.),.PIECEWISE_BEZIER_KNOTS.);
#3903 = CARTESIAN_POINT('',(2.423654665765,-2.627850720913,1.8));
#3904 = CARTESIAN_POINT('',(2.637616564842,-2.194444383488,1.8));
#3905 = CARTESIAN_POINT('',(2.637616564842,-1.62386741366,1.8));
#3906 = PCURVE('',#627,#3907);
#3907 = DEFINITIONAL_REPRESENTATION('',(#3908),#3912);
#3908 = LINE('',#3909,#3910);
#3909 = CARTESIAN_POINT('',(0.,0.));
#3910 = VECTOR('',#3911,1.);
#3911 = DIRECTION('',(1.,0.));
#3912 = ( GEOMETRIC_REPRESENTATION_CONTEXT(2) 
PARAMETRIC_REPRESENTATION_CONTEXT() REPRESENTATION_CONTEXT('2D SPACE',''
  ) );
#3913 = PCURVE('',#1900,#3914);
#3914 = DEFINITIONAL_REPRESENTATION('',(#3915),#3919);
#3915 = B_SPLINE_CURVE_WITH_KNOTS('',2,(#3916,#3917,#3918),
  .UNSPECIFIED.,.F.,.F.,(3,3),(0.,1.),.PIECEWISE_BEZIER_KNOTS.);
#3916 = CARTESIAN_POINT('',(5.414802231316,1.168530919147));
#3917 = CARTESIAN_POINT('',(5.628764130393,1.601937256572));
#3918 = CARTESIAN_POINT('',(5.628764130393,2.1725142264));
#3919 = ( GEOMETRIC_REPRESENTATION_CONTEXT(2) 
PARAMETRIC_REPRESENTATION_CONTEXT() REPRESENTATION_CONTEXT('2D SPACE',''
  ) );
#3920 = ADVANCED_FACE('',(#3921),#597,.T.);
#3921 = FACE_BOUND('',#3922,.T.);
#3922 = EDGE_LOOP('',(#3923,#3946,#3947,#3948));
#3923 = ORIENTED_EDGE('',*,*,#3924,.T.);
#3924 = EDGE_CURVE('',#3925,#552,#3927,.T.);
#3925 = VERTEX_POINT('',#3926);
#3926 = CARTESIAN_POINT('',(1.8476130151,-3.357492763362,1.8));
#3927 = SURFACE_CURVE('',#3928,(#3932,#3939),.PCURVE_S1.);
#3928 = LINE('',#3929,#3930);
#3929 = CARTESIAN_POINT('',(1.8476130151,-3.357492763362,1.8));
#3930 = VECTOR('',#3931,1.);
#3931 = DIRECTION('',(0.,0.,1.));
#3932 = PCURVE('',#597,#3933);
#3933 = DEFINITIONAL_REPRESENTATION('',(#3934),#3938);
#3934 = LINE('',#3935,#3936);
#3935 = CARTESIAN_POINT('',(0.,0.));
#3936 = VECTOR('',#3937,1.);
#3937 = DIRECTION('',(0.,-1.));
#3938 = ( GEOMETRIC_REPRESENTATION_CONTEXT(2) 
PARAMETRIC_REPRESENTATION_CONTEXT() REPRESENTATION_CONTEXT('2D SPACE',''
  ) );
#3939 = PCURVE('',#567,#3940);
#3940 = DEFINITIONAL_REPRESENTATION('',(#3941),#3945);
#3941 = LINE('',#3942,#3943);
#3942 = CARTESIAN_POINT('',(1.,0.));
#3943 = VECTOR('',#3944,1.);
#3944 = DIRECTION('',(0.,-1.));
#3945 = ( GEOMETRIC_REPRESENTATION_CONTEXT(2) 
PARAMETRIC_REPRESENTATION_CONTEXT() REPRESENTATION_CONTEXT('2D SPACE',''
  ) );
#3946 = ORIENTED_EDGE('',*,*,#581,.T.);
#3947 = ORIENTED_EDGE('',*,*,#3875,.F.);
#3948 = ORIENTED_EDGE('',*,*,#3949,.F.);
#3949 = EDGE_CURVE('',#3925,#3876,#3950,.T.);
#3950 = SURFACE_CURVE('',#3951,(#3955,#3962),.PCURVE_S1.);
#3951 = B_SPLINE_CURVE_WITH_KNOTS('',2,(#3952,#3953,#3954),
  .UNSPECIFIED.,.F.,.F.,(3,3),(0.,1.),.PIECEWISE_BEZIER_KNOTS.);
#3952 = CARTESIAN_POINT('',(1.8476130151,-3.357492763362,1.8));
#3953 = CARTESIAN_POINT('',(2.209692766688,-3.061257058339,1.8));
#3954 = CARTESIAN_POINT('',(2.423654665765,-2.627850720913,1.8));
#3955 = PCURVE('',#597,#3956);
#3956 = DEFINITIONAL_REPRESENTATION('',(#3957),#3961);
#3957 = LINE('',#3958,#3959);
#3958 = CARTESIAN_POINT('',(0.,0.));
#3959 = VECTOR('',#3960,1.);
#3960 = DIRECTION('',(1.,0.));
#3961 = ( GEOMETRIC_REPRESENTATION_CONTEXT(2) 
PARAMETRIC_REPRESENTATION_CONTEXT() REPRESENTATION_CONTEXT('2D SPACE',''
  ) );
#3962 = PCURVE('',#1900,#3963);
#3963 = DEFINITIONAL_REPRESENTATION('',(#3964),#3968);
#3964 = B_SPLINE_CURVE_WITH_KNOTS('',2,(#3965,#3966,#3967),
  .UNSPECIFIED.,.F.,.F.,(3,3),(0.,1.),.PIECEWISE_BEZIER_KNOTS.);
#3965 = CARTESIAN_POINT('',(4.838760580651,0.438888876698));
#3966 = CARTESIAN_POINT('',(5.200840332239,0.735124581721));
#3967 = CARTESIAN_POINT('',(5.414802231316,1.168530919147));
#3968 = ( GEOMETRIC_REPRESENTATION_CONTEXT(2) 
PARAMETRIC_REPRESENTATION_CONTEXT() REPRESENTATION_CONTEXT('2D SPACE',''
  ) );
#3969 = ADVANCED_FACE('',(#3970),#567,.T.);
#3970 = FACE_BOUND('',#3971,.T.);
#3971 = EDGE_LOOP('',(#3972,#3995,#3996,#3997));
#3972 = ORIENTED_EDGE('',*,*,#3973,.T.);
#3973 = EDGE_CURVE('',#3974,#522,#3976,.T.);
#3974 = VERTEX_POINT('',#3975);
#3975 = CARTESIAN_POINT('',(1.00274835577,-3.801864179332,1.8));
#3976 = SURFACE_CURVE('',#3977,(#3981,#3988),.PCURVE_S1.);
#3977 = LINE('',#3978,#3979);
#3978 = CARTESIAN_POINT('',(1.00274835577,-3.801864179332,1.8));
#3979 = VECTOR('',#3980,1.);
#3980 = DIRECTION('',(0.,0.,1.));
#3981 = PCURVE('',#567,#3982);
#3982 = DEFINITIONAL_REPRESENTATION('',(#3983),#3987);
#3983 = LINE('',#3984,#3985);
#3984 = CARTESIAN_POINT('',(0.,0.));
#3985 = VECTOR('',#3986,1.);
#3986 = DIRECTION('',(0.,-1.));
#3987 = ( GEOMETRIC_REPRESENTATION_CONTEXT(2) 
PARAMETRIC_REPRESENTATION_CONTEXT() REPRESENTATION_CONTEXT('2D SPACE',''
  ) );
#3988 = PCURVE('',#537,#3989);
#3989 = DEFINITIONAL_REPRESENTATION('',(#3990),#3994);
#3990 = LINE('',#3991,#3992);
#3991 = CARTESIAN_POINT('',(1.,0.));
#3992 = VECTOR('',#3993,1.);
#3993 = DIRECTION('',(0.,-1.));
#3994 = ( GEOMETRIC_REPRESENTATION_CONTEXT(2) 
PARAMETRIC_REPRESENTATION_CONTEXT() REPRESENTATION_CONTEXT('2D SPACE',''
  ) );
#3995 = ORIENTED_EDGE('',*,*,#551,.T.);
#3996 = ORIENTED_EDGE('',*,*,#3924,.F.);
#3997 = ORIENTED_EDGE('',*,*,#3998,.F.);
#3998 = EDGE_CURVE('',#3974,#3925,#3999,.T.);
#3999 = SURFACE_CURVE('',#4000,(#4004,#4011),.PCURVE_S1.);
#4000 = B_SPLINE_CURVE_WITH_KNOTS('',2,(#4001,#4002,#4003),
  .UNSPECIFIED.,.F.,.F.,(3,3),(0.,1.),.PIECEWISE_BEZIER_KNOTS.);
#4001 = CARTESIAN_POINT('',(1.00274835577,-3.801864179332,1.8));
#4002 = CARTESIAN_POINT('',(1.485533263511,-3.653728468386,1.8));
#4003 = CARTESIAN_POINT('',(1.8476130151,-3.357492763362,1.8));
#4004 = PCURVE('',#567,#4005);
#4005 = DEFINITIONAL_REPRESENTATION('',(#4006),#4010);
#4006 = LINE('',#4007,#4008);
#4007 = CARTESIAN_POINT('',(0.,0.));
#4008 = VECTOR('',#4009,1.);
#4009 = DIRECTION('',(1.,0.));
#4010 = ( GEOMETRIC_REPRESENTATION_CONTEXT(2) 
PARAMETRIC_REPRESENTATION_CONTEXT() REPRESENTATION_CONTEXT('2D SPACE',''
  ) );
#4011 = PCURVE('',#1900,#4012);
#4012 = DEFINITIONAL_REPRESENTATION('',(#4013),#4017);
#4013 = B_SPLINE_CURVE_WITH_KNOTS('',2,(#4014,#4015,#4016),
  .UNSPECIFIED.,.F.,.F.,(3,3),(0.,1.),.PIECEWISE_BEZIER_KNOTS.);
#4014 = CARTESIAN_POINT('',(3.993895921321,-5.482539271897E-03));
#4015 = CARTESIAN_POINT('',(4.476680829062,0.142653171674));
#4016 = CARTESIAN_POINT('',(4.838760580651,0.438888876698));
#4017 = ( GEOMETRIC_REPRESENTATION_CONTEXT(2) 
PARAMETRIC_REPRESENTATION_CONTEXT() REPRESENTATION_CONTEXT('2D SPACE',''
  ) );
#4018 = ADVANCED_FACE('',(#4019),#537,.T.);
#4019 = FACE_BOUND('',#4020,.T.);
#4020 = EDGE_LOOP('',(#4021,#4044,#4045,#4046));
#4021 = ORIENTED_EDGE('',*,*,#4022,.T.);
#4022 = EDGE_CURVE('',#4023,#492,#4025,.T.);
#4023 = VERTEX_POINT('',#4024);
#4024 = CARTESIAN_POINT('',(-6.71749075522E-03,-3.949999890278,1.8));
#4025 = SURFACE_CURVE('',#4026,(#4030,#4037),.PCURVE_S1.);
#4026 = LINE('',#4027,#4028);
#4027 = CARTESIAN_POINT('',(-6.71749075522E-03,-3.949999890278,1.8));
#4028 = VECTOR('',#4029,1.);
#4029 = DIRECTION('',(0.,0.,1.));
#4030 = PCURVE('',#537,#4031);
#4031 = DEFINITIONAL_REPRESENTATION('',(#4032),#4036);
#4032 = LINE('',#4033,#4034);
#4033 = CARTESIAN_POINT('',(0.,0.));
#4034 = VECTOR('',#4035,1.);
#4035 = DIRECTION('',(0.,-1.));
#4036 = ( GEOMETRIC_REPRESENTATION_CONTEXT(2) 
PARAMETRIC_REPRESENTATION_CONTEXT() REPRESENTATION_CONTEXT('2D SPACE',''
  ) );
#4037 = PCURVE('',#507,#4038);
#4038 = DEFINITIONAL_REPRESENTATION('',(#4039),#4043);
#4039 = LINE('',#4040,#4041);
#4040 = CARTESIAN_POINT('',(1.,0.));
#4041 = VECTOR('',#4042,1.);
#4042 = DIRECTION('',(0.,-1.));
#4043 = ( GEOMETRIC_REPRESENTATION_CONTEXT(2) 
PARAMETRIC_REPRESENTATION_CONTEXT() REPRESENTATION_CONTEXT('2D SPACE',''
  ) );
#4044 = ORIENTED_EDGE('',*,*,#521,.T.);
#4045 = ORIENTED_EDGE('',*,*,#3973,.F.);
#4046 = ORIENTED_EDGE('',*,*,#4047,.F.);
#4047 = EDGE_CURVE('',#4023,#3974,#4048,.T.);
#4048 = SURFACE_CURVE('',#4049,(#4053,#4060),.PCURVE_S1.);
#4049 = B_SPLINE_CURVE_WITH_KNOTS('',2,(#4050,#4051,#4052),
  .UNSPECIFIED.,.F.,.F.,(3,3),(0.,1.),.PIECEWISE_BEZIER_KNOTS.);
#4050 = CARTESIAN_POINT('',(-6.71749075522E-03,-3.949999890278,1.8));
#4051 = CARTESIAN_POINT('',(0.519963448029,-3.949999890278,1.8));
#4052 = CARTESIAN_POINT('',(1.00274835577,-3.801864179332,1.8));
#4053 = PCURVE('',#537,#4054);
#4054 = DEFINITIONAL_REPRESENTATION('',(#4055),#4059);
#4055 = LINE('',#4056,#4057);
#4056 = CARTESIAN_POINT('',(0.,0.));
#4057 = VECTOR('',#4058,1.);
#4058 = DIRECTION('',(1.,0.));
#4059 = ( GEOMETRIC_REPRESENTATION_CONTEXT(2) 
PARAMETRIC_REPRESENTATION_CONTEXT() REPRESENTATION_CONTEXT('2D SPACE',''
  ) );
#4060 = PCURVE('',#1900,#4061);
#4061 = DEFINITIONAL_REPRESENTATION('',(#4062),#4066);
#4062 = B_SPLINE_CURVE_WITH_KNOTS('',2,(#4063,#4064,#4065),
  .UNSPECIFIED.,.F.,.F.,(3,3),(0.,1.),.PIECEWISE_BEZIER_KNOTS.);
#4063 = CARTESIAN_POINT('',(2.984430074796,-0.153618250218));
#4064 = CARTESIAN_POINT('',(3.51111101358,-0.153618250218));
#4065 = CARTESIAN_POINT('',(3.993895921321,-5.482539271897E-03));
#4066 = ( GEOMETRIC_REPRESENTATION_CONTEXT(2) 
PARAMETRIC_REPRESENTATION_CONTEXT() REPRESENTATION_CONTEXT('2D SPACE',''
  ) );
#4067 = ADVANCED_FACE('',(#4068),#507,.T.);
#4068 = FACE_BOUND('',#4069,.T.);
#4069 = EDGE_LOOP('',(#4070,#4093,#4094,#4095));
#4070 = ORIENTED_EDGE('',*,*,#4071,.T.);
#4071 = EDGE_CURVE('',#4072,#462,#4074,.T.);
#4072 = VERTEX_POINT('',#4073);
#4073 = CARTESIAN_POINT('',(-1.098439284793,-3.774433624538,1.8));
#4074 = SURFACE_CURVE('',#4075,(#4079,#4086),.PCURVE_S1.);
#4075 = LINE('',#4076,#4077);
#4076 = CARTESIAN_POINT('',(-1.098439284793,-3.774433624538,1.8));
#4077 = VECTOR('',#4078,1.);
#4078 = DIRECTION('',(0.,0.,1.));
#4079 = PCURVE('',#507,#4080);
#4080 = DEFINITIONAL_REPRESENTATION('',(#4081),#4085);
#4081 = LINE('',#4082,#4083);
#4082 = CARTESIAN_POINT('',(0.,0.));
#4083 = VECTOR('',#4084,1.);
#4084 = DIRECTION('',(0.,-1.));
#4085 = ( GEOMETRIC_REPRESENTATION_CONTEXT(2) 
PARAMETRIC_REPRESENTATION_CONTEXT() REPRESENTATION_CONTEXT('2D SPACE',''
  ) );
#4086 = PCURVE('',#477,#4087);
#4087 = DEFINITIONAL_REPRESENTATION('',(#4088),#4092);
#4088 = LINE('',#4089,#4090);
#4089 = CARTESIAN_POINT('',(1.,0.));
#4090 = VECTOR('',#4091,1.);
#4091 = DIRECTION('',(0.,-1.));
#4092 = ( GEOMETRIC_REPRESENTATION_CONTEXT(2) 
PARAMETRIC_REPRESENTATION_CONTEXT() REPRESENTATION_CONTEXT('2D SPACE',''
  ) );
#4093 = ORIENTED_EDGE('',*,*,#491,.T.);
#4094 = ORIENTED_EDGE('',*,*,#4022,.F.);
#4095 = ORIENTED_EDGE('',*,*,#4096,.F.);
#4096 = EDGE_CURVE('',#4072,#4023,#4097,.T.);
#4097 = SURFACE_CURVE('',#4098,(#4102,#4109),.PCURVE_S1.);
#4098 = B_SPLINE_CURVE_WITH_KNOTS('',2,(#4099,#4100,#4101),
  .UNSPECIFIED.,.F.,.F.,(3,3),(0.,1.),.PIECEWISE_BEZIER_KNOTS.);
#4099 = CARTESIAN_POINT('',(-1.098439284793,-3.774433624538,1.8));
#4100 = CARTESIAN_POINT('',(-0.599188900802,-3.949999890278,1.8));
#4101 = CARTESIAN_POINT('',(-6.71749075522E-03,-3.949999890278,1.8));
#4102 = PCURVE('',#507,#4103);
#4103 = DEFINITIONAL_REPRESENTATION('',(#4104),#4108);
#4104 = LINE('',#4105,#4106);
#4105 = CARTESIAN_POINT('',(0.,0.));
#4106 = VECTOR('',#4107,1.);
#4107 = DIRECTION('',(1.,0.));
#4108 = ( GEOMETRIC_REPRESENTATION_CONTEXT(2) 
PARAMETRIC_REPRESENTATION_CONTEXT() REPRESENTATION_CONTEXT('2D SPACE',''
  ) );
#4109 = PCURVE('',#1900,#4110);
#4110 = DEFINITIONAL_REPRESENTATION('',(#4111),#4115);
#4111 = B_SPLINE_CURVE_WITH_KNOTS('',2,(#4112,#4113,#4114),
  .UNSPECIFIED.,.F.,.F.,(3,3),(0.,1.),.PIECEWISE_BEZIER_KNOTS.);
#4112 = CARTESIAN_POINT('',(1.892708280758,2.19480155217E-02));
#4113 = CARTESIAN_POINT('',(2.391958664749,-0.153618250218));
#4114 = CARTESIAN_POINT('',(2.984430074796,-0.153618250218));
#4115 = ( GEOMETRIC_REPRESENTATION_CONTEXT(2) 
PARAMETRIC_REPRESENTATION_CONTEXT() REPRESENTATION_CONTEXT('2D SPACE',''
  ) );
#4116 = ADVANCED_FACE('',(#4117),#477,.T.);
#4117 = FACE_BOUND('',#4118,.T.);
#4118 = EDGE_LOOP('',(#4119,#4142,#4143,#4144));
#4119 = ORIENTED_EDGE('',*,*,#4120,.T.);
#4120 = EDGE_CURVE('',#4121,#432,#4123,.T.);
#4121 = VERTEX_POINT('',#4122);
#4122 = CARTESIAN_POINT('',(-1.954286881101,-3.269700701276,1.8));
#4123 = SURFACE_CURVE('',#4124,(#4128,#4135),.PCURVE_S1.);
#4124 = LINE('',#4125,#4126);
#4125 = CARTESIAN_POINT('',(-1.954286881101,-3.269700701276,1.8));
#4126 = VECTOR('',#4127,1.);
#4127 = DIRECTION('',(0.,0.,1.));
#4128 = PCURVE('',#477,#4129);
#4129 = DEFINITIONAL_REPRESENTATION('',(#4130),#4134);
#4130 = LINE('',#4131,#4132);
#4131 = CARTESIAN_POINT('',(0.,0.));
#4132 = VECTOR('',#4133,1.);
#4133 = DIRECTION('',(0.,-1.));
#4134 = ( GEOMETRIC_REPRESENTATION_CONTEXT(2) 
PARAMETRIC_REPRESENTATION_CONTEXT() REPRESENTATION_CONTEXT('2D SPACE',''
  ) );
#4135 = PCURVE('',#447,#4136);
#4136 = DEFINITIONAL_REPRESENTATION('',(#4137),#4141);
#4137 = LINE('',#4138,#4139);
#4138 = CARTESIAN_POINT('',(1.,0.));
#4139 = VECTOR('',#4140,1.);
#4140 = DIRECTION('',(0.,-1.));
#4141 = ( GEOMETRIC_REPRESENTATION_CONTEXT(2) 
PARAMETRIC_REPRESENTATION_CONTEXT() REPRESENTATION_CONTEXT('2D SPACE',''
  ) );
#4142 = ORIENTED_EDGE('',*,*,#461,.T.);
#4143 = ORIENTED_EDGE('',*,*,#4071,.F.);
#4144 = ORIENTED_EDGE('',*,*,#4145,.F.);
#4145 = EDGE_CURVE('',#4121,#4072,#4146,.T.);
#4146 = SURFACE_CURVE('',#4147,(#4151,#4158),.PCURVE_S1.);
#4147 = B_SPLINE_CURVE_WITH_KNOTS('',2,(#4148,#4149,#4150),
  .UNSPECIFIED.,.F.,.F.,(3,3),(0.,1.),.PIECEWISE_BEZIER_KNOTS.);
#4148 = CARTESIAN_POINT('',(-1.954286881101,-3.269700701276,1.8));
#4149 = CARTESIAN_POINT('',(-1.597689668784,-3.598867358799,1.8));
#4150 = CARTESIAN_POINT('',(-1.098439284793,-3.774433624538,1.8));
#4151 = PCURVE('',#477,#4152);
#4152 = DEFINITIONAL_REPRESENTATION('',(#4153),#4157);
#4153 = LINE('',#4154,#4155);
#4154 = CARTESIAN_POINT('',(0.,0.));
#4155 = VECTOR('',#4156,1.);
#4156 = DIRECTION('',(1.,0.));
#4157 = ( GEOMETRIC_REPRESENTATION_CONTEXT(2) 
PARAMETRIC_REPRESENTATION_CONTEXT() REPRESENTATION_CONTEXT('2D SPACE',''
  ) );
#4158 = PCURVE('',#1900,#4159);
#4159 = DEFINITIONAL_REPRESENTATION('',(#4160),#4164);
#4160 = B_SPLINE_CURVE_WITH_KNOTS('',2,(#4161,#4162,#4163),
  .UNSPECIFIED.,.F.,.F.,(3,3),(0.,1.),.PIECEWISE_BEZIER_KNOTS.);
#4161 = CARTESIAN_POINT('',(1.036860684451,0.526680938784));
#4162 = CARTESIAN_POINT('',(1.393457896767,0.197514281261));
#4163 = CARTESIAN_POINT('',(1.892708280758,2.19480155217E-02));
#4164 = ( GEOMETRIC_REPRESENTATION_CONTEXT(2) 
PARAMETRIC_REPRESENTATION_CONTEXT() REPRESENTATION_CONTEXT('2D SPACE',''
  ) );
#4165 = ADVANCED_FACE('',(#4166),#447,.T.);
#4166 = FACE_BOUND('',#4167,.T.);
#4167 = EDGE_LOOP('',(#4168,#4191,#4192,#4193));
#4168 = ORIENTED_EDGE('',*,*,#4169,.T.);
#4169 = EDGE_CURVE('',#4170,#402,#4172,.T.);
#4170 = VERTEX_POINT('',#4171);
#4171 = CARTESIAN_POINT('',(-2.491915039995,-2.457766994446,1.8));
#4172 = SURFACE_CURVE('',#4173,(#4177,#4184),.PCURVE_S1.);
#4173 = LINE('',#4174,#4175);
#4174 = CARTESIAN_POINT('',(-2.491915039995,-2.457766994446,1.8));
#4175 = VECTOR('',#4176,1.);
#4176 = DIRECTION('',(0.,0.,1.));
#4177 = PCURVE('',#447,#4178);
#4178 = DEFINITIONAL_REPRESENTATION('',(#4179),#4183);
#4179 = LINE('',#4180,#4181);
#4180 = CARTESIAN_POINT('',(0.,0.));
#4181 = VECTOR('',#4182,1.);
#4182 = DIRECTION('',(0.,-1.));
#4183 = ( GEOMETRIC_REPRESENTATION_CONTEXT(2) 
PARAMETRIC_REPRESENTATION_CONTEXT() REPRESENTATION_CONTEXT('2D SPACE',''
  ) );
#4184 = PCURVE('',#417,#4185);
#4185 = DEFINITIONAL_REPRESENTATION('',(#4186),#4190);
#4186 = LINE('',#4187,#4188);
#4187 = CARTESIAN_POINT('',(1.,0.));
#4188 = VECTOR('',#4189,1.);
#4189 = DIRECTION('',(0.,-1.));
#4190 = ( GEOMETRIC_REPRESENTATION_CONTEXT(2) 
PARAMETRIC_REPRESENTATION_CONTEXT() REPRESENTATION_CONTEXT('2D SPACE',''
  ) );
#4191 = ORIENTED_EDGE('',*,*,#431,.T.);
#4192 = ORIENTED_EDGE('',*,*,#4120,.F.);
#4193 = ORIENTED_EDGE('',*,*,#4194,.F.);
#4194 = EDGE_CURVE('',#4170,#4121,#4195,.T.);
#4195 = SURFACE_CURVE('',#4196,(#4200,#4207),.PCURVE_S1.);
#4196 = B_SPLINE_CURVE_WITH_KNOTS('',2,(#4197,#4198,#4199),
  .UNSPECIFIED.,.F.,.F.,(3,3),(0.,1.),.PIECEWISE_BEZIER_KNOTS.);
#4197 = CARTESIAN_POINT('',(-2.491915039995,-2.457766994446,1.8));
#4198 = CARTESIAN_POINT('',(-2.310884093417,-2.940534043753,1.8));
#4199 = CARTESIAN_POINT('',(-1.954286881101,-3.269700701276,1.8));
#4200 = PCURVE('',#447,#4201);
#4201 = DEFINITIONAL_REPRESENTATION('',(#4202),#4206);
#4202 = LINE('',#4203,#4204);
#4203 = CARTESIAN_POINT('',(0.,0.));
#4204 = VECTOR('',#4205,1.);
#4205 = DIRECTION('',(1.,0.));
#4206 = ( GEOMETRIC_REPRESENTATION_CONTEXT(2) 
PARAMETRIC_REPRESENTATION_CONTEXT() REPRESENTATION_CONTEXT('2D SPACE',''
  ) );
#4207 = PCURVE('',#1900,#4208);
#4208 = DEFINITIONAL_REPRESENTATION('',(#4209),#4213);
#4209 = B_SPLINE_CURVE_WITH_KNOTS('',2,(#4210,#4211,#4212),
  .UNSPECIFIED.,.F.,.F.,(3,3),(0.,1.),.PIECEWISE_BEZIER_KNOTS.);
#4210 = CARTESIAN_POINT('',(0.499232525557,1.338614645614));
#4211 = CARTESIAN_POINT('',(0.680263472134,0.855847596307));
#4212 = CARTESIAN_POINT('',(1.036860684451,0.526680938784));
#4213 = ( GEOMETRIC_REPRESENTATION_CONTEXT(2) 
PARAMETRIC_REPRESENTATION_CONTEXT() REPRESENTATION_CONTEXT('2D SPACE',''
  ) );
#4214 = ADVANCED_FACE('',(#4215),#417,.T.);
#4215 = FACE_BOUND('',#4216,.T.);
#4216 = EDGE_LOOP('',(#4217,#4240,#4241,#4242));
#4217 = ORIENTED_EDGE('',*,*,#4218,.T.);
#4218 = EDGE_CURVE('',#4219,#374,#4221,.T.);
#4219 = VERTEX_POINT('',#4220);
#4220 = CARTESIAN_POINT('',(-2.629049955528,-1.349561865724,1.8));
#4221 = SURFACE_CURVE('',#4222,(#4226,#4233),.PCURVE_S1.);
#4222 = LINE('',#4223,#4224);
#4223 = CARTESIAN_POINT('',(-2.629049955528,-1.349561865724,1.8));
#4224 = VECTOR('',#4225,1.);
#4225 = DIRECTION('',(0.,0.,1.));
#4226 = PCURVE('',#417,#4227);
#4227 = DEFINITIONAL_REPRESENTATION('',(#4228),#4232);
#4228 = LINE('',#4229,#4230);
#4229 = CARTESIAN_POINT('',(0.,0.));
#4230 = VECTOR('',#4231,1.);
#4231 = DIRECTION('',(0.,-1.));
#4232 = ( GEOMETRIC_REPRESENTATION_CONTEXT(2) 
PARAMETRIC_REPRESENTATION_CONTEXT() REPRESENTATION_CONTEXT('2D SPACE',''
  ) );
#4233 = PCURVE('',#389,#4234);
#4234 = DEFINITIONAL_REPRESENTATION('',(#4235),#4239);
#4235 = LINE('',#4236,#4237);
#4236 = CARTESIAN_POINT('',(0.691228550678,0.));
#4237 = VECTOR('',#4238,1.);
#4238 = DIRECTION('',(0.,-1.));
#4239 = ( GEOMETRIC_REPRESENTATION_CONTEXT(2) 
PARAMETRIC_REPRESENTATION_CONTEXT() REPRESENTATION_CONTEXT('2D SPACE',''
  ) );
#4240 = ORIENTED_EDGE('',*,*,#401,.T.);
#4241 = ORIENTED_EDGE('',*,*,#4169,.F.);
#4242 = ORIENTED_EDGE('',*,*,#4243,.F.);
#4243 = EDGE_CURVE('',#4219,#4170,#4244,.T.);
#4244 = SURFACE_CURVE('',#4245,(#4249,#4256),.PCURVE_S1.);
#4245 = B_SPLINE_CURVE_WITH_KNOTS('',2,(#4246,#4247,#4248),
  .UNSPECIFIED.,.F.,.F.,(3,3),(0.,1.),.PIECEWISE_BEZIER_KNOTS.);
#4246 = CARTESIAN_POINT('',(-2.629049955528,-1.349561865724,1.8));
#4247 = CARTESIAN_POINT('',(-2.672945986572,-1.974999945139,1.8));
#4248 = CARTESIAN_POINT('',(-2.491915039995,-2.457766994446,1.8));
#4249 = PCURVE('',#417,#4250);
#4250 = DEFINITIONAL_REPRESENTATION('',(#4251),#4255);
#4251 = LINE('',#4252,#4253);
#4252 = CARTESIAN_POINT('',(0.,0.));
#4253 = VECTOR('',#4254,1.);
#4254 = DIRECTION('',(1.,0.));
#4255 = ( GEOMETRIC_REPRESENTATION_CONTEXT(2) 
PARAMETRIC_REPRESENTATION_CONTEXT() REPRESENTATION_CONTEXT('2D SPACE',''
  ) );
#4256 = PCURVE('',#1900,#4257);
#4257 = DEFINITIONAL_REPRESENTATION('',(#4258),#4262);
#4258 = B_SPLINE_CURVE_WITH_KNOTS('',2,(#4259,#4260,#4261),
  .UNSPECIFIED.,.F.,.F.,(3,3),(0.,1.),.PIECEWISE_BEZIER_KNOTS.);
#4259 = CARTESIAN_POINT('',(0.362097610023,2.446819774336));
#4260 = CARTESIAN_POINT('',(0.318201578979,1.821381694921));
#4261 = CARTESIAN_POINT('',(0.499232525557,1.338614645614));
#4262 = ( GEOMETRIC_REPRESENTATION_CONTEXT(2) 
PARAMETRIC_REPRESENTATION_CONTEXT() REPRESENTATION_CONTEXT('2D SPACE',''
  ) );
#4263 = ADVANCED_FACE('',(#4264),#389,.T.);
#4264 = FACE_BOUND('',#4265,.T.);
#4265 = EDGE_LOOP('',(#4266,#4267,#4268,#4269));
#4266 = ORIENTED_EDGE('',*,*,#1863,.T.);
#4267 = ORIENTED_EDGE('',*,*,#373,.T.);
#4268 = ORIENTED_EDGE('',*,*,#4218,.F.);
#4269 = ORIENTED_EDGE('',*,*,#4270,.F.);
#4270 = EDGE_CURVE('',#1864,#4219,#4271,.T.);
#4271 = SURFACE_CURVE('',#4272,(#4276,#4283),.PCURVE_S1.);
#4272 = LINE('',#4273,#4274);
#4273 = CARTESIAN_POINT('',(-1.937821404851,-1.349561865724,1.8));
#4274 = VECTOR('',#4275,1.);
#4275 = DIRECTION('',(-1.,0.,0.));
#4276 = PCURVE('',#389,#4277);
#4277 = DEFINITIONAL_REPRESENTATION('',(#4278),#4282);
#4278 = LINE('',#4279,#4280);
#4279 = CARTESIAN_POINT('',(0.,-0.));
#4280 = VECTOR('',#4281,1.);
#4281 = DIRECTION('',(1.,0.));
#4282 = ( GEOMETRIC_REPRESENTATION_CONTEXT(2) 
PARAMETRIC_REPRESENTATION_CONTEXT() REPRESENTATION_CONTEXT('2D SPACE',''
  ) );
#4283 = PCURVE('',#1900,#4284);
#4284 = DEFINITIONAL_REPRESENTATION('',(#4285),#4289);
#4285 = LINE('',#4286,#4287);
#4286 = CARTESIAN_POINT('',(1.0533261607,2.446819774336));
#4287 = VECTOR('',#4288,1.);
#4288 = DIRECTION('',(-1.,0.));
#4289 = ( GEOMETRIC_REPRESENTATION_CONTEXT(2) 
PARAMETRIC_REPRESENTATION_CONTEXT() REPRESENTATION_CONTEXT('2D SPACE',''
  ) );
#4290 = ADVANCED_FACE('',(#4291),#1900,.T.);
#4291 = FACE_BOUND('',#4292,.T.);
#4292 = EDGE_LOOP('',(#4293,#4294,#4295,#4296,#4297,#4298,#4299,#4300,
    #4301,#4302,#4303,#4304,#4305,#4306,#4307,#4308,#4309,#4310,#4311,
    #4312,#4313,#4314,#4315,#4316,#4317,#4318,#4319,#4320,#4321,#4322,
    #4323,#4324,#4325,#4326,#4327,#4328,#4329,#4330,#4331,#4332,#4333,
    #4334,#4335,#4336,#4337,#4338,#4339,#4340,#4341,#4342));
#4293 = ORIENTED_EDGE('',*,*,#4270,.T.);
#4294 = ORIENTED_EDGE('',*,*,#4243,.T.);
#4295 = ORIENTED_EDGE('',*,*,#4194,.T.);
#4296 = ORIENTED_EDGE('',*,*,#4145,.T.);
#4297 = ORIENTED_EDGE('',*,*,#4096,.T.);
#4298 = ORIENTED_EDGE('',*,*,#4047,.T.);
#4299 = ORIENTED_EDGE('',*,*,#3998,.T.);
#4300 = ORIENTED_EDGE('',*,*,#3949,.T.);
#4301 = ORIENTED_EDGE('',*,*,#3900,.T.);
#4302 = ORIENTED_EDGE('',*,*,#3851,.T.);
#4303 = ORIENTED_EDGE('',*,*,#3802,.T.);
#4304 = ORIENTED_EDGE('',*,*,#3753,.T.);
#4305 = ORIENTED_EDGE('',*,*,#3704,.T.);
#4306 = ORIENTED_EDGE('',*,*,#3655,.T.);
#4307 = ORIENTED_EDGE('',*,*,#3606,.T.);
#4308 = ORIENTED_EDGE('',*,*,#3557,.T.);
#4309 = ORIENTED_EDGE('',*,*,#3508,.T.);
#4310 = ORIENTED_EDGE('',*,*,#3459,.T.);
#4311 = ORIENTED_EDGE('',*,*,#3410,.T.);
#4312 = ORIENTED_EDGE('',*,*,#3361,.T.);
#4313 = ORIENTED_EDGE('',*,*,#3312,.T.);
#4314 = ORIENTED_EDGE('',*,*,#3263,.T.);
#4315 = ORIENTED_EDGE('',*,*,#3214,.T.);
#4316 = ORIENTED_EDGE('',*,*,#3165,.T.);
#4317 = ORIENTED_EDGE('',*,*,#3116,.T.);
#4318 = ORIENTED_EDGE('',*,*,#3067,.T.);
#4319 = ORIENTED_EDGE('',*,*,#3018,.T.);
#4320 = ORIENTED_EDGE('',*,*,#2969,.T.);
#4321 = ORIENTED_EDGE('',*,*,#2920,.T.);
#4322 = ORIENTED_EDGE('',*,*,#2871,.T.);
#4323 = ORIENTED_EDGE('',*,*,#2822,.T.);
#4324 = ORIENTED_EDGE('',*,*,#2773,.T.);
#4325 = ORIENTED_EDGE('',*,*,#2724,.T.);
#4326 = ORIENTED_EDGE('',*,*,#2675,.T.);
#4327 = ORIENTED_EDGE('',*,*,#2626,.T.);
#4328 = ORIENTED_EDGE('',*,*,#2577,.T.);
#4329 = ORIENTED_EDGE('',*,*,#2528,.T.);
#4330 = ORIENTED_EDGE('',*,*,#2479,.T.);
#4331 = ORIENTED_EDGE('',*,*,#2430,.T.);
#4332 = ORIENTED_EDGE('',*,*,#2381,.T.);
#4333 = ORIENTED_EDGE('',*,*,#2332,.T.);
#4334 = ORIENTED_EDGE('',*,*,#2283,.T.);
#4335 = ORIENTED_EDGE('',*,*,#2234,.T.);
#4336 = ORIENTED_EDGE('',*,*,#2185,.T.);
#4337 = ORIENTED_EDGE('',*,*,#2136,.T.);
#4338 = ORIENTED_EDGE('',*,*,#2087,.T.);
#4339 = ORIENTED_EDGE('',*,*,#2038,.T.);
#4340 = ORIENTED_EDGE('',*,*,#1989,.T.);
#4341 = ORIENTED_EDGE('',*,*,#1940,.T.);
#4342 = ORIENTED_EDGE('',*,*,#1886,.T.);
#4343 = ( GEOMETRIC_REPRESENTATION_CONTEXT(3) 
GLOBAL_UNCERTAINTY_ASSIGNED_CONTEXT((#4347)) 
GLOBAL_UNIT_ASSIGNED_CONTEXT((#4344,#4345,#4346)) REPRESENTATION_CONTEXT
('Context #1','3D Context with UNIT and UNCERTAINTY') );
#4344 = ( LENGTH_UNIT() NAMED_UNIT(*) SI_UNIT(.MILLI.,.METRE.) );
#4345 = ( NAMED_UNIT(*) PLANE_ANGLE_UNIT() SI_UNIT($,.RADIAN.) );
#4346 = ( NAMED_UNIT(*) SI_UNIT($,.STERADIAN.) SOLID_ANGLE_UNIT() );
#4347 = UNCERTAINTY_MEASURE_WITH_UNIT(LENGTH_MEASURE(1.E-07),#4344,
  'distance_accuracy_value','confusion accuracy');
#4348 = PRODUCT_RELATED_PRODUCT_CATEGORY('part',$,(#7));
ENDSEC;
END-ISO-10303-21;
