ISO-10303-21;
HEADER;
/* Generated by software containing ST-Developer
 * from STEP Tools, Inc. (www.steptools.com) 
 */

FILE_DESCRIPTION(
/* description */ (''),
/* implementation_level */ '2;1');

FILE_NAME(
/* name */ 'segno_faceplate.step',
/* time_stamp */ '2026-10-01T03:10:17-03:00',
/* author */ (''),
/* organization */ (''),
/* preprocessor_version */ 'ST-DEVELOPER v20.2',
/* originating_system */ 'Autodesk Translation Framework v15.15.0.0',
/* authorisation */ '');

FILE_SCHEMA (('AUTOMOTIVE_DESIGN { 1 0 10303 214 3 1 1 }'));
ENDSEC;

DATA;
#10=MECHANICAL_DESIGN_GEOMETRIC_PRESENTATION_REPRESENTATION('',(#13),#5603);
#11=SHAPE_REPRESENTATION_RELATIONSHIP('SRR','None',#5610,#12);
#12=ADVANCED_BREP_SHAPE_REPRESENTATION('',(#14),#5602);
#13=STYLED_ITEM('',(#5620),#14);
#14=MANIFOLD_SOLID_BREP('Body1',#3415);
#15=FACE_BOUND('',#382,.T.);
#16=FACE_BOUND('',#383,.T.);
#17=FACE_BOUND('',#384,.T.);
#18=FACE_BOUND('',#385,.T.);
#19=FACE_BOUND('',#386,.T.);
#20=FACE_BOUND('',#387,.T.);
#21=FACE_BOUND('',#388,.T.);
#22=FACE_BOUND('',#389,.T.);
#23=FACE_BOUND('',#390,.T.);
#24=FACE_BOUND('',#392,.T.);
#25=FACE_BOUND('',#393,.T.);
#26=FACE_BOUND('',#394,.T.);
#27=FACE_BOUND('',#395,.T.);
#28=FACE_BOUND('',#396,.T.);
#29=FACE_BOUND('',#397,.T.);
#30=FACE_BOUND('',#398,.T.);
#31=FACE_BOUND('',#399,.T.);
#32=FACE_BOUND('',#400,.T.);
#33=FACE_BOUND('',#401,.T.);
#34=FACE_BOUND('',#402,.T.);
#35=FACE_BOUND('',#403,.T.);
#36=FACE_BOUND('',#404,.T.);
#37=FACE_BOUND('',#405,.T.);
#38=FACE_BOUND('',#406,.T.);
#39=FACE_BOUND('',#407,.T.);
#40=FACE_BOUND('',#408,.T.);
#41=FACE_BOUND('',#409,.T.);
#42=FACE_BOUND('',#410,.T.);
#43=FACE_BOUND('',#411,.T.);
#44=FACE_BOUND('',#412,.T.);
#45=FACE_BOUND('',#413,.T.);
#46=FACE_BOUND('',#414,.T.);
#47=FACE_BOUND('',#416,.T.);
#48=FACE_BOUND('',#417,.T.);
#49=FACE_BOUND('',#418,.T.);
#50=FACE_BOUND('',#419,.T.);
#51=FACE_BOUND('',#420,.T.);
#52=FACE_BOUND('',#421,.T.);
#53=FACE_BOUND('',#422,.T.);
#54=FACE_BOUND('',#423,.T.);
#55=FACE_BOUND('',#424,.T.);
#56=FACE_BOUND('',#425,.T.);
#57=FACE_BOUND('',#426,.T.);
#58=FACE_BOUND('',#427,.T.);
#59=FACE_BOUND('',#428,.T.);
#60=FACE_BOUND('',#429,.T.);
#61=FACE_BOUND('',#430,.T.);
#62=FACE_BOUND('',#431,.T.);
#63=FACE_BOUND('',#432,.T.);
#64=FACE_BOUND('',#433,.T.);
#65=FACE_BOUND('',#434,.T.);
#66=FACE_BOUND('',#435,.T.);
#67=FACE_BOUND('',#436,.T.);
#68=FACE_BOUND('',#437,.T.);
#69=FACE_BOUND('',#438,.T.);
#70=FACE_BOUND('',#443,.T.);
#71=FACE_BOUND('',#444,.T.);
#72=FACE_BOUND('',#445,.T.);
#73=FACE_BOUND('',#446,.T.);
#74=FACE_BOUND('',#447,.T.);
#75=FACE_BOUND('',#448,.T.);
#76=FACE_BOUND('',#449,.T.);
#77=FACE_BOUND('',#450,.T.);
#78=FACE_BOUND('',#451,.T.);
#79=FACE_BOUND('',#453,.T.);
#80=FACE_BOUND('',#454,.T.);
#81=FACE_BOUND('',#455,.T.);
#82=FACE_BOUND('',#456,.T.);
#83=FACE_BOUND('',#457,.T.);
#84=FACE_BOUND('',#458,.T.);
#85=FACE_BOUND('',#459,.T.);
#86=FACE_BOUND('',#460,.T.);
#87=FACE_BOUND('',#461,.T.);
#88=FACE_BOUND('',#464,.T.);
#89=FACE_BOUND('',#465,.T.);
#90=FACE_BOUND('',#466,.T.);
#91=FACE_BOUND('',#467,.T.);
#92=FACE_BOUND('',#468,.T.);
#93=FACE_BOUND('',#469,.T.);
#94=FACE_BOUND('',#470,.T.);
#95=FACE_BOUND('',#471,.T.);
#96=FACE_BOUND('',#472,.T.);
#97=PLANE('',#3456);
#98=PLANE('',#3460);
#99=PLANE('',#3462);
#100=PLANE('',#3481);
#101=PLANE('',#3511);
#102=PLANE('',#3541);
#103=PLANE('',#3545);
#104=PLANE('',#3547);
#105=PLANE('',#3548);
#106=PLANE('',#3549);
#107=PLANE('',#3550);
#108=PLANE('',#3569);
#109=PLANE('',#3571);
#110=PLANE('',#3573);
#111=PLANE('',#3575);
#112=PLANE('',#3577);
#113=PLANE('',#3579);
#114=PLANE('',#3581);
#115=PLANE('',#3583);
#116=PLANE('',#3584);
#117=PLANE('',#3585);
#118=PLANE('',#3586);
#119=PLANE('',#3587);
#120=PLANE('',#3589);
#121=PLANE('',#3591);
#122=PLANE('',#3592);
#123=PLANE('',#3593);
#124=PLANE('',#3594);
#125=PLANE('',#3595);
#126=PLANE('',#3597);
#127=PLANE('',#3599);
#128=PLANE('',#3601);
#129=PLANE('',#3603);
#130=PLANE('',#3605);
#131=PLANE('',#3607);
#132=PLANE('',#3608);
#133=PLANE('',#3609);
#134=PLANE('',#3610);
#135=PLANE('',#3611);
#136=PLANE('',#3612);
#137=PLANE('',#3613);
#138=PLANE('',#3614);
#139=PLANE('',#3615);
#140=PLANE('',#3617);
#141=PLANE('',#3619);
#142=PLANE('',#3621);
#143=PLANE('',#3623);
#144=PLANE('',#3625);
#145=PLANE('',#3627);
#146=PLANE('',#3629);
#147=PLANE('',#3631);
#148=PLANE('',#3633);
#149=PLANE('',#3635);
#150=PLANE('',#3637);
#151=PLANE('',#3639);
#152=PLANE('',#3641);
#153=PLANE('',#3643);
#154=PLANE('',#3644);
#155=PLANE('',#3645);
#156=PLANE('',#3646);
#157=PLANE('',#3647);
#158=PLANE('',#3648);
#159=PLANE('',#3649);
#160=PLANE('',#3650);
#161=PLANE('',#3651);
#162=PLANE('',#3652);
#163=PLANE('',#3653);
#164=PLANE('',#3654);
#165=PLANE('',#3655);
#166=PLANE('',#3657);
#167=PLANE('',#3659);
#168=PLANE('',#3661);
#169=PLANE('',#3663);
#170=PLANE('',#3665);
#171=PLANE('',#3667);
#172=PLANE('',#3669);
#173=PLANE('',#3671);
#174=PLANE('',#3672);
#175=PLANE('',#3673);
#176=PLANE('',#3674);
#177=PLANE('',#3675);
#178=PLANE('',#3677);
#179=PLANE('',#3679);
#180=PLANE('',#3680);
#181=PLANE('',#3681);
#182=PLANE('',#3682);
#183=PLANE('',#3683);
#184=PLANE('',#3685);
#185=PLANE('',#3687);
#186=PLANE('',#3689);
#187=PLANE('',#3691);
#188=PLANE('',#3693);
#189=PLANE('',#3695);
#190=PLANE('',#3696);
#191=PLANE('',#3697);
#192=PLANE('',#3698);
#193=PLANE('',#3699);
#194=PLANE('',#3701);
#195=PLANE('',#3704);
#196=PLANE('',#3705);
#197=PLANE('',#3706);
#198=PLANE('',#3707);
#199=PLANE('',#3709);
#200=PLANE('',#3710);
#201=PLANE('',#3711);
#202=PLANE('',#3712);
#203=FACE_OUTER_BOUND('',#369,.T.);
#204=FACE_OUTER_BOUND('',#370,.T.);
#205=FACE_OUTER_BOUND('',#371,.T.);
#206=FACE_OUTER_BOUND('',#372,.T.);
#207=FACE_OUTER_BOUND('',#373,.T.);
#208=FACE_OUTER_BOUND('',#374,.T.);
#209=FACE_OUTER_BOUND('',#375,.T.);
#210=FACE_OUTER_BOUND('',#376,.T.);
#211=FACE_OUTER_BOUND('',#377,.T.);
#212=FACE_OUTER_BOUND('',#378,.T.);
#213=FACE_OUTER_BOUND('',#379,.T.);
#214=FACE_OUTER_BOUND('',#380,.T.);
#215=FACE_OUTER_BOUND('',#381,.T.);
#216=FACE_OUTER_BOUND('',#391,.T.);
#217=FACE_OUTER_BOUND('',#415,.T.);
#218=FACE_OUTER_BOUND('',#439,.T.);
#219=FACE_OUTER_BOUND('',#440,.T.);
#220=FACE_OUTER_BOUND('',#441,.T.);
#221=FACE_OUTER_BOUND('',#442,.T.);
#222=FACE_OUTER_BOUND('',#452,.T.);
#223=FACE_OUTER_BOUND('',#462,.T.);
#224=FACE_OUTER_BOUND('',#463,.T.);
#225=FACE_OUTER_BOUND('',#473,.T.);
#226=FACE_OUTER_BOUND('',#474,.T.);
#227=FACE_OUTER_BOUND('',#475,.T.);
#228=FACE_OUTER_BOUND('',#476,.T.);
#229=FACE_OUTER_BOUND('',#477,.T.);
#230=FACE_OUTER_BOUND('',#478,.T.);
#231=FACE_OUTER_BOUND('',#479,.T.);
#232=FACE_OUTER_BOUND('',#480,.T.);
#233=FACE_OUTER_BOUND('',#481,.T.);
#234=FACE_OUTER_BOUND('',#482,.T.);
#235=FACE_OUTER_BOUND('',#483,.T.);
#236=FACE_OUTER_BOUND('',#484,.T.);
#237=FACE_OUTER_BOUND('',#485,.T.);
#238=FACE_OUTER_BOUND('',#486,.T.);
#239=FACE_OUTER_BOUND('',#487,.T.);
#240=FACE_OUTER_BOUND('',#488,.T.);
#241=FACE_OUTER_BOUND('',#489,.T.);
#242=FACE_OUTER_BOUND('',#490,.T.);
#243=FACE_OUTER_BOUND('',#491,.T.);
#244=FACE_OUTER_BOUND('',#492,.T.);
#245=FACE_OUTER_BOUND('',#493,.T.);
#246=FACE_OUTER_BOUND('',#494,.T.);
#247=FACE_OUTER_BOUND('',#495,.T.);
#248=FACE_OUTER_BOUND('',#496,.T.);
#249=FACE_OUTER_BOUND('',#497,.T.);
#250=FACE_OUTER_BOUND('',#498,.T.);
#251=FACE_OUTER_BOUND('',#499,.T.);
#252=FACE_OUTER_BOUND('',#500,.T.);
#253=FACE_OUTER_BOUND('',#501,.T.);
#254=FACE_OUTER_BOUND('',#502,.T.);
#255=FACE_OUTER_BOUND('',#503,.T.);
#256=FACE_OUTER_BOUND('',#504,.T.);
#257=FACE_OUTER_BOUND('',#505,.T.);
#258=FACE_OUTER_BOUND('',#506,.T.);
#259=FACE_OUTER_BOUND('',#507,.T.);
#260=FACE_OUTER_BOUND('',#508,.T.);
#261=FACE_OUTER_BOUND('',#509,.T.);
#262=FACE_OUTER_BOUND('',#510,.T.);
#263=FACE_OUTER_BOUND('',#511,.T.);
#264=FACE_OUTER_BOUND('',#512,.T.);
#265=FACE_OUTER_BOUND('',#513,.T.);
#266=FACE_OUTER_BOUND('',#514,.T.);
#267=FACE_OUTER_BOUND('',#515,.T.);
#268=FACE_OUTER_BOUND('',#516,.T.);
#269=FACE_OUTER_BOUND('',#517,.T.);
#270=FACE_OUTER_BOUND('',#518,.T.);
#271=FACE_OUTER_BOUND('',#519,.T.);
#272=FACE_OUTER_BOUND('',#520,.T.);
#273=FACE_OUTER_BOUND('',#521,.T.);
#274=FACE_OUTER_BOUND('',#522,.T.);
#275=FACE_OUTER_BOUND('',#523,.T.);
#276=FACE_OUTER_BOUND('',#524,.T.);
#277=FACE_OUTER_BOUND('',#525,.T.);
#278=FACE_OUTER_BOUND('',#526,.T.);
#279=FACE_OUTER_BOUND('',#527,.T.);
#280=FACE_OUTER_BOUND('',#528,.T.);
#281=FACE_OUTER_BOUND('',#529,.T.);
#282=FACE_OUTER_BOUND('',#530,.T.);
#283=FACE_OUTER_BOUND('',#531,.T.);
#284=FACE_OUTER_BOUND('',#532,.T.);
#285=FACE_OUTER_BOUND('',#533,.T.);
#286=FACE_OUTER_BOUND('',#534,.T.);
#287=FACE_OUTER_BOUND('',#535,.T.);
#288=FACE_OUTER_BOUND('',#536,.T.);
#289=FACE_OUTER_BOUND('',#537,.T.);
#290=FACE_OUTER_BOUND('',#538,.T.);
#291=FACE_OUTER_BOUND('',#539,.T.);
#292=FACE_OUTER_BOUND('',#540,.T.);
#293=FACE_OUTER_BOUND('',#541,.T.);
#294=FACE_OUTER_BOUND('',#542,.T.);
#295=FACE_OUTER_BOUND('',#543,.T.);
#296=FACE_OUTER_BOUND('',#544,.T.);
#297=FACE_OUTER_BOUND('',#545,.T.);
#298=FACE_OUTER_BOUND('',#546,.T.);
#299=FACE_OUTER_BOUND('',#547,.T.);
#300=FACE_OUTER_BOUND('',#548,.T.);
#301=FACE_OUTER_BOUND('',#549,.T.);
#302=FACE_OUTER_BOUND('',#550,.T.);
#303=FACE_OUTER_BOUND('',#551,.T.);
#304=FACE_OUTER_BOUND('',#552,.T.);
#305=FACE_OUTER_BOUND('',#553,.T.);
#306=FACE_OUTER_BOUND('',#554,.T.);
#307=FACE_OUTER_BOUND('',#555,.T.);
#308=FACE_OUTER_BOUND('',#556,.T.);
#309=FACE_OUTER_BOUND('',#557,.T.);
#310=FACE_OUTER_BOUND('',#558,.T.);
#311=FACE_OUTER_BOUND('',#559,.T.);
#312=FACE_OUTER_BOUND('',#560,.T.);
#313=FACE_OUTER_BOUND('',#561,.T.);
#314=FACE_OUTER_BOUND('',#562,.T.);
#315=FACE_OUTER_BOUND('',#563,.T.);
#316=FACE_OUTER_BOUND('',#564,.T.);
#317=FACE_OUTER_BOUND('',#565,.T.);
#318=FACE_OUTER_BOUND('',#566,.T.);
#319=FACE_OUTER_BOUND('',#567,.T.);
#320=FACE_OUTER_BOUND('',#568,.T.);
#321=FACE_OUTER_BOUND('',#569,.T.);
#322=FACE_OUTER_BOUND('',#570,.T.);
#323=FACE_OUTER_BOUND('',#571,.T.);
#324=FACE_OUTER_BOUND('',#572,.T.);
#325=FACE_OUTER_BOUND('',#573,.T.);
#326=FACE_OUTER_BOUND('',#574,.T.);
#327=FACE_OUTER_BOUND('',#575,.T.);
#328=FACE_OUTER_BOUND('',#576,.T.);
#329=FACE_OUTER_BOUND('',#577,.T.);
#330=FACE_OUTER_BOUND('',#578,.T.);
#331=FACE_OUTER_BOUND('',#579,.T.);
#332=FACE_OUTER_BOUND('',#580,.T.);
#333=FACE_OUTER_BOUND('',#581,.T.);
#334=FACE_OUTER_BOUND('',#582,.T.);
#335=FACE_OUTER_BOUND('',#583,.T.);
#336=FACE_OUTER_BOUND('',#584,.T.);
#337=FACE_OUTER_BOUND('',#585,.T.);
#338=FACE_OUTER_BOUND('',#586,.T.);
#339=FACE_OUTER_BOUND('',#587,.T.);
#340=FACE_OUTER_BOUND('',#588,.T.);
#341=FACE_OUTER_BOUND('',#589,.T.);
#342=FACE_OUTER_BOUND('',#590,.T.);
#343=FACE_OUTER_BOUND('',#591,.T.);
#344=FACE_OUTER_BOUND('',#592,.T.);
#345=FACE_OUTER_BOUND('',#593,.T.);
#346=FACE_OUTER_BOUND('',#594,.T.);
#347=FACE_OUTER_BOUND('',#595,.T.);
#348=FACE_OUTER_BOUND('',#596,.T.);
#349=FACE_OUTER_BOUND('',#597,.T.);
#350=FACE_OUTER_BOUND('',#598,.T.);
#351=FACE_OUTER_BOUND('',#599,.T.);
#352=FACE_OUTER_BOUND('',#600,.T.);
#353=FACE_OUTER_BOUND('',#601,.T.);
#354=FACE_OUTER_BOUND('',#602,.T.);
#355=FACE_OUTER_BOUND('',#603,.T.);
#356=FACE_OUTER_BOUND('',#604,.T.);
#357=FACE_OUTER_BOUND('',#605,.T.);
#358=FACE_OUTER_BOUND('',#606,.T.);
#359=FACE_OUTER_BOUND('',#607,.T.);
#360=FACE_OUTER_BOUND('',#608,.T.);
#361=FACE_OUTER_BOUND('',#609,.T.);
#362=FACE_OUTER_BOUND('',#610,.T.);
#363=FACE_OUTER_BOUND('',#611,.T.);
#364=FACE_OUTER_BOUND('',#612,.T.);
#365=FACE_OUTER_BOUND('',#613,.T.);
#366=FACE_OUTER_BOUND('',#614,.T.);
#367=FACE_OUTER_BOUND('',#615,.T.);
#368=FACE_OUTER_BOUND('',#616,.T.);
#369=EDGE_LOOP('',(#2237,#2238,#2239,#2240));
#370=EDGE_LOOP('',(#2241,#2242,#2243,#2244));
#371=EDGE_LOOP('',(#2245,#2246,#2247,#2248));
#372=EDGE_LOOP('',(#2249,#2250,#2251,#2252));
#373=EDGE_LOOP('',(#2253,#2254,#2255,#2256));
#374=EDGE_LOOP('',(#2257,#2258,#2259,#2260));
#375=EDGE_LOOP('',(#2261,#2262,#2263,#2264));
#376=EDGE_LOOP('',(#2265,#2266,#2267,#2268));
#377=EDGE_LOOP('',(#2269,#2270,#2271,#2272));
#378=EDGE_LOOP('',(#2273,#2274,#2275,#2276));
#379=EDGE_LOOP('',(#2277,#2278,#2279,#2280));
#380=EDGE_LOOP('',(#2281,#2282,#2283,#2284));
#381=EDGE_LOOP('',(#2285,#2286,#2287,#2288));
#382=EDGE_LOOP('',(#2289,#2290,#2291,#2292));
#383=EDGE_LOOP('',(#2293,#2294,#2295,#2296));
#384=EDGE_LOOP('',(#2297,#2298,#2299,#2300));
#385=EDGE_LOOP('',(#2301,#2302,#2303,#2304));
#386=EDGE_LOOP('',(#2305,#2306,#2307,#2308));
#387=EDGE_LOOP('',(#2309,#2310,#2311,#2312));
#388=EDGE_LOOP('',(#2313,#2314,#2315,#2316));
#389=EDGE_LOOP('',(#2317,#2318,#2319,#2320));
#390=EDGE_LOOP('',(#2321,#2322,#2323,#2324));
#391=EDGE_LOOP('',(#2325,#2326,#2327,#2328,#2329,#2330));
#392=EDGE_LOOP('',(#2331));
#393=EDGE_LOOP('',(#2332,#2333,#2334,#2335));
#394=EDGE_LOOP('',(#2336,#2337,#2338,#2339));
#395=EDGE_LOOP('',(#2340,#2341,#2342,#2343));
#396=EDGE_LOOP('',(#2344,#2345,#2346,#2347));
#397=EDGE_LOOP('',(#2348,#2349,#2350,#2351));
#398=EDGE_LOOP('',(#2352,#2353,#2354,#2355));
#399=EDGE_LOOP('',(#2356,#2357,#2358,#2359));
#400=EDGE_LOOP('',(#2360,#2361,#2362,#2363,#2364,#2365,#2366,#2367));
#401=EDGE_LOOP('',(#2368,#2369,#2370,#2371));
#402=EDGE_LOOP('',(#2372,#2373,#2374,#2375));
#403=EDGE_LOOP('',(#2376,#2377,#2378,#2379));
#404=EDGE_LOOP('',(#2380,#2381,#2382,#2383));
#405=EDGE_LOOP('',(#2384,#2385,#2386,#2387));
#406=EDGE_LOOP('',(#2388,#2389,#2390,#2391,#2392,#2393,#2394,#2395));
#407=EDGE_LOOP('',(#2396,#2397,#2398,#2399));
#408=EDGE_LOOP('',(#2400,#2401,#2402,#2403));
#409=EDGE_LOOP('',(#2404,#2405,#2406,#2407));
#410=EDGE_LOOP('',(#2408,#2409,#2410,#2411));
#411=EDGE_LOOP('',(#2412,#2413,#2414,#2415));
#412=EDGE_LOOP('',(#2416,#2417,#2418,#2419));
#413=EDGE_LOOP('',(#2420,#2421,#2422,#2423));
#414=EDGE_LOOP('',(#2424,#2425,#2426,#2427));
#415=EDGE_LOOP('',(#2428,#2429,#2430,#2431,#2432,#2433));
#416=EDGE_LOOP('',(#2434,#2435,#2436,#2437));
#417=EDGE_LOOP('',(#2438,#2439,#2440,#2441));
#418=EDGE_LOOP('',(#2442,#2443,#2444,#2445));
#419=EDGE_LOOP('',(#2446,#2447,#2448,#2449));
#420=EDGE_LOOP('',(#2450,#2451,#2452,#2453));
#421=EDGE_LOOP('',(#2454,#2455,#2456,#2457));
#422=EDGE_LOOP('',(#2458,#2459,#2460,#2461));
#423=EDGE_LOOP('',(#2462,#2463,#2464,#2465));
#424=EDGE_LOOP('',(#2466,#2467,#2468,#2469,#2470,#2471,#2472,#2473));
#425=EDGE_LOOP('',(#2474,#2475,#2476,#2477));
#426=EDGE_LOOP('',(#2478,#2479,#2480,#2481));
#427=EDGE_LOOP('',(#2482,#2483,#2484,#2485));
#428=EDGE_LOOP('',(#2486,#2487,#2488,#2489));
#429=EDGE_LOOP('',(#2490,#2491,#2492,#2493));
#430=EDGE_LOOP('',(#2494,#2495,#2496,#2497,#2498,#2499,#2500,#2501));
#431=EDGE_LOOP('',(#2502,#2503,#2504,#2505));
#432=EDGE_LOOP('',(#2506,#2507,#2508,#2509));
#433=EDGE_LOOP('',(#2510,#2511,#2512,#2513));
#434=EDGE_LOOP('',(#2514,#2515,#2516,#2517));
#435=EDGE_LOOP('',(#2518,#2519,#2520,#2521));
#436=EDGE_LOOP('',(#2522,#2523,#2524,#2525));
#437=EDGE_LOOP('',(#2526,#2527,#2528,#2529));
#438=EDGE_LOOP('',(#2530));
#439=EDGE_LOOP('',(#2531,#2532,#2533,#2534));
#440=EDGE_LOOP('',(#2535,#2536,#2537,#2538));
#441=EDGE_LOOP('',(#2539,#2540,#2541,#2542));
#442=EDGE_LOOP('',(#2543,#2544,#2545,#2546));
#443=EDGE_LOOP('',(#2547));
#444=EDGE_LOOP('',(#2548));
#445=EDGE_LOOP('',(#2549));
#446=EDGE_LOOP('',(#2550));
#447=EDGE_LOOP('',(#2551));
#448=EDGE_LOOP('',(#2552));
#449=EDGE_LOOP('',(#2553));
#450=EDGE_LOOP('',(#2554));
#451=EDGE_LOOP('',(#2555));
#452=EDGE_LOOP('',(#2556,#2557,#2558,#2559));
#453=EDGE_LOOP('',(#2560));
#454=EDGE_LOOP('',(#2561));
#455=EDGE_LOOP('',(#2562));
#456=EDGE_LOOP('',(#2563));
#457=EDGE_LOOP('',(#2564));
#458=EDGE_LOOP('',(#2565));
#459=EDGE_LOOP('',(#2566));
#460=EDGE_LOOP('',(#2567));
#461=EDGE_LOOP('',(#2568));
#462=EDGE_LOOP('',(#2569,#2570,#2571,#2572));
#463=EDGE_LOOP('',(#2573,#2574,#2575,#2576));
#464=EDGE_LOOP('',(#2577,#2578,#2579,#2580));
#465=EDGE_LOOP('',(#2581,#2582,#2583,#2584));
#466=EDGE_LOOP('',(#2585,#2586,#2587,#2588));
#467=EDGE_LOOP('',(#2589,#2590,#2591,#2592));
#468=EDGE_LOOP('',(#2593,#2594,#2595,#2596));
#469=EDGE_LOOP('',(#2597,#2598,#2599,#2600));
#470=EDGE_LOOP('',(#2601,#2602,#2603,#2604));
#471=EDGE_LOOP('',(#2605,#2606,#2607,#2608));
#472=EDGE_LOOP('',(#2609,#2610,#2611,#2612));
#473=EDGE_LOOP('',(#2613,#2614,#2615,#2616));
#474=EDGE_LOOP('',(#2617,#2618,#2619,#2620));
#475=EDGE_LOOP('',(#2621,#2622,#2623,#2624));
#476=EDGE_LOOP('',(#2625,#2626,#2627,#2628));
#477=EDGE_LOOP('',(#2629,#2630,#2631,#2632));
#478=EDGE_LOOP('',(#2633,#2634,#2635,#2636));
#479=EDGE_LOOP('',(#2637,#2638,#2639,#2640));
#480=EDGE_LOOP('',(#2641,#2642,#2643,#2644));
#481=EDGE_LOOP('',(#2645,#2646,#2647,#2648));
#482=EDGE_LOOP('',(#2649,#2650,#2651,#2652));
#483=EDGE_LOOP('',(#2653,#2654,#2655,#2656));
#484=EDGE_LOOP('',(#2657,#2658,#2659,#2660));
#485=EDGE_LOOP('',(#2661,#2662,#2663,#2664));
#486=EDGE_LOOP('',(#2665,#2666,#2667,#2668));
#487=EDGE_LOOP('',(#2669,#2670,#2671,#2672));
#488=EDGE_LOOP('',(#2673,#2674,#2675,#2676));
#489=EDGE_LOOP('',(#2677,#2678,#2679,#2680));
#490=EDGE_LOOP('',(#2681,#2682,#2683,#2684));
#491=EDGE_LOOP('',(#2685,#2686,#2687,#2688));
#492=EDGE_LOOP('',(#2689,#2690,#2691,#2692));
#493=EDGE_LOOP('',(#2693,#2694,#2695,#2696));
#494=EDGE_LOOP('',(#2697,#2698,#2699,#2700));
#495=EDGE_LOOP('',(#2701,#2702,#2703,#2704));
#496=EDGE_LOOP('',(#2705,#2706,#2707,#2708));
#497=EDGE_LOOP('',(#2709,#2710,#2711,#2712));
#498=EDGE_LOOP('',(#2713,#2714,#2715,#2716));
#499=EDGE_LOOP('',(#2717,#2718,#2719,#2720));
#500=EDGE_LOOP('',(#2721,#2722,#2723,#2724));
#501=EDGE_LOOP('',(#2725,#2726,#2727,#2728));
#502=EDGE_LOOP('',(#2729,#2730,#2731,#2732));
#503=EDGE_LOOP('',(#2733,#2734,#2735,#2736));
#504=EDGE_LOOP('',(#2737,#2738,#2739,#2740));
#505=EDGE_LOOP('',(#2741,#2742,#2743,#2744));
#506=EDGE_LOOP('',(#2745,#2746,#2747,#2748));
#507=EDGE_LOOP('',(#2749,#2750,#2751,#2752));
#508=EDGE_LOOP('',(#2753,#2754,#2755,#2756));
#509=EDGE_LOOP('',(#2757,#2758,#2759,#2760));
#510=EDGE_LOOP('',(#2761,#2762,#2763,#2764));
#511=EDGE_LOOP('',(#2765,#2766,#2767,#2768));
#512=EDGE_LOOP('',(#2769,#2770,#2771,#2772));
#513=EDGE_LOOP('',(#2773,#2774,#2775,#2776));
#514=EDGE_LOOP('',(#2777,#2778,#2779,#2780));
#515=EDGE_LOOP('',(#2781,#2782,#2783,#2784));
#516=EDGE_LOOP('',(#2785,#2786,#2787,#2788));
#517=EDGE_LOOP('',(#2789,#2790,#2791,#2792));
#518=EDGE_LOOP('',(#2793,#2794,#2795,#2796));
#519=EDGE_LOOP('',(#2797,#2798,#2799,#2800));
#520=EDGE_LOOP('',(#2801,#2802,#2803,#2804));
#521=EDGE_LOOP('',(#2805,#2806,#2807,#2808));
#522=EDGE_LOOP('',(#2809,#2810,#2811,#2812));
#523=EDGE_LOOP('',(#2813,#2814,#2815,#2816));
#524=EDGE_LOOP('',(#2817,#2818,#2819,#2820));
#525=EDGE_LOOP('',(#2821,#2822,#2823,#2824));
#526=EDGE_LOOP('',(#2825,#2826,#2827,#2828));
#527=EDGE_LOOP('',(#2829,#2830,#2831,#2832));
#528=EDGE_LOOP('',(#2833,#2834,#2835,#2836));
#529=EDGE_LOOP('',(#2837,#2838,#2839,#2840));
#530=EDGE_LOOP('',(#2841,#2842,#2843,#2844));
#531=EDGE_LOOP('',(#2845,#2846,#2847,#2848));
#532=EDGE_LOOP('',(#2849,#2850,#2851,#2852));
#533=EDGE_LOOP('',(#2853,#2854,#2855,#2856));
#534=EDGE_LOOP('',(#2857,#2858,#2859,#2860));
#535=EDGE_LOOP('',(#2861,#2862,#2863,#2864));
#536=EDGE_LOOP('',(#2865,#2866,#2867,#2868));
#537=EDGE_LOOP('',(#2869,#2870,#2871,#2872));
#538=EDGE_LOOP('',(#2873,#2874,#2875,#2876));
#539=EDGE_LOOP('',(#2877,#2878,#2879,#2880));
#540=EDGE_LOOP('',(#2881,#2882,#2883,#2884));
#541=EDGE_LOOP('',(#2885,#2886,#2887,#2888));
#542=EDGE_LOOP('',(#2889,#2890,#2891,#2892));
#543=EDGE_LOOP('',(#2893,#2894,#2895,#2896));
#544=EDGE_LOOP('',(#2897,#2898,#2899,#2900));
#545=EDGE_LOOP('',(#2901,#2902,#2903,#2904));
#546=EDGE_LOOP('',(#2905,#2906,#2907,#2908));
#547=EDGE_LOOP('',(#2909,#2910,#2911,#2912));
#548=EDGE_LOOP('',(#2913,#2914,#2915,#2916));
#549=EDGE_LOOP('',(#2917,#2918,#2919,#2920));
#550=EDGE_LOOP('',(#2921,#2922,#2923,#2924));
#551=EDGE_LOOP('',(#2925,#2926,#2927,#2928));
#552=EDGE_LOOP('',(#2929,#2930,#2931,#2932));
#553=EDGE_LOOP('',(#2933,#2934,#2935,#2936));
#554=EDGE_LOOP('',(#2937,#2938,#2939,#2940));
#555=EDGE_LOOP('',(#2941,#2942,#2943,#2944));
#556=EDGE_LOOP('',(#2945,#2946,#2947,#2948));
#557=EDGE_LOOP('',(#2949,#2950,#2951,#2952));
#558=EDGE_LOOP('',(#2953,#2954,#2955,#2956));
#559=EDGE_LOOP('',(#2957,#2958,#2959,#2960));
#560=EDGE_LOOP('',(#2961,#2962,#2963,#2964));
#561=EDGE_LOOP('',(#2965,#2966,#2967,#2968));
#562=EDGE_LOOP('',(#2969,#2970,#2971,#2972));
#563=EDGE_LOOP('',(#2973,#2974,#2975,#2976));
#564=EDGE_LOOP('',(#2977,#2978,#2979,#2980));
#565=EDGE_LOOP('',(#2981,#2982,#2983,#2984));
#566=EDGE_LOOP('',(#2985,#2986,#2987,#2988));
#567=EDGE_LOOP('',(#2989,#2990,#2991,#2992));
#568=EDGE_LOOP('',(#2993,#2994,#2995,#2996));
#569=EDGE_LOOP('',(#2997,#2998,#2999,#3000));
#570=EDGE_LOOP('',(#3001,#3002,#3003,#3004));
#571=EDGE_LOOP('',(#3005,#3006,#3007,#3008));
#572=EDGE_LOOP('',(#3009,#3010,#3011,#3012));
#573=EDGE_LOOP('',(#3013,#3014,#3015,#3016));
#574=EDGE_LOOP('',(#3017,#3018,#3019,#3020));
#575=EDGE_LOOP('',(#3021,#3022,#3023,#3024));
#576=EDGE_LOOP('',(#3025,#3026,#3027,#3028));
#577=EDGE_LOOP('',(#3029,#3030,#3031,#3032));
#578=EDGE_LOOP('',(#3033,#3034,#3035,#3036));
#579=EDGE_LOOP('',(#3037,#3038,#3039,#3040));
#580=EDGE_LOOP('',(#3041,#3042,#3043,#3044));
#581=EDGE_LOOP('',(#3045,#3046,#3047,#3048));
#582=EDGE_LOOP('',(#3049,#3050,#3051,#3052));
#583=EDGE_LOOP('',(#3053,#3054,#3055,#3056));
#584=EDGE_LOOP('',(#3057,#3058,#3059,#3060));
#585=EDGE_LOOP('',(#3061,#3062,#3063,#3064));
#586=EDGE_LOOP('',(#3065,#3066,#3067,#3068));
#587=EDGE_LOOP('',(#3069,#3070,#3071,#3072));
#588=EDGE_LOOP('',(#3073,#3074,#3075,#3076));
#589=EDGE_LOOP('',(#3077,#3078,#3079,#3080));
#590=EDGE_LOOP('',(#3081,#3082,#3083,#3084));
#591=EDGE_LOOP('',(#3085,#3086,#3087,#3088));
#592=EDGE_LOOP('',(#3089,#3090,#3091,#3092));
#593=EDGE_LOOP('',(#3093,#3094,#3095,#3096));
#594=EDGE_LOOP('',(#3097,#3098,#3099,#3100));
#595=EDGE_LOOP('',(#3101,#3102,#3103,#3104));
#596=EDGE_LOOP('',(#3105,#3106,#3107,#3108));
#597=EDGE_LOOP('',(#3109,#3110,#3111,#3112));
#598=EDGE_LOOP('',(#3113,#3114,#3115,#3116));
#599=EDGE_LOOP('',(#3117,#3118,#3119,#3120));
#600=EDGE_LOOP('',(#3121,#3122,#3123,#3124));
#601=EDGE_LOOP('',(#3125,#3126,#3127,#3128));
#602=EDGE_LOOP('',(#3129,#3130,#3131,#3132));
#603=EDGE_LOOP('',(#3133,#3134,#3135,#3136));
#604=EDGE_LOOP('',(#3137,#3138,#3139,#3140));
#605=EDGE_LOOP('',(#3141,#3142,#3143,#3144));
#606=EDGE_LOOP('',(#3145,#3146,#3147,#3148));
#607=EDGE_LOOP('',(#3149,#3150,#3151,#3152));
#608=EDGE_LOOP('',(#3153,#3154,#3155,#3156));
#609=EDGE_LOOP('',(#3157,#3158,#3159,#3160));
#610=EDGE_LOOP('',(#3161,#3162,#3163,#3164));
#611=EDGE_LOOP('',(#3165,#3166,#3167,#3168));
#612=EDGE_LOOP('',(#3169,#3170,#3171,#3172));
#613=EDGE_LOOP('',(#3173,#3174,#3175,#3176));
#614=EDGE_LOOP('',(#3177,#3178,#3179,#3180));
#615=EDGE_LOOP('',(#3181,#3182,#3183,#3184));
#616=EDGE_LOOP('',(#3185,#3186,#3187,#3188));
#617=LINE('',#4650,#973);
#618=LINE('',#4656,#974);
#619=LINE('',#4662,#975);
#620=LINE('',#4668,#976);
#621=LINE('',#4674,#977);
#622=LINE('',#4680,#978);
#623=LINE('',#4686,#979);
#624=LINE('',#4692,#980);
#625=LINE('',#4698,#981);
#626=LINE('',#4703,#982);
#627=LINE('',#4705,#983);
#628=LINE('',#4707,#984);
#629=LINE('',#4708,#985);
#630=LINE('',#4711,#986);
#631=LINE('',#4715,#987);
#632=LINE('',#4719,#988);
#633=LINE('',#4722,#989);
#634=LINE('',#4724,#990);
#635=LINE('',#4726,#991);
#636=LINE('',#4727,#992);
#637=LINE('',#4732,#993);
#638=LINE('',#4735,#994);
#639=LINE('',#4740,#995);
#640=LINE('',#4743,#996);
#641=LINE('',#4748,#997);
#642=LINE('',#4751,#998);
#643=LINE('',#4756,#999);
#644=LINE('',#4759,#1000);
#645=LINE('',#4764,#1001);
#646=LINE('',#4767,#1002);
#647=LINE('',#4772,#1003);
#648=LINE('',#4775,#1004);
#649=LINE('',#4780,#1005);
#650=LINE('',#4783,#1006);
#651=LINE('',#4788,#1007);
#652=LINE('',#4791,#1008);
#653=LINE('',#4796,#1009);
#654=LINE('',#4799,#1010);
#655=LINE('',#4802,#1011);
#656=LINE('',#4804,#1012);
#657=LINE('',#4806,#1013);
#658=LINE('',#4808,#1014);
#659=LINE('',#4809,#1015);
#660=LINE('',#4814,#1016);
#661=LINE('',#4816,#1017);
#662=LINE('',#4818,#1018);
#663=LINE('',#4819,#1019);
#664=LINE('',#4824,#1020);
#665=LINE('',#4827,#1021);
#666=LINE('',#4832,#1022);
#667=LINE('',#4835,#1023);
#668=LINE('',#4838,#1024);
#669=LINE('',#4840,#1025);
#670=LINE('',#4842,#1026);
#671=LINE('',#4843,#1027);
#672=LINE('',#4846,#1028);
#673=LINE('',#4848,#1029);
#674=LINE('',#4850,#1030);
#675=LINE('',#4851,#1031);
#676=LINE('',#4856,#1032);
#677=LINE('',#4859,#1033);
#678=LINE('',#4864,#1034);
#679=LINE('',#4867,#1035);
#680=LINE('',#4872,#1036);
#681=LINE('',#4876,#1037);
#682=LINE('',#4880,#1038);
#683=LINE('',#4883,#1039);
#684=LINE('',#4886,#1040);
#685=LINE('',#4888,#1041);
#686=LINE('',#4890,#1042);
#687=LINE('',#4891,#1043);
#688=LINE('',#4894,#1044);
#689=LINE('',#4896,#1045);
#690=LINE('',#4898,#1046);
#691=LINE('',#4899,#1047);
#692=LINE('',#4902,#1048);
#693=LINE('',#4904,#1049);
#694=LINE('',#4906,#1050);
#695=LINE('',#4907,#1051);
#696=LINE('',#4912,#1052);
#697=LINE('',#4915,#1053);
#698=LINE('',#4920,#1054);
#699=LINE('',#4923,#1055);
#700=LINE('',#4928,#1056);
#701=LINE('',#4932,#1057);
#702=LINE('',#4936,#1058);
#703=LINE('',#4939,#1059);
#704=LINE('',#4942,#1060);
#705=LINE('',#4944,#1061);
#706=LINE('',#4946,#1062);
#707=LINE('',#4947,#1063);
#708=LINE('',#4950,#1064);
#709=LINE('',#4952,#1065);
#710=LINE('',#4954,#1066);
#711=LINE('',#4955,#1067);
#712=LINE('',#4960,#1068);
#713=LINE('',#4963,#1069);
#714=LINE('',#4968,#1070);
#715=LINE('',#4971,#1071);
#716=LINE('',#4976,#1072);
#717=LINE('',#4979,#1073);
#718=LINE('',#4982,#1074);
#719=LINE('',#4984,#1075);
#720=LINE('',#4986,#1076);
#721=LINE('',#4987,#1077);
#722=LINE('',#4992,#1078);
#723=LINE('',#4995,#1079);
#724=LINE('',#4998,#1080);
#725=LINE('',#5000,#1081);
#726=LINE('',#5002,#1082);
#727=LINE('',#5003,#1083);
#728=LINE('',#5006,#1084);
#729=LINE('',#5008,#1085);
#730=LINE('',#5010,#1086);
#731=LINE('',#5012,#1087);
#732=LINE('',#5014,#1088);
#733=LINE('',#5015,#1089);
#734=LINE('',#5018,#1090);
#735=LINE('',#5020,#1091);
#736=LINE('',#5022,#1092);
#737=LINE('',#5023,#1093);
#738=LINE('',#5028,#1094);
#739=LINE('',#5031,#1095);
#740=LINE('',#5034,#1096);
#741=LINE('',#5036,#1097);
#742=LINE('',#5038,#1098);
#743=LINE('',#5039,#1099);
#744=LINE('',#5044,#1100);
#745=LINE('',#5047,#1101);
#746=LINE('',#5052,#1102);
#747=LINE('',#5055,#1103);
#748=LINE('',#5060,#1104);
#749=LINE('',#5063,#1105);
#750=LINE('',#5066,#1106);
#751=LINE('',#5068,#1107);
#752=LINE('',#5070,#1108);
#753=LINE('',#5071,#1109);
#754=LINE('',#5074,#1110);
#755=LINE('',#5076,#1111);
#756=LINE('',#5078,#1112);
#757=LINE('',#5079,#1113);
#758=LINE('',#5084,#1114);
#759=LINE('',#5088,#1115);
#760=LINE('',#5092,#1116);
#761=LINE('',#5095,#1117);
#762=LINE('',#5100,#1118);
#763=LINE('',#5103,#1119);
#764=LINE('',#5108,#1120);
#765=LINE('',#5111,#1121);
#766=LINE('',#5114,#1122);
#767=LINE('',#5116,#1123);
#768=LINE('',#5118,#1124);
#769=LINE('',#5119,#1125);
#770=LINE('',#5122,#1126);
#771=LINE('',#5124,#1127);
#772=LINE('',#5126,#1128);
#773=LINE('',#5127,#1129);
#774=LINE('',#5130,#1130);
#775=LINE('',#5132,#1131);
#776=LINE('',#5134,#1132);
#777=LINE('',#5135,#1133);
#778=LINE('',#5140,#1134);
#779=LINE('',#5144,#1135);
#780=LINE('',#5148,#1136);
#781=LINE('',#5151,#1137);
#782=LINE('',#5156,#1138);
#783=LINE('',#5159,#1139);
#784=LINE('',#5164,#1140);
#785=LINE('',#5167,#1141);
#786=LINE('',#5170,#1142);
#787=LINE('',#5172,#1143);
#788=LINE('',#5174,#1144);
#789=LINE('',#5175,#1145);
#790=LINE('',#5178,#1146);
#791=LINE('',#5180,#1147);
#792=LINE('',#5182,#1148);
#793=LINE('',#5183,#1149);
#794=LINE('',#5188,#1150);
#795=LINE('',#5191,#1151);
#796=LINE('',#5196,#1152);
#797=LINE('',#5199,#1153);
#798=LINE('',#5202,#1154);
#799=LINE('',#5204,#1155);
#800=LINE('',#5206,#1156);
#801=LINE('',#5207,#1157);
#802=LINE('',#5213,#1158);
#803=LINE('',#5215,#1159);
#804=LINE('',#5217,#1160);
#805=LINE('',#5218,#1161);
#806=LINE('',#5221,#1162);
#807=LINE('',#5226,#1163);
#808=LINE('',#5228,#1164);
#809=LINE('',#5230,#1165);
#810=LINE('',#5232,#1166);
#811=LINE('',#5233,#1167);
#812=LINE('',#5236,#1168);
#813=LINE('',#5237,#1169);
#814=LINE('',#5239,#1170);
#815=LINE('',#5242,#1171);
#816=LINE('',#5243,#1172);
#817=LINE('',#5248,#1173);
#818=LINE('',#5251,#1174);
#819=LINE('',#5256,#1175);
#820=LINE('',#5259,#1176);
#821=LINE('',#5264,#1177);
#822=LINE('',#5267,#1178);
#823=LINE('',#5272,#1179);
#824=LINE('',#5275,#1180);
#825=LINE('',#5280,#1181);
#826=LINE('',#5283,#1182);
#827=LINE('',#5288,#1183);
#828=LINE('',#5291,#1184);
#829=LINE('',#5296,#1185);
#830=LINE('',#5299,#1186);
#831=LINE('',#5304,#1187);
#832=LINE('',#5307,#1188);
#833=LINE('',#5312,#1189);
#834=LINE('',#5315,#1190);
#835=LINE('',#5317,#1191);
#836=LINE('',#5320,#1192);
#837=LINE('',#5321,#1193);
#838=LINE('',#5323,#1194);
#839=LINE('',#5325,#1195);
#840=LINE('',#5328,#1196);
#841=LINE('',#5329,#1197);
#842=LINE('',#5331,#1198);
#843=LINE('',#5333,#1199);
#844=LINE('',#5336,#1200);
#845=LINE('',#5337,#1201);
#846=LINE('',#5339,#1202);
#847=LINE('',#5341,#1203);
#848=LINE('',#5344,#1204);
#849=LINE('',#5345,#1205);
#850=LINE('',#5347,#1206);
#851=LINE('',#5349,#1207);
#852=LINE('',#5352,#1208);
#853=LINE('',#5353,#1209);
#854=LINE('',#5355,#1210);
#855=LINE('',#5357,#1211);
#856=LINE('',#5360,#1212);
#857=LINE('',#5361,#1213);
#858=LINE('',#5363,#1214);
#859=LINE('',#5365,#1215);
#860=LINE('',#5368,#1216);
#861=LINE('',#5369,#1217);
#862=LINE('',#5371,#1218);
#863=LINE('',#5373,#1219);
#864=LINE('',#5376,#1220);
#865=LINE('',#5377,#1221);
#866=LINE('',#5379,#1222);
#867=LINE('',#5381,#1223);
#868=LINE('',#5384,#1224);
#869=LINE('',#5385,#1225);
#870=LINE('',#5387,#1226);
#871=LINE('',#5389,#1227);
#872=LINE('',#5392,#1228);
#873=LINE('',#5393,#1229);
#874=LINE('',#5395,#1230);
#875=LINE('',#5397,#1231);
#876=LINE('',#5400,#1232);
#877=LINE('',#5401,#1233);
#878=LINE('',#5403,#1234);
#879=LINE('',#5405,#1235);
#880=LINE('',#5408,#1236);
#881=LINE('',#5409,#1237);
#882=LINE('',#5411,#1238);
#883=LINE('',#5413,#1239);
#884=LINE('',#5415,#1240);
#885=LINE('',#5417,#1241);
#886=LINE('',#5419,#1242);
#887=LINE('',#5421,#1243);
#888=LINE('',#5424,#1244);
#889=LINE('',#5425,#1245);
#890=LINE('',#5427,#1246);
#891=LINE('',#5429,#1247);
#892=LINE('',#5432,#1248);
#893=LINE('',#5433,#1249);
#894=LINE('',#5435,#1250);
#895=LINE('',#5437,#1251);
#896=LINE('',#5440,#1252);
#897=LINE('',#5441,#1253);
#898=LINE('',#5443,#1254);
#899=LINE('',#5445,#1255);
#900=LINE('',#5448,#1256);
#901=LINE('',#5449,#1257);
#902=LINE('',#5451,#1258);
#903=LINE('',#5453,#1259);
#904=LINE('',#5456,#1260);
#905=LINE('',#5457,#1261);
#906=LINE('',#5459,#1262);
#907=LINE('',#5461,#1263);
#908=LINE('',#5464,#1264);
#909=LINE('',#5465,#1265);
#910=LINE('',#5467,#1266);
#911=LINE('',#5469,#1267);
#912=LINE('',#5472,#1268);
#913=LINE('',#5473,#1269);
#914=LINE('',#5475,#1270);
#915=LINE('',#5477,#1271);
#916=LINE('',#5480,#1272);
#917=LINE('',#5481,#1273);
#918=LINE('',#5483,#1274);
#919=LINE('',#5485,#1275);
#920=LINE('',#5488,#1276);
#921=LINE('',#5489,#1277);
#922=LINE('',#5491,#1278);
#923=LINE('',#5493,#1279);
#924=LINE('',#5495,#1280);
#925=LINE('',#5497,#1281);
#926=LINE('',#5499,#1282);
#927=LINE('',#5501,#1283);
#928=LINE('',#5504,#1284);
#929=LINE('',#5505,#1285);
#930=LINE('',#5507,#1286);
#931=LINE('',#5509,#1287);
#932=LINE('',#5512,#1288);
#933=LINE('',#5513,#1289);
#934=LINE('',#5515,#1290);
#935=LINE('',#5517,#1291);
#936=LINE('',#5520,#1292);
#937=LINE('',#5521,#1293);
#938=LINE('',#5523,#1294);
#939=LINE('',#5525,#1295);
#940=LINE('',#5528,#1296);
#941=LINE('',#5529,#1297);
#942=LINE('',#5531,#1298);
#943=LINE('',#5533,#1299);
#944=LINE('',#5536,#1300);
#945=LINE('',#5537,#1301);
#946=LINE('',#5539,#1302);
#947=LINE('',#5541,#1303);
#948=LINE('',#5544,#1304);
#949=LINE('',#5545,#1305);
#950=LINE('',#5547,#1306);
#951=LINE('',#5549,#1307);
#952=LINE('',#5552,#1308);
#953=LINE('',#5553,#1309);
#954=LINE('',#5555,#1310);
#955=LINE('',#5557,#1311);
#956=LINE('',#5560,#1312);
#957=LINE('',#5561,#1313);
#958=LINE('',#5563,#1314);
#959=LINE('',#5565,#1315);
#960=LINE('',#5568,#1316);
#961=LINE('',#5569,#1317);
#962=LINE('',#5571,#1318);
#963=LINE('',#5573,#1319);
#964=LINE('',#5576,#1320);
#965=LINE('',#5577,#1321);
#966=LINE('',#5579,#1322);
#967=LINE('',#5581,#1323);
#968=LINE('',#5584,#1324);
#969=LINE('',#5586,#1325);
#970=LINE('',#5588,#1326);
#971=LINE('',#5590,#1327);
#972=LINE('',#5594,#1328);
#973=VECTOR('',#3721,2.25000000000001);
#974=VECTOR('',#3728,2.25000000000001);
#975=VECTOR('',#3735,2.25);
#976=VECTOR('',#3742,2.25000000000001);
#977=VECTOR('',#3749,2.24999999999994);
#978=VECTOR('',#3756,2.25000000000001);
#979=VECTOR('',#3763,2.25);
#980=VECTOR('',#3770,2.25000000000001);
#981=VECTOR('',#3777,2.24999999999994);
#982=VECTOR('',#3782,10.);
#983=VECTOR('',#3783,10.);
#984=VECTOR('',#3784,10.);
#985=VECTOR('',#3785,10.);
#986=VECTOR('',#3788,10.);
#987=VECTOR('',#3791,10.);
#988=VECTOR('',#3796,10.);
#989=VECTOR('',#3799,10.);
#990=VECTOR('',#3802,10.);
#991=VECTOR('',#3803,10.);
#992=VECTOR('',#3804,10.);
#993=VECTOR('',#3807,10.);
#994=VECTOR('',#3810,10.);
#995=VECTOR('',#3813,10.);
#996=VECTOR('',#3816,10.);
#997=VECTOR('',#3819,10.);
#998=VECTOR('',#3822,10.);
#999=VECTOR('',#3825,10.);
#1000=VECTOR('',#3828,10.);
#1001=VECTOR('',#3831,10.);
#1002=VECTOR('',#3834,10.);
#1003=VECTOR('',#3837,10.);
#1004=VECTOR('',#3840,10.);
#1005=VECTOR('',#3843,10.);
#1006=VECTOR('',#3846,10.);
#1007=VECTOR('',#3849,10.);
#1008=VECTOR('',#3852,10.);
#1009=VECTOR('',#3855,10.);
#1010=VECTOR('',#3858,10.);
#1011=VECTOR('',#3861,10.);
#1012=VECTOR('',#3862,10.);
#1013=VECTOR('',#3863,10.);
#1014=VECTOR('',#3864,10.);
#1015=VECTOR('',#3865,10.);
#1016=VECTOR('',#3868,10.);
#1017=VECTOR('',#3869,10.);
#1018=VECTOR('',#3870,10.);
#1019=VECTOR('',#3871,10.);
#1020=VECTOR('',#3874,10.);
#1021=VECTOR('',#3877,10.);
#1022=VECTOR('',#3880,10.);
#1023=VECTOR('',#3883,10.);
#1024=VECTOR('',#3884,10.);
#1025=VECTOR('',#3885,10.);
#1026=VECTOR('',#3886,10.);
#1027=VECTOR('',#3887,10.);
#1028=VECTOR('',#3888,10.);
#1029=VECTOR('',#3889,10.);
#1030=VECTOR('',#3890,10.);
#1031=VECTOR('',#3891,10.);
#1032=VECTOR('',#3894,10.);
#1033=VECTOR('',#3897,10.);
#1034=VECTOR('',#3900,10.);
#1035=VECTOR('',#3903,10.);
#1036=VECTOR('',#3906,10.);
#1037=VECTOR('',#3909,10.);
#1038=VECTOR('',#3912,10.);
#1039=VECTOR('',#3915,10.);
#1040=VECTOR('',#3916,10.);
#1041=VECTOR('',#3917,10.);
#1042=VECTOR('',#3918,10.);
#1043=VECTOR('',#3919,10.);
#1044=VECTOR('',#3920,10.);
#1045=VECTOR('',#3921,10.);
#1046=VECTOR('',#3922,10.);
#1047=VECTOR('',#3923,10.);
#1048=VECTOR('',#3924,10.);
#1049=VECTOR('',#3925,10.);
#1050=VECTOR('',#3926,10.);
#1051=VECTOR('',#3927,10.);
#1052=VECTOR('',#3930,10.);
#1053=VECTOR('',#3933,10.);
#1054=VECTOR('',#3936,10.);
#1055=VECTOR('',#3939,10.);
#1056=VECTOR('',#3942,10.);
#1057=VECTOR('',#3945,10.);
#1058=VECTOR('',#3948,10.);
#1059=VECTOR('',#3951,10.);
#1060=VECTOR('',#3952,10.);
#1061=VECTOR('',#3953,10.);
#1062=VECTOR('',#3954,10.);
#1063=VECTOR('',#3955,10.);
#1064=VECTOR('',#3956,10.);
#1065=VECTOR('',#3957,10.);
#1066=VECTOR('',#3958,10.);
#1067=VECTOR('',#3959,10.);
#1068=VECTOR('',#3962,10.);
#1069=VECTOR('',#3965,10.);
#1070=VECTOR('',#3968,10.);
#1071=VECTOR('',#3971,10.);
#1072=VECTOR('',#3974,10.);
#1073=VECTOR('',#3977,10.);
#1074=VECTOR('',#3978,10.);
#1075=VECTOR('',#3979,10.);
#1076=VECTOR('',#3980,10.);
#1077=VECTOR('',#3981,10.);
#1078=VECTOR('',#3984,10.);
#1079=VECTOR('',#3987,10.);
#1080=VECTOR('',#3988,10.);
#1081=VECTOR('',#3989,10.);
#1082=VECTOR('',#3990,10.);
#1083=VECTOR('',#3991,10.);
#1084=VECTOR('',#3994,10.);
#1085=VECTOR('',#3995,10.);
#1086=VECTOR('',#3996,10.);
#1087=VECTOR('',#3997,10.);
#1088=VECTOR('',#3998,10.);
#1089=VECTOR('',#3999,10.);
#1090=VECTOR('',#4000,10.);
#1091=VECTOR('',#4001,10.);
#1092=VECTOR('',#4002,10.);
#1093=VECTOR('',#4003,10.);
#1094=VECTOR('',#4006,10.);
#1095=VECTOR('',#4009,10.);
#1096=VECTOR('',#4010,10.);
#1097=VECTOR('',#4011,10.);
#1098=VECTOR('',#4012,10.);
#1099=VECTOR('',#4013,10.);
#1100=VECTOR('',#4016,10.);
#1101=VECTOR('',#4019,10.);
#1102=VECTOR('',#4022,10.);
#1103=VECTOR('',#4025,10.);
#1104=VECTOR('',#4028,10.);
#1105=VECTOR('',#4031,10.);
#1106=VECTOR('',#4032,10.);
#1107=VECTOR('',#4033,10.);
#1108=VECTOR('',#4034,10.);
#1109=VECTOR('',#4035,10.);
#1110=VECTOR('',#4036,10.);
#1111=VECTOR('',#4037,10.);
#1112=VECTOR('',#4038,10.);
#1113=VECTOR('',#4039,10.);
#1114=VECTOR('',#4042,10.);
#1115=VECTOR('',#4045,10.);
#1116=VECTOR('',#4048,10.);
#1117=VECTOR('',#4051,10.);
#1118=VECTOR('',#4054,10.);
#1119=VECTOR('',#4057,10.);
#1120=VECTOR('',#4060,10.);
#1121=VECTOR('',#4063,10.);
#1122=VECTOR('',#4064,10.);
#1123=VECTOR('',#4065,10.);
#1124=VECTOR('',#4066,10.);
#1125=VECTOR('',#4067,10.);
#1126=VECTOR('',#4068,10.);
#1127=VECTOR('',#4069,10.);
#1128=VECTOR('',#4070,10.);
#1129=VECTOR('',#4071,10.);
#1130=VECTOR('',#4072,10.);
#1131=VECTOR('',#4073,10.);
#1132=VECTOR('',#4074,10.);
#1133=VECTOR('',#4075,10.);
#1134=VECTOR('',#4078,10.);
#1135=VECTOR('',#4081,10.);
#1136=VECTOR('',#4084,10.);
#1137=VECTOR('',#4087,10.);
#1138=VECTOR('',#4090,10.);
#1139=VECTOR('',#4093,10.);
#1140=VECTOR('',#4096,10.);
#1141=VECTOR('',#4099,10.);
#1142=VECTOR('',#4100,10.);
#1143=VECTOR('',#4101,10.);
#1144=VECTOR('',#4102,10.);
#1145=VECTOR('',#4103,10.);
#1146=VECTOR('',#4104,10.);
#1147=VECTOR('',#4105,10.);
#1148=VECTOR('',#4106,10.);
#1149=VECTOR('',#4107,10.);
#1150=VECTOR('',#4110,10.);
#1151=VECTOR('',#4113,10.);
#1152=VECTOR('',#4116,10.);
#1153=VECTOR('',#4119,10.);
#1154=VECTOR('',#4120,10.);
#1155=VECTOR('',#4121,10.);
#1156=VECTOR('',#4122,10.);
#1157=VECTOR('',#4123,10.);
#1158=VECTOR('',#4128,10.);
#1159=VECTOR('',#4129,10.);
#1160=VECTOR('',#4130,10.);
#1161=VECTOR('',#4131,10.);
#1162=VECTOR('',#4134,10.);
#1163=VECTOR('',#4141,10.);
#1164=VECTOR('',#4144,10.);
#1165=VECTOR('',#4147,10.);
#1166=VECTOR('',#4148,10.);
#1167=VECTOR('',#4149,10.);
#1168=VECTOR('',#4152,10.);
#1169=VECTOR('',#4153,10.);
#1170=VECTOR('',#4156,10.);
#1171=VECTOR('',#4159,10.);
#1172=VECTOR('',#4160,10.);
#1173=VECTOR('',#4163,10.);
#1174=VECTOR('',#4166,10.);
#1175=VECTOR('',#4169,10.);
#1176=VECTOR('',#4172,10.);
#1177=VECTOR('',#4175,10.);
#1178=VECTOR('',#4178,10.);
#1179=VECTOR('',#4181,10.);
#1180=VECTOR('',#4184,10.);
#1181=VECTOR('',#4187,10.);
#1182=VECTOR('',#4190,10.);
#1183=VECTOR('',#4193,10.);
#1184=VECTOR('',#4196,10.);
#1185=VECTOR('',#4199,10.);
#1186=VECTOR('',#4202,10.);
#1187=VECTOR('',#4205,10.);
#1188=VECTOR('',#4208,10.);
#1189=VECTOR('',#4211,10.);
#1190=VECTOR('',#4214,10.);
#1191=VECTOR('',#4217,10.);
#1192=VECTOR('',#4222,10.);
#1193=VECTOR('',#4223,10.);
#1194=VECTOR('',#4226,10.);
#1195=VECTOR('',#4229,10.);
#1196=VECTOR('',#4234,10.);
#1197=VECTOR('',#4235,10.);
#1198=VECTOR('',#4238,10.);
#1199=VECTOR('',#4241,10.);
#1200=VECTOR('',#4246,10.);
#1201=VECTOR('',#4247,10.);
#1202=VECTOR('',#4250,10.);
#1203=VECTOR('',#4253,10.);
#1204=VECTOR('',#4258,10.);
#1205=VECTOR('',#4259,10.);
#1206=VECTOR('',#4262,10.);
#1207=VECTOR('',#4265,10.);
#1208=VECTOR('',#4270,10.);
#1209=VECTOR('',#4271,10.);
#1210=VECTOR('',#4274,10.);
#1211=VECTOR('',#4277,10.);
#1212=VECTOR('',#4282,10.);
#1213=VECTOR('',#4283,10.);
#1214=VECTOR('',#4286,10.);
#1215=VECTOR('',#4289,10.);
#1216=VECTOR('',#4294,10.);
#1217=VECTOR('',#4295,10.);
#1218=VECTOR('',#4298,10.);
#1219=VECTOR('',#4301,10.);
#1220=VECTOR('',#4306,10.);
#1221=VECTOR('',#4307,10.);
#1222=VECTOR('',#4310,10.);
#1223=VECTOR('',#4313,10.);
#1224=VECTOR('',#4318,10.);
#1225=VECTOR('',#4319,10.);
#1226=VECTOR('',#4322,10.);
#1227=VECTOR('',#4325,10.);
#1228=VECTOR('',#4330,10.);
#1229=VECTOR('',#4331,10.);
#1230=VECTOR('',#4334,10.);
#1231=VECTOR('',#4337,10.);
#1232=VECTOR('',#4342,10.);
#1233=VECTOR('',#4343,10.);
#1234=VECTOR('',#4346,10.);
#1235=VECTOR('',#4349,10.);
#1236=VECTOR('',#4354,10.);
#1237=VECTOR('',#4355,10.);
#1238=VECTOR('',#4358,10.);
#1239=VECTOR('',#4361,10.);
#1240=VECTOR('',#4364,10.);
#1241=VECTOR('',#4367,10.);
#1242=VECTOR('',#4370,10.);
#1243=VECTOR('',#4373,10.);
#1244=VECTOR('',#4378,10.);
#1245=VECTOR('',#4379,10.);
#1246=VECTOR('',#4382,10.);
#1247=VECTOR('',#4385,10.);
#1248=VECTOR('',#4390,10.);
#1249=VECTOR('',#4391,10.);
#1250=VECTOR('',#4394,10.);
#1251=VECTOR('',#4397,10.);
#1252=VECTOR('',#4402,10.);
#1253=VECTOR('',#4403,10.);
#1254=VECTOR('',#4406,10.);
#1255=VECTOR('',#4409,10.);
#1256=VECTOR('',#4414,10.);
#1257=VECTOR('',#4415,10.);
#1258=VECTOR('',#4418,10.);
#1259=VECTOR('',#4421,10.);
#1260=VECTOR('',#4426,10.);
#1261=VECTOR('',#4427,10.);
#1262=VECTOR('',#4430,10.);
#1263=VECTOR('',#4433,10.);
#1264=VECTOR('',#4438,10.);
#1265=VECTOR('',#4439,10.);
#1266=VECTOR('',#4442,10.);
#1267=VECTOR('',#4445,10.);
#1268=VECTOR('',#4450,10.);
#1269=VECTOR('',#4451,10.);
#1270=VECTOR('',#4454,10.);
#1271=VECTOR('',#4457,10.);
#1272=VECTOR('',#4462,10.);
#1273=VECTOR('',#4463,10.);
#1274=VECTOR('',#4466,10.);
#1275=VECTOR('',#4469,10.);
#1276=VECTOR('',#4474,10.);
#1277=VECTOR('',#4475,10.);
#1278=VECTOR('',#4478,10.);
#1279=VECTOR('',#4481,10.);
#1280=VECTOR('',#4484,10.);
#1281=VECTOR('',#4487,10.);
#1282=VECTOR('',#4490,10.);
#1283=VECTOR('',#4493,10.);
#1284=VECTOR('',#4498,10.);
#1285=VECTOR('',#4499,10.);
#1286=VECTOR('',#4502,10.);
#1287=VECTOR('',#4505,10.);
#1288=VECTOR('',#4510,10.);
#1289=VECTOR('',#4511,10.);
#1290=VECTOR('',#4514,10.);
#1291=VECTOR('',#4517,10.);
#1292=VECTOR('',#4522,10.);
#1293=VECTOR('',#4523,10.);
#1294=VECTOR('',#4526,10.);
#1295=VECTOR('',#4529,10.);
#1296=VECTOR('',#4534,10.);
#1297=VECTOR('',#4535,10.);
#1298=VECTOR('',#4538,10.);
#1299=VECTOR('',#4541,10.);
#1300=VECTOR('',#4546,10.);
#1301=VECTOR('',#4547,10.);
#1302=VECTOR('',#4550,10.);
#1303=VECTOR('',#4553,10.);
#1304=VECTOR('',#4558,10.);
#1305=VECTOR('',#4559,10.);
#1306=VECTOR('',#4562,10.);
#1307=VECTOR('',#4565,10.);
#1308=VECTOR('',#4570,10.);
#1309=VECTOR('',#4571,10.);
#1310=VECTOR('',#4574,10.);
#1311=VECTOR('',#4577,10.);
#1312=VECTOR('',#4582,10.);
#1313=VECTOR('',#4583,10.);
#1314=VECTOR('',#4586,10.);
#1315=VECTOR('',#4589,10.);
#1316=VECTOR('',#4594,10.);
#1317=VECTOR('',#4595,10.);
#1318=VECTOR('',#4598,10.);
#1319=VECTOR('',#4601,10.);
#1320=VECTOR('',#4606,10.);
#1321=VECTOR('',#4607,10.);
#1322=VECTOR('',#4610,10.);
#1323=VECTOR('',#4613,10.);
#1324=VECTOR('',#4618,33.7);
#1325=VECTOR('',#4621,10.);
#1326=VECTOR('',#4624,10.);
#1327=VECTOR('',#4627,10.);
#1328=VECTOR('',#4634,10.);
#1329=CIRCLE('',#3430,2.25000000000001);
#1330=CIRCLE('',#3431,2.25000000000001);
#1331=CIRCLE('',#3433,2.25000000000001);
#1332=CIRCLE('',#3434,2.25000000000001);
#1333=CIRCLE('',#3436,2.25);
#1334=CIRCLE('',#3437,2.25);
#1335=CIRCLE('',#3439,2.25000000000001);
#1336=CIRCLE('',#3440,2.25000000000001);
#1337=CIRCLE('',#3442,2.24999999999994);
#1338=CIRCLE('',#3443,2.24999999999994);
#1339=CIRCLE('',#3445,2.25000000000001);
#1340=CIRCLE('',#3446,2.25000000000001);
#1341=CIRCLE('',#3448,2.25);
#1342=CIRCLE('',#3449,2.25);
#1343=CIRCLE('',#3451,2.25000000000001);
#1344=CIRCLE('',#3452,2.25000000000001);
#1345=CIRCLE('',#3454,2.24999999999994);
#1346=CIRCLE('',#3455,2.24999999999994);
#1347=CIRCLE('',#3458,4.);
#1348=CIRCLE('',#3459,4.);
#1349=CIRCLE('',#3461,2.);
#1350=CIRCLE('',#3463,3.00000000000004);
#1351=CIRCLE('',#3464,3.00000000000001);
#1352=CIRCLE('',#3465,3.00000000000011);
#1353=CIRCLE('',#3466,2.99999999999997);
#1354=CIRCLE('',#3467,2.99999999999997);
#1355=CIRCLE('',#3468,2.99999999999997);
#1356=CIRCLE('',#3469,2.99999999999997);
#1357=CIRCLE('',#3470,2.99999999999997);
#1358=CIRCLE('',#3471,3.00000000000001);
#1359=CIRCLE('',#3472,2.99999999999999);
#1360=CIRCLE('',#3473,2.99999999999997);
#1361=CIRCLE('',#3474,2.99999999999997);
#1362=CIRCLE('',#3475,3.00000000000002);
#1363=CIRCLE('',#3476,2.99999999999998);
#1364=CIRCLE('',#3477,3.00000000000004);
#1365=CIRCLE('',#3478,2.99999999999997);
#1366=CIRCLE('',#3479,2.99999999999997);
#1367=CIRCLE('',#3480,2.99999999999983);
#1368=CIRCLE('',#3482,33.7);
#1369=CIRCLE('',#3483,3.19999999999999);
#1370=CIRCLE('',#3484,3.2);
#1371=CIRCLE('',#3485,3.19999999999993);
#1372=CIRCLE('',#3486,3.20000000000002);
#1373=CIRCLE('',#3487,3.20000000000007);
#1374=CIRCLE('',#3488,3.20000000000006);
#1375=CIRCLE('',#3489,3.19999999999993);
#1376=CIRCLE('',#3490,3.20000000000006);
#1377=CIRCLE('',#3491,2.99999999999997);
#1378=CIRCLE('',#3492,2.99999999999997);
#1379=CIRCLE('',#3493,2.99999999999983);
#1380=CIRCLE('',#3494,3.00000000000001);
#1381=CIRCLE('',#3495,3.20000000000007);
#1382=CIRCLE('',#3496,3.19999999999999);
#1383=CIRCLE('',#3497,3.1999999999999);
#1384=CIRCLE('',#3498,3.19999999999997);
#1385=CIRCLE('',#3499,3.00000000000001);
#1386=CIRCLE('',#3500,2.99999999999997);
#1387=CIRCLE('',#3501,3.00000000000001);
#1388=CIRCLE('',#3502,3.00000000000001);
#1389=CIRCLE('',#3503,3.2);
#1390=CIRCLE('',#3504,3.2);
#1391=CIRCLE('',#3505,3.19999999999993);
#1392=CIRCLE('',#3506,3.19999999999997);
#1393=CIRCLE('',#3507,3.2);
#1394=CIRCLE('',#3508,3.20000000000002);
#1395=CIRCLE('',#3509,3.19999999999993);
#1396=CIRCLE('',#3510,3.20000000000002);
#1397=CIRCLE('',#3512,3.19999999999993);
#1398=CIRCLE('',#3513,3.20000000000002);
#1399=CIRCLE('',#3514,3.2);
#1400=CIRCLE('',#3515,3.20000000000002);
#1401=CIRCLE('',#3516,3.19999999999993);
#1402=CIRCLE('',#3517,3.19999999999997);
#1403=CIRCLE('',#3518,3.2);
#1404=CIRCLE('',#3519,3.2);
#1405=CIRCLE('',#3520,3.00000000000001);
#1406=CIRCLE('',#3521,3.00000000000001);
#1407=CIRCLE('',#3522,3.00000000000001);
#1408=CIRCLE('',#3523,2.99999999999997);
#1409=CIRCLE('',#3524,3.1999999999999);
#1410=CIRCLE('',#3525,3.19999999999997);
#1411=CIRCLE('',#3526,3.20000000000007);
#1412=CIRCLE('',#3527,3.19999999999999);
#1413=CIRCLE('',#3528,2.99999999999997);
#1414=CIRCLE('',#3529,3.00000000000001);
#1415=CIRCLE('',#3530,2.99999999999983);
#1416=CIRCLE('',#3531,2.99999999999997);
#1417=CIRCLE('',#3532,3.19999999999993);
#1418=CIRCLE('',#3533,3.20000000000006);
#1419=CIRCLE('',#3534,3.20000000000007);
#1420=CIRCLE('',#3535,3.20000000000006);
#1421=CIRCLE('',#3536,3.19999999999993);
#1422=CIRCLE('',#3537,3.20000000000002);
#1423=CIRCLE('',#3538,3.19999999999999);
#1424=CIRCLE('',#3539,3.2);
#1425=CIRCLE('',#3540,33.7);
#1426=CIRCLE('',#3543,2.);
#1427=CIRCLE('',#3544,2.);
#1428=CIRCLE('',#3546,4.);
#1429=CIRCLE('',#3551,3.00000000000004);
#1430=CIRCLE('',#3552,3.00000000000001);
#1431=CIRCLE('',#3553,3.00000000000011);
#1432=CIRCLE('',#3554,2.99999999999997);
#1433=CIRCLE('',#3555,2.99999999999997);
#1434=CIRCLE('',#3556,2.99999999999997);
#1435=CIRCLE('',#3557,2.99999999999997);
#1436=CIRCLE('',#3558,2.99999999999997);
#1437=CIRCLE('',#3559,3.00000000000001);
#1438=CIRCLE('',#3560,2.99999999999999);
#1439=CIRCLE('',#3561,2.99999999999997);
#1440=CIRCLE('',#3562,2.99999999999997);
#1441=CIRCLE('',#3563,3.00000000000002);
#1442=CIRCLE('',#3564,2.99999999999998);
#1443=CIRCLE('',#3565,3.00000000000004);
#1444=CIRCLE('',#3566,2.99999999999997);
#1445=CIRCLE('',#3567,2.99999999999997);
#1446=CIRCLE('',#3568,2.99999999999983);
#1447=CIRCLE('',#3570,4.);
#1448=CIRCLE('',#3708,2.00000000000002);
#1449=VERTEX_POINT('',#4647);
#1450=VERTEX_POINT('',#4649);
#1451=VERTEX_POINT('',#4653);
#1452=VERTEX_POINT('',#4655);
#1453=VERTEX_POINT('',#4659);
#1454=VERTEX_POINT('',#4661);
#1455=VERTEX_POINT('',#4665);
#1456=VERTEX_POINT('',#4667);
#1457=VERTEX_POINT('',#4671);
#1458=VERTEX_POINT('',#4673);
#1459=VERTEX_POINT('',#4677);
#1460=VERTEX_POINT('',#4679);
#1461=VERTEX_POINT('',#4683);
#1462=VERTEX_POINT('',#4685);
#1463=VERTEX_POINT('',#4689);
#1464=VERTEX_POINT('',#4691);
#1465=VERTEX_POINT('',#4695);
#1466=VERTEX_POINT('',#4697);
#1467=VERTEX_POINT('',#4701);
#1468=VERTEX_POINT('',#4702);
#1469=VERTEX_POINT('',#4704);
#1470=VERTEX_POINT('',#4706);
#1471=VERTEX_POINT('',#4710);
#1472=VERTEX_POINT('',#4712);
#1473=VERTEX_POINT('',#4714);
#1474=VERTEX_POINT('',#4718);
#1475=VERTEX_POINT('',#4720);
#1476=VERTEX_POINT('',#4725);
#1477=VERTEX_POINT('',#4728);
#1478=VERTEX_POINT('',#4729);
#1479=VERTEX_POINT('',#4731);
#1480=VERTEX_POINT('',#4733);
#1481=VERTEX_POINT('',#4736);
#1482=VERTEX_POINT('',#4737);
#1483=VERTEX_POINT('',#4739);
#1484=VERTEX_POINT('',#4741);
#1485=VERTEX_POINT('',#4744);
#1486=VERTEX_POINT('',#4745);
#1487=VERTEX_POINT('',#4747);
#1488=VERTEX_POINT('',#4749);
#1489=VERTEX_POINT('',#4752);
#1490=VERTEX_POINT('',#4753);
#1491=VERTEX_POINT('',#4755);
#1492=VERTEX_POINT('',#4757);
#1493=VERTEX_POINT('',#4760);
#1494=VERTEX_POINT('',#4761);
#1495=VERTEX_POINT('',#4763);
#1496=VERTEX_POINT('',#4765);
#1497=VERTEX_POINT('',#4768);
#1498=VERTEX_POINT('',#4769);
#1499=VERTEX_POINT('',#4771);
#1500=VERTEX_POINT('',#4773);
#1501=VERTEX_POINT('',#4776);
#1502=VERTEX_POINT('',#4777);
#1503=VERTEX_POINT('',#4779);
#1504=VERTEX_POINT('',#4781);
#1505=VERTEX_POINT('',#4784);
#1506=VERTEX_POINT('',#4785);
#1507=VERTEX_POINT('',#4787);
#1508=VERTEX_POINT('',#4789);
#1509=VERTEX_POINT('',#4792);
#1510=VERTEX_POINT('',#4793);
#1511=VERTEX_POINT('',#4795);
#1512=VERTEX_POINT('',#4797);
#1513=VERTEX_POINT('',#4801);
#1514=VERTEX_POINT('',#4803);
#1515=VERTEX_POINT('',#4805);
#1516=VERTEX_POINT('',#4807);
#1517=VERTEX_POINT('',#4810);
#1518=VERTEX_POINT('',#4812);
#1519=VERTEX_POINT('',#4813);
#1520=VERTEX_POINT('',#4815);
#1521=VERTEX_POINT('',#4817);
#1522=VERTEX_POINT('',#4820);
#1523=VERTEX_POINT('',#4821);
#1524=VERTEX_POINT('',#4823);
#1525=VERTEX_POINT('',#4825);
#1526=VERTEX_POINT('',#4828);
#1527=VERTEX_POINT('',#4829);
#1528=VERTEX_POINT('',#4831);
#1529=VERTEX_POINT('',#4833);
#1530=VERTEX_POINT('',#4836);
#1531=VERTEX_POINT('',#4837);
#1532=VERTEX_POINT('',#4839);
#1533=VERTEX_POINT('',#4841);
#1534=VERTEX_POINT('',#4844);
#1535=VERTEX_POINT('',#4845);
#1536=VERTEX_POINT('',#4847);
#1537=VERTEX_POINT('',#4849);
#1538=VERTEX_POINT('',#4852);
#1539=VERTEX_POINT('',#4853);
#1540=VERTEX_POINT('',#4855);
#1541=VERTEX_POINT('',#4857);
#1542=VERTEX_POINT('',#4860);
#1543=VERTEX_POINT('',#4861);
#1544=VERTEX_POINT('',#4863);
#1545=VERTEX_POINT('',#4865);
#1546=VERTEX_POINT('',#4868);
#1547=VERTEX_POINT('',#4869);
#1548=VERTEX_POINT('',#4871);
#1549=VERTEX_POINT('',#4873);
#1550=VERTEX_POINT('',#4875);
#1551=VERTEX_POINT('',#4877);
#1552=VERTEX_POINT('',#4879);
#1553=VERTEX_POINT('',#4881);
#1554=VERTEX_POINT('',#4884);
#1555=VERTEX_POINT('',#4885);
#1556=VERTEX_POINT('',#4887);
#1557=VERTEX_POINT('',#4889);
#1558=VERTEX_POINT('',#4892);
#1559=VERTEX_POINT('',#4893);
#1560=VERTEX_POINT('',#4895);
#1561=VERTEX_POINT('',#4897);
#1562=VERTEX_POINT('',#4900);
#1563=VERTEX_POINT('',#4901);
#1564=VERTEX_POINT('',#4903);
#1565=VERTEX_POINT('',#4905);
#1566=VERTEX_POINT('',#4908);
#1567=VERTEX_POINT('',#4909);
#1568=VERTEX_POINT('',#4911);
#1569=VERTEX_POINT('',#4913);
#1570=VERTEX_POINT('',#4916);
#1571=VERTEX_POINT('',#4917);
#1572=VERTEX_POINT('',#4919);
#1573=VERTEX_POINT('',#4921);
#1574=VERTEX_POINT('',#4924);
#1575=VERTEX_POINT('',#4925);
#1576=VERTEX_POINT('',#4927);
#1577=VERTEX_POINT('',#4929);
#1578=VERTEX_POINT('',#4931);
#1579=VERTEX_POINT('',#4933);
#1580=VERTEX_POINT('',#4935);
#1581=VERTEX_POINT('',#4937);
#1582=VERTEX_POINT('',#4940);
#1583=VERTEX_POINT('',#4941);
#1584=VERTEX_POINT('',#4943);
#1585=VERTEX_POINT('',#4945);
#1586=VERTEX_POINT('',#4948);
#1587=VERTEX_POINT('',#4949);
#1588=VERTEX_POINT('',#4951);
#1589=VERTEX_POINT('',#4953);
#1590=VERTEX_POINT('',#4956);
#1591=VERTEX_POINT('',#4957);
#1592=VERTEX_POINT('',#4959);
#1593=VERTEX_POINT('',#4961);
#1594=VERTEX_POINT('',#4964);
#1595=VERTEX_POINT('',#4965);
#1596=VERTEX_POINT('',#4967);
#1597=VERTEX_POINT('',#4969);
#1598=VERTEX_POINT('',#4972);
#1599=VERTEX_POINT('',#4973);
#1600=VERTEX_POINT('',#4975);
#1601=VERTEX_POINT('',#4977);
#1602=VERTEX_POINT('',#4980);
#1603=VERTEX_POINT('',#4981);
#1604=VERTEX_POINT('',#4983);
#1605=VERTEX_POINT('',#4985);
#1606=VERTEX_POINT('',#4988);
#1607=VERTEX_POINT('',#4989);
#1608=VERTEX_POINT('',#4991);
#1609=VERTEX_POINT('',#4993);
#1610=VERTEX_POINT('',#4996);
#1611=VERTEX_POINT('',#4997);
#1612=VERTEX_POINT('',#4999);
#1613=VERTEX_POINT('',#5001);
#1614=VERTEX_POINT('',#5005);
#1615=VERTEX_POINT('',#5007);
#1616=VERTEX_POINT('',#5009);
#1617=VERTEX_POINT('',#5011);
#1618=VERTEX_POINT('',#5013);
#1619=VERTEX_POINT('',#5016);
#1620=VERTEX_POINT('',#5017);
#1621=VERTEX_POINT('',#5019);
#1622=VERTEX_POINT('',#5021);
#1623=VERTEX_POINT('',#5024);
#1624=VERTEX_POINT('',#5025);
#1625=VERTEX_POINT('',#5027);
#1626=VERTEX_POINT('',#5029);
#1627=VERTEX_POINT('',#5032);
#1628=VERTEX_POINT('',#5033);
#1629=VERTEX_POINT('',#5035);
#1630=VERTEX_POINT('',#5037);
#1631=VERTEX_POINT('',#5040);
#1632=VERTEX_POINT('',#5041);
#1633=VERTEX_POINT('',#5043);
#1634=VERTEX_POINT('',#5045);
#1635=VERTEX_POINT('',#5048);
#1636=VERTEX_POINT('',#5049);
#1637=VERTEX_POINT('',#5051);
#1638=VERTEX_POINT('',#5053);
#1639=VERTEX_POINT('',#5056);
#1640=VERTEX_POINT('',#5057);
#1641=VERTEX_POINT('',#5059);
#1642=VERTEX_POINT('',#5061);
#1643=VERTEX_POINT('',#5064);
#1644=VERTEX_POINT('',#5065);
#1645=VERTEX_POINT('',#5067);
#1646=VERTEX_POINT('',#5069);
#1647=VERTEX_POINT('',#5072);
#1648=VERTEX_POINT('',#5073);
#1649=VERTEX_POINT('',#5075);
#1650=VERTEX_POINT('',#5077);
#1651=VERTEX_POINT('',#5080);
#1652=VERTEX_POINT('',#5081);
#1653=VERTEX_POINT('',#5083);
#1654=VERTEX_POINT('',#5085);
#1655=VERTEX_POINT('',#5087);
#1656=VERTEX_POINT('',#5089);
#1657=VERTEX_POINT('',#5091);
#1658=VERTEX_POINT('',#5093);
#1659=VERTEX_POINT('',#5096);
#1660=VERTEX_POINT('',#5097);
#1661=VERTEX_POINT('',#5099);
#1662=VERTEX_POINT('',#5101);
#1663=VERTEX_POINT('',#5104);
#1664=VERTEX_POINT('',#5105);
#1665=VERTEX_POINT('',#5107);
#1666=VERTEX_POINT('',#5109);
#1667=VERTEX_POINT('',#5112);
#1668=VERTEX_POINT('',#5113);
#1669=VERTEX_POINT('',#5115);
#1670=VERTEX_POINT('',#5117);
#1671=VERTEX_POINT('',#5120);
#1672=VERTEX_POINT('',#5121);
#1673=VERTEX_POINT('',#5123);
#1674=VERTEX_POINT('',#5125);
#1675=VERTEX_POINT('',#5128);
#1676=VERTEX_POINT('',#5129);
#1677=VERTEX_POINT('',#5131);
#1678=VERTEX_POINT('',#5133);
#1679=VERTEX_POINT('',#5136);
#1680=VERTEX_POINT('',#5137);
#1681=VERTEX_POINT('',#5139);
#1682=VERTEX_POINT('',#5141);
#1683=VERTEX_POINT('',#5143);
#1684=VERTEX_POINT('',#5145);
#1685=VERTEX_POINT('',#5147);
#1686=VERTEX_POINT('',#5149);
#1687=VERTEX_POINT('',#5152);
#1688=VERTEX_POINT('',#5153);
#1689=VERTEX_POINT('',#5155);
#1690=VERTEX_POINT('',#5157);
#1691=VERTEX_POINT('',#5160);
#1692=VERTEX_POINT('',#5161);
#1693=VERTEX_POINT('',#5163);
#1694=VERTEX_POINT('',#5165);
#1695=VERTEX_POINT('',#5168);
#1696=VERTEX_POINT('',#5169);
#1697=VERTEX_POINT('',#5171);
#1698=VERTEX_POINT('',#5173);
#1699=VERTEX_POINT('',#5176);
#1700=VERTEX_POINT('',#5177);
#1701=VERTEX_POINT('',#5179);
#1702=VERTEX_POINT('',#5181);
#1703=VERTEX_POINT('',#5184);
#1704=VERTEX_POINT('',#5185);
#1705=VERTEX_POINT('',#5187);
#1706=VERTEX_POINT('',#5189);
#1707=VERTEX_POINT('',#5192);
#1708=VERTEX_POINT('',#5193);
#1709=VERTEX_POINT('',#5195);
#1710=VERTEX_POINT('',#5197);
#1711=VERTEX_POINT('',#5200);
#1712=VERTEX_POINT('',#5201);
#1713=VERTEX_POINT('',#5203);
#1714=VERTEX_POINT('',#5205);
#1715=VERTEX_POINT('',#5208);
#1716=VERTEX_POINT('',#5211);
#1717=VERTEX_POINT('',#5212);
#1718=VERTEX_POINT('',#5214);
#1719=VERTEX_POINT('',#5216);
#1720=VERTEX_POINT('',#5220);
#1721=VERTEX_POINT('',#5225);
#1722=VERTEX_POINT('',#5231);
#1723=VERTEX_POINT('',#5235);
#1724=VERTEX_POINT('',#5241);
#1725=VERTEX_POINT('',#5244);
#1726=VERTEX_POINT('',#5245);
#1727=VERTEX_POINT('',#5247);
#1728=VERTEX_POINT('',#5249);
#1729=VERTEX_POINT('',#5252);
#1730=VERTEX_POINT('',#5253);
#1731=VERTEX_POINT('',#5255);
#1732=VERTEX_POINT('',#5257);
#1733=VERTEX_POINT('',#5260);
#1734=VERTEX_POINT('',#5261);
#1735=VERTEX_POINT('',#5263);
#1736=VERTEX_POINT('',#5265);
#1737=VERTEX_POINT('',#5268);
#1738=VERTEX_POINT('',#5269);
#1739=VERTEX_POINT('',#5271);
#1740=VERTEX_POINT('',#5273);
#1741=VERTEX_POINT('',#5276);
#1742=VERTEX_POINT('',#5277);
#1743=VERTEX_POINT('',#5279);
#1744=VERTEX_POINT('',#5281);
#1745=VERTEX_POINT('',#5284);
#1746=VERTEX_POINT('',#5285);
#1747=VERTEX_POINT('',#5287);
#1748=VERTEX_POINT('',#5289);
#1749=VERTEX_POINT('',#5292);
#1750=VERTEX_POINT('',#5293);
#1751=VERTEX_POINT('',#5295);
#1752=VERTEX_POINT('',#5297);
#1753=VERTEX_POINT('',#5300);
#1754=VERTEX_POINT('',#5301);
#1755=VERTEX_POINT('',#5303);
#1756=VERTEX_POINT('',#5305);
#1757=VERTEX_POINT('',#5308);
#1758=VERTEX_POINT('',#5309);
#1759=VERTEX_POINT('',#5311);
#1760=VERTEX_POINT('',#5313);
#1761=EDGE_CURVE('',#1449,#1449,#1329,.T.);
#1762=EDGE_CURVE('',#1449,#1450,#617,.T.);
#1763=EDGE_CURVE('',#1450,#1450,#1330,.T.);
#1764=EDGE_CURVE('',#1451,#1451,#1331,.T.);
#1765=EDGE_CURVE('',#1451,#1452,#618,.T.);
#1766=EDGE_CURVE('',#1452,#1452,#1332,.T.);
#1767=EDGE_CURVE('',#1453,#1453,#1333,.T.);
#1768=EDGE_CURVE('',#1453,#1454,#619,.T.);
#1769=EDGE_CURVE('',#1454,#1454,#1334,.T.);
#1770=EDGE_CURVE('',#1455,#1455,#1335,.T.);
#1771=EDGE_CURVE('',#1455,#1456,#620,.T.);
#1772=EDGE_CURVE('',#1456,#1456,#1336,.T.);
#1773=EDGE_CURVE('',#1457,#1457,#1337,.T.);
#1774=EDGE_CURVE('',#1457,#1458,#621,.T.);
#1775=EDGE_CURVE('',#1458,#1458,#1338,.T.);
#1776=EDGE_CURVE('',#1459,#1459,#1339,.T.);
#1777=EDGE_CURVE('',#1459,#1460,#622,.T.);
#1778=EDGE_CURVE('',#1460,#1460,#1340,.T.);
#1779=EDGE_CURVE('',#1461,#1461,#1341,.T.);
#1780=EDGE_CURVE('',#1461,#1462,#623,.T.);
#1781=EDGE_CURVE('',#1462,#1462,#1342,.T.);
#1782=EDGE_CURVE('',#1463,#1463,#1343,.T.);
#1783=EDGE_CURVE('',#1463,#1464,#624,.T.);
#1784=EDGE_CURVE('',#1464,#1464,#1344,.T.);
#1785=EDGE_CURVE('',#1465,#1465,#1345,.T.);
#1786=EDGE_CURVE('',#1465,#1466,#625,.T.);
#1787=EDGE_CURVE('',#1466,#1466,#1346,.T.);
#1788=EDGE_CURVE('',#1467,#1468,#626,.T.);
#1789=EDGE_CURVE('',#1469,#1468,#627,.T.);
#1790=EDGE_CURVE('',#1470,#1469,#628,.T.);
#1791=EDGE_CURVE('',#1467,#1470,#629,.T.);
#1792=EDGE_CURVE('',#1471,#1467,#630,.T.);
#1793=EDGE_CURVE('',#1471,#1472,#1347,.T.);
#1794=EDGE_CURVE('',#1472,#1473,#631,.T.);
#1795=EDGE_CURVE('',#1473,#1467,#1348,.T.);
#1796=EDGE_CURVE('',#1474,#1471,#632,.T.);
#1797=EDGE_CURVE('',#1475,#1474,#1349,.T.);
#1798=EDGE_CURVE('',#1472,#1475,#633,.T.);
#1799=EDGE_CURVE('',#1468,#1474,#634,.T.);
#1800=EDGE_CURVE('',#1474,#1476,#635,.T.);
#1801=EDGE_CURVE('',#1476,#1469,#636,.T.);
#1802=EDGE_CURVE('',#1477,#1478,#1350,.T.);
#1803=EDGE_CURVE('',#1478,#1479,#637,.T.);
#1804=EDGE_CURVE('',#1479,#1480,#1351,.T.);
#1805=EDGE_CURVE('',#1480,#1477,#638,.T.);
#1806=EDGE_CURVE('',#1481,#1482,#1352,.T.);
#1807=EDGE_CURVE('',#1482,#1483,#639,.T.);
#1808=EDGE_CURVE('',#1483,#1484,#1353,.T.);
#1809=EDGE_CURVE('',#1484,#1481,#640,.T.);
#1810=EDGE_CURVE('',#1485,#1486,#1354,.T.);
#1811=EDGE_CURVE('',#1486,#1487,#641,.T.);
#1812=EDGE_CURVE('',#1487,#1488,#1355,.T.);
#1813=EDGE_CURVE('',#1488,#1485,#642,.T.);
#1814=EDGE_CURVE('',#1489,#1490,#1356,.T.);
#1815=EDGE_CURVE('',#1490,#1491,#643,.T.);
#1816=EDGE_CURVE('',#1491,#1492,#1357,.T.);
#1817=EDGE_CURVE('',#1492,#1489,#644,.T.);
#1818=EDGE_CURVE('',#1493,#1494,#1358,.T.);
#1819=EDGE_CURVE('',#1494,#1495,#645,.T.);
#1820=EDGE_CURVE('',#1495,#1496,#1359,.T.);
#1821=EDGE_CURVE('',#1496,#1493,#646,.T.);
#1822=EDGE_CURVE('',#1497,#1498,#1360,.T.);
#1823=EDGE_CURVE('',#1498,#1499,#647,.T.);
#1824=EDGE_CURVE('',#1499,#1500,#1361,.T.);
#1825=EDGE_CURVE('',#1500,#1497,#648,.T.);
#1826=EDGE_CURVE('',#1501,#1502,#1362,.T.);
#1827=EDGE_CURVE('',#1502,#1503,#649,.T.);
#1828=EDGE_CURVE('',#1503,#1504,#1363,.T.);
#1829=EDGE_CURVE('',#1504,#1501,#650,.T.);
#1830=EDGE_CURVE('',#1505,#1506,#1364,.T.);
#1831=EDGE_CURVE('',#1506,#1507,#651,.T.);
#1832=EDGE_CURVE('',#1507,#1508,#1365,.T.);
#1833=EDGE_CURVE('',#1508,#1505,#652,.T.);
#1834=EDGE_CURVE('',#1509,#1510,#1366,.T.);
#1835=EDGE_CURVE('',#1510,#1511,#653,.T.);
#1836=EDGE_CURVE('',#1511,#1512,#1367,.T.);
#1837=EDGE_CURVE('',#1512,#1509,#654,.T.);
#1838=EDGE_CURVE('',#1472,#1513,#655,.T.);
#1839=EDGE_CURVE('',#1513,#1514,#656,.T.);
#1840=EDGE_CURVE('',#1515,#1514,#657,.T.);
#1841=EDGE_CURVE('',#1515,#1516,#658,.T.);
#1842=EDGE_CURVE('',#1516,#1473,#659,.T.);
#1843=EDGE_CURVE('',#1517,#1517,#1368,.T.);
#1844=EDGE_CURVE('',#1518,#1519,#660,.T.);
#1845=EDGE_CURVE('',#1519,#1520,#661,.T.);
#1846=EDGE_CURVE('',#1520,#1521,#662,.T.);
#1847=EDGE_CURVE('',#1521,#1518,#663,.T.);
#1848=EDGE_CURVE('',#1522,#1523,#1369,.T.);
#1849=EDGE_CURVE('',#1523,#1524,#664,.T.);
#1850=EDGE_CURVE('',#1524,#1525,#1370,.T.);
#1851=EDGE_CURVE('',#1525,#1522,#665,.T.);
#1852=EDGE_CURVE('',#1526,#1527,#1371,.T.);
#1853=EDGE_CURVE('',#1527,#1528,#666,.T.);
#1854=EDGE_CURVE('',#1528,#1529,#1372,.T.);
#1855=EDGE_CURVE('',#1529,#1526,#667,.T.);
#1856=EDGE_CURVE('',#1530,#1531,#668,.T.);
#1857=EDGE_CURVE('',#1531,#1532,#669,.T.);
#1858=EDGE_CURVE('',#1532,#1533,#670,.T.);
#1859=EDGE_CURVE('',#1533,#1530,#671,.T.);
#1860=EDGE_CURVE('',#1534,#1535,#672,.T.);
#1861=EDGE_CURVE('',#1535,#1536,#673,.T.);
#1862=EDGE_CURVE('',#1536,#1537,#674,.T.);
#1863=EDGE_CURVE('',#1537,#1534,#675,.T.);
#1864=EDGE_CURVE('',#1538,#1539,#1373,.T.);
#1865=EDGE_CURVE('',#1539,#1540,#676,.T.);
#1866=EDGE_CURVE('',#1540,#1541,#1374,.T.);
#1867=EDGE_CURVE('',#1541,#1538,#677,.T.);
#1868=EDGE_CURVE('',#1542,#1543,#1375,.T.);
#1869=EDGE_CURVE('',#1543,#1544,#678,.T.);
#1870=EDGE_CURVE('',#1544,#1545,#1376,.T.);
#1871=EDGE_CURVE('',#1545,#1542,#679,.T.);
#1872=EDGE_CURVE('',#1546,#1547,#1377,.T.);
#1873=EDGE_CURVE('',#1547,#1548,#680,.T.);
#1874=EDGE_CURVE('',#1548,#1549,#1378,.T.);
#1875=EDGE_CURVE('',#1549,#1550,#681,.T.);
#1876=EDGE_CURVE('',#1550,#1551,#1379,.T.);
#1877=EDGE_CURVE('',#1551,#1552,#682,.T.);
#1878=EDGE_CURVE('',#1552,#1553,#1380,.T.);
#1879=EDGE_CURVE('',#1553,#1546,#683,.T.);
#1880=EDGE_CURVE('',#1554,#1555,#684,.T.);
#1881=EDGE_CURVE('',#1555,#1556,#685,.T.);
#1882=EDGE_CURVE('',#1556,#1557,#686,.T.);
#1883=EDGE_CURVE('',#1557,#1554,#687,.T.);
#1884=EDGE_CURVE('',#1558,#1559,#688,.T.);
#1885=EDGE_CURVE('',#1559,#1560,#689,.T.);
#1886=EDGE_CURVE('',#1560,#1561,#690,.T.);
#1887=EDGE_CURVE('',#1561,#1558,#691,.T.);
#1888=EDGE_CURVE('',#1562,#1563,#692,.T.);
#1889=EDGE_CURVE('',#1563,#1564,#693,.T.);
#1890=EDGE_CURVE('',#1564,#1565,#694,.T.);
#1891=EDGE_CURVE('',#1565,#1562,#695,.T.);
#1892=EDGE_CURVE('',#1566,#1567,#1381,.T.);
#1893=EDGE_CURVE('',#1567,#1568,#696,.T.);
#1894=EDGE_CURVE('',#1568,#1569,#1382,.T.);
#1895=EDGE_CURVE('',#1569,#1566,#697,.T.);
#1896=EDGE_CURVE('',#1570,#1571,#1383,.T.);
#1897=EDGE_CURVE('',#1571,#1572,#698,.T.);
#1898=EDGE_CURVE('',#1572,#1573,#1384,.T.);
#1899=EDGE_CURVE('',#1573,#1570,#699,.T.);
#1900=EDGE_CURVE('',#1574,#1575,#1385,.T.);
#1901=EDGE_CURVE('',#1575,#1576,#700,.T.);
#1902=EDGE_CURVE('',#1576,#1577,#1386,.T.);
#1903=EDGE_CURVE('',#1577,#1578,#701,.T.);
#1904=EDGE_CURVE('',#1578,#1579,#1387,.T.);
#1905=EDGE_CURVE('',#1579,#1580,#702,.T.);
#1906=EDGE_CURVE('',#1580,#1581,#1388,.T.);
#1907=EDGE_CURVE('',#1581,#1574,#703,.T.);
#1908=EDGE_CURVE('',#1582,#1583,#704,.T.);
#1909=EDGE_CURVE('',#1583,#1584,#705,.T.);
#1910=EDGE_CURVE('',#1584,#1585,#706,.T.);
#1911=EDGE_CURVE('',#1585,#1582,#707,.T.);
#1912=EDGE_CURVE('',#1586,#1587,#708,.T.);
#1913=EDGE_CURVE('',#1587,#1588,#709,.T.);
#1914=EDGE_CURVE('',#1588,#1589,#710,.T.);
#1915=EDGE_CURVE('',#1589,#1586,#711,.T.);
#1916=EDGE_CURVE('',#1590,#1591,#1389,.T.);
#1917=EDGE_CURVE('',#1591,#1592,#712,.T.);
#1918=EDGE_CURVE('',#1592,#1593,#1390,.T.);
#1919=EDGE_CURVE('',#1593,#1590,#713,.T.);
#1920=EDGE_CURVE('',#1594,#1595,#1391,.T.);
#1921=EDGE_CURVE('',#1595,#1596,#714,.T.);
#1922=EDGE_CURVE('',#1596,#1597,#1392,.T.);
#1923=EDGE_CURVE('',#1597,#1594,#715,.T.);
#1924=EDGE_CURVE('',#1598,#1599,#1393,.T.);
#1925=EDGE_CURVE('',#1599,#1600,#716,.T.);
#1926=EDGE_CURVE('',#1600,#1601,#1394,.T.);
#1927=EDGE_CURVE('',#1601,#1598,#717,.T.);
#1928=EDGE_CURVE('',#1602,#1603,#718,.T.);
#1929=EDGE_CURVE('',#1603,#1604,#719,.T.);
#1930=EDGE_CURVE('',#1604,#1605,#720,.T.);
#1931=EDGE_CURVE('',#1605,#1602,#721,.T.);
#1932=EDGE_CURVE('',#1606,#1607,#1395,.T.);
#1933=EDGE_CURVE('',#1607,#1608,#722,.T.);
#1934=EDGE_CURVE('',#1608,#1609,#1396,.T.);
#1935=EDGE_CURVE('',#1609,#1606,#723,.T.);
#1936=EDGE_CURVE('',#1610,#1611,#724,.T.);
#1937=EDGE_CURVE('',#1611,#1612,#725,.T.);
#1938=EDGE_CURVE('',#1612,#1613,#726,.T.);
#1939=EDGE_CURVE('',#1613,#1610,#727,.T.);
#1940=EDGE_CURVE('',#1614,#1475,#728,.T.);
#1941=EDGE_CURVE('',#1614,#1615,#729,.T.);
#1942=EDGE_CURVE('',#1615,#1616,#730,.T.);
#1943=EDGE_CURVE('',#1617,#1616,#731,.T.);
#1944=EDGE_CURVE('',#1617,#1618,#732,.T.);
#1945=EDGE_CURVE('',#1618,#1475,#733,.T.);
#1946=EDGE_CURVE('',#1619,#1620,#734,.T.);
#1947=EDGE_CURVE('',#1620,#1621,#735,.T.);
#1948=EDGE_CURVE('',#1621,#1622,#736,.T.);
#1949=EDGE_CURVE('',#1622,#1619,#737,.T.);
#1950=EDGE_CURVE('',#1623,#1624,#1397,.T.);
#1951=EDGE_CURVE('',#1624,#1625,#738,.T.);
#1952=EDGE_CURVE('',#1625,#1626,#1398,.T.);
#1953=EDGE_CURVE('',#1626,#1623,#739,.T.);
#1954=EDGE_CURVE('',#1627,#1628,#740,.T.);
#1955=EDGE_CURVE('',#1628,#1629,#741,.T.);
#1956=EDGE_CURVE('',#1629,#1630,#742,.T.);
#1957=EDGE_CURVE('',#1630,#1627,#743,.T.);
#1958=EDGE_CURVE('',#1631,#1632,#1399,.T.);
#1959=EDGE_CURVE('',#1632,#1633,#744,.T.);
#1960=EDGE_CURVE('',#1633,#1634,#1400,.T.);
#1961=EDGE_CURVE('',#1634,#1631,#745,.T.);
#1962=EDGE_CURVE('',#1635,#1636,#1401,.T.);
#1963=EDGE_CURVE('',#1636,#1637,#746,.T.);
#1964=EDGE_CURVE('',#1637,#1638,#1402,.T.);
#1965=EDGE_CURVE('',#1638,#1635,#747,.T.);
#1966=EDGE_CURVE('',#1639,#1640,#1403,.T.);
#1967=EDGE_CURVE('',#1640,#1641,#748,.T.);
#1968=EDGE_CURVE('',#1641,#1642,#1404,.T.);
#1969=EDGE_CURVE('',#1642,#1639,#749,.T.);
#1970=EDGE_CURVE('',#1643,#1644,#750,.T.);
#1971=EDGE_CURVE('',#1644,#1645,#751,.T.);
#1972=EDGE_CURVE('',#1645,#1646,#752,.T.);
#1973=EDGE_CURVE('',#1646,#1643,#753,.T.);
#1974=EDGE_CURVE('',#1647,#1648,#754,.T.);
#1975=EDGE_CURVE('',#1648,#1649,#755,.T.);
#1976=EDGE_CURVE('',#1649,#1650,#756,.T.);
#1977=EDGE_CURVE('',#1650,#1647,#757,.T.);
#1978=EDGE_CURVE('',#1651,#1652,#1405,.T.);
#1979=EDGE_CURVE('',#1652,#1653,#758,.T.);
#1980=EDGE_CURVE('',#1653,#1654,#1406,.T.);
#1981=EDGE_CURVE('',#1654,#1655,#759,.T.);
#1982=EDGE_CURVE('',#1655,#1656,#1407,.T.);
#1983=EDGE_CURVE('',#1656,#1657,#760,.T.);
#1984=EDGE_CURVE('',#1657,#1658,#1408,.T.);
#1985=EDGE_CURVE('',#1658,#1651,#761,.T.);
#1986=EDGE_CURVE('',#1659,#1660,#1409,.T.);
#1987=EDGE_CURVE('',#1660,#1661,#762,.T.);
#1988=EDGE_CURVE('',#1661,#1662,#1410,.T.);
#1989=EDGE_CURVE('',#1662,#1659,#763,.T.);
#1990=EDGE_CURVE('',#1663,#1664,#1411,.T.);
#1991=EDGE_CURVE('',#1664,#1665,#764,.T.);
#1992=EDGE_CURVE('',#1665,#1666,#1412,.T.);
#1993=EDGE_CURVE('',#1666,#1663,#765,.T.);
#1994=EDGE_CURVE('',#1667,#1668,#766,.T.);
#1995=EDGE_CURVE('',#1668,#1669,#767,.T.);
#1996=EDGE_CURVE('',#1669,#1670,#768,.T.);
#1997=EDGE_CURVE('',#1670,#1667,#769,.T.);
#1998=EDGE_CURVE('',#1671,#1672,#770,.T.);
#1999=EDGE_CURVE('',#1672,#1673,#771,.T.);
#2000=EDGE_CURVE('',#1673,#1674,#772,.T.);
#2001=EDGE_CURVE('',#1674,#1671,#773,.T.);
#2002=EDGE_CURVE('',#1675,#1676,#774,.T.);
#2003=EDGE_CURVE('',#1676,#1677,#775,.T.);
#2004=EDGE_CURVE('',#1677,#1678,#776,.T.);
#2005=EDGE_CURVE('',#1678,#1675,#777,.T.);
#2006=EDGE_CURVE('',#1679,#1680,#1413,.T.);
#2007=EDGE_CURVE('',#1680,#1681,#778,.T.);
#2008=EDGE_CURVE('',#1681,#1682,#1414,.T.);
#2009=EDGE_CURVE('',#1682,#1683,#779,.T.);
#2010=EDGE_CURVE('',#1683,#1684,#1415,.T.);
#2011=EDGE_CURVE('',#1684,#1685,#780,.T.);
#2012=EDGE_CURVE('',#1685,#1686,#1416,.T.);
#2013=EDGE_CURVE('',#1686,#1679,#781,.T.);
#2014=EDGE_CURVE('',#1687,#1688,#1417,.T.);
#2015=EDGE_CURVE('',#1688,#1689,#782,.T.);
#2016=EDGE_CURVE('',#1689,#1690,#1418,.T.);
#2017=EDGE_CURVE('',#1690,#1687,#783,.T.);
#2018=EDGE_CURVE('',#1691,#1692,#1419,.T.);
#2019=EDGE_CURVE('',#1692,#1693,#784,.T.);
#2020=EDGE_CURVE('',#1693,#1694,#1420,.T.);
#2021=EDGE_CURVE('',#1694,#1691,#785,.T.);
#2022=EDGE_CURVE('',#1695,#1696,#786,.T.);
#2023=EDGE_CURVE('',#1696,#1697,#787,.T.);
#2024=EDGE_CURVE('',#1697,#1698,#788,.T.);
#2025=EDGE_CURVE('',#1698,#1695,#789,.T.);
#2026=EDGE_CURVE('',#1699,#1700,#790,.T.);
#2027=EDGE_CURVE('',#1700,#1701,#791,.T.);
#2028=EDGE_CURVE('',#1701,#1702,#792,.T.);
#2029=EDGE_CURVE('',#1702,#1699,#793,.T.);
#2030=EDGE_CURVE('',#1703,#1704,#1421,.T.);
#2031=EDGE_CURVE('',#1704,#1705,#794,.T.);
#2032=EDGE_CURVE('',#1705,#1706,#1422,.T.);
#2033=EDGE_CURVE('',#1706,#1703,#795,.T.);
#2034=EDGE_CURVE('',#1707,#1708,#1423,.T.);
#2035=EDGE_CURVE('',#1708,#1709,#796,.T.);
#2036=EDGE_CURVE('',#1709,#1710,#1424,.T.);
#2037=EDGE_CURVE('',#1710,#1707,#797,.T.);
#2038=EDGE_CURVE('',#1711,#1712,#798,.T.);
#2039=EDGE_CURVE('',#1712,#1713,#799,.T.);
#2040=EDGE_CURVE('',#1713,#1714,#800,.T.);
#2041=EDGE_CURVE('',#1714,#1711,#801,.T.);
#2042=EDGE_CURVE('',#1715,#1715,#1425,.T.);
#2043=EDGE_CURVE('',#1716,#1717,#802,.T.);
#2044=EDGE_CURVE('',#1718,#1717,#803,.T.);
#2045=EDGE_CURVE('',#1718,#1719,#804,.T.);
#2046=EDGE_CURVE('',#1716,#1719,#805,.T.);
#2047=EDGE_CURVE('',#1720,#1716,#806,.T.);
#2048=EDGE_CURVE('',#1720,#1617,#1426,.T.);
#2049=EDGE_CURVE('',#1616,#1716,#1427,.T.);
#2050=EDGE_CURVE('',#1721,#1720,#807,.T.);
#2051=EDGE_CURVE('',#1514,#1721,#1428,.T.);
#2052=EDGE_CURVE('',#1514,#1617,#808,.T.);
#2053=EDGE_CURVE('',#1717,#1721,#809,.T.);
#2054=EDGE_CURVE('',#1721,#1722,#810,.T.);
#2055=EDGE_CURVE('',#1722,#1718,#811,.T.);
#2056=EDGE_CURVE('',#1719,#1723,#812,.T.);
#2057=EDGE_CURVE('',#1723,#1720,#813,.T.);
#2058=EDGE_CURVE('',#1513,#1618,#814,.T.);
#2059=EDGE_CURVE('',#1470,#1724,#815,.T.);
#2060=EDGE_CURVE('',#1724,#1471,#816,.T.);
#2061=EDGE_CURVE('',#1725,#1726,#1429,.T.);
#2062=EDGE_CURVE('',#1726,#1727,#817,.T.);
#2063=EDGE_CURVE('',#1727,#1728,#1430,.T.);
#2064=EDGE_CURVE('',#1728,#1725,#818,.T.);
#2065=EDGE_CURVE('',#1729,#1730,#1431,.T.);
#2066=EDGE_CURVE('',#1730,#1731,#819,.T.);
#2067=EDGE_CURVE('',#1731,#1732,#1432,.T.);
#2068=EDGE_CURVE('',#1732,#1729,#820,.T.);
#2069=EDGE_CURVE('',#1733,#1734,#1433,.T.);
#2070=EDGE_CURVE('',#1734,#1735,#821,.T.);
#2071=EDGE_CURVE('',#1735,#1736,#1434,.T.);
#2072=EDGE_CURVE('',#1736,#1733,#822,.T.);
#2073=EDGE_CURVE('',#1737,#1738,#1435,.T.);
#2074=EDGE_CURVE('',#1738,#1739,#823,.T.);
#2075=EDGE_CURVE('',#1739,#1740,#1436,.T.);
#2076=EDGE_CURVE('',#1740,#1737,#824,.T.);
#2077=EDGE_CURVE('',#1741,#1742,#1437,.T.);
#2078=EDGE_CURVE('',#1742,#1743,#825,.T.);
#2079=EDGE_CURVE('',#1743,#1744,#1438,.T.);
#2080=EDGE_CURVE('',#1744,#1741,#826,.T.);
#2081=EDGE_CURVE('',#1745,#1746,#1439,.T.);
#2082=EDGE_CURVE('',#1746,#1747,#827,.T.);
#2083=EDGE_CURVE('',#1747,#1748,#1440,.T.);
#2084=EDGE_CURVE('',#1748,#1745,#828,.T.);
#2085=EDGE_CURVE('',#1749,#1750,#1441,.T.);
#2086=EDGE_CURVE('',#1750,#1751,#829,.T.);
#2087=EDGE_CURVE('',#1751,#1752,#1442,.T.);
#2088=EDGE_CURVE('',#1752,#1749,#830,.T.);
#2089=EDGE_CURVE('',#1753,#1754,#1443,.T.);
#2090=EDGE_CURVE('',#1754,#1755,#831,.T.);
#2091=EDGE_CURVE('',#1755,#1756,#1444,.T.);
#2092=EDGE_CURVE('',#1756,#1753,#832,.T.);
#2093=EDGE_CURVE('',#1757,#1758,#1445,.T.);
#2094=EDGE_CURVE('',#1758,#1759,#833,.T.);
#2095=EDGE_CURVE('',#1759,#1760,#1446,.T.);
#2096=EDGE_CURVE('',#1760,#1757,#834,.T.);
#2097=EDGE_CURVE('',#1616,#1515,#835,.T.);
#2098=EDGE_CURVE('',#1717,#1515,#1447,.T.);
#2099=EDGE_CURVE('',#1726,#1477,#836,.T.);
#2100=EDGE_CURVE('',#1727,#1480,#837,.T.);
#2101=EDGE_CURVE('',#1728,#1479,#838,.T.);
#2102=EDGE_CURVE('',#1725,#1478,#839,.T.);
#2103=EDGE_CURVE('',#1730,#1481,#840,.T.);
#2104=EDGE_CURVE('',#1731,#1484,#841,.T.);
#2105=EDGE_CURVE('',#1732,#1483,#842,.T.);
#2106=EDGE_CURVE('',#1729,#1482,#843,.T.);
#2107=EDGE_CURVE('',#1734,#1485,#844,.T.);
#2108=EDGE_CURVE('',#1735,#1488,#845,.T.);
#2109=EDGE_CURVE('',#1736,#1487,#846,.T.);
#2110=EDGE_CURVE('',#1733,#1486,#847,.T.);
#2111=EDGE_CURVE('',#1611,#1619,#848,.T.);
#2112=EDGE_CURVE('',#1612,#1622,#849,.T.);
#2113=EDGE_CURVE('',#1613,#1621,#850,.T.);
#2114=EDGE_CURVE('',#1610,#1620,#851,.T.);
#2115=EDGE_CURVE('',#1607,#1623,#852,.T.);
#2116=EDGE_CURVE('',#1608,#1626,#853,.T.);
#2117=EDGE_CURVE('',#1609,#1625,#854,.T.);
#2118=EDGE_CURVE('',#1606,#1624,#855,.T.);
#2119=EDGE_CURVE('',#1603,#1627,#856,.T.);
#2120=EDGE_CURVE('',#1604,#1630,#857,.T.);
#2121=EDGE_CURVE('',#1605,#1629,#858,.T.);
#2122=EDGE_CURVE('',#1602,#1628,#859,.T.);
#2123=EDGE_CURVE('',#1599,#1631,#860,.T.);
#2124=EDGE_CURVE('',#1600,#1634,#861,.T.);
#2125=EDGE_CURVE('',#1601,#1633,#862,.T.);
#2126=EDGE_CURVE('',#1598,#1632,#863,.T.);
#2127=EDGE_CURVE('',#1595,#1635,#864,.T.);
#2128=EDGE_CURVE('',#1596,#1638,#865,.T.);
#2129=EDGE_CURVE('',#1597,#1637,#866,.T.);
#2130=EDGE_CURVE('',#1594,#1636,#867,.T.);
#2131=EDGE_CURVE('',#1591,#1639,#868,.T.);
#2132=EDGE_CURVE('',#1592,#1642,#869,.T.);
#2133=EDGE_CURVE('',#1593,#1641,#870,.T.);
#2134=EDGE_CURVE('',#1590,#1640,#871,.T.);
#2135=EDGE_CURVE('',#1587,#1643,#872,.T.);
#2136=EDGE_CURVE('',#1588,#1646,#873,.T.);
#2137=EDGE_CURVE('',#1589,#1645,#874,.T.);
#2138=EDGE_CURVE('',#1586,#1644,#875,.T.);
#2139=EDGE_CURVE('',#1583,#1647,#876,.T.);
#2140=EDGE_CURVE('',#1584,#1650,#877,.T.);
#2141=EDGE_CURVE('',#1585,#1649,#878,.T.);
#2142=EDGE_CURVE('',#1582,#1648,#879,.T.);
#2143=EDGE_CURVE('',#1575,#1651,#880,.T.);
#2144=EDGE_CURVE('',#1576,#1658,#881,.T.);
#2145=EDGE_CURVE('',#1577,#1657,#882,.T.);
#2146=EDGE_CURVE('',#1578,#1656,#883,.T.);
#2147=EDGE_CURVE('',#1579,#1655,#884,.T.);
#2148=EDGE_CURVE('',#1580,#1654,#885,.T.);
#2149=EDGE_CURVE('',#1581,#1653,#886,.T.);
#2150=EDGE_CURVE('',#1574,#1652,#887,.T.);
#2151=EDGE_CURVE('',#1571,#1659,#888,.T.);
#2152=EDGE_CURVE('',#1572,#1662,#889,.T.);
#2153=EDGE_CURVE('',#1573,#1661,#890,.T.);
#2154=EDGE_CURVE('',#1570,#1660,#891,.T.);
#2155=EDGE_CURVE('',#1567,#1663,#892,.T.);
#2156=EDGE_CURVE('',#1568,#1666,#893,.T.);
#2157=EDGE_CURVE('',#1569,#1665,#894,.T.);
#2158=EDGE_CURVE('',#1566,#1664,#895,.T.);
#2159=EDGE_CURVE('',#1738,#1489,#896,.T.);
#2160=EDGE_CURVE('',#1739,#1492,#897,.T.);
#2161=EDGE_CURVE('',#1740,#1491,#898,.T.);
#2162=EDGE_CURVE('',#1737,#1490,#899,.T.);
#2163=EDGE_CURVE('',#1742,#1493,#900,.T.);
#2164=EDGE_CURVE('',#1743,#1496,#901,.T.);
#2165=EDGE_CURVE('',#1744,#1495,#902,.T.);
#2166=EDGE_CURVE('',#1741,#1494,#903,.T.);
#2167=EDGE_CURVE('',#1746,#1497,#904,.T.);
#2168=EDGE_CURVE('',#1747,#1500,#905,.T.);
#2169=EDGE_CURVE('',#1748,#1499,#906,.T.);
#2170=EDGE_CURVE('',#1745,#1498,#907,.T.);
#2171=EDGE_CURVE('',#1563,#1667,#908,.T.);
#2172=EDGE_CURVE('',#1564,#1670,#909,.T.);
#2173=EDGE_CURVE('',#1565,#1669,#910,.T.);
#2174=EDGE_CURVE('',#1562,#1668,#911,.T.);
#2175=EDGE_CURVE('',#1559,#1671,#912,.T.);
#2176=EDGE_CURVE('',#1560,#1674,#913,.T.);
#2177=EDGE_CURVE('',#1561,#1673,#914,.T.);
#2178=EDGE_CURVE('',#1558,#1672,#915,.T.);
#2179=EDGE_CURVE('',#1555,#1675,#916,.T.);
#2180=EDGE_CURVE('',#1556,#1678,#917,.T.);
#2181=EDGE_CURVE('',#1557,#1677,#918,.T.);
#2182=EDGE_CURVE('',#1554,#1676,#919,.T.);
#2183=EDGE_CURVE('',#1547,#1679,#920,.T.);
#2184=EDGE_CURVE('',#1548,#1686,#921,.T.);
#2185=EDGE_CURVE('',#1549,#1685,#922,.T.);
#2186=EDGE_CURVE('',#1550,#1684,#923,.T.);
#2187=EDGE_CURVE('',#1551,#1683,#924,.T.);
#2188=EDGE_CURVE('',#1552,#1682,#925,.T.);
#2189=EDGE_CURVE('',#1553,#1681,#926,.T.);
#2190=EDGE_CURVE('',#1546,#1680,#927,.T.);
#2191=EDGE_CURVE('',#1543,#1687,#928,.T.);
#2192=EDGE_CURVE('',#1544,#1690,#929,.T.);
#2193=EDGE_CURVE('',#1545,#1689,#930,.T.);
#2194=EDGE_CURVE('',#1542,#1688,#931,.T.);
#2195=EDGE_CURVE('',#1539,#1691,#932,.T.);
#2196=EDGE_CURVE('',#1540,#1694,#933,.T.);
#2197=EDGE_CURVE('',#1541,#1693,#934,.T.);
#2198=EDGE_CURVE('',#1538,#1692,#935,.T.);
#2199=EDGE_CURVE('',#1535,#1695,#936,.T.);
#2200=EDGE_CURVE('',#1536,#1698,#937,.T.);
#2201=EDGE_CURVE('',#1537,#1697,#938,.T.);
#2202=EDGE_CURVE('',#1534,#1696,#939,.T.);
#2203=EDGE_CURVE('',#1750,#1501,#940,.T.);
#2204=EDGE_CURVE('',#1751,#1504,#941,.T.);
#2205=EDGE_CURVE('',#1752,#1503,#942,.T.);
#2206=EDGE_CURVE('',#1749,#1502,#943,.T.);
#2207=EDGE_CURVE('',#1531,#1699,#944,.T.);
#2208=EDGE_CURVE('',#1532,#1702,#945,.T.);
#2209=EDGE_CURVE('',#1533,#1701,#946,.T.);
#2210=EDGE_CURVE('',#1530,#1700,#947,.T.);
#2211=EDGE_CURVE('',#1527,#1703,#948,.T.);
#2212=EDGE_CURVE('',#1528,#1706,#949,.T.);
#2213=EDGE_CURVE('',#1529,#1705,#950,.T.);
#2214=EDGE_CURVE('',#1526,#1704,#951,.T.);
#2215=EDGE_CURVE('',#1523,#1707,#952,.T.);
#2216=EDGE_CURVE('',#1524,#1710,#953,.T.);
#2217=EDGE_CURVE('',#1525,#1709,#954,.T.);
#2218=EDGE_CURVE('',#1522,#1708,#955,.T.);
#2219=EDGE_CURVE('',#1754,#1505,#956,.T.);
#2220=EDGE_CURVE('',#1755,#1508,#957,.T.);
#2221=EDGE_CURVE('',#1756,#1507,#958,.T.);
#2222=EDGE_CURVE('',#1753,#1506,#959,.T.);
#2223=EDGE_CURVE('',#1519,#1711,#960,.T.);
#2224=EDGE_CURVE('',#1520,#1714,#961,.T.);
#2225=EDGE_CURVE('',#1521,#1713,#962,.T.);
#2226=EDGE_CURVE('',#1518,#1712,#963,.T.);
#2227=EDGE_CURVE('',#1758,#1509,#964,.T.);
#2228=EDGE_CURVE('',#1759,#1512,#965,.T.);
#2229=EDGE_CURVE('',#1760,#1511,#966,.T.);
#2230=EDGE_CURVE('',#1757,#1510,#967,.T.);
#2231=EDGE_CURVE('',#1715,#1517,#968,.T.);
#2232=EDGE_CURVE('',#1722,#1723,#969,.T.);
#2233=EDGE_CURVE('',#1516,#1615,#970,.T.);
#2234=EDGE_CURVE('',#1473,#1614,#971,.T.);
#2235=EDGE_CURVE('',#1468,#1614,#1448,.T.);
#2236=EDGE_CURVE('',#1724,#1476,#972,.T.);
#2237=ORIENTED_EDGE('',*,*,#1761,.F.);
#2238=ORIENTED_EDGE('',*,*,#1762,.T.);
#2239=ORIENTED_EDGE('',*,*,#1763,.F.);
#2240=ORIENTED_EDGE('',*,*,#1762,.F.);
#2241=ORIENTED_EDGE('',*,*,#1764,.F.);
#2242=ORIENTED_EDGE('',*,*,#1765,.T.);
#2243=ORIENTED_EDGE('',*,*,#1766,.F.);
#2244=ORIENTED_EDGE('',*,*,#1765,.F.);
#2245=ORIENTED_EDGE('',*,*,#1767,.F.);
#2246=ORIENTED_EDGE('',*,*,#1768,.T.);
#2247=ORIENTED_EDGE('',*,*,#1769,.F.);
#2248=ORIENTED_EDGE('',*,*,#1768,.F.);
#2249=ORIENTED_EDGE('',*,*,#1770,.F.);
#2250=ORIENTED_EDGE('',*,*,#1771,.T.);
#2251=ORIENTED_EDGE('',*,*,#1772,.F.);
#2252=ORIENTED_EDGE('',*,*,#1771,.F.);
#2253=ORIENTED_EDGE('',*,*,#1773,.F.);
#2254=ORIENTED_EDGE('',*,*,#1774,.T.);
#2255=ORIENTED_EDGE('',*,*,#1775,.F.);
#2256=ORIENTED_EDGE('',*,*,#1774,.F.);
#2257=ORIENTED_EDGE('',*,*,#1776,.F.);
#2258=ORIENTED_EDGE('',*,*,#1777,.T.);
#2259=ORIENTED_EDGE('',*,*,#1778,.F.);
#2260=ORIENTED_EDGE('',*,*,#1777,.F.);
#2261=ORIENTED_EDGE('',*,*,#1779,.F.);
#2262=ORIENTED_EDGE('',*,*,#1780,.T.);
#2263=ORIENTED_EDGE('',*,*,#1781,.F.);
#2264=ORIENTED_EDGE('',*,*,#1780,.F.);
#2265=ORIENTED_EDGE('',*,*,#1782,.F.);
#2266=ORIENTED_EDGE('',*,*,#1783,.T.);
#2267=ORIENTED_EDGE('',*,*,#1784,.F.);
#2268=ORIENTED_EDGE('',*,*,#1783,.F.);
#2269=ORIENTED_EDGE('',*,*,#1785,.F.);
#2270=ORIENTED_EDGE('',*,*,#1786,.T.);
#2271=ORIENTED_EDGE('',*,*,#1787,.F.);
#2272=ORIENTED_EDGE('',*,*,#1786,.F.);
#2273=ORIENTED_EDGE('',*,*,#1788,.T.);
#2274=ORIENTED_EDGE('',*,*,#1789,.F.);
#2275=ORIENTED_EDGE('',*,*,#1790,.F.);
#2276=ORIENTED_EDGE('',*,*,#1791,.F.);
#2277=ORIENTED_EDGE('',*,*,#1792,.F.);
#2278=ORIENTED_EDGE('',*,*,#1793,.T.);
#2279=ORIENTED_EDGE('',*,*,#1794,.T.);
#2280=ORIENTED_EDGE('',*,*,#1795,.T.);
#2281=ORIENTED_EDGE('',*,*,#1796,.F.);
#2282=ORIENTED_EDGE('',*,*,#1797,.F.);
#2283=ORIENTED_EDGE('',*,*,#1798,.F.);
#2284=ORIENTED_EDGE('',*,*,#1793,.F.);
#2285=ORIENTED_EDGE('',*,*,#1799,.T.);
#2286=ORIENTED_EDGE('',*,*,#1800,.T.);
#2287=ORIENTED_EDGE('',*,*,#1801,.T.);
#2288=ORIENTED_EDGE('',*,*,#1789,.T.);
#2289=ORIENTED_EDGE('',*,*,#1802,.T.);
#2290=ORIENTED_EDGE('',*,*,#1803,.T.);
#2291=ORIENTED_EDGE('',*,*,#1804,.T.);
#2292=ORIENTED_EDGE('',*,*,#1805,.T.);
#2293=ORIENTED_EDGE('',*,*,#1806,.T.);
#2294=ORIENTED_EDGE('',*,*,#1807,.T.);
#2295=ORIENTED_EDGE('',*,*,#1808,.T.);
#2296=ORIENTED_EDGE('',*,*,#1809,.T.);
#2297=ORIENTED_EDGE('',*,*,#1810,.T.);
#2298=ORIENTED_EDGE('',*,*,#1811,.T.);
#2299=ORIENTED_EDGE('',*,*,#1812,.T.);
#2300=ORIENTED_EDGE('',*,*,#1813,.T.);
#2301=ORIENTED_EDGE('',*,*,#1814,.T.);
#2302=ORIENTED_EDGE('',*,*,#1815,.T.);
#2303=ORIENTED_EDGE('',*,*,#1816,.T.);
#2304=ORIENTED_EDGE('',*,*,#1817,.T.);
#2305=ORIENTED_EDGE('',*,*,#1818,.T.);
#2306=ORIENTED_EDGE('',*,*,#1819,.T.);
#2307=ORIENTED_EDGE('',*,*,#1820,.T.);
#2308=ORIENTED_EDGE('',*,*,#1821,.T.);
#2309=ORIENTED_EDGE('',*,*,#1822,.T.);
#2310=ORIENTED_EDGE('',*,*,#1823,.T.);
#2311=ORIENTED_EDGE('',*,*,#1824,.T.);
#2312=ORIENTED_EDGE('',*,*,#1825,.T.);
#2313=ORIENTED_EDGE('',*,*,#1826,.T.);
#2314=ORIENTED_EDGE('',*,*,#1827,.T.);
#2315=ORIENTED_EDGE('',*,*,#1828,.T.);
#2316=ORIENTED_EDGE('',*,*,#1829,.T.);
#2317=ORIENTED_EDGE('',*,*,#1830,.T.);
#2318=ORIENTED_EDGE('',*,*,#1831,.T.);
#2319=ORIENTED_EDGE('',*,*,#1832,.T.);
#2320=ORIENTED_EDGE('',*,*,#1833,.T.);
#2321=ORIENTED_EDGE('',*,*,#1834,.T.);
#2322=ORIENTED_EDGE('',*,*,#1835,.T.);
#2323=ORIENTED_EDGE('',*,*,#1836,.T.);
#2324=ORIENTED_EDGE('',*,*,#1837,.T.);
#2325=ORIENTED_EDGE('',*,*,#1794,.F.);
#2326=ORIENTED_EDGE('',*,*,#1838,.T.);
#2327=ORIENTED_EDGE('',*,*,#1839,.T.);
#2328=ORIENTED_EDGE('',*,*,#1840,.F.);
#2329=ORIENTED_EDGE('',*,*,#1841,.T.);
#2330=ORIENTED_EDGE('',*,*,#1842,.T.);
#2331=ORIENTED_EDGE('',*,*,#1843,.T.);
#2332=ORIENTED_EDGE('',*,*,#1844,.T.);
#2333=ORIENTED_EDGE('',*,*,#1845,.T.);
#2334=ORIENTED_EDGE('',*,*,#1846,.T.);
#2335=ORIENTED_EDGE('',*,*,#1847,.T.);
#2336=ORIENTED_EDGE('',*,*,#1848,.T.);
#2337=ORIENTED_EDGE('',*,*,#1849,.T.);
#2338=ORIENTED_EDGE('',*,*,#1850,.T.);
#2339=ORIENTED_EDGE('',*,*,#1851,.T.);
#2340=ORIENTED_EDGE('',*,*,#1852,.T.);
#2341=ORIENTED_EDGE('',*,*,#1853,.T.);
#2342=ORIENTED_EDGE('',*,*,#1854,.T.);
#2343=ORIENTED_EDGE('',*,*,#1855,.T.);
#2344=ORIENTED_EDGE('',*,*,#1856,.T.);
#2345=ORIENTED_EDGE('',*,*,#1857,.T.);
#2346=ORIENTED_EDGE('',*,*,#1858,.T.);
#2347=ORIENTED_EDGE('',*,*,#1859,.T.);
#2348=ORIENTED_EDGE('',*,*,#1860,.T.);
#2349=ORIENTED_EDGE('',*,*,#1861,.T.);
#2350=ORIENTED_EDGE('',*,*,#1862,.T.);
#2351=ORIENTED_EDGE('',*,*,#1863,.T.);
#2352=ORIENTED_EDGE('',*,*,#1864,.T.);
#2353=ORIENTED_EDGE('',*,*,#1865,.T.);
#2354=ORIENTED_EDGE('',*,*,#1866,.T.);
#2355=ORIENTED_EDGE('',*,*,#1867,.T.);
#2356=ORIENTED_EDGE('',*,*,#1868,.T.);
#2357=ORIENTED_EDGE('',*,*,#1869,.T.);
#2358=ORIENTED_EDGE('',*,*,#1870,.T.);
#2359=ORIENTED_EDGE('',*,*,#1871,.T.);
#2360=ORIENTED_EDGE('',*,*,#1872,.T.);
#2361=ORIENTED_EDGE('',*,*,#1873,.T.);
#2362=ORIENTED_EDGE('',*,*,#1874,.T.);
#2363=ORIENTED_EDGE('',*,*,#1875,.T.);
#2364=ORIENTED_EDGE('',*,*,#1876,.T.);
#2365=ORIENTED_EDGE('',*,*,#1877,.T.);
#2366=ORIENTED_EDGE('',*,*,#1878,.T.);
#2367=ORIENTED_EDGE('',*,*,#1879,.T.);
#2368=ORIENTED_EDGE('',*,*,#1880,.T.);
#2369=ORIENTED_EDGE('',*,*,#1881,.T.);
#2370=ORIENTED_EDGE('',*,*,#1882,.T.);
#2371=ORIENTED_EDGE('',*,*,#1883,.T.);
#2372=ORIENTED_EDGE('',*,*,#1884,.T.);
#2373=ORIENTED_EDGE('',*,*,#1885,.T.);
#2374=ORIENTED_EDGE('',*,*,#1886,.T.);
#2375=ORIENTED_EDGE('',*,*,#1887,.T.);
#2376=ORIENTED_EDGE('',*,*,#1888,.T.);
#2377=ORIENTED_EDGE('',*,*,#1889,.T.);
#2378=ORIENTED_EDGE('',*,*,#1890,.T.);
#2379=ORIENTED_EDGE('',*,*,#1891,.T.);
#2380=ORIENTED_EDGE('',*,*,#1892,.T.);
#2381=ORIENTED_EDGE('',*,*,#1893,.T.);
#2382=ORIENTED_EDGE('',*,*,#1894,.T.);
#2383=ORIENTED_EDGE('',*,*,#1895,.T.);
#2384=ORIENTED_EDGE('',*,*,#1896,.T.);
#2385=ORIENTED_EDGE('',*,*,#1897,.T.);
#2386=ORIENTED_EDGE('',*,*,#1898,.T.);
#2387=ORIENTED_EDGE('',*,*,#1899,.T.);
#2388=ORIENTED_EDGE('',*,*,#1900,.T.);
#2389=ORIENTED_EDGE('',*,*,#1901,.T.);
#2390=ORIENTED_EDGE('',*,*,#1902,.T.);
#2391=ORIENTED_EDGE('',*,*,#1903,.T.);
#2392=ORIENTED_EDGE('',*,*,#1904,.T.);
#2393=ORIENTED_EDGE('',*,*,#1905,.T.);
#2394=ORIENTED_EDGE('',*,*,#1906,.T.);
#2395=ORIENTED_EDGE('',*,*,#1907,.T.);
#2396=ORIENTED_EDGE('',*,*,#1908,.T.);
#2397=ORIENTED_EDGE('',*,*,#1909,.T.);
#2398=ORIENTED_EDGE('',*,*,#1910,.T.);
#2399=ORIENTED_EDGE('',*,*,#1911,.T.);
#2400=ORIENTED_EDGE('',*,*,#1912,.T.);
#2401=ORIENTED_EDGE('',*,*,#1913,.T.);
#2402=ORIENTED_EDGE('',*,*,#1914,.T.);
#2403=ORIENTED_EDGE('',*,*,#1915,.T.);
#2404=ORIENTED_EDGE('',*,*,#1916,.T.);
#2405=ORIENTED_EDGE('',*,*,#1917,.T.);
#2406=ORIENTED_EDGE('',*,*,#1918,.T.);
#2407=ORIENTED_EDGE('',*,*,#1919,.T.);
#2408=ORIENTED_EDGE('',*,*,#1920,.T.);
#2409=ORIENTED_EDGE('',*,*,#1921,.T.);
#2410=ORIENTED_EDGE('',*,*,#1922,.T.);
#2411=ORIENTED_EDGE('',*,*,#1923,.T.);
#2412=ORIENTED_EDGE('',*,*,#1924,.T.);
#2413=ORIENTED_EDGE('',*,*,#1925,.T.);
#2414=ORIENTED_EDGE('',*,*,#1926,.T.);
#2415=ORIENTED_EDGE('',*,*,#1927,.T.);
#2416=ORIENTED_EDGE('',*,*,#1928,.T.);
#2417=ORIENTED_EDGE('',*,*,#1929,.T.);
#2418=ORIENTED_EDGE('',*,*,#1930,.T.);
#2419=ORIENTED_EDGE('',*,*,#1931,.T.);
#2420=ORIENTED_EDGE('',*,*,#1932,.T.);
#2421=ORIENTED_EDGE('',*,*,#1933,.T.);
#2422=ORIENTED_EDGE('',*,*,#1934,.T.);
#2423=ORIENTED_EDGE('',*,*,#1935,.T.);
#2424=ORIENTED_EDGE('',*,*,#1936,.T.);
#2425=ORIENTED_EDGE('',*,*,#1937,.T.);
#2426=ORIENTED_EDGE('',*,*,#1938,.T.);
#2427=ORIENTED_EDGE('',*,*,#1939,.T.);
#2428=ORIENTED_EDGE('',*,*,#1940,.F.);
#2429=ORIENTED_EDGE('',*,*,#1941,.T.);
#2430=ORIENTED_EDGE('',*,*,#1942,.T.);
#2431=ORIENTED_EDGE('',*,*,#1943,.F.);
#2432=ORIENTED_EDGE('',*,*,#1944,.T.);
#2433=ORIENTED_EDGE('',*,*,#1945,.T.);
#2434=ORIENTED_EDGE('',*,*,#1946,.T.);
#2435=ORIENTED_EDGE('',*,*,#1947,.T.);
#2436=ORIENTED_EDGE('',*,*,#1948,.T.);
#2437=ORIENTED_EDGE('',*,*,#1949,.T.);
#2438=ORIENTED_EDGE('',*,*,#1950,.T.);
#2439=ORIENTED_EDGE('',*,*,#1951,.T.);
#2440=ORIENTED_EDGE('',*,*,#1952,.T.);
#2441=ORIENTED_EDGE('',*,*,#1953,.T.);
#2442=ORIENTED_EDGE('',*,*,#1954,.T.);
#2443=ORIENTED_EDGE('',*,*,#1955,.T.);
#2444=ORIENTED_EDGE('',*,*,#1956,.T.);
#2445=ORIENTED_EDGE('',*,*,#1957,.T.);
#2446=ORIENTED_EDGE('',*,*,#1958,.T.);
#2447=ORIENTED_EDGE('',*,*,#1959,.T.);
#2448=ORIENTED_EDGE('',*,*,#1960,.T.);
#2449=ORIENTED_EDGE('',*,*,#1961,.T.);
#2450=ORIENTED_EDGE('',*,*,#1962,.T.);
#2451=ORIENTED_EDGE('',*,*,#1963,.T.);
#2452=ORIENTED_EDGE('',*,*,#1964,.T.);
#2453=ORIENTED_EDGE('',*,*,#1965,.T.);
#2454=ORIENTED_EDGE('',*,*,#1966,.T.);
#2455=ORIENTED_EDGE('',*,*,#1967,.T.);
#2456=ORIENTED_EDGE('',*,*,#1968,.T.);
#2457=ORIENTED_EDGE('',*,*,#1969,.T.);
#2458=ORIENTED_EDGE('',*,*,#1970,.T.);
#2459=ORIENTED_EDGE('',*,*,#1971,.T.);
#2460=ORIENTED_EDGE('',*,*,#1972,.T.);
#2461=ORIENTED_EDGE('',*,*,#1973,.T.);
#2462=ORIENTED_EDGE('',*,*,#1974,.T.);
#2463=ORIENTED_EDGE('',*,*,#1975,.T.);
#2464=ORIENTED_EDGE('',*,*,#1976,.T.);
#2465=ORIENTED_EDGE('',*,*,#1977,.T.);
#2466=ORIENTED_EDGE('',*,*,#1978,.T.);
#2467=ORIENTED_EDGE('',*,*,#1979,.T.);
#2468=ORIENTED_EDGE('',*,*,#1980,.T.);
#2469=ORIENTED_EDGE('',*,*,#1981,.T.);
#2470=ORIENTED_EDGE('',*,*,#1982,.T.);
#2471=ORIENTED_EDGE('',*,*,#1983,.T.);
#2472=ORIENTED_EDGE('',*,*,#1984,.T.);
#2473=ORIENTED_EDGE('',*,*,#1985,.T.);
#2474=ORIENTED_EDGE('',*,*,#1986,.T.);
#2475=ORIENTED_EDGE('',*,*,#1987,.T.);
#2476=ORIENTED_EDGE('',*,*,#1988,.T.);
#2477=ORIENTED_EDGE('',*,*,#1989,.T.);
#2478=ORIENTED_EDGE('',*,*,#1990,.T.);
#2479=ORIENTED_EDGE('',*,*,#1991,.T.);
#2480=ORIENTED_EDGE('',*,*,#1992,.T.);
#2481=ORIENTED_EDGE('',*,*,#1993,.T.);
#2482=ORIENTED_EDGE('',*,*,#1994,.T.);
#2483=ORIENTED_EDGE('',*,*,#1995,.T.);
#2484=ORIENTED_EDGE('',*,*,#1996,.T.);
#2485=ORIENTED_EDGE('',*,*,#1997,.T.);
#2486=ORIENTED_EDGE('',*,*,#1998,.T.);
#2487=ORIENTED_EDGE('',*,*,#1999,.T.);
#2488=ORIENTED_EDGE('',*,*,#2000,.T.);
#2489=ORIENTED_EDGE('',*,*,#2001,.T.);
#2490=ORIENTED_EDGE('',*,*,#2002,.T.);
#2491=ORIENTED_EDGE('',*,*,#2003,.T.);
#2492=ORIENTED_EDGE('',*,*,#2004,.T.);
#2493=ORIENTED_EDGE('',*,*,#2005,.T.);
#2494=ORIENTED_EDGE('',*,*,#2006,.T.);
#2495=ORIENTED_EDGE('',*,*,#2007,.T.);
#2496=ORIENTED_EDGE('',*,*,#2008,.T.);
#2497=ORIENTED_EDGE('',*,*,#2009,.T.);
#2498=ORIENTED_EDGE('',*,*,#2010,.T.);
#2499=ORIENTED_EDGE('',*,*,#2011,.T.);
#2500=ORIENTED_EDGE('',*,*,#2012,.T.);
#2501=ORIENTED_EDGE('',*,*,#2013,.T.);
#2502=ORIENTED_EDGE('',*,*,#2014,.T.);
#2503=ORIENTED_EDGE('',*,*,#2015,.T.);
#2504=ORIENTED_EDGE('',*,*,#2016,.T.);
#2505=ORIENTED_EDGE('',*,*,#2017,.T.);
#2506=ORIENTED_EDGE('',*,*,#2018,.T.);
#2507=ORIENTED_EDGE('',*,*,#2019,.T.);
#2508=ORIENTED_EDGE('',*,*,#2020,.T.);
#2509=ORIENTED_EDGE('',*,*,#2021,.T.);
#2510=ORIENTED_EDGE('',*,*,#2022,.T.);
#2511=ORIENTED_EDGE('',*,*,#2023,.T.);
#2512=ORIENTED_EDGE('',*,*,#2024,.T.);
#2513=ORIENTED_EDGE('',*,*,#2025,.T.);
#2514=ORIENTED_EDGE('',*,*,#2026,.T.);
#2515=ORIENTED_EDGE('',*,*,#2027,.T.);
#2516=ORIENTED_EDGE('',*,*,#2028,.T.);
#2517=ORIENTED_EDGE('',*,*,#2029,.T.);
#2518=ORIENTED_EDGE('',*,*,#2030,.T.);
#2519=ORIENTED_EDGE('',*,*,#2031,.T.);
#2520=ORIENTED_EDGE('',*,*,#2032,.T.);
#2521=ORIENTED_EDGE('',*,*,#2033,.T.);
#2522=ORIENTED_EDGE('',*,*,#2034,.T.);
#2523=ORIENTED_EDGE('',*,*,#2035,.T.);
#2524=ORIENTED_EDGE('',*,*,#2036,.T.);
#2525=ORIENTED_EDGE('',*,*,#2037,.T.);
#2526=ORIENTED_EDGE('',*,*,#2038,.T.);
#2527=ORIENTED_EDGE('',*,*,#2039,.T.);
#2528=ORIENTED_EDGE('',*,*,#2040,.T.);
#2529=ORIENTED_EDGE('',*,*,#2041,.T.);
#2530=ORIENTED_EDGE('',*,*,#2042,.T.);
#2531=ORIENTED_EDGE('',*,*,#2043,.T.);
#2532=ORIENTED_EDGE('',*,*,#2044,.F.);
#2533=ORIENTED_EDGE('',*,*,#2045,.T.);
#2534=ORIENTED_EDGE('',*,*,#2046,.F.);
#2535=ORIENTED_EDGE('',*,*,#2047,.F.);
#2536=ORIENTED_EDGE('',*,*,#2048,.T.);
#2537=ORIENTED_EDGE('',*,*,#1943,.T.);
#2538=ORIENTED_EDGE('',*,*,#2049,.T.);
#2539=ORIENTED_EDGE('',*,*,#2050,.F.);
#2540=ORIENTED_EDGE('',*,*,#2051,.F.);
#2541=ORIENTED_EDGE('',*,*,#2052,.T.);
#2542=ORIENTED_EDGE('',*,*,#2048,.F.);
#2543=ORIENTED_EDGE('',*,*,#2053,.T.);
#2544=ORIENTED_EDGE('',*,*,#2054,.T.);
#2545=ORIENTED_EDGE('',*,*,#2055,.T.);
#2546=ORIENTED_EDGE('',*,*,#2044,.T.);
#2547=ORIENTED_EDGE('',*,*,#1787,.T.);
#2548=ORIENTED_EDGE('',*,*,#1784,.T.);
#2549=ORIENTED_EDGE('',*,*,#1781,.T.);
#2550=ORIENTED_EDGE('',*,*,#1778,.T.);
#2551=ORIENTED_EDGE('',*,*,#1775,.T.);
#2552=ORIENTED_EDGE('',*,*,#1772,.T.);
#2553=ORIENTED_EDGE('',*,*,#1769,.T.);
#2554=ORIENTED_EDGE('',*,*,#1766,.T.);
#2555=ORIENTED_EDGE('',*,*,#1763,.T.);
#2556=ORIENTED_EDGE('',*,*,#2047,.T.);
#2557=ORIENTED_EDGE('',*,*,#2046,.T.);
#2558=ORIENTED_EDGE('',*,*,#2056,.T.);
#2559=ORIENTED_EDGE('',*,*,#2057,.T.);
#2560=ORIENTED_EDGE('',*,*,#1785,.T.);
#2561=ORIENTED_EDGE('',*,*,#1782,.T.);
#2562=ORIENTED_EDGE('',*,*,#1779,.T.);
#2563=ORIENTED_EDGE('',*,*,#1776,.T.);
#2564=ORIENTED_EDGE('',*,*,#1773,.T.);
#2565=ORIENTED_EDGE('',*,*,#1770,.T.);
#2566=ORIENTED_EDGE('',*,*,#1767,.T.);
#2567=ORIENTED_EDGE('',*,*,#1764,.T.);
#2568=ORIENTED_EDGE('',*,*,#1761,.T.);
#2569=ORIENTED_EDGE('',*,*,#2052,.F.);
#2570=ORIENTED_EDGE('',*,*,#1839,.F.);
#2571=ORIENTED_EDGE('',*,*,#2058,.T.);
#2572=ORIENTED_EDGE('',*,*,#1944,.F.);
#2573=ORIENTED_EDGE('',*,*,#1792,.T.);
#2574=ORIENTED_EDGE('',*,*,#1791,.T.);
#2575=ORIENTED_EDGE('',*,*,#2059,.T.);
#2576=ORIENTED_EDGE('',*,*,#2060,.T.);
#2577=ORIENTED_EDGE('',*,*,#2061,.T.);
#2578=ORIENTED_EDGE('',*,*,#2062,.T.);
#2579=ORIENTED_EDGE('',*,*,#2063,.T.);
#2580=ORIENTED_EDGE('',*,*,#2064,.T.);
#2581=ORIENTED_EDGE('',*,*,#2065,.T.);
#2582=ORIENTED_EDGE('',*,*,#2066,.T.);
#2583=ORIENTED_EDGE('',*,*,#2067,.T.);
#2584=ORIENTED_EDGE('',*,*,#2068,.T.);
#2585=ORIENTED_EDGE('',*,*,#2069,.T.);
#2586=ORIENTED_EDGE('',*,*,#2070,.T.);
#2587=ORIENTED_EDGE('',*,*,#2071,.T.);
#2588=ORIENTED_EDGE('',*,*,#2072,.T.);
#2589=ORIENTED_EDGE('',*,*,#2073,.T.);
#2590=ORIENTED_EDGE('',*,*,#2074,.T.);
#2591=ORIENTED_EDGE('',*,*,#2075,.T.);
#2592=ORIENTED_EDGE('',*,*,#2076,.T.);
#2593=ORIENTED_EDGE('',*,*,#2077,.T.);
#2594=ORIENTED_EDGE('',*,*,#2078,.T.);
#2595=ORIENTED_EDGE('',*,*,#2079,.T.);
#2596=ORIENTED_EDGE('',*,*,#2080,.T.);
#2597=ORIENTED_EDGE('',*,*,#2081,.T.);
#2598=ORIENTED_EDGE('',*,*,#2082,.T.);
#2599=ORIENTED_EDGE('',*,*,#2083,.T.);
#2600=ORIENTED_EDGE('',*,*,#2084,.T.);
#2601=ORIENTED_EDGE('',*,*,#2085,.T.);
#2602=ORIENTED_EDGE('',*,*,#2086,.T.);
#2603=ORIENTED_EDGE('',*,*,#2087,.T.);
#2604=ORIENTED_EDGE('',*,*,#2088,.T.);
#2605=ORIENTED_EDGE('',*,*,#2089,.T.);
#2606=ORIENTED_EDGE('',*,*,#2090,.T.);
#2607=ORIENTED_EDGE('',*,*,#2091,.T.);
#2608=ORIENTED_EDGE('',*,*,#2092,.T.);
#2609=ORIENTED_EDGE('',*,*,#2093,.T.);
#2610=ORIENTED_EDGE('',*,*,#2094,.T.);
#2611=ORIENTED_EDGE('',*,*,#2095,.T.);
#2612=ORIENTED_EDGE('',*,*,#2096,.T.);
#2613=ORIENTED_EDGE('',*,*,#2043,.F.);
#2614=ORIENTED_EDGE('',*,*,#2049,.F.);
#2615=ORIENTED_EDGE('',*,*,#2097,.T.);
#2616=ORIENTED_EDGE('',*,*,#2098,.F.);
#2617=ORIENTED_EDGE('',*,*,#2062,.F.);
#2618=ORIENTED_EDGE('',*,*,#2099,.T.);
#2619=ORIENTED_EDGE('',*,*,#1805,.F.);
#2620=ORIENTED_EDGE('',*,*,#2100,.F.);
#2621=ORIENTED_EDGE('',*,*,#2063,.F.);
#2622=ORIENTED_EDGE('',*,*,#2100,.T.);
#2623=ORIENTED_EDGE('',*,*,#1804,.F.);
#2624=ORIENTED_EDGE('',*,*,#2101,.F.);
#2625=ORIENTED_EDGE('',*,*,#2064,.F.);
#2626=ORIENTED_EDGE('',*,*,#2101,.T.);
#2627=ORIENTED_EDGE('',*,*,#1803,.F.);
#2628=ORIENTED_EDGE('',*,*,#2102,.F.);
#2629=ORIENTED_EDGE('',*,*,#2061,.F.);
#2630=ORIENTED_EDGE('',*,*,#2102,.T.);
#2631=ORIENTED_EDGE('',*,*,#1802,.F.);
#2632=ORIENTED_EDGE('',*,*,#2099,.F.);
#2633=ORIENTED_EDGE('',*,*,#2066,.F.);
#2634=ORIENTED_EDGE('',*,*,#2103,.T.);
#2635=ORIENTED_EDGE('',*,*,#1809,.F.);
#2636=ORIENTED_EDGE('',*,*,#2104,.F.);
#2637=ORIENTED_EDGE('',*,*,#2067,.F.);
#2638=ORIENTED_EDGE('',*,*,#2104,.T.);
#2639=ORIENTED_EDGE('',*,*,#1808,.F.);
#2640=ORIENTED_EDGE('',*,*,#2105,.F.);
#2641=ORIENTED_EDGE('',*,*,#2068,.F.);
#2642=ORIENTED_EDGE('',*,*,#2105,.T.);
#2643=ORIENTED_EDGE('',*,*,#1807,.F.);
#2644=ORIENTED_EDGE('',*,*,#2106,.F.);
#2645=ORIENTED_EDGE('',*,*,#2065,.F.);
#2646=ORIENTED_EDGE('',*,*,#2106,.T.);
#2647=ORIENTED_EDGE('',*,*,#1806,.F.);
#2648=ORIENTED_EDGE('',*,*,#2103,.F.);
#2649=ORIENTED_EDGE('',*,*,#2070,.F.);
#2650=ORIENTED_EDGE('',*,*,#2107,.T.);
#2651=ORIENTED_EDGE('',*,*,#1813,.F.);
#2652=ORIENTED_EDGE('',*,*,#2108,.F.);
#2653=ORIENTED_EDGE('',*,*,#2071,.F.);
#2654=ORIENTED_EDGE('',*,*,#2108,.T.);
#2655=ORIENTED_EDGE('',*,*,#1812,.F.);
#2656=ORIENTED_EDGE('',*,*,#2109,.F.);
#2657=ORIENTED_EDGE('',*,*,#2072,.F.);
#2658=ORIENTED_EDGE('',*,*,#2109,.T.);
#2659=ORIENTED_EDGE('',*,*,#1811,.F.);
#2660=ORIENTED_EDGE('',*,*,#2110,.F.);
#2661=ORIENTED_EDGE('',*,*,#2069,.F.);
#2662=ORIENTED_EDGE('',*,*,#2110,.T.);
#2663=ORIENTED_EDGE('',*,*,#1810,.F.);
#2664=ORIENTED_EDGE('',*,*,#2107,.F.);
#2665=ORIENTED_EDGE('',*,*,#1937,.F.);
#2666=ORIENTED_EDGE('',*,*,#2111,.T.);
#2667=ORIENTED_EDGE('',*,*,#1949,.F.);
#2668=ORIENTED_EDGE('',*,*,#2112,.F.);
#2669=ORIENTED_EDGE('',*,*,#1938,.F.);
#2670=ORIENTED_EDGE('',*,*,#2112,.T.);
#2671=ORIENTED_EDGE('',*,*,#1948,.F.);
#2672=ORIENTED_EDGE('',*,*,#2113,.F.);
#2673=ORIENTED_EDGE('',*,*,#1939,.F.);
#2674=ORIENTED_EDGE('',*,*,#2113,.T.);
#2675=ORIENTED_EDGE('',*,*,#1947,.F.);
#2676=ORIENTED_EDGE('',*,*,#2114,.F.);
#2677=ORIENTED_EDGE('',*,*,#1936,.F.);
#2678=ORIENTED_EDGE('',*,*,#2114,.T.);
#2679=ORIENTED_EDGE('',*,*,#1946,.F.);
#2680=ORIENTED_EDGE('',*,*,#2111,.F.);
#2681=ORIENTED_EDGE('',*,*,#1933,.F.);
#2682=ORIENTED_EDGE('',*,*,#2115,.T.);
#2683=ORIENTED_EDGE('',*,*,#1953,.F.);
#2684=ORIENTED_EDGE('',*,*,#2116,.F.);
#2685=ORIENTED_EDGE('',*,*,#1934,.F.);
#2686=ORIENTED_EDGE('',*,*,#2116,.T.);
#2687=ORIENTED_EDGE('',*,*,#1952,.F.);
#2688=ORIENTED_EDGE('',*,*,#2117,.F.);
#2689=ORIENTED_EDGE('',*,*,#1935,.F.);
#2690=ORIENTED_EDGE('',*,*,#2117,.T.);
#2691=ORIENTED_EDGE('',*,*,#1951,.F.);
#2692=ORIENTED_EDGE('',*,*,#2118,.F.);
#2693=ORIENTED_EDGE('',*,*,#1932,.F.);
#2694=ORIENTED_EDGE('',*,*,#2118,.T.);
#2695=ORIENTED_EDGE('',*,*,#1950,.F.);
#2696=ORIENTED_EDGE('',*,*,#2115,.F.);
#2697=ORIENTED_EDGE('',*,*,#1929,.F.);
#2698=ORIENTED_EDGE('',*,*,#2119,.T.);
#2699=ORIENTED_EDGE('',*,*,#1957,.F.);
#2700=ORIENTED_EDGE('',*,*,#2120,.F.);
#2701=ORIENTED_EDGE('',*,*,#1930,.F.);
#2702=ORIENTED_EDGE('',*,*,#2120,.T.);
#2703=ORIENTED_EDGE('',*,*,#1956,.F.);
#2704=ORIENTED_EDGE('',*,*,#2121,.F.);
#2705=ORIENTED_EDGE('',*,*,#1931,.F.);
#2706=ORIENTED_EDGE('',*,*,#2121,.T.);
#2707=ORIENTED_EDGE('',*,*,#1955,.F.);
#2708=ORIENTED_EDGE('',*,*,#2122,.F.);
#2709=ORIENTED_EDGE('',*,*,#1928,.F.);
#2710=ORIENTED_EDGE('',*,*,#2122,.T.);
#2711=ORIENTED_EDGE('',*,*,#1954,.F.);
#2712=ORIENTED_EDGE('',*,*,#2119,.F.);
#2713=ORIENTED_EDGE('',*,*,#1925,.F.);
#2714=ORIENTED_EDGE('',*,*,#2123,.T.);
#2715=ORIENTED_EDGE('',*,*,#1961,.F.);
#2716=ORIENTED_EDGE('',*,*,#2124,.F.);
#2717=ORIENTED_EDGE('',*,*,#1926,.F.);
#2718=ORIENTED_EDGE('',*,*,#2124,.T.);
#2719=ORIENTED_EDGE('',*,*,#1960,.F.);
#2720=ORIENTED_EDGE('',*,*,#2125,.F.);
#2721=ORIENTED_EDGE('',*,*,#1927,.F.);
#2722=ORIENTED_EDGE('',*,*,#2125,.T.);
#2723=ORIENTED_EDGE('',*,*,#1959,.F.);
#2724=ORIENTED_EDGE('',*,*,#2126,.F.);
#2725=ORIENTED_EDGE('',*,*,#1924,.F.);
#2726=ORIENTED_EDGE('',*,*,#2126,.T.);
#2727=ORIENTED_EDGE('',*,*,#1958,.F.);
#2728=ORIENTED_EDGE('',*,*,#2123,.F.);
#2729=ORIENTED_EDGE('',*,*,#1921,.F.);
#2730=ORIENTED_EDGE('',*,*,#2127,.T.);
#2731=ORIENTED_EDGE('',*,*,#1965,.F.);
#2732=ORIENTED_EDGE('',*,*,#2128,.F.);
#2733=ORIENTED_EDGE('',*,*,#1922,.F.);
#2734=ORIENTED_EDGE('',*,*,#2128,.T.);
#2735=ORIENTED_EDGE('',*,*,#1964,.F.);
#2736=ORIENTED_EDGE('',*,*,#2129,.F.);
#2737=ORIENTED_EDGE('',*,*,#1923,.F.);
#2738=ORIENTED_EDGE('',*,*,#2129,.T.);
#2739=ORIENTED_EDGE('',*,*,#1963,.F.);
#2740=ORIENTED_EDGE('',*,*,#2130,.F.);
#2741=ORIENTED_EDGE('',*,*,#1920,.F.);
#2742=ORIENTED_EDGE('',*,*,#2130,.T.);
#2743=ORIENTED_EDGE('',*,*,#1962,.F.);
#2744=ORIENTED_EDGE('',*,*,#2127,.F.);
#2745=ORIENTED_EDGE('',*,*,#1917,.F.);
#2746=ORIENTED_EDGE('',*,*,#2131,.T.);
#2747=ORIENTED_EDGE('',*,*,#1969,.F.);
#2748=ORIENTED_EDGE('',*,*,#2132,.F.);
#2749=ORIENTED_EDGE('',*,*,#1918,.F.);
#2750=ORIENTED_EDGE('',*,*,#2132,.T.);
#2751=ORIENTED_EDGE('',*,*,#1968,.F.);
#2752=ORIENTED_EDGE('',*,*,#2133,.F.);
#2753=ORIENTED_EDGE('',*,*,#1919,.F.);
#2754=ORIENTED_EDGE('',*,*,#2133,.T.);
#2755=ORIENTED_EDGE('',*,*,#1967,.F.);
#2756=ORIENTED_EDGE('',*,*,#2134,.F.);
#2757=ORIENTED_EDGE('',*,*,#1916,.F.);
#2758=ORIENTED_EDGE('',*,*,#2134,.T.);
#2759=ORIENTED_EDGE('',*,*,#1966,.F.);
#2760=ORIENTED_EDGE('',*,*,#2131,.F.);
#2761=ORIENTED_EDGE('',*,*,#1913,.F.);
#2762=ORIENTED_EDGE('',*,*,#2135,.T.);
#2763=ORIENTED_EDGE('',*,*,#1973,.F.);
#2764=ORIENTED_EDGE('',*,*,#2136,.F.);
#2765=ORIENTED_EDGE('',*,*,#1914,.F.);
#2766=ORIENTED_EDGE('',*,*,#2136,.T.);
#2767=ORIENTED_EDGE('',*,*,#1972,.F.);
#2768=ORIENTED_EDGE('',*,*,#2137,.F.);
#2769=ORIENTED_EDGE('',*,*,#1915,.F.);
#2770=ORIENTED_EDGE('',*,*,#2137,.T.);
#2771=ORIENTED_EDGE('',*,*,#1971,.F.);
#2772=ORIENTED_EDGE('',*,*,#2138,.F.);
#2773=ORIENTED_EDGE('',*,*,#1912,.F.);
#2774=ORIENTED_EDGE('',*,*,#2138,.T.);
#2775=ORIENTED_EDGE('',*,*,#1970,.F.);
#2776=ORIENTED_EDGE('',*,*,#2135,.F.);
#2777=ORIENTED_EDGE('',*,*,#1909,.F.);
#2778=ORIENTED_EDGE('',*,*,#2139,.T.);
#2779=ORIENTED_EDGE('',*,*,#1977,.F.);
#2780=ORIENTED_EDGE('',*,*,#2140,.F.);
#2781=ORIENTED_EDGE('',*,*,#1910,.F.);
#2782=ORIENTED_EDGE('',*,*,#2140,.T.);
#2783=ORIENTED_EDGE('',*,*,#1976,.F.);
#2784=ORIENTED_EDGE('',*,*,#2141,.F.);
#2785=ORIENTED_EDGE('',*,*,#1911,.F.);
#2786=ORIENTED_EDGE('',*,*,#2141,.T.);
#2787=ORIENTED_EDGE('',*,*,#1975,.F.);
#2788=ORIENTED_EDGE('',*,*,#2142,.F.);
#2789=ORIENTED_EDGE('',*,*,#1908,.F.);
#2790=ORIENTED_EDGE('',*,*,#2142,.T.);
#2791=ORIENTED_EDGE('',*,*,#1974,.F.);
#2792=ORIENTED_EDGE('',*,*,#2139,.F.);
#2793=ORIENTED_EDGE('',*,*,#1901,.F.);
#2794=ORIENTED_EDGE('',*,*,#2143,.T.);
#2795=ORIENTED_EDGE('',*,*,#1985,.F.);
#2796=ORIENTED_EDGE('',*,*,#2144,.F.);
#2797=ORIENTED_EDGE('',*,*,#1902,.F.);
#2798=ORIENTED_EDGE('',*,*,#2144,.T.);
#2799=ORIENTED_EDGE('',*,*,#1984,.F.);
#2800=ORIENTED_EDGE('',*,*,#2145,.F.);
#2801=ORIENTED_EDGE('',*,*,#1903,.F.);
#2802=ORIENTED_EDGE('',*,*,#2145,.T.);
#2803=ORIENTED_EDGE('',*,*,#1983,.F.);
#2804=ORIENTED_EDGE('',*,*,#2146,.F.);
#2805=ORIENTED_EDGE('',*,*,#1904,.F.);
#2806=ORIENTED_EDGE('',*,*,#2146,.T.);
#2807=ORIENTED_EDGE('',*,*,#1982,.F.);
#2808=ORIENTED_EDGE('',*,*,#2147,.F.);
#2809=ORIENTED_EDGE('',*,*,#1905,.F.);
#2810=ORIENTED_EDGE('',*,*,#2147,.T.);
#2811=ORIENTED_EDGE('',*,*,#1981,.F.);
#2812=ORIENTED_EDGE('',*,*,#2148,.F.);
#2813=ORIENTED_EDGE('',*,*,#1906,.F.);
#2814=ORIENTED_EDGE('',*,*,#2148,.T.);
#2815=ORIENTED_EDGE('',*,*,#1980,.F.);
#2816=ORIENTED_EDGE('',*,*,#2149,.F.);
#2817=ORIENTED_EDGE('',*,*,#1907,.F.);
#2818=ORIENTED_EDGE('',*,*,#2149,.T.);
#2819=ORIENTED_EDGE('',*,*,#1979,.F.);
#2820=ORIENTED_EDGE('',*,*,#2150,.F.);
#2821=ORIENTED_EDGE('',*,*,#1900,.F.);
#2822=ORIENTED_EDGE('',*,*,#2150,.T.);
#2823=ORIENTED_EDGE('',*,*,#1978,.F.);
#2824=ORIENTED_EDGE('',*,*,#2143,.F.);
#2825=ORIENTED_EDGE('',*,*,#1897,.F.);
#2826=ORIENTED_EDGE('',*,*,#2151,.T.);
#2827=ORIENTED_EDGE('',*,*,#1989,.F.);
#2828=ORIENTED_EDGE('',*,*,#2152,.F.);
#2829=ORIENTED_EDGE('',*,*,#1898,.F.);
#2830=ORIENTED_EDGE('',*,*,#2152,.T.);
#2831=ORIENTED_EDGE('',*,*,#1988,.F.);
#2832=ORIENTED_EDGE('',*,*,#2153,.F.);
#2833=ORIENTED_EDGE('',*,*,#1899,.F.);
#2834=ORIENTED_EDGE('',*,*,#2153,.T.);
#2835=ORIENTED_EDGE('',*,*,#1987,.F.);
#2836=ORIENTED_EDGE('',*,*,#2154,.F.);
#2837=ORIENTED_EDGE('',*,*,#1896,.F.);
#2838=ORIENTED_EDGE('',*,*,#2154,.T.);
#2839=ORIENTED_EDGE('',*,*,#1986,.F.);
#2840=ORIENTED_EDGE('',*,*,#2151,.F.);
#2841=ORIENTED_EDGE('',*,*,#1893,.F.);
#2842=ORIENTED_EDGE('',*,*,#2155,.T.);
#2843=ORIENTED_EDGE('',*,*,#1993,.F.);
#2844=ORIENTED_EDGE('',*,*,#2156,.F.);
#2845=ORIENTED_EDGE('',*,*,#1894,.F.);
#2846=ORIENTED_EDGE('',*,*,#2156,.T.);
#2847=ORIENTED_EDGE('',*,*,#1992,.F.);
#2848=ORIENTED_EDGE('',*,*,#2157,.F.);
#2849=ORIENTED_EDGE('',*,*,#1895,.F.);
#2850=ORIENTED_EDGE('',*,*,#2157,.T.);
#2851=ORIENTED_EDGE('',*,*,#1991,.F.);
#2852=ORIENTED_EDGE('',*,*,#2158,.F.);
#2853=ORIENTED_EDGE('',*,*,#1892,.F.);
#2854=ORIENTED_EDGE('',*,*,#2158,.T.);
#2855=ORIENTED_EDGE('',*,*,#1990,.F.);
#2856=ORIENTED_EDGE('',*,*,#2155,.F.);
#2857=ORIENTED_EDGE('',*,*,#2074,.F.);
#2858=ORIENTED_EDGE('',*,*,#2159,.T.);
#2859=ORIENTED_EDGE('',*,*,#1817,.F.);
#2860=ORIENTED_EDGE('',*,*,#2160,.F.);
#2861=ORIENTED_EDGE('',*,*,#2075,.F.);
#2862=ORIENTED_EDGE('',*,*,#2160,.T.);
#2863=ORIENTED_EDGE('',*,*,#1816,.F.);
#2864=ORIENTED_EDGE('',*,*,#2161,.F.);
#2865=ORIENTED_EDGE('',*,*,#2076,.F.);
#2866=ORIENTED_EDGE('',*,*,#2161,.T.);
#2867=ORIENTED_EDGE('',*,*,#1815,.F.);
#2868=ORIENTED_EDGE('',*,*,#2162,.F.);
#2869=ORIENTED_EDGE('',*,*,#2073,.F.);
#2870=ORIENTED_EDGE('',*,*,#2162,.T.);
#2871=ORIENTED_EDGE('',*,*,#1814,.F.);
#2872=ORIENTED_EDGE('',*,*,#2159,.F.);
#2873=ORIENTED_EDGE('',*,*,#2078,.F.);
#2874=ORIENTED_EDGE('',*,*,#2163,.T.);
#2875=ORIENTED_EDGE('',*,*,#1821,.F.);
#2876=ORIENTED_EDGE('',*,*,#2164,.F.);
#2877=ORIENTED_EDGE('',*,*,#2079,.F.);
#2878=ORIENTED_EDGE('',*,*,#2164,.T.);
#2879=ORIENTED_EDGE('',*,*,#1820,.F.);
#2880=ORIENTED_EDGE('',*,*,#2165,.F.);
#2881=ORIENTED_EDGE('',*,*,#2080,.F.);
#2882=ORIENTED_EDGE('',*,*,#2165,.T.);
#2883=ORIENTED_EDGE('',*,*,#1819,.F.);
#2884=ORIENTED_EDGE('',*,*,#2166,.F.);
#2885=ORIENTED_EDGE('',*,*,#2077,.F.);
#2886=ORIENTED_EDGE('',*,*,#2166,.T.);
#2887=ORIENTED_EDGE('',*,*,#1818,.F.);
#2888=ORIENTED_EDGE('',*,*,#2163,.F.);
#2889=ORIENTED_EDGE('',*,*,#2082,.F.);
#2890=ORIENTED_EDGE('',*,*,#2167,.T.);
#2891=ORIENTED_EDGE('',*,*,#1825,.F.);
#2892=ORIENTED_EDGE('',*,*,#2168,.F.);
#2893=ORIENTED_EDGE('',*,*,#2083,.F.);
#2894=ORIENTED_EDGE('',*,*,#2168,.T.);
#2895=ORIENTED_EDGE('',*,*,#1824,.F.);
#2896=ORIENTED_EDGE('',*,*,#2169,.F.);
#2897=ORIENTED_EDGE('',*,*,#2084,.F.);
#2898=ORIENTED_EDGE('',*,*,#2169,.T.);
#2899=ORIENTED_EDGE('',*,*,#1823,.F.);
#2900=ORIENTED_EDGE('',*,*,#2170,.F.);
#2901=ORIENTED_EDGE('',*,*,#2081,.F.);
#2902=ORIENTED_EDGE('',*,*,#2170,.T.);
#2903=ORIENTED_EDGE('',*,*,#1822,.F.);
#2904=ORIENTED_EDGE('',*,*,#2167,.F.);
#2905=ORIENTED_EDGE('',*,*,#1889,.F.);
#2906=ORIENTED_EDGE('',*,*,#2171,.T.);
#2907=ORIENTED_EDGE('',*,*,#1997,.F.);
#2908=ORIENTED_EDGE('',*,*,#2172,.F.);
#2909=ORIENTED_EDGE('',*,*,#1890,.F.);
#2910=ORIENTED_EDGE('',*,*,#2172,.T.);
#2911=ORIENTED_EDGE('',*,*,#1996,.F.);
#2912=ORIENTED_EDGE('',*,*,#2173,.F.);
#2913=ORIENTED_EDGE('',*,*,#1891,.F.);
#2914=ORIENTED_EDGE('',*,*,#2173,.T.);
#2915=ORIENTED_EDGE('',*,*,#1995,.F.);
#2916=ORIENTED_EDGE('',*,*,#2174,.F.);
#2917=ORIENTED_EDGE('',*,*,#1888,.F.);
#2918=ORIENTED_EDGE('',*,*,#2174,.T.);
#2919=ORIENTED_EDGE('',*,*,#1994,.F.);
#2920=ORIENTED_EDGE('',*,*,#2171,.F.);
#2921=ORIENTED_EDGE('',*,*,#1885,.F.);
#2922=ORIENTED_EDGE('',*,*,#2175,.T.);
#2923=ORIENTED_EDGE('',*,*,#2001,.F.);
#2924=ORIENTED_EDGE('',*,*,#2176,.F.);
#2925=ORIENTED_EDGE('',*,*,#1886,.F.);
#2926=ORIENTED_EDGE('',*,*,#2176,.T.);
#2927=ORIENTED_EDGE('',*,*,#2000,.F.);
#2928=ORIENTED_EDGE('',*,*,#2177,.F.);
#2929=ORIENTED_EDGE('',*,*,#1887,.F.);
#2930=ORIENTED_EDGE('',*,*,#2177,.T.);
#2931=ORIENTED_EDGE('',*,*,#1999,.F.);
#2932=ORIENTED_EDGE('',*,*,#2178,.F.);
#2933=ORIENTED_EDGE('',*,*,#1884,.F.);
#2934=ORIENTED_EDGE('',*,*,#2178,.T.);
#2935=ORIENTED_EDGE('',*,*,#1998,.F.);
#2936=ORIENTED_EDGE('',*,*,#2175,.F.);
#2937=ORIENTED_EDGE('',*,*,#1881,.F.);
#2938=ORIENTED_EDGE('',*,*,#2179,.T.);
#2939=ORIENTED_EDGE('',*,*,#2005,.F.);
#2940=ORIENTED_EDGE('',*,*,#2180,.F.);
#2941=ORIENTED_EDGE('',*,*,#1882,.F.);
#2942=ORIENTED_EDGE('',*,*,#2180,.T.);
#2943=ORIENTED_EDGE('',*,*,#2004,.F.);
#2944=ORIENTED_EDGE('',*,*,#2181,.F.);
#2945=ORIENTED_EDGE('',*,*,#1883,.F.);
#2946=ORIENTED_EDGE('',*,*,#2181,.T.);
#2947=ORIENTED_EDGE('',*,*,#2003,.F.);
#2948=ORIENTED_EDGE('',*,*,#2182,.F.);
#2949=ORIENTED_EDGE('',*,*,#1880,.F.);
#2950=ORIENTED_EDGE('',*,*,#2182,.T.);
#2951=ORIENTED_EDGE('',*,*,#2002,.F.);
#2952=ORIENTED_EDGE('',*,*,#2179,.F.);
#2953=ORIENTED_EDGE('',*,*,#1873,.F.);
#2954=ORIENTED_EDGE('',*,*,#2183,.T.);
#2955=ORIENTED_EDGE('',*,*,#2013,.F.);
#2956=ORIENTED_EDGE('',*,*,#2184,.F.);
#2957=ORIENTED_EDGE('',*,*,#1874,.F.);
#2958=ORIENTED_EDGE('',*,*,#2184,.T.);
#2959=ORIENTED_EDGE('',*,*,#2012,.F.);
#2960=ORIENTED_EDGE('',*,*,#2185,.F.);
#2961=ORIENTED_EDGE('',*,*,#1875,.F.);
#2962=ORIENTED_EDGE('',*,*,#2185,.T.);
#2963=ORIENTED_EDGE('',*,*,#2011,.F.);
#2964=ORIENTED_EDGE('',*,*,#2186,.F.);
#2965=ORIENTED_EDGE('',*,*,#1876,.F.);
#2966=ORIENTED_EDGE('',*,*,#2186,.T.);
#2967=ORIENTED_EDGE('',*,*,#2010,.F.);
#2968=ORIENTED_EDGE('',*,*,#2187,.F.);
#2969=ORIENTED_EDGE('',*,*,#1877,.F.);
#2970=ORIENTED_EDGE('',*,*,#2187,.T.);
#2971=ORIENTED_EDGE('',*,*,#2009,.F.);
#2972=ORIENTED_EDGE('',*,*,#2188,.F.);
#2973=ORIENTED_EDGE('',*,*,#1878,.F.);
#2974=ORIENTED_EDGE('',*,*,#2188,.T.);
#2975=ORIENTED_EDGE('',*,*,#2008,.F.);
#2976=ORIENTED_EDGE('',*,*,#2189,.F.);
#2977=ORIENTED_EDGE('',*,*,#1879,.F.);
#2978=ORIENTED_EDGE('',*,*,#2189,.T.);
#2979=ORIENTED_EDGE('',*,*,#2007,.F.);
#2980=ORIENTED_EDGE('',*,*,#2190,.F.);
#2981=ORIENTED_EDGE('',*,*,#1872,.F.);
#2982=ORIENTED_EDGE('',*,*,#2190,.T.);
#2983=ORIENTED_EDGE('',*,*,#2006,.F.);
#2984=ORIENTED_EDGE('',*,*,#2183,.F.);
#2985=ORIENTED_EDGE('',*,*,#1869,.F.);
#2986=ORIENTED_EDGE('',*,*,#2191,.T.);
#2987=ORIENTED_EDGE('',*,*,#2017,.F.);
#2988=ORIENTED_EDGE('',*,*,#2192,.F.);
#2989=ORIENTED_EDGE('',*,*,#1870,.F.);
#2990=ORIENTED_EDGE('',*,*,#2192,.T.);
#2991=ORIENTED_EDGE('',*,*,#2016,.F.);
#2992=ORIENTED_EDGE('',*,*,#2193,.F.);
#2993=ORIENTED_EDGE('',*,*,#1871,.F.);
#2994=ORIENTED_EDGE('',*,*,#2193,.T.);
#2995=ORIENTED_EDGE('',*,*,#2015,.F.);
#2996=ORIENTED_EDGE('',*,*,#2194,.F.);
#2997=ORIENTED_EDGE('',*,*,#1868,.F.);
#2998=ORIENTED_EDGE('',*,*,#2194,.T.);
#2999=ORIENTED_EDGE('',*,*,#2014,.F.);
#3000=ORIENTED_EDGE('',*,*,#2191,.F.);
#3001=ORIENTED_EDGE('',*,*,#1865,.F.);
#3002=ORIENTED_EDGE('',*,*,#2195,.T.);
#3003=ORIENTED_EDGE('',*,*,#2021,.F.);
#3004=ORIENTED_EDGE('',*,*,#2196,.F.);
#3005=ORIENTED_EDGE('',*,*,#1866,.F.);
#3006=ORIENTED_EDGE('',*,*,#2196,.T.);
#3007=ORIENTED_EDGE('',*,*,#2020,.F.);
#3008=ORIENTED_EDGE('',*,*,#2197,.F.);
#3009=ORIENTED_EDGE('',*,*,#1867,.F.);
#3010=ORIENTED_EDGE('',*,*,#2197,.T.);
#3011=ORIENTED_EDGE('',*,*,#2019,.F.);
#3012=ORIENTED_EDGE('',*,*,#2198,.F.);
#3013=ORIENTED_EDGE('',*,*,#1864,.F.);
#3014=ORIENTED_EDGE('',*,*,#2198,.T.);
#3015=ORIENTED_EDGE('',*,*,#2018,.F.);
#3016=ORIENTED_EDGE('',*,*,#2195,.F.);
#3017=ORIENTED_EDGE('',*,*,#1861,.F.);
#3018=ORIENTED_EDGE('',*,*,#2199,.T.);
#3019=ORIENTED_EDGE('',*,*,#2025,.F.);
#3020=ORIENTED_EDGE('',*,*,#2200,.F.);
#3021=ORIENTED_EDGE('',*,*,#1862,.F.);
#3022=ORIENTED_EDGE('',*,*,#2200,.T.);
#3023=ORIENTED_EDGE('',*,*,#2024,.F.);
#3024=ORIENTED_EDGE('',*,*,#2201,.F.);
#3025=ORIENTED_EDGE('',*,*,#1863,.F.);
#3026=ORIENTED_EDGE('',*,*,#2201,.T.);
#3027=ORIENTED_EDGE('',*,*,#2023,.F.);
#3028=ORIENTED_EDGE('',*,*,#2202,.F.);
#3029=ORIENTED_EDGE('',*,*,#1860,.F.);
#3030=ORIENTED_EDGE('',*,*,#2202,.T.);
#3031=ORIENTED_EDGE('',*,*,#2022,.F.);
#3032=ORIENTED_EDGE('',*,*,#2199,.F.);
#3033=ORIENTED_EDGE('',*,*,#2086,.F.);
#3034=ORIENTED_EDGE('',*,*,#2203,.T.);
#3035=ORIENTED_EDGE('',*,*,#1829,.F.);
#3036=ORIENTED_EDGE('',*,*,#2204,.F.);
#3037=ORIENTED_EDGE('',*,*,#2087,.F.);
#3038=ORIENTED_EDGE('',*,*,#2204,.T.);
#3039=ORIENTED_EDGE('',*,*,#1828,.F.);
#3040=ORIENTED_EDGE('',*,*,#2205,.F.);
#3041=ORIENTED_EDGE('',*,*,#2088,.F.);
#3042=ORIENTED_EDGE('',*,*,#2205,.T.);
#3043=ORIENTED_EDGE('',*,*,#1827,.F.);
#3044=ORIENTED_EDGE('',*,*,#2206,.F.);
#3045=ORIENTED_EDGE('',*,*,#2085,.F.);
#3046=ORIENTED_EDGE('',*,*,#2206,.T.);
#3047=ORIENTED_EDGE('',*,*,#1826,.F.);
#3048=ORIENTED_EDGE('',*,*,#2203,.F.);
#3049=ORIENTED_EDGE('',*,*,#1857,.F.);
#3050=ORIENTED_EDGE('',*,*,#2207,.T.);
#3051=ORIENTED_EDGE('',*,*,#2029,.F.);
#3052=ORIENTED_EDGE('',*,*,#2208,.F.);
#3053=ORIENTED_EDGE('',*,*,#1858,.F.);
#3054=ORIENTED_EDGE('',*,*,#2208,.T.);
#3055=ORIENTED_EDGE('',*,*,#2028,.F.);
#3056=ORIENTED_EDGE('',*,*,#2209,.F.);
#3057=ORIENTED_EDGE('',*,*,#1859,.F.);
#3058=ORIENTED_EDGE('',*,*,#2209,.T.);
#3059=ORIENTED_EDGE('',*,*,#2027,.F.);
#3060=ORIENTED_EDGE('',*,*,#2210,.F.);
#3061=ORIENTED_EDGE('',*,*,#1856,.F.);
#3062=ORIENTED_EDGE('',*,*,#2210,.T.);
#3063=ORIENTED_EDGE('',*,*,#2026,.F.);
#3064=ORIENTED_EDGE('',*,*,#2207,.F.);
#3065=ORIENTED_EDGE('',*,*,#1853,.F.);
#3066=ORIENTED_EDGE('',*,*,#2211,.T.);
#3067=ORIENTED_EDGE('',*,*,#2033,.F.);
#3068=ORIENTED_EDGE('',*,*,#2212,.F.);
#3069=ORIENTED_EDGE('',*,*,#1854,.F.);
#3070=ORIENTED_EDGE('',*,*,#2212,.T.);
#3071=ORIENTED_EDGE('',*,*,#2032,.F.);
#3072=ORIENTED_EDGE('',*,*,#2213,.F.);
#3073=ORIENTED_EDGE('',*,*,#1855,.F.);
#3074=ORIENTED_EDGE('',*,*,#2213,.T.);
#3075=ORIENTED_EDGE('',*,*,#2031,.F.);
#3076=ORIENTED_EDGE('',*,*,#2214,.F.);
#3077=ORIENTED_EDGE('',*,*,#1852,.F.);
#3078=ORIENTED_EDGE('',*,*,#2214,.T.);
#3079=ORIENTED_EDGE('',*,*,#2030,.F.);
#3080=ORIENTED_EDGE('',*,*,#2211,.F.);
#3081=ORIENTED_EDGE('',*,*,#1849,.F.);
#3082=ORIENTED_EDGE('',*,*,#2215,.T.);
#3083=ORIENTED_EDGE('',*,*,#2037,.F.);
#3084=ORIENTED_EDGE('',*,*,#2216,.F.);
#3085=ORIENTED_EDGE('',*,*,#1850,.F.);
#3086=ORIENTED_EDGE('',*,*,#2216,.T.);
#3087=ORIENTED_EDGE('',*,*,#2036,.F.);
#3088=ORIENTED_EDGE('',*,*,#2217,.F.);
#3089=ORIENTED_EDGE('',*,*,#1851,.F.);
#3090=ORIENTED_EDGE('',*,*,#2217,.T.);
#3091=ORIENTED_EDGE('',*,*,#2035,.F.);
#3092=ORIENTED_EDGE('',*,*,#2218,.F.);
#3093=ORIENTED_EDGE('',*,*,#1848,.F.);
#3094=ORIENTED_EDGE('',*,*,#2218,.T.);
#3095=ORIENTED_EDGE('',*,*,#2034,.F.);
#3096=ORIENTED_EDGE('',*,*,#2215,.F.);
#3097=ORIENTED_EDGE('',*,*,#2090,.F.);
#3098=ORIENTED_EDGE('',*,*,#2219,.T.);
#3099=ORIENTED_EDGE('',*,*,#1833,.F.);
#3100=ORIENTED_EDGE('',*,*,#2220,.F.);
#3101=ORIENTED_EDGE('',*,*,#2091,.F.);
#3102=ORIENTED_EDGE('',*,*,#2220,.T.);
#3103=ORIENTED_EDGE('',*,*,#1832,.F.);
#3104=ORIENTED_EDGE('',*,*,#2221,.F.);
#3105=ORIENTED_EDGE('',*,*,#2092,.F.);
#3106=ORIENTED_EDGE('',*,*,#2221,.T.);
#3107=ORIENTED_EDGE('',*,*,#1831,.F.);
#3108=ORIENTED_EDGE('',*,*,#2222,.F.);
#3109=ORIENTED_EDGE('',*,*,#2089,.F.);
#3110=ORIENTED_EDGE('',*,*,#2222,.T.);
#3111=ORIENTED_EDGE('',*,*,#1830,.F.);
#3112=ORIENTED_EDGE('',*,*,#2219,.F.);
#3113=ORIENTED_EDGE('',*,*,#1845,.F.);
#3114=ORIENTED_EDGE('',*,*,#2223,.T.);
#3115=ORIENTED_EDGE('',*,*,#2041,.F.);
#3116=ORIENTED_EDGE('',*,*,#2224,.F.);
#3117=ORIENTED_EDGE('',*,*,#1846,.F.);
#3118=ORIENTED_EDGE('',*,*,#2224,.T.);
#3119=ORIENTED_EDGE('',*,*,#2040,.F.);
#3120=ORIENTED_EDGE('',*,*,#2225,.F.);
#3121=ORIENTED_EDGE('',*,*,#1847,.F.);
#3122=ORIENTED_EDGE('',*,*,#2225,.T.);
#3123=ORIENTED_EDGE('',*,*,#2039,.F.);
#3124=ORIENTED_EDGE('',*,*,#2226,.F.);
#3125=ORIENTED_EDGE('',*,*,#1844,.F.);
#3126=ORIENTED_EDGE('',*,*,#2226,.T.);
#3127=ORIENTED_EDGE('',*,*,#2038,.F.);
#3128=ORIENTED_EDGE('',*,*,#2223,.F.);
#3129=ORIENTED_EDGE('',*,*,#2094,.F.);
#3130=ORIENTED_EDGE('',*,*,#2227,.T.);
#3131=ORIENTED_EDGE('',*,*,#1837,.F.);
#3132=ORIENTED_EDGE('',*,*,#2228,.F.);
#3133=ORIENTED_EDGE('',*,*,#2095,.F.);
#3134=ORIENTED_EDGE('',*,*,#2228,.T.);
#3135=ORIENTED_EDGE('',*,*,#1836,.F.);
#3136=ORIENTED_EDGE('',*,*,#2229,.F.);
#3137=ORIENTED_EDGE('',*,*,#2096,.F.);
#3138=ORIENTED_EDGE('',*,*,#2229,.T.);
#3139=ORIENTED_EDGE('',*,*,#1835,.F.);
#3140=ORIENTED_EDGE('',*,*,#2230,.F.);
#3141=ORIENTED_EDGE('',*,*,#2093,.F.);
#3142=ORIENTED_EDGE('',*,*,#2230,.T.);
#3143=ORIENTED_EDGE('',*,*,#1834,.F.);
#3144=ORIENTED_EDGE('',*,*,#2227,.F.);
#3145=ORIENTED_EDGE('',*,*,#2042,.F.);
#3146=ORIENTED_EDGE('',*,*,#2231,.T.);
#3147=ORIENTED_EDGE('',*,*,#1843,.F.);
#3148=ORIENTED_EDGE('',*,*,#2231,.F.);
#3149=ORIENTED_EDGE('',*,*,#2055,.F.);
#3150=ORIENTED_EDGE('',*,*,#2232,.T.);
#3151=ORIENTED_EDGE('',*,*,#2056,.F.);
#3152=ORIENTED_EDGE('',*,*,#2045,.F.);
#3153=ORIENTED_EDGE('',*,*,#2097,.F.);
#3154=ORIENTED_EDGE('',*,*,#1942,.F.);
#3155=ORIENTED_EDGE('',*,*,#2233,.F.);
#3156=ORIENTED_EDGE('',*,*,#1841,.F.);
#3157=ORIENTED_EDGE('',*,*,#1842,.F.);
#3158=ORIENTED_EDGE('',*,*,#2233,.T.);
#3159=ORIENTED_EDGE('',*,*,#1941,.F.);
#3160=ORIENTED_EDGE('',*,*,#2234,.F.);
#3161=ORIENTED_EDGE('',*,*,#1788,.F.);
#3162=ORIENTED_EDGE('',*,*,#1795,.F.);
#3163=ORIENTED_EDGE('',*,*,#2234,.T.);
#3164=ORIENTED_EDGE('',*,*,#2235,.F.);
#3165=ORIENTED_EDGE('',*,*,#2059,.F.);
#3166=ORIENTED_EDGE('',*,*,#1790,.T.);
#3167=ORIENTED_EDGE('',*,*,#1801,.F.);
#3168=ORIENTED_EDGE('',*,*,#2236,.F.);
#3169=ORIENTED_EDGE('',*,*,#1796,.T.);
#3170=ORIENTED_EDGE('',*,*,#2060,.F.);
#3171=ORIENTED_EDGE('',*,*,#2236,.T.);
#3172=ORIENTED_EDGE('',*,*,#1800,.F.);
#3173=ORIENTED_EDGE('',*,*,#1838,.F.);
#3174=ORIENTED_EDGE('',*,*,#1798,.T.);
#3175=ORIENTED_EDGE('',*,*,#1945,.F.);
#3176=ORIENTED_EDGE('',*,*,#2058,.F.);
#3177=ORIENTED_EDGE('',*,*,#2050,.T.);
#3178=ORIENTED_EDGE('',*,*,#2057,.F.);
#3179=ORIENTED_EDGE('',*,*,#2232,.F.);
#3180=ORIENTED_EDGE('',*,*,#2054,.F.);
#3181=ORIENTED_EDGE('',*,*,#2053,.F.);
#3182=ORIENTED_EDGE('',*,*,#2098,.T.);
#3183=ORIENTED_EDGE('',*,*,#1840,.T.);
#3184=ORIENTED_EDGE('',*,*,#2051,.T.);
#3185=ORIENTED_EDGE('',*,*,#1799,.F.);
#3186=ORIENTED_EDGE('',*,*,#2235,.T.);
#3187=ORIENTED_EDGE('',*,*,#1940,.T.);
#3188=ORIENTED_EDGE('',*,*,#1797,.T.);
#3189=CYLINDRICAL_SURFACE('',#3429,2.25000000000001);
#3190=CYLINDRICAL_SURFACE('',#3432,2.25000000000001);
#3191=CYLINDRICAL_SURFACE('',#3435,2.25);
#3192=CYLINDRICAL_SURFACE('',#3438,2.25000000000001);
#3193=CYLINDRICAL_SURFACE('',#3441,2.24999999999994);
#3194=CYLINDRICAL_SURFACE('',#3444,2.25000000000001);
#3195=CYLINDRICAL_SURFACE('',#3447,2.25);
#3196=CYLINDRICAL_SURFACE('',#3450,2.25000000000001);
#3197=CYLINDRICAL_SURFACE('',#3453,2.24999999999994);
#3198=CYLINDRICAL_SURFACE('',#3457,4.);
#3199=CYLINDRICAL_SURFACE('',#3542,2.);
#3200=CYLINDRICAL_SURFACE('',#3572,3.00000000000001);
#3201=CYLINDRICAL_SURFACE('',#3574,3.00000000000004);
#3202=CYLINDRICAL_SURFACE('',#3576,2.99999999999997);
#3203=CYLINDRICAL_SURFACE('',#3578,3.00000000000011);
#3204=CYLINDRICAL_SURFACE('',#3580,2.99999999999997);
#3205=CYLINDRICAL_SURFACE('',#3582,2.99999999999997);
#3206=CYLINDRICAL_SURFACE('',#3588,3.20000000000002);
#3207=CYLINDRICAL_SURFACE('',#3590,3.19999999999993);
#3208=CYLINDRICAL_SURFACE('',#3596,3.20000000000002);
#3209=CYLINDRICAL_SURFACE('',#3598,3.2);
#3210=CYLINDRICAL_SURFACE('',#3600,3.19999999999997);
#3211=CYLINDRICAL_SURFACE('',#3602,3.19999999999993);
#3212=CYLINDRICAL_SURFACE('',#3604,3.2);
#3213=CYLINDRICAL_SURFACE('',#3606,3.2);
#3214=CYLINDRICAL_SURFACE('',#3616,2.99999999999997);
#3215=CYLINDRICAL_SURFACE('',#3618,3.00000000000001);
#3216=CYLINDRICAL_SURFACE('',#3620,3.00000000000001);
#3217=CYLINDRICAL_SURFACE('',#3622,3.00000000000001);
#3218=CYLINDRICAL_SURFACE('',#3624,3.19999999999997);
#3219=CYLINDRICAL_SURFACE('',#3626,3.1999999999999);
#3220=CYLINDRICAL_SURFACE('',#3628,3.19999999999999);
#3221=CYLINDRICAL_SURFACE('',#3630,3.20000000000007);
#3222=CYLINDRICAL_SURFACE('',#3632,2.99999999999997);
#3223=CYLINDRICAL_SURFACE('',#3634,2.99999999999997);
#3224=CYLINDRICAL_SURFACE('',#3636,2.99999999999999);
#3225=CYLINDRICAL_SURFACE('',#3638,3.00000000000001);
#3226=CYLINDRICAL_SURFACE('',#3640,2.99999999999997);
#3227=CYLINDRICAL_SURFACE('',#3642,2.99999999999997);
#3228=CYLINDRICAL_SURFACE('',#3656,2.99999999999997);
#3229=CYLINDRICAL_SURFACE('',#3658,2.99999999999983);
#3230=CYLINDRICAL_SURFACE('',#3660,3.00000000000001);
#3231=CYLINDRICAL_SURFACE('',#3662,2.99999999999997);
#3232=CYLINDRICAL_SURFACE('',#3664,3.20000000000006);
#3233=CYLINDRICAL_SURFACE('',#3666,3.19999999999993);
#3234=CYLINDRICAL_SURFACE('',#3668,3.20000000000006);
#3235=CYLINDRICAL_SURFACE('',#3670,3.20000000000007);
#3236=CYLINDRICAL_SURFACE('',#3676,2.99999999999998);
#3237=CYLINDRICAL_SURFACE('',#3678,3.00000000000002);
#3238=CYLINDRICAL_SURFACE('',#3684,3.20000000000002);
#3239=CYLINDRICAL_SURFACE('',#3686,3.19999999999993);
#3240=CYLINDRICAL_SURFACE('',#3688,3.2);
#3241=CYLINDRICAL_SURFACE('',#3690,3.19999999999999);
#3242=CYLINDRICAL_SURFACE('',#3692,2.99999999999997);
#3243=CYLINDRICAL_SURFACE('',#3694,3.00000000000004);
#3244=CYLINDRICAL_SURFACE('',#3700,2.99999999999983);
#3245=CYLINDRICAL_SURFACE('',#3702,2.99999999999997);
#3246=CYLINDRICAL_SURFACE('',#3703,33.7);
#3247=CYLINDRICAL_SURFACE('',#3713,4.);
#3248=CYLINDRICAL_SURFACE('',#3714,2.);
#3249=ADVANCED_FACE('',(#203),#3189,.F.);
#3250=ADVANCED_FACE('',(#204),#3190,.F.);
#3251=ADVANCED_FACE('',(#205),#3191,.F.);
#3252=ADVANCED_FACE('',(#206),#3192,.F.);
#3253=ADVANCED_FACE('',(#207),#3193,.F.);
#3254=ADVANCED_FACE('',(#208),#3194,.F.);
#3255=ADVANCED_FACE('',(#209),#3195,.F.);
#3256=ADVANCED_FACE('',(#210),#3196,.F.);
#3257=ADVANCED_FACE('',(#211),#3197,.F.);
#3258=ADVANCED_FACE('',(#212),#97,.T.);
#3259=ADVANCED_FACE('',(#213),#3198,.T.);
#3260=ADVANCED_FACE('',(#214),#98,.T.);
#3261=ADVANCED_FACE('',(#215,#15,#16,#17,#18,#19,#20,#21,#22,#23),#99,.F.);
#3262=ADVANCED_FACE('',(#216,#24,#25,#26,#27,#28,#29,#30,#31,#32,#33,#34,
#35,#36,#37,#38,#39,#40,#41,#42,#43,#44,#45,#46),#100,.T.);
#3263=ADVANCED_FACE('',(#217,#47,#48,#49,#50,#51,#52,#53,#54,#55,#56,#57,
#58,#59,#60,#61,#62,#63,#64,#65,#66,#67,#68,#69),#101,.F.);
#3264=ADVANCED_FACE('',(#218),#102,.T.);
#3265=ADVANCED_FACE('',(#219),#3199,.F.);
#3266=ADVANCED_FACE('',(#220),#103,.T.);
#3267=ADVANCED_FACE('',(#221,#70,#71,#72,#73,#74,#75,#76,#77,#78),#104,
 .T.);
#3268=ADVANCED_FACE('',(#222,#79,#80,#81,#82,#83,#84,#85,#86,#87),#105,
 .F.);
#3269=ADVANCED_FACE('',(#223),#106,.T.);
#3270=ADVANCED_FACE('',(#224,#88,#89,#90,#91,#92,#93,#94,#95,#96),#107,
 .T.);
#3271=ADVANCED_FACE('',(#225),#108,.T.);
#3272=ADVANCED_FACE('',(#226),#109,.T.);
#3273=ADVANCED_FACE('',(#227),#3200,.F.);
#3274=ADVANCED_FACE('',(#228),#110,.T.);
#3275=ADVANCED_FACE('',(#229),#3201,.F.);
#3276=ADVANCED_FACE('',(#230),#111,.T.);
#3277=ADVANCED_FACE('',(#231),#3202,.F.);
#3278=ADVANCED_FACE('',(#232),#112,.T.);
#3279=ADVANCED_FACE('',(#233),#3203,.F.);
#3280=ADVANCED_FACE('',(#234),#113,.T.);
#3281=ADVANCED_FACE('',(#235),#3204,.F.);
#3282=ADVANCED_FACE('',(#236),#114,.T.);
#3283=ADVANCED_FACE('',(#237),#3205,.F.);
#3284=ADVANCED_FACE('',(#238),#115,.T.);
#3285=ADVANCED_FACE('',(#239),#116,.T.);
#3286=ADVANCED_FACE('',(#240),#117,.T.);
#3287=ADVANCED_FACE('',(#241),#118,.T.);
#3288=ADVANCED_FACE('',(#242),#119,.T.);
#3289=ADVANCED_FACE('',(#243),#3206,.F.);
#3290=ADVANCED_FACE('',(#244),#120,.T.);
#3291=ADVANCED_FACE('',(#245),#3207,.F.);
#3292=ADVANCED_FACE('',(#246),#121,.T.);
#3293=ADVANCED_FACE('',(#247),#122,.T.);
#3294=ADVANCED_FACE('',(#248),#123,.T.);
#3295=ADVANCED_FACE('',(#249),#124,.T.);
#3296=ADVANCED_FACE('',(#250),#125,.T.);
#3297=ADVANCED_FACE('',(#251),#3208,.F.);
#3298=ADVANCED_FACE('',(#252),#126,.T.);
#3299=ADVANCED_FACE('',(#253),#3209,.F.);
#3300=ADVANCED_FACE('',(#254),#127,.T.);
#3301=ADVANCED_FACE('',(#255),#3210,.F.);
#3302=ADVANCED_FACE('',(#256),#128,.T.);
#3303=ADVANCED_FACE('',(#257),#3211,.F.);
#3304=ADVANCED_FACE('',(#258),#129,.T.);
#3305=ADVANCED_FACE('',(#259),#3212,.F.);
#3306=ADVANCED_FACE('',(#260),#130,.T.);
#3307=ADVANCED_FACE('',(#261),#3213,.F.);
#3308=ADVANCED_FACE('',(#262),#131,.T.);
#3309=ADVANCED_FACE('',(#263),#132,.T.);
#3310=ADVANCED_FACE('',(#264),#133,.T.);
#3311=ADVANCED_FACE('',(#265),#134,.T.);
#3312=ADVANCED_FACE('',(#266),#135,.T.);
#3313=ADVANCED_FACE('',(#267),#136,.T.);
#3314=ADVANCED_FACE('',(#268),#137,.T.);
#3315=ADVANCED_FACE('',(#269),#138,.T.);
#3316=ADVANCED_FACE('',(#270),#139,.T.);
#3317=ADVANCED_FACE('',(#271),#3214,.F.);
#3318=ADVANCED_FACE('',(#272),#140,.T.);
#3319=ADVANCED_FACE('',(#273),#3215,.F.);
#3320=ADVANCED_FACE('',(#274),#141,.T.);
#3321=ADVANCED_FACE('',(#275),#3216,.F.);
#3322=ADVANCED_FACE('',(#276),#142,.T.);
#3323=ADVANCED_FACE('',(#277),#3217,.F.);
#3324=ADVANCED_FACE('',(#278),#143,.T.);
#3325=ADVANCED_FACE('',(#279),#3218,.F.);
#3326=ADVANCED_FACE('',(#280),#144,.T.);
#3327=ADVANCED_FACE('',(#281),#3219,.F.);
#3328=ADVANCED_FACE('',(#282),#145,.T.);
#3329=ADVANCED_FACE('',(#283),#3220,.F.);
#3330=ADVANCED_FACE('',(#284),#146,.T.);
#3331=ADVANCED_FACE('',(#285),#3221,.F.);
#3332=ADVANCED_FACE('',(#286),#147,.T.);
#3333=ADVANCED_FACE('',(#287),#3222,.F.);
#3334=ADVANCED_FACE('',(#288),#148,.T.);
#3335=ADVANCED_FACE('',(#289),#3223,.F.);
#3336=ADVANCED_FACE('',(#290),#149,.T.);
#3337=ADVANCED_FACE('',(#291),#3224,.F.);
#3338=ADVANCED_FACE('',(#292),#150,.T.);
#3339=ADVANCED_FACE('',(#293),#3225,.F.);
#3340=ADVANCED_FACE('',(#294),#151,.T.);
#3341=ADVANCED_FACE('',(#295),#3226,.F.);
#3342=ADVANCED_FACE('',(#296),#152,.T.);
#3343=ADVANCED_FACE('',(#297),#3227,.F.);
#3344=ADVANCED_FACE('',(#298),#153,.T.);
#3345=ADVANCED_FACE('',(#299),#154,.T.);
#3346=ADVANCED_FACE('',(#300),#155,.T.);
#3347=ADVANCED_FACE('',(#301),#156,.T.);
#3348=ADVANCED_FACE('',(#302),#157,.T.);
#3349=ADVANCED_FACE('',(#303),#158,.T.);
#3350=ADVANCED_FACE('',(#304),#159,.T.);
#3351=ADVANCED_FACE('',(#305),#160,.T.);
#3352=ADVANCED_FACE('',(#306),#161,.T.);
#3353=ADVANCED_FACE('',(#307),#162,.T.);
#3354=ADVANCED_FACE('',(#308),#163,.T.);
#3355=ADVANCED_FACE('',(#309),#164,.T.);
#3356=ADVANCED_FACE('',(#310),#165,.T.);
#3357=ADVANCED_FACE('',(#311),#3228,.F.);
#3358=ADVANCED_FACE('',(#312),#166,.T.);
#3359=ADVANCED_FACE('',(#313),#3229,.F.);
#3360=ADVANCED_FACE('',(#314),#167,.T.);
#3361=ADVANCED_FACE('',(#315),#3230,.F.);
#3362=ADVANCED_FACE('',(#316),#168,.T.);
#3363=ADVANCED_FACE('',(#317),#3231,.F.);
#3364=ADVANCED_FACE('',(#318),#169,.T.);
#3365=ADVANCED_FACE('',(#319),#3232,.F.);
#3366=ADVANCED_FACE('',(#320),#170,.T.);
#3367=ADVANCED_FACE('',(#321),#3233,.F.);
#3368=ADVANCED_FACE('',(#322),#171,.T.);
#3369=ADVANCED_FACE('',(#323),#3234,.F.);
#3370=ADVANCED_FACE('',(#324),#172,.T.);
#3371=ADVANCED_FACE('',(#325),#3235,.F.);
#3372=ADVANCED_FACE('',(#326),#173,.T.);
#3373=ADVANCED_FACE('',(#327),#174,.T.);
#3374=ADVANCED_FACE('',(#328),#175,.T.);
#3375=ADVANCED_FACE('',(#329),#176,.T.);
#3376=ADVANCED_FACE('',(#330),#177,.T.);
#3377=ADVANCED_FACE('',(#331),#3236,.F.);
#3378=ADVANCED_FACE('',(#332),#178,.T.);
#3379=ADVANCED_FACE('',(#333),#3237,.F.);
#3380=ADVANCED_FACE('',(#334),#179,.T.);
#3381=ADVANCED_FACE('',(#335),#180,.T.);
#3382=ADVANCED_FACE('',(#336),#181,.T.);
#3383=ADVANCED_FACE('',(#337),#182,.T.);
#3384=ADVANCED_FACE('',(#338),#183,.T.);
#3385=ADVANCED_FACE('',(#339),#3238,.F.);
#3386=ADVANCED_FACE('',(#340),#184,.T.);
#3387=ADVANCED_FACE('',(#341),#3239,.F.);
#3388=ADVANCED_FACE('',(#342),#185,.T.);
#3389=ADVANCED_FACE('',(#343),#3240,.F.);
#3390=ADVANCED_FACE('',(#344),#186,.T.);
#3391=ADVANCED_FACE('',(#345),#3241,.F.);
#3392=ADVANCED_FACE('',(#346),#187,.T.);
#3393=ADVANCED_FACE('',(#347),#3242,.F.);
#3394=ADVANCED_FACE('',(#348),#188,.T.);
#3395=ADVANCED_FACE('',(#349),#3243,.F.);
#3396=ADVANCED_FACE('',(#350),#189,.T.);
#3397=ADVANCED_FACE('',(#351),#190,.T.);
#3398=ADVANCED_FACE('',(#352),#191,.T.);
#3399=ADVANCED_FACE('',(#353),#192,.T.);
#3400=ADVANCED_FACE('',(#354),#193,.T.);
#3401=ADVANCED_FACE('',(#355),#3244,.F.);
#3402=ADVANCED_FACE('',(#356),#194,.T.);
#3403=ADVANCED_FACE('',(#357),#3245,.F.);
#3404=ADVANCED_FACE('',(#358),#3246,.F.);
#3405=ADVANCED_FACE('',(#359),#195,.T.);
#3406=ADVANCED_FACE('',(#360),#196,.T.);
#3407=ADVANCED_FACE('',(#361),#197,.T.);
#3408=ADVANCED_FACE('',(#362),#198,.T.);
#3409=ADVANCED_FACE('',(#363),#199,.T.);
#3410=ADVANCED_FACE('',(#364),#200,.T.);
#3411=ADVANCED_FACE('',(#365),#201,.T.);
#3412=ADVANCED_FACE('',(#366),#202,.T.);
#3413=ADVANCED_FACE('',(#367),#3247,.T.);
#3414=ADVANCED_FACE('',(#368),#3248,.F.);
#3415=CLOSED_SHELL('',(#3249,#3250,#3251,#3252,#3253,#3254,#3255,#3256,
#3257,#3258,#3259,#3260,#3261,#3262,#3263,#3264,#3265,#3266,#3267,#3268,
#3269,#3270,#3271,#3272,#3273,#3274,#3275,#3276,#3277,#3278,#3279,#3280,
#3281,#3282,#3283,#3284,#3285,#3286,#3287,#3288,#3289,#3290,#3291,#3292,
#3293,#3294,#3295,#3296,#3297,#3298,#3299,#3300,#3301,#3302,#3303,#3304,
#3305,#3306,#3307,#3308,#3309,#3310,#3311,#3312,#3313,#3314,#3315,#3316,
#3317,#3318,#3319,#3320,#3321,#3322,#3323,#3324,#3325,#3326,#3327,#3328,
#3329,#3330,#3331,#3332,#3333,#3334,#3335,#3336,#3337,#3338,#3339,#3340,
#3341,#3342,#3343,#3344,#3345,#3346,#3347,#3348,#3349,#3350,#3351,#3352,
#3353,#3354,#3355,#3356,#3357,#3358,#3359,#3360,#3361,#3362,#3363,#3364,
#3365,#3366,#3367,#3368,#3369,#3370,#3371,#3372,#3373,#3374,#3375,#3376,
#3377,#3378,#3379,#3380,#3381,#3382,#3383,#3384,#3385,#3386,#3387,#3388,
#3389,#3390,#3391,#3392,#3393,#3394,#3395,#3396,#3397,#3398,#3399,#3400,
#3401,#3402,#3403,#3404,#3405,#3406,#3407,#3408,#3409,#3410,#3411,#3412,
#3413,#3414));
#3416=DERIVED_UNIT_ELEMENT(#3418,1.);
#3417=DERIVED_UNIT_ELEMENT(#5605,-3.);
#3418=(
MASS_UNIT()
NAMED_UNIT(*)
SI_UNIT(.KILO.,.GRAM.)
);
#3419=DERIVED_UNIT((#3416,#3417));
#3420=MEASURE_REPRESENTATION_ITEM('density measure',
POSITIVE_RATIO_MEASURE(7850.),#3419);
#3421=PROPERTY_DEFINITION_REPRESENTATION(#3426,#3423);
#3422=PROPERTY_DEFINITION_REPRESENTATION(#3427,#3424);
#3423=REPRESENTATION('material name',(#3425),#5602);
#3424=REPRESENTATION('density',(#3420),#5602);
#3425=DESCRIPTIVE_REPRESENTATION_ITEM('Steel','Steel');
#3426=PROPERTY_DEFINITION('material property','material name',#5612);
#3427=PROPERTY_DEFINITION('material property','density of part',#5612);
#3428=AXIS2_PLACEMENT_3D('',#4645,#3715,#3716);
#3429=AXIS2_PLACEMENT_3D('',#4646,#3717,#3718);
#3430=AXIS2_PLACEMENT_3D('',#4648,#3719,#3720);
#3431=AXIS2_PLACEMENT_3D('',#4651,#3722,#3723);
#3432=AXIS2_PLACEMENT_3D('',#4652,#3724,#3725);
#3433=AXIS2_PLACEMENT_3D('',#4654,#3726,#3727);
#3434=AXIS2_PLACEMENT_3D('',#4657,#3729,#3730);
#3435=AXIS2_PLACEMENT_3D('',#4658,#3731,#3732);
#3436=AXIS2_PLACEMENT_3D('',#4660,#3733,#3734);
#3437=AXIS2_PLACEMENT_3D('',#4663,#3736,#3737);
#3438=AXIS2_PLACEMENT_3D('',#4664,#3738,#3739);
#3439=AXIS2_PLACEMENT_3D('',#4666,#3740,#3741);
#3440=AXIS2_PLACEMENT_3D('',#4669,#3743,#3744);
#3441=AXIS2_PLACEMENT_3D('',#4670,#3745,#3746);
#3442=AXIS2_PLACEMENT_3D('',#4672,#3747,#3748);
#3443=AXIS2_PLACEMENT_3D('',#4675,#3750,#3751);
#3444=AXIS2_PLACEMENT_3D('',#4676,#3752,#3753);
#3445=AXIS2_PLACEMENT_3D('',#4678,#3754,#3755);
#3446=AXIS2_PLACEMENT_3D('',#4681,#3757,#3758);
#3447=AXIS2_PLACEMENT_3D('',#4682,#3759,#3760);
#3448=AXIS2_PLACEMENT_3D('',#4684,#3761,#3762);
#3449=AXIS2_PLACEMENT_3D('',#4687,#3764,#3765);
#3450=AXIS2_PLACEMENT_3D('',#4688,#3766,#3767);
#3451=AXIS2_PLACEMENT_3D('',#4690,#3768,#3769);
#3452=AXIS2_PLACEMENT_3D('',#4693,#3771,#3772);
#3453=AXIS2_PLACEMENT_3D('',#4694,#3773,#3774);
#3454=AXIS2_PLACEMENT_3D('',#4696,#3775,#3776);
#3455=AXIS2_PLACEMENT_3D('',#4699,#3778,#3779);
#3456=AXIS2_PLACEMENT_3D('',#4700,#3780,#3781);
#3457=AXIS2_PLACEMENT_3D('',#4709,#3786,#3787);
#3458=AXIS2_PLACEMENT_3D('',#4713,#3789,#3790);
#3459=AXIS2_PLACEMENT_3D('',#4716,#3792,#3793);
#3460=AXIS2_PLACEMENT_3D('',#4717,#3794,#3795);
#3461=AXIS2_PLACEMENT_3D('',#4721,#3797,#3798);
#3462=AXIS2_PLACEMENT_3D('',#4723,#3800,#3801);
#3463=AXIS2_PLACEMENT_3D('',#4730,#3805,#3806);
#3464=AXIS2_PLACEMENT_3D('',#4734,#3808,#3809);
#3465=AXIS2_PLACEMENT_3D('',#4738,#3811,#3812);
#3466=AXIS2_PLACEMENT_3D('',#4742,#3814,#3815);
#3467=AXIS2_PLACEMENT_3D('',#4746,#3817,#3818);
#3468=AXIS2_PLACEMENT_3D('',#4750,#3820,#3821);
#3469=AXIS2_PLACEMENT_3D('',#4754,#3823,#3824);
#3470=AXIS2_PLACEMENT_3D('',#4758,#3826,#3827);
#3471=AXIS2_PLACEMENT_3D('',#4762,#3829,#3830);
#3472=AXIS2_PLACEMENT_3D('',#4766,#3832,#3833);
#3473=AXIS2_PLACEMENT_3D('',#4770,#3835,#3836);
#3474=AXIS2_PLACEMENT_3D('',#4774,#3838,#3839);
#3475=AXIS2_PLACEMENT_3D('',#4778,#3841,#3842);
#3476=AXIS2_PLACEMENT_3D('',#4782,#3844,#3845);
#3477=AXIS2_PLACEMENT_3D('',#4786,#3847,#3848);
#3478=AXIS2_PLACEMENT_3D('',#4790,#3850,#3851);
#3479=AXIS2_PLACEMENT_3D('',#4794,#3853,#3854);
#3480=AXIS2_PLACEMENT_3D('',#4798,#3856,#3857);
#3481=AXIS2_PLACEMENT_3D('',#4800,#3859,#3860);
#3482=AXIS2_PLACEMENT_3D('',#4811,#3866,#3867);
#3483=AXIS2_PLACEMENT_3D('',#4822,#3872,#3873);
#3484=AXIS2_PLACEMENT_3D('',#4826,#3875,#3876);
#3485=AXIS2_PLACEMENT_3D('',#4830,#3878,#3879);
#3486=AXIS2_PLACEMENT_3D('',#4834,#3881,#3882);
#3487=AXIS2_PLACEMENT_3D('',#4854,#3892,#3893);
#3488=AXIS2_PLACEMENT_3D('',#4858,#3895,#3896);
#3489=AXIS2_PLACEMENT_3D('',#4862,#3898,#3899);
#3490=AXIS2_PLACEMENT_3D('',#4866,#3901,#3902);
#3491=AXIS2_PLACEMENT_3D('',#4870,#3904,#3905);
#3492=AXIS2_PLACEMENT_3D('',#4874,#3907,#3908);
#3493=AXIS2_PLACEMENT_3D('',#4878,#3910,#3911);
#3494=AXIS2_PLACEMENT_3D('',#4882,#3913,#3914);
#3495=AXIS2_PLACEMENT_3D('',#4910,#3928,#3929);
#3496=AXIS2_PLACEMENT_3D('',#4914,#3931,#3932);
#3497=AXIS2_PLACEMENT_3D('',#4918,#3934,#3935);
#3498=AXIS2_PLACEMENT_3D('',#4922,#3937,#3938);
#3499=AXIS2_PLACEMENT_3D('',#4926,#3940,#3941);
#3500=AXIS2_PLACEMENT_3D('',#4930,#3943,#3944);
#3501=AXIS2_PLACEMENT_3D('',#4934,#3946,#3947);
#3502=AXIS2_PLACEMENT_3D('',#4938,#3949,#3950);
#3503=AXIS2_PLACEMENT_3D('',#4958,#3960,#3961);
#3504=AXIS2_PLACEMENT_3D('',#4962,#3963,#3964);
#3505=AXIS2_PLACEMENT_3D('',#4966,#3966,#3967);
#3506=AXIS2_PLACEMENT_3D('',#4970,#3969,#3970);
#3507=AXIS2_PLACEMENT_3D('',#4974,#3972,#3973);
#3508=AXIS2_PLACEMENT_3D('',#4978,#3975,#3976);
#3509=AXIS2_PLACEMENT_3D('',#4990,#3982,#3983);
#3510=AXIS2_PLACEMENT_3D('',#4994,#3985,#3986);
#3511=AXIS2_PLACEMENT_3D('',#5004,#3992,#3993);
#3512=AXIS2_PLACEMENT_3D('',#5026,#4004,#4005);
#3513=AXIS2_PLACEMENT_3D('',#5030,#4007,#4008);
#3514=AXIS2_PLACEMENT_3D('',#5042,#4014,#4015);
#3515=AXIS2_PLACEMENT_3D('',#5046,#4017,#4018);
#3516=AXIS2_PLACEMENT_3D('',#5050,#4020,#4021);
#3517=AXIS2_PLACEMENT_3D('',#5054,#4023,#4024);
#3518=AXIS2_PLACEMENT_3D('',#5058,#4026,#4027);
#3519=AXIS2_PLACEMENT_3D('',#5062,#4029,#4030);
#3520=AXIS2_PLACEMENT_3D('',#5082,#4040,#4041);
#3521=AXIS2_PLACEMENT_3D('',#5086,#4043,#4044);
#3522=AXIS2_PLACEMENT_3D('',#5090,#4046,#4047);
#3523=AXIS2_PLACEMENT_3D('',#5094,#4049,#4050);
#3524=AXIS2_PLACEMENT_3D('',#5098,#4052,#4053);
#3525=AXIS2_PLACEMENT_3D('',#5102,#4055,#4056);
#3526=AXIS2_PLACEMENT_3D('',#5106,#4058,#4059);
#3527=AXIS2_PLACEMENT_3D('',#5110,#4061,#4062);
#3528=AXIS2_PLACEMENT_3D('',#5138,#4076,#4077);
#3529=AXIS2_PLACEMENT_3D('',#5142,#4079,#4080);
#3530=AXIS2_PLACEMENT_3D('',#5146,#4082,#4083);
#3531=AXIS2_PLACEMENT_3D('',#5150,#4085,#4086);
#3532=AXIS2_PLACEMENT_3D('',#5154,#4088,#4089);
#3533=AXIS2_PLACEMENT_3D('',#5158,#4091,#4092);
#3534=AXIS2_PLACEMENT_3D('',#5162,#4094,#4095);
#3535=AXIS2_PLACEMENT_3D('',#5166,#4097,#4098);
#3536=AXIS2_PLACEMENT_3D('',#5186,#4108,#4109);
#3537=AXIS2_PLACEMENT_3D('',#5190,#4111,#4112);
#3538=AXIS2_PLACEMENT_3D('',#5194,#4114,#4115);
#3539=AXIS2_PLACEMENT_3D('',#5198,#4117,#4118);
#3540=AXIS2_PLACEMENT_3D('',#5209,#4124,#4125);
#3541=AXIS2_PLACEMENT_3D('',#5210,#4126,#4127);
#3542=AXIS2_PLACEMENT_3D('',#5219,#4132,#4133);
#3543=AXIS2_PLACEMENT_3D('',#5222,#4135,#4136);
#3544=AXIS2_PLACEMENT_3D('',#5223,#4137,#4138);
#3545=AXIS2_PLACEMENT_3D('',#5224,#4139,#4140);
#3546=AXIS2_PLACEMENT_3D('',#5227,#4142,#4143);
#3547=AXIS2_PLACEMENT_3D('',#5229,#4145,#4146);
#3548=AXIS2_PLACEMENT_3D('',#5234,#4150,#4151);
#3549=AXIS2_PLACEMENT_3D('',#5238,#4154,#4155);
#3550=AXIS2_PLACEMENT_3D('',#5240,#4157,#4158);
#3551=AXIS2_PLACEMENT_3D('',#5246,#4161,#4162);
#3552=AXIS2_PLACEMENT_3D('',#5250,#4164,#4165);
#3553=AXIS2_PLACEMENT_3D('',#5254,#4167,#4168);
#3554=AXIS2_PLACEMENT_3D('',#5258,#4170,#4171);
#3555=AXIS2_PLACEMENT_3D('',#5262,#4173,#4174);
#3556=AXIS2_PLACEMENT_3D('',#5266,#4176,#4177);
#3557=AXIS2_PLACEMENT_3D('',#5270,#4179,#4180);
#3558=AXIS2_PLACEMENT_3D('',#5274,#4182,#4183);
#3559=AXIS2_PLACEMENT_3D('',#5278,#4185,#4186);
#3560=AXIS2_PLACEMENT_3D('',#5282,#4188,#4189);
#3561=AXIS2_PLACEMENT_3D('',#5286,#4191,#4192);
#3562=AXIS2_PLACEMENT_3D('',#5290,#4194,#4195);
#3563=AXIS2_PLACEMENT_3D('',#5294,#4197,#4198);
#3564=AXIS2_PLACEMENT_3D('',#5298,#4200,#4201);
#3565=AXIS2_PLACEMENT_3D('',#5302,#4203,#4204);
#3566=AXIS2_PLACEMENT_3D('',#5306,#4206,#4207);
#3567=AXIS2_PLACEMENT_3D('',#5310,#4209,#4210);
#3568=AXIS2_PLACEMENT_3D('',#5314,#4212,#4213);
#3569=AXIS2_PLACEMENT_3D('',#5316,#4215,#4216);
#3570=AXIS2_PLACEMENT_3D('',#5318,#4218,#4219);
#3571=AXIS2_PLACEMENT_3D('',#5319,#4220,#4221);
#3572=AXIS2_PLACEMENT_3D('',#5322,#4224,#4225);
#3573=AXIS2_PLACEMENT_3D('',#5324,#4227,#4228);
#3574=AXIS2_PLACEMENT_3D('',#5326,#4230,#4231);
#3575=AXIS2_PLACEMENT_3D('',#5327,#4232,#4233);
#3576=AXIS2_PLACEMENT_3D('',#5330,#4236,#4237);
#3577=AXIS2_PLACEMENT_3D('',#5332,#4239,#4240);
#3578=AXIS2_PLACEMENT_3D('',#5334,#4242,#4243);
#3579=AXIS2_PLACEMENT_3D('',#5335,#4244,#4245);
#3580=AXIS2_PLACEMENT_3D('',#5338,#4248,#4249);
#3581=AXIS2_PLACEMENT_3D('',#5340,#4251,#4252);
#3582=AXIS2_PLACEMENT_3D('',#5342,#4254,#4255);
#3583=AXIS2_PLACEMENT_3D('',#5343,#4256,#4257);
#3584=AXIS2_PLACEMENT_3D('',#5346,#4260,#4261);
#3585=AXIS2_PLACEMENT_3D('',#5348,#4263,#4264);
#3586=AXIS2_PLACEMENT_3D('',#5350,#4266,#4267);
#3587=AXIS2_PLACEMENT_3D('',#5351,#4268,#4269);
#3588=AXIS2_PLACEMENT_3D('',#5354,#4272,#4273);
#3589=AXIS2_PLACEMENT_3D('',#5356,#4275,#4276);
#3590=AXIS2_PLACEMENT_3D('',#5358,#4278,#4279);
#3591=AXIS2_PLACEMENT_3D('',#5359,#4280,#4281);
#3592=AXIS2_PLACEMENT_3D('',#5362,#4284,#4285);
#3593=AXIS2_PLACEMENT_3D('',#5364,#4287,#4288);
#3594=AXIS2_PLACEMENT_3D('',#5366,#4290,#4291);
#3595=AXIS2_PLACEMENT_3D('',#5367,#4292,#4293);
#3596=AXIS2_PLACEMENT_3D('',#5370,#4296,#4297);
#3597=AXIS2_PLACEMENT_3D('',#5372,#4299,#4300);
#3598=AXIS2_PLACEMENT_3D('',#5374,#4302,#4303);
#3599=AXIS2_PLACEMENT_3D('',#5375,#4304,#4305);
#3600=AXIS2_PLACEMENT_3D('',#5378,#4308,#4309);
#3601=AXIS2_PLACEMENT_3D('',#5380,#4311,#4312);
#3602=AXIS2_PLACEMENT_3D('',#5382,#4314,#4315);
#3603=AXIS2_PLACEMENT_3D('',#5383,#4316,#4317);
#3604=AXIS2_PLACEMENT_3D('',#5386,#4320,#4321);
#3605=AXIS2_PLACEMENT_3D('',#5388,#4323,#4324);
#3606=AXIS2_PLACEMENT_3D('',#5390,#4326,#4327);
#3607=AXIS2_PLACEMENT_3D('',#5391,#4328,#4329);
#3608=AXIS2_PLACEMENT_3D('',#5394,#4332,#4333);
#3609=AXIS2_PLACEMENT_3D('',#5396,#4335,#4336);
#3610=AXIS2_PLACEMENT_3D('',#5398,#4338,#4339);
#3611=AXIS2_PLACEMENT_3D('',#5399,#4340,#4341);
#3612=AXIS2_PLACEMENT_3D('',#5402,#4344,#4345);
#3613=AXIS2_PLACEMENT_3D('',#5404,#4347,#4348);
#3614=AXIS2_PLACEMENT_3D('',#5406,#4350,#4351);
#3615=AXIS2_PLACEMENT_3D('',#5407,#4352,#4353);
#3616=AXIS2_PLACEMENT_3D('',#5410,#4356,#4357);
#3617=AXIS2_PLACEMENT_3D('',#5412,#4359,#4360);
#3618=AXIS2_PLACEMENT_3D('',#5414,#4362,#4363);
#3619=AXIS2_PLACEMENT_3D('',#5416,#4365,#4366);
#3620=AXIS2_PLACEMENT_3D('',#5418,#4368,#4369);
#3621=AXIS2_PLACEMENT_3D('',#5420,#4371,#4372);
#3622=AXIS2_PLACEMENT_3D('',#5422,#4374,#4375);
#3623=AXIS2_PLACEMENT_3D('',#5423,#4376,#4377);
#3624=AXIS2_PLACEMENT_3D('',#5426,#4380,#4381);
#3625=AXIS2_PLACEMENT_3D('',#5428,#4383,#4384);
#3626=AXIS2_PLACEMENT_3D('',#5430,#4386,#4387);
#3627=AXIS2_PLACEMENT_3D('',#5431,#4388,#4389);
#3628=AXIS2_PLACEMENT_3D('',#5434,#4392,#4393);
#3629=AXIS2_PLACEMENT_3D('',#5436,#4395,#4396);
#3630=AXIS2_PLACEMENT_3D('',#5438,#4398,#4399);
#3631=AXIS2_PLACEMENT_3D('',#5439,#4400,#4401);
#3632=AXIS2_PLACEMENT_3D('',#5442,#4404,#4405);
#3633=AXIS2_PLACEMENT_3D('',#5444,#4407,#4408);
#3634=AXIS2_PLACEMENT_3D('',#5446,#4410,#4411);
#3635=AXIS2_PLACEMENT_3D('',#5447,#4412,#4413);
#3636=AXIS2_PLACEMENT_3D('',#5450,#4416,#4417);
#3637=AXIS2_PLACEMENT_3D('',#5452,#4419,#4420);
#3638=AXIS2_PLACEMENT_3D('',#5454,#4422,#4423);
#3639=AXIS2_PLACEMENT_3D('',#5455,#4424,#4425);
#3640=AXIS2_PLACEMENT_3D('',#5458,#4428,#4429);
#3641=AXIS2_PLACEMENT_3D('',#5460,#4431,#4432);
#3642=AXIS2_PLACEMENT_3D('',#5462,#4434,#4435);
#3643=AXIS2_PLACEMENT_3D('',#5463,#4436,#4437);
#3644=AXIS2_PLACEMENT_3D('',#5466,#4440,#4441);
#3645=AXIS2_PLACEMENT_3D('',#5468,#4443,#4444);
#3646=AXIS2_PLACEMENT_3D('',#5470,#4446,#4447);
#3647=AXIS2_PLACEMENT_3D('',#5471,#4448,#4449);
#3648=AXIS2_PLACEMENT_3D('',#5474,#4452,#4453);
#3649=AXIS2_PLACEMENT_3D('',#5476,#4455,#4456);
#3650=AXIS2_PLACEMENT_3D('',#5478,#4458,#4459);
#3651=AXIS2_PLACEMENT_3D('',#5479,#4460,#4461);
#3652=AXIS2_PLACEMENT_3D('',#5482,#4464,#4465);
#3653=AXIS2_PLACEMENT_3D('',#5484,#4467,#4468);
#3654=AXIS2_PLACEMENT_3D('',#5486,#4470,#4471);
#3655=AXIS2_PLACEMENT_3D('',#5487,#4472,#4473);
#3656=AXIS2_PLACEMENT_3D('',#5490,#4476,#4477);
#3657=AXIS2_PLACEMENT_3D('',#5492,#4479,#4480);
#3658=AXIS2_PLACEMENT_3D('',#5494,#4482,#4483);
#3659=AXIS2_PLACEMENT_3D('',#5496,#4485,#4486);
#3660=AXIS2_PLACEMENT_3D('',#5498,#4488,#4489);
#3661=AXIS2_PLACEMENT_3D('',#5500,#4491,#4492);
#3662=AXIS2_PLACEMENT_3D('',#5502,#4494,#4495);
#3663=AXIS2_PLACEMENT_3D('',#5503,#4496,#4497);
#3664=AXIS2_PLACEMENT_3D('',#5506,#4500,#4501);
#3665=AXIS2_PLACEMENT_3D('',#5508,#4503,#4504);
#3666=AXIS2_PLACEMENT_3D('',#5510,#4506,#4507);
#3667=AXIS2_PLACEMENT_3D('',#5511,#4508,#4509);
#3668=AXIS2_PLACEMENT_3D('',#5514,#4512,#4513);
#3669=AXIS2_PLACEMENT_3D('',#5516,#4515,#4516);
#3670=AXIS2_PLACEMENT_3D('',#5518,#4518,#4519);
#3671=AXIS2_PLACEMENT_3D('',#5519,#4520,#4521);
#3672=AXIS2_PLACEMENT_3D('',#5522,#4524,#4525);
#3673=AXIS2_PLACEMENT_3D('',#5524,#4527,#4528);
#3674=AXIS2_PLACEMENT_3D('',#5526,#4530,#4531);
#3675=AXIS2_PLACEMENT_3D('',#5527,#4532,#4533);
#3676=AXIS2_PLACEMENT_3D('',#5530,#4536,#4537);
#3677=AXIS2_PLACEMENT_3D('',#5532,#4539,#4540);
#3678=AXIS2_PLACEMENT_3D('',#5534,#4542,#4543);
#3679=AXIS2_PLACEMENT_3D('',#5535,#4544,#4545);
#3680=AXIS2_PLACEMENT_3D('',#5538,#4548,#4549);
#3681=AXIS2_PLACEMENT_3D('',#5540,#4551,#4552);
#3682=AXIS2_PLACEMENT_3D('',#5542,#4554,#4555);
#3683=AXIS2_PLACEMENT_3D('',#5543,#4556,#4557);
#3684=AXIS2_PLACEMENT_3D('',#5546,#4560,#4561);
#3685=AXIS2_PLACEMENT_3D('',#5548,#4563,#4564);
#3686=AXIS2_PLACEMENT_3D('',#5550,#4566,#4567);
#3687=AXIS2_PLACEMENT_3D('',#5551,#4568,#4569);
#3688=AXIS2_PLACEMENT_3D('',#5554,#4572,#4573);
#3689=AXIS2_PLACEMENT_3D('',#5556,#4575,#4576);
#3690=AXIS2_PLACEMENT_3D('',#5558,#4578,#4579);
#3691=AXIS2_PLACEMENT_3D('',#5559,#4580,#4581);
#3692=AXIS2_PLACEMENT_3D('',#5562,#4584,#4585);
#3693=AXIS2_PLACEMENT_3D('',#5564,#4587,#4588);
#3694=AXIS2_PLACEMENT_3D('',#5566,#4590,#4591);
#3695=AXIS2_PLACEMENT_3D('',#5567,#4592,#4593);
#3696=AXIS2_PLACEMENT_3D('',#5570,#4596,#4597);
#3697=AXIS2_PLACEMENT_3D('',#5572,#4599,#4600);
#3698=AXIS2_PLACEMENT_3D('',#5574,#4602,#4603);
#3699=AXIS2_PLACEMENT_3D('',#5575,#4604,#4605);
#3700=AXIS2_PLACEMENT_3D('',#5578,#4608,#4609);
#3701=AXIS2_PLACEMENT_3D('',#5580,#4611,#4612);
#3702=AXIS2_PLACEMENT_3D('',#5582,#4614,#4615);
#3703=AXIS2_PLACEMENT_3D('',#5583,#4616,#4617);
#3704=AXIS2_PLACEMENT_3D('',#5585,#4619,#4620);
#3705=AXIS2_PLACEMENT_3D('',#5587,#4622,#4623);
#3706=AXIS2_PLACEMENT_3D('',#5589,#4625,#4626);
#3707=AXIS2_PLACEMENT_3D('',#5591,#4628,#4629);
#3708=AXIS2_PLACEMENT_3D('',#5592,#4630,#4631);
#3709=AXIS2_PLACEMENT_3D('',#5593,#4632,#4633);
#3710=AXIS2_PLACEMENT_3D('',#5595,#4635,#4636);
#3711=AXIS2_PLACEMENT_3D('',#5596,#4637,#4638);
#3712=AXIS2_PLACEMENT_3D('',#5597,#4639,#4640);
#3713=AXIS2_PLACEMENT_3D('',#5598,#4641,#4642);
#3714=AXIS2_PLACEMENT_3D('',#5599,#4643,#4644);
#3715=DIRECTION('axis',(0.,0.,1.));
#3716=DIRECTION('refdir',(1.,0.,0.));
#3717=DIRECTION('center_axis',(0.,-0.976302657784323,0.216409612548214));
#3718=DIRECTION('ref_axis',(1.,0.,0.));
#3719=DIRECTION('center_axis',(0.,-0.976302657784323,0.216409612548214));
#3720=DIRECTION('ref_axis',(1.,0.,0.));
#3721=DIRECTION('',(0.,-0.976302657784323,0.216409612548214));
#3722=DIRECTION('center_axis',(0.,0.976302657784323,-0.216409612548214));
#3723=DIRECTION('ref_axis',(1.,0.,0.));
#3724=DIRECTION('center_axis',(0.,-0.976302657784323,0.216409612548214));
#3725=DIRECTION('ref_axis',(1.,0.,0.));
#3726=DIRECTION('center_axis',(0.,-0.976302657784323,0.216409612548214));
#3727=DIRECTION('ref_axis',(1.,0.,0.));
#3728=DIRECTION('',(0.,-0.976302657784323,0.216409612548214));
#3729=DIRECTION('center_axis',(0.,0.976302657784323,-0.216409612548214));
#3730=DIRECTION('ref_axis',(1.,0.,0.));
#3731=DIRECTION('center_axis',(0.,-0.976302657784323,0.216409612548214));
#3732=DIRECTION('ref_axis',(1.,0.,0.));
#3733=DIRECTION('center_axis',(0.,-0.976302657784323,0.216409612548214));
#3734=DIRECTION('ref_axis',(1.,0.,0.));
#3735=DIRECTION('',(0.,-0.976302657784323,0.216409612548214));
#3736=DIRECTION('center_axis',(0.,0.976302657784323,-0.216409612548214));
#3737=DIRECTION('ref_axis',(1.,0.,0.));
#3738=DIRECTION('center_axis',(0.,-0.976302657784323,0.216409612548214));
#3739=DIRECTION('ref_axis',(1.,0.,0.));
#3740=DIRECTION('center_axis',(0.,-0.976302657784323,0.216409612548214));
#3741=DIRECTION('ref_axis',(1.,0.,0.));
#3742=DIRECTION('',(0.,-0.976302657784323,0.216409612548214));
#3743=DIRECTION('center_axis',(0.,0.976302657784323,-0.216409612548214));
#3744=DIRECTION('ref_axis',(1.,0.,0.));
#3745=DIRECTION('center_axis',(0.,-0.976302657784323,0.216409612548214));
#3746=DIRECTION('ref_axis',(1.,0.,0.));
#3747=DIRECTION('center_axis',(0.,-0.976302657784323,0.216409612548214));
#3748=DIRECTION('ref_axis',(1.,0.,0.));
#3749=DIRECTION('',(0.,-0.976302657784323,0.216409612548214));
#3750=DIRECTION('center_axis',(0.,0.976302657784323,-0.216409612548214));
#3751=DIRECTION('ref_axis',(1.,0.,0.));
#3752=DIRECTION('center_axis',(0.,-0.976302657784323,0.216409612548214));
#3753=DIRECTION('ref_axis',(1.,0.,0.));
#3754=DIRECTION('center_axis',(0.,-0.976302657784323,0.216409612548214));
#3755=DIRECTION('ref_axis',(1.,0.,0.));
#3756=DIRECTION('',(0.,-0.976302657784323,0.216409612548214));
#3757=DIRECTION('center_axis',(0.,0.976302657784323,-0.216409612548214));
#3758=DIRECTION('ref_axis',(1.,0.,0.));
#3759=DIRECTION('center_axis',(0.,-0.976302657784323,0.216409612548214));
#3760=DIRECTION('ref_axis',(1.,0.,0.));
#3761=DIRECTION('center_axis',(0.,-0.976302657784323,0.216409612548214));
#3762=DIRECTION('ref_axis',(1.,0.,0.));
#3763=DIRECTION('',(0.,-0.976302657784323,0.216409612548214));
#3764=DIRECTION('center_axis',(0.,0.976302657784323,-0.216409612548214));
#3765=DIRECTION('ref_axis',(1.,0.,0.));
#3766=DIRECTION('center_axis',(0.,-0.976302657784323,0.216409612548214));
#3767=DIRECTION('ref_axis',(1.,0.,0.));
#3768=DIRECTION('center_axis',(0.,-0.976302657784323,0.216409612548214));
#3769=DIRECTION('ref_axis',(1.,0.,0.));
#3770=DIRECTION('',(0.,-0.976302657784323,0.216409612548214));
#3771=DIRECTION('center_axis',(0.,0.976302657784323,-0.216409612548214));
#3772=DIRECTION('ref_axis',(1.,0.,0.));
#3773=DIRECTION('center_axis',(0.,-0.976302657784323,0.216409612548214));
#3774=DIRECTION('ref_axis',(1.,0.,0.));
#3775=DIRECTION('center_axis',(0.,-0.976302657784323,0.216409612548214));
#3776=DIRECTION('ref_axis',(1.,0.,0.));
#3777=DIRECTION('',(0.,-0.976302657784323,0.216409612548214));
#3778=DIRECTION('center_axis',(0.,0.976302657784323,-0.216409612548214));
#3779=DIRECTION('ref_axis',(1.,0.,0.));
#3780=DIRECTION('center_axis',(1.,0.,0.));
#3781=DIRECTION('ref_axis',(0.,-0.799242228529221,0.6010090349867));
#3782=DIRECTION('',(0.,-0.6010090349867,-0.799242228529221));
#3783=DIRECTION('',(0.,-0.799242228529221,0.6010090349867));
#3784=DIRECTION('',(0.,-0.6010090349867,-0.799242228529221));
#3785=DIRECTION('',(0.,0.799242228529221,-0.6010090349867));
#3786=DIRECTION('center_axis',(-1.,0.,0.));
#3787=DIRECTION('ref_axis',(0.,0.,1.));
#3788=DIRECTION('',(1.,0.,0.));
#3789=DIRECTION('center_axis',(1.,0.,0.));
#3790=DIRECTION('ref_axis',(0.,0.6010090349867,0.799242228529221));
#3791=DIRECTION('',(1.,0.,0.));
#3792=DIRECTION('center_axis',(-1.,0.,0.));
#3793=DIRECTION('ref_axis',(0.,1.82710735430192E-8,1.));
#3794=DIRECTION('center_axis',(-1.,0.,0.));
#3795=DIRECTION('ref_axis',(0.,0.,1.));
#3796=DIRECTION('',(0.,0.6010090349867,0.799242228529221));
#3797=DIRECTION('center_axis',(-1.,0.,0.));
#3798=DIRECTION('ref_axis',(0.,1.82710735430192E-8,1.));
#3799=DIRECTION('',(0.,0.,-1.));
#3800=DIRECTION('center_axis',(0.,0.6010090349867,0.799242228529221));
#3801=DIRECTION('ref_axis',(1.,0.,0.));
#3802=DIRECTION('',(-1.,0.,0.));
#3803=DIRECTION('',(0.,0.799242228529221,-0.6010090349867));
#3804=DIRECTION('',(1.,0.,0.));
#3805=DIRECTION('center_axis',(0.,0.6010090349867,0.799242228529221));
#3806=DIRECTION('ref_axis',(-1.,0.,0.));
#3807=DIRECTION('',(0.,0.799242228529221,-0.6010090349867));
#3808=DIRECTION('center_axis',(0.,0.6010090349867,0.799242228529221));
#3809=DIRECTION('ref_axis',(1.,0.,0.));
#3810=DIRECTION('',(-8.88178419700128E-15,-0.799242228529221,0.6010090349867));
#3811=DIRECTION('center_axis',(0.,0.6010090349867,0.799242228529221));
#3812=DIRECTION('ref_axis',(-1.,0.,0.));
#3813=DIRECTION('',(0.,0.799242228529221,-0.6010090349867));
#3814=DIRECTION('center_axis',(0.,0.6010090349867,0.799242228529221));
#3815=DIRECTION('ref_axis',(1.,0.,0.));
#3816=DIRECTION('',(0.,-0.799242228529221,0.6010090349867));
#3817=DIRECTION('center_axis',(0.,0.6010090349867,0.799242228529221));
#3818=DIRECTION('ref_axis',(-1.,0.,0.));
#3819=DIRECTION('',(-1.77635683940026E-14,0.799242228529221,-0.6010090349867));
#3820=DIRECTION('center_axis',(0.,0.6010090349867,0.799242228529221));
#3821=DIRECTION('ref_axis',(1.,0.,0.));
#3822=DIRECTION('',(0.,-0.799242228529221,0.6010090349867));
#3823=DIRECTION('center_axis',(0.,0.6010090349867,0.799242228529221));
#3824=DIRECTION('ref_axis',(-1.,0.,0.));
#3825=DIRECTION('',(-1.77635683940022E-14,0.799242228529221,-0.6010090349867));
#3826=DIRECTION('center_axis',(0.,0.6010090349867,0.799242228529221));
#3827=DIRECTION('ref_axis',(1.,0.,0.));
#3828=DIRECTION('',(0.,-0.799242228529221,0.6010090349867));
#3829=DIRECTION('center_axis',(0.,0.6010090349867,0.799242228529221));
#3830=DIRECTION('ref_axis',(-1.,0.,0.));
#3831=DIRECTION('',(-4.44089209850064E-15,0.799242228529221,-0.6010090349867));
#3832=DIRECTION('center_axis',(0.,0.6010090349867,0.799242228529221));
#3833=DIRECTION('ref_axis',(1.,0.,0.));
#3834=DIRECTION('',(0.,-0.799242228529221,0.6010090349867));
#3835=DIRECTION('center_axis',(0.,0.6010090349867,0.799242228529221));
#3836=DIRECTION('ref_axis',(-1.,0.,0.));
#3837=DIRECTION('',(-1.77635683940026E-14,0.799242228529221,-0.6010090349867));
#3838=DIRECTION('center_axis',(0.,0.6010090349867,0.799242228529221));
#3839=DIRECTION('ref_axis',(1.,0.,0.));
#3840=DIRECTION('',(0.,-0.799242228529221,0.6010090349867));
#3841=DIRECTION('center_axis',(0.,0.6010090349867,0.799242228529221));
#3842=DIRECTION('ref_axis',(-1.,0.,0.));
#3843=DIRECTION('',(-5.5511151231258E-15,0.799242228529221,-0.6010090349867));
#3844=DIRECTION('center_axis',(0.,0.6010090349867,0.799242228529221));
#3845=DIRECTION('ref_axis',(1.,0.,0.));
#3846=DIRECTION('',(-3.88578058618806E-15,-0.799242228529221,0.6010090349867));
#3847=DIRECTION('center_axis',(0.,0.6010090349867,0.799242228529221));
#3848=DIRECTION('ref_axis',(-1.,0.,0.));
#3849=DIRECTION('',(0.,0.799242228529221,-0.6010090349867));
#3850=DIRECTION('center_axis',(0.,0.6010090349867,0.799242228529221));
#3851=DIRECTION('ref_axis',(1.,0.,0.));
#3852=DIRECTION('',(-1.77635683940026E-14,-0.799242228529221,0.6010090349867));
#3853=DIRECTION('center_axis',(0.,0.6010090349867,0.799242228529221));
#3854=DIRECTION('ref_axis',(-1.,0.,0.));
#3855=DIRECTION('',(-3.55271367880051E-14,0.799242228529221,-0.6010090349867));
#3856=DIRECTION('center_axis',(0.,0.6010090349867,0.799242228529221));
#3857=DIRECTION('ref_axis',(1.,0.,0.));
#3858=DIRECTION('',(0.,-0.799242228529221,0.6010090349867));
#3859=DIRECTION('center_axis',(0.,0.,1.));
#3860=DIRECTION('ref_axis',(1.,0.,0.));
#3861=DIRECTION('',(-0.0499376169438922,-0.998752338877845,0.));
#3862=DIRECTION('',(0.,-1.,0.));
#3863=DIRECTION('',(-1.,0.,0.));
#3864=DIRECTION('',(0.,1.,0.));
#3865=DIRECTION('',(-0.0499376169438929,0.998752338877845,0.));
#3866=DIRECTION('center_axis',(0.,0.,-1.));
#3867=DIRECTION('ref_axis',(1.,0.,0.));
#3868=DIRECTION('',(0.,1.,0.));
#3869=DIRECTION('',(1.,0.,0.));
#3870=DIRECTION('',(0.,-1.,0.));
#3871=DIRECTION('',(-1.,0.,0.));
#3872=DIRECTION('center_axis',(0.,0.,-1.));
#3873=DIRECTION('ref_axis',(-1.,5.55111512312581E-15,0.));
#3874=DIRECTION('',(1.,6.57909940518611E-16,0.));
#3875=DIRECTION('center_axis',(0.,0.,-1.));
#3876=DIRECTION('ref_axis',(1.11022302462516E-14,-1.,0.));
#3877=DIRECTION('',(-1.,-3.28954970259305E-16,0.));
#3878=DIRECTION('center_axis',(0.,0.,-1.));
#3879=DIRECTION('ref_axis',(-1.,-2.22044604925036E-14,0.));
#3880=DIRECTION('',(1.,-9.86864910777916E-16,0.));
#3881=DIRECTION('center_axis',(0.,0.,-1.));
#3882=DIRECTION('ref_axis',(0.,-1.,0.));
#3883=DIRECTION('',(-1.,9.86864910777919E-16,0.));
#3884=DIRECTION('',(0.,1.,0.));
#3885=DIRECTION('',(1.,0.,0.));
#3886=DIRECTION('',(0.,-1.,0.));
#3887=DIRECTION('',(-1.,0.,0.));
#3888=DIRECTION('',(0.,1.,0.));
#3889=DIRECTION('',(1.,0.,0.));
#3890=DIRECTION('',(0.,-1.,0.));
#3891=DIRECTION('',(-1.,0.,0.));
#3892=DIRECTION('center_axis',(0.,0.,-1.));
#3893=DIRECTION('ref_axis',(-1.,-2.22044604925026E-14,0.));
#3894=DIRECTION('',(1.,9.86864910777916E-16,0.));
#3895=DIRECTION('center_axis',(0.,0.,-1.));
#3896=DIRECTION('ref_axis',(-4.44089209850055E-14,-1.,0.));
#3897=DIRECTION('',(-1.,-9.86864910777921E-16,0.));
#3898=DIRECTION('center_axis',(0.,0.,-1.));
#3899=DIRECTION('ref_axis',(-1.,-2.22044604925036E-14,0.));
#3900=DIRECTION('',(1.,-3.28954970259306E-16,0.));
#3901=DIRECTION('center_axis',(0.,0.,-1.));
#3902=DIRECTION('ref_axis',(0.,-1.,0.));
#3903=DIRECTION('',(-1.,9.8686491077792E-16,0.));
#3904=DIRECTION('center_axis',(0.,0.,-1.));
#3905=DIRECTION('ref_axis',(-1.,0.,0.));
#3906=DIRECTION('',(0.,1.,0.));
#3907=DIRECTION('center_axis',(0.,0.,-1.));
#3908=DIRECTION('ref_axis',(0.,1.,0.));
#3909=DIRECTION('',(1.,-4.23194005813043E-16,0.));
#3910=DIRECTION('center_axis',(0.,0.,-1.));
#3911=DIRECTION('ref_axis',(1.,0.,0.));
#3912=DIRECTION('',(0.,-1.,0.));
#3913=DIRECTION('center_axis',(0.,0.,-1.));
#3914=DIRECTION('ref_axis',(0.,-1.,0.));
#3915=DIRECTION('',(-1.,1.05798501453261E-16,0.));
#3916=DIRECTION('',(0.,1.,0.));
#3917=DIRECTION('',(1.,0.,0.));
#3918=DIRECTION('',(0.,-1.,0.));
#3919=DIRECTION('',(-1.,0.,0.));
#3920=DIRECTION('',(0.,1.,0.));
#3921=DIRECTION('',(1.,0.,0.));
#3922=DIRECTION('',(0.,-1.,0.));
#3923=DIRECTION('',(-1.,0.,0.));
#3924=DIRECTION('',(0.,1.,0.));
#3925=DIRECTION('',(1.,0.,0.));
#3926=DIRECTION('',(0.,-1.,0.));
#3927=DIRECTION('',(-1.,0.,0.));
#3928=DIRECTION('center_axis',(0.,0.,-1.));
#3929=DIRECTION('ref_axis',(-1.,2.22044604925026E-14,0.));
#3930=DIRECTION('',(1.,-3.28954970259306E-16,0.));
#3931=DIRECTION('center_axis',(0.,0.,-1.));
#3932=DIRECTION('ref_axis',(0.,-1.,0.));
#3933=DIRECTION('',(-1.,-9.86864910777916E-16,0.));
#3934=DIRECTION('center_axis',(0.,0.,-1.));
#3935=DIRECTION('ref_axis',(-1.,0.,0.));
#3936=DIRECTION('',(1.,1.31581988103722E-15,0.));
#3937=DIRECTION('center_axis',(0.,0.,-1.));
#3938=DIRECTION('ref_axis',(-1.11022302462517E-14,-1.,0.));
#3939=DIRECTION('',(-1.,1.31581988103722E-15,0.));
#3940=DIRECTION('center_axis',(0.,0.,-1.));
#3941=DIRECTION('ref_axis',(-1.,0.,0.));
#3942=DIRECTION('',(2.23441111874245E-16,1.,0.));
#3943=DIRECTION('center_axis',(0.,0.,-1.));
#3944=DIRECTION('ref_axis',(5.92118946466756E-15,1.,0.));
#3945=DIRECTION('',(1.,0.,0.));
#3946=DIRECTION('center_axis',(0.,0.,-1.));
#3947=DIRECTION('ref_axis',(1.,0.,0.));
#3948=DIRECTION('',(0.,-1.,0.));
#3949=DIRECTION('center_axis',(0.,0.,-1.));
#3950=DIRECTION('ref_axis',(0.,-1.,0.));
#3951=DIRECTION('',(-1.,0.,0.));
#3952=DIRECTION('',(0.,1.,0.));
#3953=DIRECTION('',(1.,0.,0.));
#3954=DIRECTION('',(0.,-1.,0.));
#3955=DIRECTION('',(-1.,0.,0.));
#3956=DIRECTION('',(0.,1.,0.));
#3957=DIRECTION('',(1.,0.,0.));
#3958=DIRECTION('',(0.,-1.,0.));
#3959=DIRECTION('',(-1.,0.,0.));
#3960=DIRECTION('center_axis',(0.,0.,-1.));
#3961=DIRECTION('ref_axis',(-1.,0.,0.));
#3962=DIRECTION('',(1.,6.57909940518611E-16,0.));
#3963=DIRECTION('center_axis',(0.,0.,-1.));
#3964=DIRECTION('ref_axis',(0.,-1.,0.));
#3965=DIRECTION('',(-1.,-6.57909940518611E-16,0.));
#3966=DIRECTION('center_axis',(0.,0.,-1.));
#3967=DIRECTION('ref_axis',(-1.,2.22044604925036E-14,0.));
#3968=DIRECTION('',(1.,0.,0.));
#3969=DIRECTION('center_axis',(0.,0.,-1.));
#3970=DIRECTION('ref_axis',(-2.22044604925034E-14,-1.,0.));
#3971=DIRECTION('',(-1.,6.57909940518611E-16,0.));
#3972=DIRECTION('center_axis',(0.,0.,-1.));
#3973=DIRECTION('ref_axis',(-1.,-5.55111512312578E-15,0.));
#3974=DIRECTION('',(1.,3.28954970259306E-16,0.));
#3975=DIRECTION('center_axis',(0.,0.,-1.));
#3976=DIRECTION('ref_axis',(0.,-1.,0.));
#3977=DIRECTION('',(-1.,-3.28954970259306E-16,0.));
#3978=DIRECTION('',(0.,1.,0.));
#3979=DIRECTION('',(1.,0.,0.));
#3980=DIRECTION('',(0.,-1.,0.));
#3981=DIRECTION('',(-1.,0.,0.));
#3982=DIRECTION('center_axis',(0.,0.,-1.));
#3983=DIRECTION('ref_axis',(-1.,0.,0.));
#3984=DIRECTION('',(1.,-9.86864910777919E-16,0.));
#3985=DIRECTION('center_axis',(0.,0.,-1.));
#3986=DIRECTION('ref_axis',(2.2204460492503E-14,-1.,0.));
#3987=DIRECTION('',(-1.,9.86864910777916E-16,0.));
#3988=DIRECTION('',(0.,1.,0.));
#3989=DIRECTION('',(1.,0.,0.));
#3990=DIRECTION('',(0.,-1.,0.));
#3991=DIRECTION('',(-1.,0.,0.));
#3992=DIRECTION('center_axis',(0.,0.,1.));
#3993=DIRECTION('ref_axis',(1.,0.,0.));
#3994=DIRECTION('',(-1.,0.,0.));
#3995=DIRECTION('',(0.0499376169438929,-0.998752338877845,0.));
#3996=DIRECTION('',(0.,-1.,0.));
#3997=DIRECTION('',(1.,0.,0.));
#3998=DIRECTION('',(0.,1.,0.));
#3999=DIRECTION('',(0.0499376169438922,0.998752338877845,0.));
#4000=DIRECTION('',(0.,-1.,0.));
#4001=DIRECTION('',(1.,0.,0.));
#4002=DIRECTION('',(0.,1.,0.));
#4003=DIRECTION('',(-1.,0.,0.));
#4004=DIRECTION('center_axis',(0.,0.,1.));
#4005=DIRECTION('ref_axis',(-1.,0.,0.));
#4006=DIRECTION('',(1.,-9.86864910777916E-16,0.));
#4007=DIRECTION('center_axis',(0.,0.,1.));
#4008=DIRECTION('ref_axis',(2.2204460492503E-14,-1.,0.));
#4009=DIRECTION('',(-1.,9.86864910777919E-16,0.));
#4010=DIRECTION('',(0.,-1.,0.));
#4011=DIRECTION('',(1.,0.,0.));
#4012=DIRECTION('',(0.,1.,0.));
#4013=DIRECTION('',(-1.,0.,0.));
#4014=DIRECTION('center_axis',(0.,0.,1.));
#4015=DIRECTION('ref_axis',(-1.,-5.55111512312578E-15,0.));
#4016=DIRECTION('',(1.,3.28954970259306E-16,0.));
#4017=DIRECTION('center_axis',(0.,0.,1.));
#4018=DIRECTION('ref_axis',(0.,-1.,0.));
#4019=DIRECTION('',(-1.,-3.28954970259306E-16,0.));
#4020=DIRECTION('center_axis',(0.,0.,1.));
#4021=DIRECTION('ref_axis',(-1.,2.22044604925036E-14,0.));
#4022=DIRECTION('',(1.,-6.57909940518611E-16,0.));
#4023=DIRECTION('center_axis',(0.,0.,1.));
#4024=DIRECTION('ref_axis',(-2.22044604925034E-14,-1.,0.));
#4025=DIRECTION('',(-1.,0.,0.));
#4026=DIRECTION('center_axis',(0.,0.,1.));
#4027=DIRECTION('ref_axis',(-1.,0.,0.));
#4028=DIRECTION('',(1.,6.57909940518611E-16,0.));
#4029=DIRECTION('center_axis',(0.,0.,1.));
#4030=DIRECTION('ref_axis',(0.,-1.,0.));
#4031=DIRECTION('',(-1.,-6.57909940518611E-16,0.));
#4032=DIRECTION('',(0.,-1.,0.));
#4033=DIRECTION('',(1.,0.,0.));
#4034=DIRECTION('',(0.,1.,0.));
#4035=DIRECTION('',(-1.,0.,0.));
#4036=DIRECTION('',(0.,-1.,0.));
#4037=DIRECTION('',(1.,0.,0.));
#4038=DIRECTION('',(0.,1.,0.));
#4039=DIRECTION('',(-1.,0.,0.));
#4040=DIRECTION('center_axis',(0.,0.,1.));
#4041=DIRECTION('ref_axis',(-1.,0.,0.));
#4042=DIRECTION('',(1.,0.,0.));
#4043=DIRECTION('center_axis',(0.,0.,1.));
#4044=DIRECTION('ref_axis',(0.,-1.,0.));
#4045=DIRECTION('',(0.,1.,0.));
#4046=DIRECTION('center_axis',(0.,0.,1.));
#4047=DIRECTION('ref_axis',(1.,0.,0.));
#4048=DIRECTION('',(-1.,0.,0.));
#4049=DIRECTION('center_axis',(0.,0.,1.));
#4050=DIRECTION('ref_axis',(5.92118946466756E-15,1.,0.));
#4051=DIRECTION('',(-2.23441111874245E-16,-1.,0.));
#4052=DIRECTION('center_axis',(0.,0.,1.));
#4053=DIRECTION('ref_axis',(-1.,0.,0.));
#4054=DIRECTION('',(1.,-1.31581988103722E-15,0.));
#4055=DIRECTION('center_axis',(0.,0.,1.));
#4056=DIRECTION('ref_axis',(-1.11022302462517E-14,-1.,0.));
#4057=DIRECTION('',(-1.,-1.31581988103722E-15,0.));
#4058=DIRECTION('center_axis',(0.,0.,1.));
#4059=DIRECTION('ref_axis',(-1.,2.22044604925026E-14,0.));
#4060=DIRECTION('',(1.,9.86864910777916E-16,0.));
#4061=DIRECTION('center_axis',(0.,0.,1.));
#4062=DIRECTION('ref_axis',(0.,-1.,0.));
#4063=DIRECTION('',(-1.,3.28954970259306E-16,0.));
#4064=DIRECTION('',(0.,-1.,0.));
#4065=DIRECTION('',(1.,0.,0.));
#4066=DIRECTION('',(0.,1.,0.));
#4067=DIRECTION('',(-1.,0.,0.));
#4068=DIRECTION('',(0.,-1.,0.));
#4069=DIRECTION('',(1.,0.,0.));
#4070=DIRECTION('',(0.,1.,0.));
#4071=DIRECTION('',(-1.,0.,0.));
#4072=DIRECTION('',(0.,-1.,0.));
#4073=DIRECTION('',(1.,0.,0.));
#4074=DIRECTION('',(0.,1.,0.));
#4075=DIRECTION('',(-1.,0.,0.));
#4076=DIRECTION('center_axis',(0.,0.,1.));
#4077=DIRECTION('ref_axis',(-1.,0.,0.));
#4078=DIRECTION('',(1.,-1.05798501453261E-16,0.));
#4079=DIRECTION('center_axis',(0.,0.,1.));
#4080=DIRECTION('ref_axis',(0.,-1.,0.));
#4081=DIRECTION('',(0.,1.,0.));
#4082=DIRECTION('center_axis',(0.,0.,1.));
#4083=DIRECTION('ref_axis',(1.,0.,0.));
#4084=DIRECTION('',(-1.,4.23194005813043E-16,0.));
#4085=DIRECTION('center_axis',(0.,0.,1.));
#4086=DIRECTION('ref_axis',(0.,1.,0.));
#4087=DIRECTION('',(0.,-1.,0.));
#4088=DIRECTION('center_axis',(0.,0.,1.));
#4089=DIRECTION('ref_axis',(-1.,-2.22044604925036E-14,0.));
#4090=DIRECTION('',(1.,-9.8686491077792E-16,0.));
#4091=DIRECTION('center_axis',(0.,0.,1.));
#4092=DIRECTION('ref_axis',(0.,-1.,0.));
#4093=DIRECTION('',(-1.,3.28954970259306E-16,0.));
#4094=DIRECTION('center_axis',(0.,0.,1.));
#4095=DIRECTION('ref_axis',(-1.,-2.22044604925026E-14,0.));
#4096=DIRECTION('',(1.,9.86864910777921E-16,0.));
#4097=DIRECTION('center_axis',(0.,0.,1.));
#4098=DIRECTION('ref_axis',(-4.44089209850055E-14,-1.,0.));
#4099=DIRECTION('',(-1.,-9.86864910777916E-16,0.));
#4100=DIRECTION('',(0.,-1.,0.));
#4101=DIRECTION('',(1.,0.,0.));
#4102=DIRECTION('',(0.,1.,0.));
#4103=DIRECTION('',(-1.,0.,0.));
#4104=DIRECTION('',(0.,-1.,0.));
#4105=DIRECTION('',(1.,0.,0.));
#4106=DIRECTION('',(0.,1.,0.));
#4107=DIRECTION('',(-1.,0.,0.));
#4108=DIRECTION('center_axis',(0.,0.,1.));
#4109=DIRECTION('ref_axis',(-1.,-2.22044604925036E-14,0.));
#4110=DIRECTION('',(1.,-9.86864910777919E-16,0.));
#4111=DIRECTION('center_axis',(0.,0.,1.));
#4112=DIRECTION('ref_axis',(0.,-1.,0.));
#4113=DIRECTION('',(-1.,9.86864910777916E-16,0.));
#4114=DIRECTION('center_axis',(0.,0.,1.));
#4115=DIRECTION('ref_axis',(-1.,5.55111512312581E-15,0.));
#4116=DIRECTION('',(1.,3.28954970259305E-16,0.));
#4117=DIRECTION('center_axis',(0.,0.,1.));
#4118=DIRECTION('ref_axis',(1.11022302462516E-14,-1.,0.));
#4119=DIRECTION('',(-1.,-6.57909940518611E-16,0.));
#4120=DIRECTION('',(0.,-1.,0.));
#4121=DIRECTION('',(1.,0.,0.));
#4122=DIRECTION('',(0.,1.,0.));
#4123=DIRECTION('',(-1.,0.,0.));
#4124=DIRECTION('center_axis',(0.,0.,1.));
#4125=DIRECTION('ref_axis',(1.,0.,0.));
#4126=DIRECTION('center_axis',(1.,0.,0.));
#4127=DIRECTION('ref_axis',(0.,-0.216409612548214,-0.976302657784323));
#4128=DIRECTION('',(0.,-0.976302657784323,0.216409612548214));
#4129=DIRECTION('',(0.,0.216409612548214,0.976302657784323));
#4130=DIRECTION('',(0.,0.976302657784323,-0.216409612548214));
#4131=DIRECTION('',(0.,-0.216409612548214,-0.976302657784323));
#4132=DIRECTION('center_axis',(1.,0.,0.));
#4133=DIRECTION('ref_axis',(0.,0.,1.));
#4134=DIRECTION('',(1.,0.,0.));
#4135=DIRECTION('center_axis',(-1.,0.,0.));
#4136=DIRECTION('ref_axis',(0.,-0.976302657784323,0.216409612548212));
#4137=DIRECTION('center_axis',(1.,0.,0.));
#4138=DIRECTION('ref_axis',(0.,6.66133814775094E-15,1.));
#4139=DIRECTION('center_axis',(-1.,0.,0.));
#4140=DIRECTION('ref_axis',(0.,0.,1.));
#4141=DIRECTION('',(0.,0.976302657784323,-0.216409612548214));
#4142=DIRECTION('center_axis',(1.,0.,0.));
#4143=DIRECTION('ref_axis',(0.,7.21644966006352E-15,1.));
#4144=DIRECTION('',(0.,0.,-1.));
#4145=DIRECTION('center_axis',(0.,-0.976302657784323,0.216409612548214));
#4146=DIRECTION('ref_axis',(1.,0.,0.));
#4147=DIRECTION('',(-1.,0.,0.));
#4148=DIRECTION('',(0.,-0.216409612548214,-0.976302657784323));
#4149=DIRECTION('',(1.,0.,0.));
#4150=DIRECTION('center_axis',(0.,-0.976302657784323,0.216409612548214));
#4151=DIRECTION('ref_axis',(1.,0.,0.));
#4152=DIRECTION('',(-1.,0.,0.));
#4153=DIRECTION('',(0.,0.216409612548214,0.976302657784323));
#4154=DIRECTION('center_axis',(-1.,0.,0.));
#4155=DIRECTION('ref_axis',(0.,1.,0.));
#4156=DIRECTION('',(0.,0.,-1.));
#4157=DIRECTION('center_axis',(0.,0.6010090349867,0.799242228529221));
#4158=DIRECTION('ref_axis',(1.,0.,0.));
#4159=DIRECTION('',(-1.,0.,0.));
#4160=DIRECTION('',(0.,-0.799242228529221,0.6010090349867));
#4161=DIRECTION('center_axis',(0.,-0.6010090349867,-0.799242228529221));
#4162=DIRECTION('ref_axis',(-1.,0.,0.));
#4163=DIRECTION('',(8.88178419700128E-15,0.799242228529221,-0.6010090349867));
#4164=DIRECTION('center_axis',(0.,-0.6010090349867,-0.799242228529221));
#4165=DIRECTION('ref_axis',(1.,0.,0.));
#4166=DIRECTION('',(0.,-0.799242228529221,0.6010090349867));
#4167=DIRECTION('center_axis',(0.,-0.6010090349867,-0.799242228529221));
#4168=DIRECTION('ref_axis',(-1.,0.,0.));
#4169=DIRECTION('',(0.,0.799242228529221,-0.6010090349867));
#4170=DIRECTION('center_axis',(0.,-0.6010090349867,-0.799242228529221));
#4171=DIRECTION('ref_axis',(1.,0.,0.));
#4172=DIRECTION('',(0.,-0.799242228529221,0.6010090349867));
#4173=DIRECTION('center_axis',(0.,-0.6010090349867,-0.799242228529221));
#4174=DIRECTION('ref_axis',(-1.,0.,0.));
#4175=DIRECTION('',(0.,0.799242228529221,-0.6010090349867));
#4176=DIRECTION('center_axis',(0.,-0.6010090349867,-0.799242228529221));
#4177=DIRECTION('ref_axis',(1.,0.,0.));
#4178=DIRECTION('',(1.77635683940026E-14,-0.799242228529221,0.6010090349867));
#4179=DIRECTION('center_axis',(0.,-0.6010090349867,-0.799242228529221));
#4180=DIRECTION('ref_axis',(-1.,0.,0.));
#4181=DIRECTION('',(0.,0.799242228529221,-0.6010090349867));
#4182=DIRECTION('center_axis',(0.,-0.6010090349867,-0.799242228529221));
#4183=DIRECTION('ref_axis',(1.,0.,0.));
#4184=DIRECTION('',(1.77635683940022E-14,-0.799242228529221,0.6010090349867));
#4185=DIRECTION('center_axis',(0.,-0.6010090349867,-0.799242228529221));
#4186=DIRECTION('ref_axis',(-1.,0.,0.));
#4187=DIRECTION('',(0.,0.799242228529221,-0.6010090349867));
#4188=DIRECTION('center_axis',(0.,-0.6010090349867,-0.799242228529221));
#4189=DIRECTION('ref_axis',(1.,0.,0.));
#4190=DIRECTION('',(4.44089209850064E-15,-0.799242228529221,0.6010090349867));
#4191=DIRECTION('center_axis',(0.,-0.6010090349867,-0.799242228529221));
#4192=DIRECTION('ref_axis',(-1.,0.,0.));
#4193=DIRECTION('',(0.,0.799242228529221,-0.6010090349867));
#4194=DIRECTION('center_axis',(0.,-0.6010090349867,-0.799242228529221));
#4195=DIRECTION('ref_axis',(1.,0.,0.));
#4196=DIRECTION('',(1.77635683940026E-14,-0.799242228529221,0.6010090349867));
#4197=DIRECTION('center_axis',(0.,-0.6010090349867,-0.799242228529221));
#4198=DIRECTION('ref_axis',(-1.,0.,0.));
#4199=DIRECTION('',(3.88578058618806E-15,0.799242228529221,-0.6010090349867));
#4200=DIRECTION('center_axis',(0.,-0.6010090349867,-0.799242228529221));
#4201=DIRECTION('ref_axis',(1.,0.,0.));
#4202=DIRECTION('',(5.5511151231258E-15,-0.799242228529221,0.6010090349867));
#4203=DIRECTION('center_axis',(0.,-0.6010090349867,-0.799242228529221));
#4204=DIRECTION('ref_axis',(-1.,0.,0.));
#4205=DIRECTION('',(1.77635683940026E-14,0.799242228529221,-0.6010090349867));
#4206=DIRECTION('center_axis',(0.,-0.6010090349867,-0.799242228529221));
#4207=DIRECTION('ref_axis',(1.,0.,0.));
#4208=DIRECTION('',(0.,-0.799242228529221,0.6010090349867));
#4209=DIRECTION('center_axis',(0.,-0.6010090349867,-0.799242228529221));
#4210=DIRECTION('ref_axis',(-1.,0.,0.));
#4211=DIRECTION('',(0.,0.799242228529221,-0.6010090349867));
#4212=DIRECTION('center_axis',(0.,-0.6010090349867,-0.799242228529221));
#4213=DIRECTION('ref_axis',(1.,0.,0.));
#4214=DIRECTION('',(3.55271367880051E-14,-0.799242228529221,0.6010090349867));
#4215=DIRECTION('center_axis',(1.,0.,0.));
#4216=DIRECTION('ref_axis',(0.,0.,-1.));
#4217=DIRECTION('',(0.,0.,1.));
#4218=DIRECTION('center_axis',(-1.,0.,0.));
#4219=DIRECTION('ref_axis',(0.,-0.976302657784323,0.216409612548212));
#4220=DIRECTION('center_axis',(1.,-7.09869699492692E-15,5.33803254919987E-15));
#4221=DIRECTION('ref_axis',(-8.88178419700128E-15,-0.799242228529221,0.6010090349867));
#4222=DIRECTION('',(0.,-0.6010090349867,-0.799242228529221));
#4223=DIRECTION('',(0.,-0.6010090349867,-0.799242228529221));
#4224=DIRECTION('center_axis',(0.,-0.6010090349867,-0.799242228529221));
#4225=DIRECTION('ref_axis',(1.,0.,0.));
#4226=DIRECTION('',(0.,-0.6010090349867,-0.799242228529221));
#4227=DIRECTION('center_axis',(-1.,0.,0.));
#4228=DIRECTION('ref_axis',(0.,0.799242228529221,-0.6010090349867));
#4229=DIRECTION('',(0.,-0.6010090349867,-0.799242228529221));
#4230=DIRECTION('center_axis',(0.,-0.6010090349867,-0.799242228529221));
#4231=DIRECTION('ref_axis',(-1.,0.,0.));
#4232=DIRECTION('center_axis',(1.,0.,0.));
#4233=DIRECTION('ref_axis',(0.,-0.799242228529221,0.6010090349867));
#4234=DIRECTION('',(0.,-0.6010090349867,-0.799242228529221));
#4235=DIRECTION('',(0.,-0.6010090349867,-0.799242228529221));
#4236=DIRECTION('center_axis',(0.,-0.6010090349867,-0.799242228529221));
#4237=DIRECTION('ref_axis',(1.,0.,0.));
#4238=DIRECTION('',(0.,-0.6010090349867,-0.799242228529221));
#4239=DIRECTION('center_axis',(-1.,0.,0.));
#4240=DIRECTION('ref_axis',(0.,0.799242228529221,-0.6010090349867));
#4241=DIRECTION('',(0.,-0.6010090349867,-0.799242228529221));
#4242=DIRECTION('center_axis',(0.,-0.6010090349867,-0.799242228529221));
#4243=DIRECTION('ref_axis',(-1.,0.,0.));
#4244=DIRECTION('center_axis',(1.,0.,0.));
#4245=DIRECTION('ref_axis',(0.,-0.799242228529221,0.6010090349867));
#4246=DIRECTION('',(0.,-0.6010090349867,-0.799242228529221));
#4247=DIRECTION('',(0.,-0.6010090349867,-0.799242228529221));
#4248=DIRECTION('center_axis',(0.,-0.6010090349867,-0.799242228529221));
#4249=DIRECTION('ref_axis',(1.,0.,0.));
#4250=DIRECTION('',(0.,-0.6010090349867,-0.799242228529221));
#4251=DIRECTION('center_axis',(-1.,-1.41973939898538E-14,1.06760650983997E-14));
#4252=DIRECTION('ref_axis',(-1.77635683940026E-14,0.799242228529221,-0.6010090349867));
#4253=DIRECTION('',(0.,-0.6010090349867,-0.799242228529221));
#4254=DIRECTION('center_axis',(0.,-0.6010090349867,-0.799242228529221));
#4255=DIRECTION('ref_axis',(-1.,0.,0.));
#4256=DIRECTION('center_axis',(0.,-1.,0.));
#4257=DIRECTION('ref_axis',(-1.,0.,0.));
#4258=DIRECTION('',(0.,0.,-1.));
#4259=DIRECTION('',(0.,0.,-1.));
#4260=DIRECTION('center_axis',(-1.,0.,0.));
#4261=DIRECTION('ref_axis',(0.,1.,0.));
#4262=DIRECTION('',(0.,0.,-1.));
#4263=DIRECTION('center_axis',(0.,1.,0.));
#4264=DIRECTION('ref_axis',(1.,0.,0.));
#4265=DIRECTION('',(0.,0.,-1.));
#4266=DIRECTION('center_axis',(1.,0.,0.));
#4267=DIRECTION('ref_axis',(0.,-1.,0.));
#4268=DIRECTION('center_axis',(-9.86864910777919E-16,-1.,0.));
#4269=DIRECTION('ref_axis',(-1.,9.86864910777919E-16,0.));
#4270=DIRECTION('',(0.,0.,-1.));
#4271=DIRECTION('',(0.,0.,-1.));
#4272=DIRECTION('center_axis',(0.,0.,-1.));
#4273=DIRECTION('ref_axis',(2.2204460492503E-14,-1.,0.));
#4274=DIRECTION('',(0.,0.,-1.));
#4275=DIRECTION('center_axis',(9.86864910777916E-16,1.,0.));
#4276=DIRECTION('ref_axis',(1.,-9.86864910777916E-16,0.));
#4277=DIRECTION('',(0.,0.,-1.));
#4278=DIRECTION('center_axis',(0.,0.,-1.));
#4279=DIRECTION('ref_axis',(-1.,0.,0.));
#4280=DIRECTION('center_axis',(0.,-1.,0.));
#4281=DIRECTION('ref_axis',(-1.,0.,0.));
#4282=DIRECTION('',(0.,0.,-1.));
#4283=DIRECTION('',(0.,0.,-1.));
#4284=DIRECTION('center_axis',(-1.,0.,0.));
#4285=DIRECTION('ref_axis',(0.,1.,0.));
#4286=DIRECTION('',(0.,0.,-1.));
#4287=DIRECTION('center_axis',(0.,1.,0.));
#4288=DIRECTION('ref_axis',(1.,0.,0.));
#4289=DIRECTION('',(0.,0.,-1.));
#4290=DIRECTION('center_axis',(1.,0.,0.));
#4291=DIRECTION('ref_axis',(0.,-1.,0.));
#4292=DIRECTION('center_axis',(3.28954970259306E-16,-1.,0.));
#4293=DIRECTION('ref_axis',(-1.,-3.28954970259306E-16,0.));
#4294=DIRECTION('',(0.,0.,-1.));
#4295=DIRECTION('',(0.,0.,-1.));
#4296=DIRECTION('center_axis',(0.,0.,-1.));
#4297=DIRECTION('ref_axis',(0.,-1.,0.));
#4298=DIRECTION('',(0.,0.,-1.));
#4299=DIRECTION('center_axis',(-3.28954970259306E-16,1.,0.));
#4300=DIRECTION('ref_axis',(1.,3.28954970259306E-16,0.));
#4301=DIRECTION('',(0.,0.,-1.));
#4302=DIRECTION('center_axis',(0.,0.,-1.));
#4303=DIRECTION('ref_axis',(-1.,-5.55111512312578E-15,0.));
#4304=DIRECTION('center_axis',(0.,-1.,0.));
#4305=DIRECTION('ref_axis',(-1.,0.,0.));
#4306=DIRECTION('',(0.,0.,-1.));
#4307=DIRECTION('',(0.,0.,-1.));
#4308=DIRECTION('center_axis',(0.,0.,-1.));
#4309=DIRECTION('ref_axis',(-2.22044604925034E-14,-1.,0.));
#4310=DIRECTION('',(0.,0.,-1.));
#4311=DIRECTION('center_axis',(6.57909940518611E-16,1.,0.));
#4312=DIRECTION('ref_axis',(1.,-6.57909940518611E-16,0.));
#4313=DIRECTION('',(0.,0.,-1.));
#4314=DIRECTION('center_axis',(0.,0.,-1.));
#4315=DIRECTION('ref_axis',(-1.,2.22044604925036E-14,0.));
#4316=DIRECTION('center_axis',(6.57909940518611E-16,-1.,0.));
#4317=DIRECTION('ref_axis',(-1.,-6.57909940518611E-16,0.));
#4318=DIRECTION('',(0.,0.,-1.));
#4319=DIRECTION('',(0.,0.,-1.));
#4320=DIRECTION('center_axis',(0.,0.,-1.));
#4321=DIRECTION('ref_axis',(0.,-1.,0.));
#4322=DIRECTION('',(0.,0.,-1.));
#4323=DIRECTION('center_axis',(-6.57909940518611E-16,1.,0.));
#4324=DIRECTION('ref_axis',(1.,6.57909940518611E-16,0.));
#4325=DIRECTION('',(0.,0.,-1.));
#4326=DIRECTION('center_axis',(0.,0.,-1.));
#4327=DIRECTION('ref_axis',(-1.,0.,0.));
#4328=DIRECTION('center_axis',(0.,-1.,0.));
#4329=DIRECTION('ref_axis',(-1.,0.,0.));
#4330=DIRECTION('',(0.,0.,-1.));
#4331=DIRECTION('',(0.,0.,-1.));
#4332=DIRECTION('center_axis',(-1.,0.,0.));
#4333=DIRECTION('ref_axis',(0.,1.,0.));
#4334=DIRECTION('',(0.,0.,-1.));
#4335=DIRECTION('center_axis',(0.,1.,0.));
#4336=DIRECTION('ref_axis',(1.,0.,0.));
#4337=DIRECTION('',(0.,0.,-1.));
#4338=DIRECTION('center_axis',(1.,0.,0.));
#4339=DIRECTION('ref_axis',(0.,-1.,0.));
#4340=DIRECTION('center_axis',(0.,-1.,0.));
#4341=DIRECTION('ref_axis',(-1.,0.,0.));
#4342=DIRECTION('',(0.,0.,-1.));
#4343=DIRECTION('',(0.,0.,-1.));
#4344=DIRECTION('center_axis',(-1.,0.,0.));
#4345=DIRECTION('ref_axis',(0.,1.,0.));
#4346=DIRECTION('',(0.,0.,-1.));
#4347=DIRECTION('center_axis',(0.,1.,0.));
#4348=DIRECTION('ref_axis',(1.,0.,0.));
#4349=DIRECTION('',(0.,0.,-1.));
#4350=DIRECTION('center_axis',(1.,0.,0.));
#4351=DIRECTION('ref_axis',(0.,-1.,0.));
#4352=DIRECTION('center_axis',(1.,-2.23441111874245E-16,0.));
#4353=DIRECTION('ref_axis',(-2.23441111874245E-16,-1.,0.));
#4354=DIRECTION('',(0.,0.,-1.));
#4355=DIRECTION('',(0.,0.,-1.));
#4356=DIRECTION('center_axis',(0.,0.,-1.));
#4357=DIRECTION('ref_axis',(5.92118946466756E-15,1.,0.));
#4358=DIRECTION('',(0.,0.,-1.));
#4359=DIRECTION('center_axis',(0.,-1.,0.));
#4360=DIRECTION('ref_axis',(-1.,0.,0.));
#4361=DIRECTION('',(0.,0.,-1.));
#4362=DIRECTION('center_axis',(0.,0.,-1.));
#4363=DIRECTION('ref_axis',(1.,0.,0.));
#4364=DIRECTION('',(0.,0.,-1.));
#4365=DIRECTION('center_axis',(-1.,0.,0.));
#4366=DIRECTION('ref_axis',(0.,1.,0.));
#4367=DIRECTION('',(0.,0.,-1.));
#4368=DIRECTION('center_axis',(0.,0.,-1.));
#4369=DIRECTION('ref_axis',(0.,-1.,0.));
#4370=DIRECTION('',(0.,0.,-1.));
#4371=DIRECTION('center_axis',(0.,1.,0.));
#4372=DIRECTION('ref_axis',(1.,0.,0.));
#4373=DIRECTION('',(0.,0.,-1.));
#4374=DIRECTION('center_axis',(0.,0.,-1.));
#4375=DIRECTION('ref_axis',(-1.,0.,0.));
#4376=DIRECTION('center_axis',(1.31581988103722E-15,-1.,0.));
#4377=DIRECTION('ref_axis',(-1.,-1.31581988103722E-15,0.));
#4378=DIRECTION('',(0.,0.,-1.));
#4379=DIRECTION('',(0.,0.,-1.));
#4380=DIRECTION('center_axis',(0.,0.,-1.));
#4381=DIRECTION('ref_axis',(-1.11022302462517E-14,-1.,0.));
#4382=DIRECTION('',(0.,0.,-1.));
#4383=DIRECTION('center_axis',(1.31581988103722E-15,1.,0.));
#4384=DIRECTION('ref_axis',(1.,-1.31581988103722E-15,0.));
#4385=DIRECTION('',(0.,0.,-1.));
#4386=DIRECTION('center_axis',(0.,0.,-1.));
#4387=DIRECTION('ref_axis',(-1.,0.,0.));
#4388=DIRECTION('center_axis',(-3.28954970259306E-16,-1.,0.));
#4389=DIRECTION('ref_axis',(-1.,3.28954970259306E-16,0.));
#4390=DIRECTION('',(0.,0.,-1.));
#4391=DIRECTION('',(0.,0.,-1.));
#4392=DIRECTION('center_axis',(0.,0.,-1.));
#4393=DIRECTION('ref_axis',(0.,-1.,0.));
#4394=DIRECTION('',(0.,0.,-1.));
#4395=DIRECTION('center_axis',(-9.86864910777916E-16,1.,0.));
#4396=DIRECTION('ref_axis',(1.,9.86864910777916E-16,0.));
#4397=DIRECTION('',(0.,0.,-1.));
#4398=DIRECTION('center_axis',(0.,0.,-1.));
#4399=DIRECTION('ref_axis',(-1.,2.22044604925026E-14,0.));
#4400=DIRECTION('center_axis',(1.,0.,0.));
#4401=DIRECTION('ref_axis',(0.,-0.799242228529221,0.6010090349867));
#4402=DIRECTION('',(0.,-0.6010090349867,-0.799242228529221));
#4403=DIRECTION('',(0.,-0.6010090349867,-0.799242228529221));
#4404=DIRECTION('center_axis',(0.,-0.6010090349867,-0.799242228529221));
#4405=DIRECTION('ref_axis',(1.,0.,0.));
#4406=DIRECTION('',(0.,-0.6010090349867,-0.799242228529221));
#4407=DIRECTION('center_axis',(-1.,-1.41973939898536E-14,1.06760650983995E-14));
#4408=DIRECTION('ref_axis',(-1.77635683940022E-14,0.799242228529221,-0.6010090349867));
#4409=DIRECTION('',(0.,-0.6010090349867,-0.799242228529221));
#4410=DIRECTION('center_axis',(0.,-0.6010090349867,-0.799242228529221));
#4411=DIRECTION('ref_axis',(-1.,0.,0.));
#4412=DIRECTION('center_axis',(1.,0.,0.));
#4413=DIRECTION('ref_axis',(0.,-0.799242228529221,0.6010090349867));
#4414=DIRECTION('',(0.,-0.6010090349867,-0.799242228529221));
#4415=DIRECTION('',(0.,-0.6010090349867,-0.799242228529221));
#4416=DIRECTION('center_axis',(0.,-0.6010090349867,-0.799242228529221));
#4417=DIRECTION('ref_axis',(1.,0.,0.));
#4418=DIRECTION('',(0.,-0.6010090349867,-0.799242228529221));
#4419=DIRECTION('center_axis',(-1.,-3.54934849746346E-15,2.66901627459993E-15));
#4420=DIRECTION('ref_axis',(-4.44089209850064E-15,0.799242228529221,-0.6010090349867));
#4421=DIRECTION('',(0.,-0.6010090349867,-0.799242228529221));
#4422=DIRECTION('center_axis',(0.,-0.6010090349867,-0.799242228529221));
#4423=DIRECTION('ref_axis',(-1.,0.,0.));
#4424=DIRECTION('center_axis',(1.,0.,0.));
#4425=DIRECTION('ref_axis',(0.,-0.799242228529221,0.6010090349867));
#4426=DIRECTION('',(0.,-0.6010090349867,-0.799242228529221));
#4427=DIRECTION('',(0.,-0.6010090349867,-0.799242228529221));
#4428=DIRECTION('center_axis',(0.,-0.6010090349867,-0.799242228529221));
#4429=DIRECTION('ref_axis',(1.,0.,0.));
#4430=DIRECTION('',(0.,-0.6010090349867,-0.799242228529221));
#4431=DIRECTION('center_axis',(-1.,-1.41973939898538E-14,1.06760650983997E-14));
#4432=DIRECTION('ref_axis',(-1.77635683940026E-14,0.799242228529221,-0.6010090349867));
#4433=DIRECTION('',(0.,-0.6010090349867,-0.799242228529221));
#4434=DIRECTION('center_axis',(0.,-0.6010090349867,-0.799242228529221));
#4435=DIRECTION('ref_axis',(-1.,0.,0.));
#4436=DIRECTION('center_axis',(0.,-1.,0.));
#4437=DIRECTION('ref_axis',(-1.,0.,0.));
#4438=DIRECTION('',(0.,0.,-1.));
#4439=DIRECTION('',(0.,0.,-1.));
#4440=DIRECTION('center_axis',(-1.,0.,0.));
#4441=DIRECTION('ref_axis',(0.,1.,0.));
#4442=DIRECTION('',(0.,0.,-1.));
#4443=DIRECTION('center_axis',(0.,1.,0.));
#4444=DIRECTION('ref_axis',(1.,0.,0.));
#4445=DIRECTION('',(0.,0.,-1.));
#4446=DIRECTION('center_axis',(1.,0.,0.));
#4447=DIRECTION('ref_axis',(0.,-1.,0.));
#4448=DIRECTION('center_axis',(0.,-1.,0.));
#4449=DIRECTION('ref_axis',(-1.,0.,0.));
#4450=DIRECTION('',(0.,0.,-1.));
#4451=DIRECTION('',(0.,0.,-1.));
#4452=DIRECTION('center_axis',(-1.,0.,0.));
#4453=DIRECTION('ref_axis',(0.,1.,0.));
#4454=DIRECTION('',(0.,0.,-1.));
#4455=DIRECTION('center_axis',(0.,1.,0.));
#4456=DIRECTION('ref_axis',(1.,0.,0.));
#4457=DIRECTION('',(0.,0.,-1.));
#4458=DIRECTION('center_axis',(1.,0.,0.));
#4459=DIRECTION('ref_axis',(0.,-1.,0.));
#4460=DIRECTION('center_axis',(0.,-1.,0.));
#4461=DIRECTION('ref_axis',(-1.,0.,0.));
#4462=DIRECTION('',(0.,0.,-1.));
#4463=DIRECTION('',(0.,0.,-1.));
#4464=DIRECTION('center_axis',(-1.,0.,0.));
#4465=DIRECTION('ref_axis',(0.,1.,0.));
#4466=DIRECTION('',(0.,0.,-1.));
#4467=DIRECTION('center_axis',(0.,1.,0.));
#4468=DIRECTION('ref_axis',(1.,0.,0.));
#4469=DIRECTION('',(0.,0.,-1.));
#4470=DIRECTION('center_axis',(1.,0.,0.));
#4471=DIRECTION('ref_axis',(0.,-1.,0.));
#4472=DIRECTION('center_axis',(1.,0.,0.));
#4473=DIRECTION('ref_axis',(0.,-1.,0.));
#4474=DIRECTION('',(0.,0.,-1.));
#4475=DIRECTION('',(0.,0.,-1.));
#4476=DIRECTION('center_axis',(0.,0.,-1.));
#4477=DIRECTION('ref_axis',(0.,1.,0.));
#4478=DIRECTION('',(0.,0.,-1.));
#4479=DIRECTION('center_axis',(-4.23194005813043E-16,-1.,0.));
#4480=DIRECTION('ref_axis',(-1.,4.23194005813043E-16,0.));
#4481=DIRECTION('',(0.,0.,-1.));
#4482=DIRECTION('center_axis',(0.,0.,-1.));
#4483=DIRECTION('ref_axis',(1.,0.,0.));
#4484=DIRECTION('',(0.,0.,-1.));
#4485=DIRECTION('center_axis',(-1.,0.,0.));
#4486=DIRECTION('ref_axis',(0.,1.,0.));
#4487=DIRECTION('',(0.,0.,-1.));
#4488=DIRECTION('center_axis',(0.,0.,-1.));
#4489=DIRECTION('ref_axis',(0.,-1.,0.));
#4490=DIRECTION('',(0.,0.,-1.));
#4491=DIRECTION('center_axis',(1.05798501453261E-16,1.,0.));
#4492=DIRECTION('ref_axis',(1.,-1.05798501453261E-16,0.));
#4493=DIRECTION('',(0.,0.,-1.));
#4494=DIRECTION('center_axis',(0.,0.,-1.));
#4495=DIRECTION('ref_axis',(-1.,0.,0.));
#4496=DIRECTION('center_axis',(-3.28954970259306E-16,-1.,0.));
#4497=DIRECTION('ref_axis',(-1.,3.28954970259306E-16,0.));
#4498=DIRECTION('',(0.,0.,-1.));
#4499=DIRECTION('',(0.,0.,-1.));
#4500=DIRECTION('center_axis',(0.,0.,-1.));
#4501=DIRECTION('ref_axis',(0.,-1.,0.));
#4502=DIRECTION('',(0.,0.,-1.));
#4503=DIRECTION('center_axis',(9.8686491077792E-16,1.,0.));
#4504=DIRECTION('ref_axis',(1.,-9.8686491077792E-16,0.));
#4505=DIRECTION('',(0.,0.,-1.));
#4506=DIRECTION('center_axis',(0.,0.,-1.));
#4507=DIRECTION('ref_axis',(-1.,-2.22044604925036E-14,0.));
#4508=DIRECTION('center_axis',(9.86864910777916E-16,-1.,0.));
#4509=DIRECTION('ref_axis',(-1.,-9.86864910777916E-16,0.));
#4510=DIRECTION('',(0.,0.,-1.));
#4511=DIRECTION('',(0.,0.,-1.));
#4512=DIRECTION('center_axis',(0.,0.,-1.));
#4513=DIRECTION('ref_axis',(-4.44089209850055E-14,-1.,0.));
#4514=DIRECTION('',(0.,0.,-1.));
#4515=DIRECTION('center_axis',(-9.86864910777921E-16,1.,0.));
#4516=DIRECTION('ref_axis',(1.,9.86864910777921E-16,0.));
#4517=DIRECTION('',(0.,0.,-1.));
#4518=DIRECTION('center_axis',(0.,0.,-1.));
#4519=DIRECTION('ref_axis',(-1.,-2.22044604925026E-14,0.));
#4520=DIRECTION('center_axis',(0.,-1.,0.));
#4521=DIRECTION('ref_axis',(-1.,0.,0.));
#4522=DIRECTION('',(0.,0.,-1.));
#4523=DIRECTION('',(0.,0.,-1.));
#4524=DIRECTION('center_axis',(-1.,0.,0.));
#4525=DIRECTION('ref_axis',(0.,1.,0.));
#4526=DIRECTION('',(0.,0.,-1.));
#4527=DIRECTION('center_axis',(0.,1.,0.));
#4528=DIRECTION('ref_axis',(1.,0.,0.));
#4529=DIRECTION('',(0.,0.,-1.));
#4530=DIRECTION('center_axis',(1.,0.,0.));
#4531=DIRECTION('ref_axis',(0.,-1.,0.));
#4532=DIRECTION('center_axis',(1.,-3.10567993528053E-15,2.33538924027494E-15));
#4533=DIRECTION('ref_axis',(-3.88578058618806E-15,-0.799242228529221,0.6010090349867));
#4534=DIRECTION('',(0.,-0.6010090349867,-0.799242228529221));
#4535=DIRECTION('',(0.,-0.6010090349867,-0.799242228529221));
#4536=DIRECTION('center_axis',(0.,-0.6010090349867,-0.799242228529221));
#4537=DIRECTION('ref_axis',(1.,0.,0.));
#4538=DIRECTION('',(0.,-0.6010090349867,-0.799242228529221));
#4539=DIRECTION('center_axis',(-1.,-4.43668562182933E-15,3.33627034324992E-15));
#4540=DIRECTION('ref_axis',(-5.5511151231258E-15,0.799242228529221,-0.6010090349867));
#4541=DIRECTION('',(0.,-0.6010090349867,-0.799242228529221));
#4542=DIRECTION('center_axis',(0.,-0.6010090349867,-0.799242228529221));
#4543=DIRECTION('ref_axis',(-1.,0.,0.));
#4544=DIRECTION('center_axis',(0.,-1.,0.));
#4545=DIRECTION('ref_axis',(-1.,0.,0.));
#4546=DIRECTION('',(0.,0.,-1.));
#4547=DIRECTION('',(0.,0.,-1.));
#4548=DIRECTION('center_axis',(-1.,0.,0.));
#4549=DIRECTION('ref_axis',(0.,1.,0.));
#4550=DIRECTION('',(0.,0.,-1.));
#4551=DIRECTION('center_axis',(0.,1.,0.));
#4552=DIRECTION('ref_axis',(1.,0.,0.));
#4553=DIRECTION('',(0.,0.,-1.));
#4554=DIRECTION('center_axis',(1.,0.,0.));
#4555=DIRECTION('ref_axis',(0.,-1.,0.));
#4556=DIRECTION('center_axis',(-9.86864910777916E-16,-1.,0.));
#4557=DIRECTION('ref_axis',(-1.,9.86864910777916E-16,0.));
#4558=DIRECTION('',(0.,0.,-1.));
#4559=DIRECTION('',(0.,0.,-1.));
#4560=DIRECTION('center_axis',(0.,0.,-1.));
#4561=DIRECTION('ref_axis',(0.,-1.,0.));
#4562=DIRECTION('',(0.,0.,-1.));
#4563=DIRECTION('center_axis',(9.86864910777919E-16,1.,0.));
#4564=DIRECTION('ref_axis',(1.,-9.86864910777919E-16,0.));
#4565=DIRECTION('',(0.,0.,-1.));
#4566=DIRECTION('center_axis',(0.,0.,-1.));
#4567=DIRECTION('ref_axis',(-1.,-2.22044604925036E-14,0.));
#4568=DIRECTION('center_axis',(6.57909940518611E-16,-1.,0.));
#4569=DIRECTION('ref_axis',(-1.,-6.57909940518611E-16,0.));
#4570=DIRECTION('',(0.,0.,-1.));
#4571=DIRECTION('',(0.,0.,-1.));
#4572=DIRECTION('center_axis',(0.,0.,-1.));
#4573=DIRECTION('ref_axis',(1.11022302462516E-14,-1.,0.));
#4574=DIRECTION('',(0.,0.,-1.));
#4575=DIRECTION('center_axis',(-3.28954970259305E-16,1.,0.));
#4576=DIRECTION('ref_axis',(1.,3.28954970259305E-16,0.));
#4577=DIRECTION('',(0.,0.,-1.));
#4578=DIRECTION('center_axis',(0.,0.,-1.));
#4579=DIRECTION('ref_axis',(-1.,5.55111512312581E-15,0.));
#4580=DIRECTION('center_axis',(1.,-1.41973939898538E-14,1.06760650983997E-14));
#4581=DIRECTION('ref_axis',(-1.77635683940026E-14,-0.799242228529221,0.6010090349867));
#4582=DIRECTION('',(0.,-0.6010090349867,-0.799242228529221));
#4583=DIRECTION('',(0.,-0.6010090349867,-0.799242228529221));
#4584=DIRECTION('center_axis',(0.,-0.6010090349867,-0.799242228529221));
#4585=DIRECTION('ref_axis',(1.,0.,0.));
#4586=DIRECTION('',(0.,-0.6010090349867,-0.799242228529221));
#4587=DIRECTION('center_axis',(-1.,0.,0.));
#4588=DIRECTION('ref_axis',(0.,0.799242228529221,-0.6010090349867));
#4589=DIRECTION('',(0.,-0.6010090349867,-0.799242228529221));
#4590=DIRECTION('center_axis',(0.,-0.6010090349867,-0.799242228529221));
#4591=DIRECTION('ref_axis',(-1.,0.,0.));
#4592=DIRECTION('center_axis',(0.,-1.,0.));
#4593=DIRECTION('ref_axis',(-1.,0.,0.));
#4594=DIRECTION('',(0.,0.,-1.));
#4595=DIRECTION('',(0.,0.,-1.));
#4596=DIRECTION('center_axis',(-1.,0.,0.));
#4597=DIRECTION('ref_axis',(0.,1.,0.));
#4598=DIRECTION('',(0.,0.,-1.));
#4599=DIRECTION('center_axis',(0.,1.,0.));
#4600=DIRECTION('ref_axis',(1.,0.,0.));
#4601=DIRECTION('',(0.,0.,-1.));
#4602=DIRECTION('center_axis',(1.,0.,0.));
#4603=DIRECTION('ref_axis',(0.,-1.,0.));
#4604=DIRECTION('center_axis',(1.,0.,0.));
#4605=DIRECTION('ref_axis',(0.,-0.799242228529221,0.6010090349867));
#4606=DIRECTION('',(0.,-0.6010090349867,-0.799242228529221));
#4607=DIRECTION('',(0.,-0.6010090349867,-0.799242228529221));
#4608=DIRECTION('center_axis',(0.,-0.6010090349867,-0.799242228529221));
#4609=DIRECTION('ref_axis',(1.,0.,0.));
#4610=DIRECTION('',(0.,-0.6010090349867,-0.799242228529221));
#4611=DIRECTION('center_axis',(-1.,-2.83947879797077E-14,2.13521301967995E-14));
#4612=DIRECTION('ref_axis',(-3.55271367880051E-14,0.799242228529221,-0.6010090349867));
#4613=DIRECTION('',(0.,-0.6010090349867,-0.799242228529221));
#4614=DIRECTION('center_axis',(0.,-0.6010090349867,-0.799242228529221));
#4615=DIRECTION('ref_axis',(-1.,0.,0.));
#4616=DIRECTION('center_axis',(0.,0.,-1.));
#4617=DIRECTION('ref_axis',(1.,0.,0.));
#4618=DIRECTION('',(0.,0.,1.));
#4619=DIRECTION('center_axis',(0.,-0.216409612548214,-0.976302657784323));
#4620=DIRECTION('ref_axis',(-1.,0.,0.));
#4621=DIRECTION('',(0.,0.976302657784323,-0.216409612548214));
#4622=DIRECTION('center_axis',(1.,0.,0.));
#4623=DIRECTION('ref_axis',(0.,-1.,0.));
#4624=DIRECTION('',(0.,0.,-1.));
#4625=DIRECTION('center_axis',(0.998752338877845,0.0499376169438929,0.));
#4626=DIRECTION('ref_axis',(0.0499376169438929,-0.998752338877845,0.));
#4627=DIRECTION('',(0.,0.,-1.));
#4628=DIRECTION('center_axis',(1.,0.,0.));
#4629=DIRECTION('ref_axis',(0.,0.,-1.));
#4630=DIRECTION('center_axis',(1.,0.,0.));
#4631=DIRECTION('ref_axis',(0.,0.601009034986711,0.799242228529213));
#4632=DIRECTION('center_axis',(0.,0.799242228529221,-0.6010090349867));
#4633=DIRECTION('ref_axis',(1.,0.,0.));
#4634=DIRECTION('',(0.,-0.6010090349867,-0.799242228529221));
#4635=DIRECTION('center_axis',(-1.,0.,0.));
#4636=DIRECTION('ref_axis',(0.,0.799242228529221,-0.6010090349867));
#4637=DIRECTION('center_axis',(-0.998752338877845,0.0499376169438922,0.));
#4638=DIRECTION('ref_axis',(0.0499376169438922,0.998752338877845,0.));
#4639=DIRECTION('center_axis',(-1.,0.,0.));
#4640=DIRECTION('ref_axis',(0.,0.216409612548214,0.976302657784323));
#4641=DIRECTION('center_axis',(1.,0.,0.));
#4642=DIRECTION('ref_axis',(0.,0.,1.));
#4643=DIRECTION('center_axis',(-1.,0.,0.));
#4644=DIRECTION('ref_axis',(0.,0.,1.));
#4645=CARTESIAN_POINT('',(0.,0.,0.));
#4646=CARTESIAN_POINT('Origin',(629.185714285714,9.04407013773493,-6.74231793588416));
#4647=CARTESIAN_POINT('',(626.935714285714,10.9966753974763,-7.17513714860577));
#4648=CARTESIAN_POINT('Origin',(629.185714285714,10.9966753974763,-7.17513714860577));
#4649=CARTESIAN_POINT('',(626.935714285714,9.04407008190762,-6.74231792350934));
#4650=CARTESIAN_POINT('',(626.935714285714,9.04407013773493,-6.74231793588416));
#4651=CARTESIAN_POINT('Origin',(629.185714285714,9.04407008190762,-6.74231792350934));
#4652=CARTESIAN_POINT('Origin',(224.614285714286,9.04407013773493,-6.74231793588416));
#4653=CARTESIAN_POINT('',(222.364285714286,10.9966753974763,-7.17513714860577));
#4654=CARTESIAN_POINT('Origin',(224.614285714286,10.9966753974763,-7.17513714860577));
#4655=CARTESIAN_POINT('',(222.364285714286,9.04407008190762,-6.74231792350934));
#4656=CARTESIAN_POINT('',(222.364285714286,9.04407013773493,-6.74231793588416));
#4657=CARTESIAN_POINT('Origin',(224.614285714286,9.04407008190762,-6.74231792350934));
#4658=CARTESIAN_POINT('Origin',(123.471428571429,9.04407013773493,-6.74231793588416));
#4659=CARTESIAN_POINT('',(121.221428571429,10.9966753974763,-7.17513714860577));
#4660=CARTESIAN_POINT('Origin',(123.471428571429,10.9966753974763,-7.17513714860577));
#4661=CARTESIAN_POINT('',(121.221428571429,9.04407008190762,-6.74231792350934));
#4662=CARTESIAN_POINT('',(121.221428571429,9.04407013773493,-6.74231793588416));
#4663=CARTESIAN_POINT('Origin',(123.471428571429,9.04407008190762,-6.74231792350934));
#4664=CARTESIAN_POINT('Origin',(528.042857142857,9.04407013773493,-6.74231793588416));
#4665=CARTESIAN_POINT('',(525.792857142857,10.9966753974763,-7.17513714860577));
#4666=CARTESIAN_POINT('Origin',(528.042857142857,10.9966753974763,-7.17513714860577));
#4667=CARTESIAN_POINT('',(525.792857142857,9.04407008190762,-6.74231792350934));
#4668=CARTESIAN_POINT('',(525.792857142857,9.04407013773493,-6.74231793588416));
#4669=CARTESIAN_POINT('Origin',(528.042857142857,9.04407008190762,-6.74231792350934));
#4670=CARTESIAN_POINT('Origin',(730.328571428571,9.04407013773493,-6.74231793588416));
#4671=CARTESIAN_POINT('',(728.078571428571,10.9966753974763,-7.17513714860577));
#4672=CARTESIAN_POINT('Origin',(730.328571428571,10.9966753974763,-7.17513714860577));
#4673=CARTESIAN_POINT('',(728.078571428571,9.04407008190762,-6.74231792350934));
#4674=CARTESIAN_POINT('',(728.078571428571,9.04407013773493,-6.74231793588416));
#4675=CARTESIAN_POINT('Origin',(730.328571428571,9.04407008190762,-6.74231792350934));
#4676=CARTESIAN_POINT('Origin',(325.757142857143,9.04407013773493,-6.74231793588416));
#4677=CARTESIAN_POINT('',(323.507142857143,10.9966753974763,-7.17513714860577));
#4678=CARTESIAN_POINT('Origin',(325.757142857143,10.9966753974763,-7.17513714860577));
#4679=CARTESIAN_POINT('',(323.507142857143,9.04407008190762,-6.74231792350934));
#4680=CARTESIAN_POINT('',(323.507142857143,9.04407013773493,-6.74231793588416));
#4681=CARTESIAN_POINT('Origin',(325.757142857143,9.04407008190762,-6.74231792350934));
#4682=CARTESIAN_POINT('Origin',(22.3285714285714,9.04407013773493,-6.74231793588416));
#4683=CARTESIAN_POINT('',(20.0785714285714,10.9966753974763,-7.17513714860577));
#4684=CARTESIAN_POINT('Origin',(22.3285714285714,10.9966753974763,-7.17513714860577));
#4685=CARTESIAN_POINT('',(20.0785714285714,9.04407008190762,-6.74231792350934));
#4686=CARTESIAN_POINT('',(20.0785714285714,9.04407013773493,-6.74231793588416));
#4687=CARTESIAN_POINT('Origin',(22.3285714285714,9.04407008190762,-6.74231792350934));
#4688=CARTESIAN_POINT('Origin',(426.9,9.04407013773493,-6.74231793588416));
#4689=CARTESIAN_POINT('',(424.65,10.9966753974763,-7.17513714860577));
#4690=CARTESIAN_POINT('Origin',(426.9,10.9966753974763,-7.17513714860577));
#4691=CARTESIAN_POINT('',(424.65,9.04407008190762,-6.74231792350934));
#4692=CARTESIAN_POINT('',(424.65,9.04407013773493,-6.74231793588416));
#4693=CARTESIAN_POINT('Origin',(426.9,9.04407008190762,-6.74231792350934));
#4694=CARTESIAN_POINT('Origin',(831.471428571429,9.04407013773493,-6.74231793588416));
#4695=CARTESIAN_POINT('',(829.221428571429,10.9966753974763,-7.17513714860577));
#4696=CARTESIAN_POINT('Origin',(831.471428571429,10.9966753974763,-7.17513714860577));
#4697=CARTESIAN_POINT('',(829.221428571429,9.04407008190762,-6.74231792350934));
#4698=CARTESIAN_POINT('',(829.221428571429,9.04407013773493,-6.74231793588416));
#4699=CARTESIAN_POINT('Origin',(831.471428571429,9.04407008190762,-6.74231792350934));
#4700=CARTESIAN_POINT('Origin',(851.8,440.9263678833,-15.5920770303696));
#4701=CARTESIAN_POINT('',(851.8,421.259392263285,-0.803031085883141));
#4702=CARTESIAN_POINT('',(851.8,420.057374193311,-2.40151554294158));
#4703=CARTESIAN_POINT('',(851.8,421.259392263285,-0.803031085883177));
#4704=CARTESIAN_POINT('',(851.8,439.724349813327,-17.190561487428));
#4705=CARTESIAN_POINT('',(851.8,418.686618198953,-1.37074325894034));
#4706=CARTESIAN_POINT('',(851.8,440.9263678833,-15.5920770303696));
#4707=CARTESIAN_POINT('',(851.8,440.9263678833,-15.5920770303696));
#4708=CARTESIAN_POINT('',(851.8,419.888636268927,0.227741198118103));
#4709=CARTESIAN_POINT('Origin',(426.9,418.855356123338,-4.));
#4710=CARTESIAN_POINT('',(2.,421.259392263285,-0.803031085883141));
#4711=CARTESIAN_POINT('',(213.45,421.259392263285,-0.803031085883177));
#4712=CARTESIAN_POINT('',(2.,418.855356171939,0.));
#4713=CARTESIAN_POINT('Origin',(2.00000000000003,418.855356123338,-4.));
#4714=CARTESIAN_POINT('',(851.8,418.855356171939,0.));
#4715=CARTESIAN_POINT('',(213.45,418.855356123338,0.));
#4716=CARTESIAN_POINT('Origin',(851.8,418.855356123338,-4.));
#4717=CARTESIAN_POINT('Origin',(2.00000000000003,420.057374193311,-2.40151554294156));
#4718=CARTESIAN_POINT('',(2.,420.057374193311,-2.40151554294158));
#4719=CARTESIAN_POINT('',(2.,421.259392263285,-0.80303108588307));
#4720=CARTESIAN_POINT('',(2.00000000000003,418.855356171939,-2.));
#4721=CARTESIAN_POINT('Origin',(2.00000000000003,418.855356123338,-4.));
#4722=CARTESIAN_POINT('',(2.,418.855356171939,0.));
#4723=CARTESIAN_POINT('Origin',(426.9,261.82203985701,116.58727433277));
#4724=CARTESIAN_POINT('',(213.45,420.057374193311,-2.40151554294162));
#4725=CARTESIAN_POINT('',(2.00000000000003,439.724349813327,-17.190561487428));
#4726=CARTESIAN_POINT('',(2.,439.724349813327,-17.190561487428));
#4727=CARTESIAN_POINT('',(851.8,439.724349813327,-17.190561487428));
#4728=CARTESIAN_POINT('',(221.614285714286,428.557670780998,-8.79351394706436));
#4729=CARTESIAN_POINT('',(227.614285714286,428.557670780998,-8.79351394706443));
#4730=CARTESIAN_POINT('Origin',(224.614285714286,428.557670780998,-8.79351394706436));
#4731=CARTESIAN_POINT('',(227.614285714286,431.754639695115,-11.1975500870112));
#4732=CARTESIAN_POINT('',(227.614285714286,428.557670780998,-8.79351394706443));
#4733=CARTESIAN_POINT('',(221.614285714286,431.754639695115,-11.1975500870112));
#4734=CARTESIAN_POINT('Origin',(224.614285714286,431.754639695115,-11.1975500870112));
#4735=CARTESIAN_POINT('',(221.614285714286,431.754639695115,-11.1975500870112));
#4736=CARTESIAN_POINT('',(727.328571428571,428.557670780998,-8.79351394706436));
#4737=CARTESIAN_POINT('',(733.328571428571,428.557670780998,-8.79351394706447));
#4738=CARTESIAN_POINT('Origin',(730.328571428572,428.557670780998,-8.79351394706436));
#4739=CARTESIAN_POINT('',(733.328571428571,431.754639695115,-11.1975500870112));
#4740=CARTESIAN_POINT('',(733.328571428571,428.557670780998,-8.79351394706447));
#4741=CARTESIAN_POINT('',(727.328571428571,431.754639695115,-11.1975500870112));
#4742=CARTESIAN_POINT('Origin',(730.328571428571,431.754639695115,-11.1975500870112));
#4743=CARTESIAN_POINT('',(727.328571428571,431.754639695115,-11.1975500870112));
#4744=CARTESIAN_POINT('',(423.9,428.557670780998,-8.79351394706436));
#4745=CARTESIAN_POINT('',(429.9,428.557670780998,-8.79351394706436));
#4746=CARTESIAN_POINT('Origin',(426.9,428.557670780998,-8.79351394706436));
#4747=CARTESIAN_POINT('',(429.9,431.754639695115,-11.1975500870112));
#4748=CARTESIAN_POINT('',(429.9,428.557670780998,-8.79351394706436));
#4749=CARTESIAN_POINT('',(423.9,431.754639695115,-11.1975500870112));
#4750=CARTESIAN_POINT('Origin',(426.9,431.754639695115,-11.1975500870112));
#4751=CARTESIAN_POINT('',(423.9,431.754639695115,-11.1975500870112));
#4752=CARTESIAN_POINT('',(322.757142857143,428.557670780998,-8.79351394706436));
#4753=CARTESIAN_POINT('',(328.757142857143,428.557670780998,-8.79351394706433));
#4754=CARTESIAN_POINT('Origin',(325.757142857143,428.557670780998,-8.79351394706436));
#4755=CARTESIAN_POINT('',(328.757142857143,431.754639695115,-11.1975500870112));
#4756=CARTESIAN_POINT('',(328.757142857143,428.557670780998,-8.79351394706433));
#4757=CARTESIAN_POINT('',(322.757142857143,431.754639695115,-11.1975500870112));
#4758=CARTESIAN_POINT('Origin',(325.757142857143,431.754639695115,-11.1975500870112));
#4759=CARTESIAN_POINT('',(322.757142857143,431.754639695115,-11.1975500870112));
#4760=CARTESIAN_POINT('',(120.471428571429,428.557670780998,-8.79351394706436));
#4761=CARTESIAN_POINT('',(126.471428571429,428.557670780998,-8.79351394706436));
#4762=CARTESIAN_POINT('Origin',(123.471428571429,428.557670780998,-8.79351394706436));
#4763=CARTESIAN_POINT('',(126.471428571429,431.754639695115,-11.1975500870112));
#4764=CARTESIAN_POINT('',(126.471428571429,428.557670780998,-8.79351394706436));
#4765=CARTESIAN_POINT('',(120.471428571429,431.754639695115,-11.1975500870112));
#4766=CARTESIAN_POINT('Origin',(123.471428571429,431.754639695115,-11.1975500870112));
#4767=CARTESIAN_POINT('',(120.471428571429,431.754639695115,-11.1975500870112));
#4768=CARTESIAN_POINT('',(525.042857142857,428.557670780998,-8.79351394706436));
#4769=CARTESIAN_POINT('',(531.042857142857,428.557670780998,-8.79351394706436));
#4770=CARTESIAN_POINT('Origin',(528.042857142857,428.557670780998,-8.79351394706436));
#4771=CARTESIAN_POINT('',(531.042857142857,431.754639695115,-11.1975500870112));
#4772=CARTESIAN_POINT('',(531.042857142857,428.557670780998,-8.79351394706436));
#4773=CARTESIAN_POINT('',(525.042857142857,431.754639695115,-11.1975500870112));
#4774=CARTESIAN_POINT('Origin',(528.042857142857,431.754639695115,-11.1975500870112));
#4775=CARTESIAN_POINT('',(525.042857142857,431.754639695115,-11.1975500870112));
#4776=CARTESIAN_POINT('',(19.3285714285714,428.557670780998,-8.79351394706436));
#4777=CARTESIAN_POINT('',(25.3285714285714,428.557670780998,-8.79351394706436));
#4778=CARTESIAN_POINT('Origin',(22.3285714285714,428.557670780998,-8.79351394706436));
#4779=CARTESIAN_POINT('',(25.3285714285714,431.754639695115,-11.1975500870112));
#4780=CARTESIAN_POINT('',(25.3285714285714,428.557670780998,-8.79351394706436));
#4781=CARTESIAN_POINT('',(19.3285714285714,431.754639695115,-11.1975500870112));
#4782=CARTESIAN_POINT('Origin',(22.3285714285714,431.754639695115,-11.1975500870112));
#4783=CARTESIAN_POINT('',(19.3285714285714,431.754639695115,-11.1975500870112));
#4784=CARTESIAN_POINT('',(626.185714285714,428.557670780998,-8.79351394706436));
#4785=CARTESIAN_POINT('',(632.185714285714,428.557670780998,-8.79351394706443));
#4786=CARTESIAN_POINT('Origin',(629.185714285714,428.557670780998,-8.79351394706436));
#4787=CARTESIAN_POINT('',(632.185714285714,431.754639695115,-11.1975500870112));
#4788=CARTESIAN_POINT('',(632.185714285714,428.557670780998,-8.79351394706443));
#4789=CARTESIAN_POINT('',(626.185714285714,431.754639695115,-11.1975500870112));
#4790=CARTESIAN_POINT('Origin',(629.185714285714,431.754639695115,-11.1975500870112));
#4791=CARTESIAN_POINT('',(626.185714285714,431.754639695115,-11.1975500870112));
#4792=CARTESIAN_POINT('',(828.471428571429,428.557670780998,-8.79351394706436));
#4793=CARTESIAN_POINT('',(834.471428571429,428.557670780998,-8.79351394706436));
#4794=CARTESIAN_POINT('Origin',(831.471428571429,428.557670780998,-8.79351394706436));
#4795=CARTESIAN_POINT('',(834.471428571429,431.754639695115,-11.1975500870112));
#4796=CARTESIAN_POINT('',(834.471428571429,428.557670780998,-8.79351394706436));
#4797=CARTESIAN_POINT('',(828.471428571429,431.754639695115,-11.1975500870113));
#4798=CARTESIAN_POINT('Origin',(831.471428571429,431.754639695115,-11.1975500870112));
#4799=CARTESIAN_POINT('',(828.471428571429,431.754639695115,-11.1975500870113));
#4800=CARTESIAN_POINT('Origin',(426.9,222.588726678889,0.));
#4801=CARTESIAN_POINT('',(0.,378.855356171939,0.));
#4802=CARTESIAN_POINT('',(2.,418.855356171939,0.));
#4803=CARTESIAN_POINT('',(0.,13.7490290643356,0.));
#4804=CARTESIAN_POINT('',(0.,378.855356171939,0.));
#4805=CARTESIAN_POINT('',(853.8,13.7490290643356,0.));
#4806=CARTESIAN_POINT('',(213.45,13.7490290643356,0.));
#4807=CARTESIAN_POINT('',(853.8,378.855356171939,0.));
#4808=CARTESIAN_POINT('',(853.8,0.,0.));
#4809=CARTESIAN_POINT('',(853.8,378.855356171939,0.));
#4810=CARTESIAN_POINT('',(89.7714,228.0767,0.));
#4811=CARTESIAN_POINT('Origin',(123.4714,228.0767,0.));
#4812=CARTESIAN_POINT('',(539.439285714286,25.2306182533728,0.));
#4813=CARTESIAN_POINT('',(539.439285714286,141.28069779583,0.));
#4814=CARTESIAN_POINT('',(539.439285714286,141.28069779583,0.));
#4815=CARTESIAN_POINT('',(617.789285714286,141.28069779583,0.));
#4816=CARTESIAN_POINT('',(617.789285714286,141.28069779583,0.));
#4817=CARTESIAN_POINT('',(617.789285714286,25.2306182533728,0.));
#4818=CARTESIAN_POINT('',(617.789285714286,25.2306182533728,0.));
#4819=CARTESIAN_POINT('',(539.439285714286,25.2306182533728,0.));
#4820=CARTESIAN_POINT('',(147.042857142857,151.486332216089,0.));
#4821=CARTESIAN_POINT('',(147.042857142857,157.886332216089,0.));
#4822=CARTESIAN_POINT('Origin',(147.042857142857,154.686332216089,0.));
#4823=CARTESIAN_POINT('',(201.042857142857,157.886332216089,0.));
#4824=CARTESIAN_POINT('',(201.042857142857,157.886332216089,0.));
#4825=CARTESIAN_POINT('',(201.042857142857,151.486332216089,0.));
#4826=CARTESIAN_POINT('Origin',(201.042857142857,154.686332216089,0.));
#4827=CARTESIAN_POINT('',(147.042857142857,151.486332216089,0.));
#4828=CARTESIAN_POINT('',(349.328571428572,151.486332216089,0.));
#4829=CARTESIAN_POINT('',(349.328571428571,157.886332216089,0.));
#4830=CARTESIAN_POINT('Origin',(349.328571428571,154.686332216089,0.));
#4831=CARTESIAN_POINT('',(403.328571428572,157.886332216089,0.));
#4832=CARTESIAN_POINT('',(403.328571428572,157.886332216089,0.));
#4833=CARTESIAN_POINT('',(403.328571428571,151.486332216089,0.));
#4834=CARTESIAN_POINT('Origin',(403.328571428571,154.686332216089,0.));
#4835=CARTESIAN_POINT('',(349.328571428572,151.486332216089,0.));
#4836=CARTESIAN_POINT('',(337.153571428571,192.976689868719,0.));
#4837=CARTESIAN_POINT('',(337.153571428571,309.026769411176,0.));
#4838=CARTESIAN_POINT('',(337.153571428571,309.026769411176,0.));
#4839=CARTESIAN_POINT('',(415.503571428571,309.026769411176,0.));
#4840=CARTESIAN_POINT('',(415.503571428571,309.026769411176,0.));
#4841=CARTESIAN_POINT('',(415.503571428571,192.976689868719,0.));
#4842=CARTESIAN_POINT('',(415.503571428571,192.976689868719,0.));
#4843=CARTESIAN_POINT('',(337.153571428571,192.976689868719,0.));
#4844=CARTESIAN_POINT('',(236.010714285714,25.2306182533728,0.));
#4845=CARTESIAN_POINT('',(236.010714285714,141.28069779583,0.));
#4846=CARTESIAN_POINT('',(236.010714285714,141.28069779583,0.));
#4847=CARTESIAN_POINT('',(314.360714285714,141.28069779583,0.));
#4848=CARTESIAN_POINT('',(314.360714285714,141.28069779583,0.));
#4849=CARTESIAN_POINT('',(314.360714285714,25.2306182533728,0.));
#4850=CARTESIAN_POINT('',(314.360714285714,25.2306182533728,0.));
#4851=CARTESIAN_POINT('',(236.010714285714,25.2306182533728,0.));
#4852=CARTESIAN_POINT('',(652.757142857143,151.486332216089,0.));
#4853=CARTESIAN_POINT('',(652.757142857143,157.886332216089,0.));
#4854=CARTESIAN_POINT('Origin',(652.757142857143,154.686332216089,0.));
#4855=CARTESIAN_POINT('',(706.757142857143,157.886332216089,0.));
#4856=CARTESIAN_POINT('',(706.757142857143,157.886332216089,0.));
#4857=CARTESIAN_POINT('',(706.757142857143,151.486332216089,0.));
#4858=CARTESIAN_POINT('Origin',(706.757142857143,154.686332216089,0.));
#4859=CARTESIAN_POINT('',(652.757142857143,151.486332216089,0.));
#4860=CARTESIAN_POINT('',(551.614285714286,151.486332216089,0.));
#4861=CARTESIAN_POINT('',(551.614285714286,157.886332216089,0.));
#4862=CARTESIAN_POINT('Origin',(551.614285714286,154.686332216089,0.));
#4863=CARTESIAN_POINT('',(605.614285714286,157.886332216089,0.));
#4864=CARTESIAN_POINT('',(605.614285714286,157.886332216089,0.));
#4865=CARTESIAN_POINT('',(605.614285714286,151.486332216089,0.));
#4866=CARTESIAN_POINT('Origin',(605.614285714286,154.686332216089,0.));
#4867=CARTESIAN_POINT('',(551.614285714286,151.486332216089,0.));
#4868=CARTESIAN_POINT('',(461.285714285714,192.976689868719,0.));
#4869=CARTESIAN_POINT('',(458.285714285714,195.976689868719,0.));
#4870=CARTESIAN_POINT('Origin',(461.285714285714,195.976689868719,0.));
#4871=CARTESIAN_POINT('',(458.285714285714,381.076689868719,0.));
#4872=CARTESIAN_POINT('',(458.285714285714,381.076689868719,0.));
#4873=CARTESIAN_POINT('',(461.285714285714,384.076689868719,0.));
#4874=CARTESIAN_POINT('Origin',(461.285714285714,381.076689868719,0.));
#4875=CARTESIAN_POINT('',(797.085714285714,384.076689868718,0.));
#4876=CARTESIAN_POINT('',(797.085714285714,384.076689868718,0.));
#4877=CARTESIAN_POINT('',(800.085714285714,381.076689868719,0.));
#4878=CARTESIAN_POINT('Origin',(797.085714285714,381.076689868719,0.));
#4879=CARTESIAN_POINT('',(800.085714285714,195.976689868719,0.));
#4880=CARTESIAN_POINT('',(800.085714285714,195.976689868719,0.));
#4881=CARTESIAN_POINT('',(797.085714285714,192.976689868719,0.));
#4882=CARTESIAN_POINT('Origin',(797.085714285714,195.976689868719,0.));
#4883=CARTESIAN_POINT('',(461.285714285714,192.976689868719,0.));
#4884=CARTESIAN_POINT('',(640.582142857143,25.2306182533728,0.));
#4885=CARTESIAN_POINT('',(640.582142857143,141.28069779583,0.));
#4886=CARTESIAN_POINT('',(640.582142857143,141.28069779583,0.));
#4887=CARTESIAN_POINT('',(718.932142857143,141.28069779583,0.));
#4888=CARTESIAN_POINT('',(718.932142857143,141.28069779583,0.));
#4889=CARTESIAN_POINT('',(718.932142857143,25.2306182533728,0.));
#4890=CARTESIAN_POINT('',(718.932142857143,25.2306182533728,0.));
#4891=CARTESIAN_POINT('',(640.582142857143,25.2306182533728,0.));
#4892=CARTESIAN_POINT('',(741.725,25.2306182533728,0.));
#4893=CARTESIAN_POINT('',(741.725,141.28069779583,0.));
#4894=CARTESIAN_POINT('',(741.725,141.28069779583,0.));
#4895=CARTESIAN_POINT('',(820.075,141.28069779583,0.));
#4896=CARTESIAN_POINT('',(820.075,141.28069779583,0.));
#4897=CARTESIAN_POINT('',(820.075,25.2306182533728,0.));
#4898=CARTESIAN_POINT('',(820.075,25.2306182533728,0.));
#4899=CARTESIAN_POINT('',(741.725,25.2306182533728,0.));
#4900=CARTESIAN_POINT('',(337.153571428571,25.2306182533728,0.));
#4901=CARTESIAN_POINT('',(337.153571428571,141.28069779583,0.));
#4902=CARTESIAN_POINT('',(337.153571428571,141.28069779583,0.));
#4903=CARTESIAN_POINT('',(415.503571428571,141.28069779583,0.));
#4904=CARTESIAN_POINT('',(415.503571428571,141.28069779583,0.));
#4905=CARTESIAN_POINT('',(415.503571428571,25.2306182533728,0.));
#4906=CARTESIAN_POINT('',(415.503571428571,25.2306182533728,0.));
#4907=CARTESIAN_POINT('',(337.153571428571,25.2306182533728,0.));
#4908=CARTESIAN_POINT('',(753.9,151.486332216089,0.));
#4909=CARTESIAN_POINT('',(753.9,157.886332216089,0.));
#4910=CARTESIAN_POINT('Origin',(753.9,154.686332216089,0.));
#4911=CARTESIAN_POINT('',(807.9,157.886332216089,0.));
#4912=CARTESIAN_POINT('',(807.9,157.886332216089,0.));
#4913=CARTESIAN_POINT('',(807.9,151.486332216089,0.));
#4914=CARTESIAN_POINT('Origin',(807.9,154.686332216089,0.));
#4915=CARTESIAN_POINT('',(753.9,151.486332216089,0.));
#4916=CARTESIAN_POINT('',(248.185714285714,319.232403831435,0.));
#4917=CARTESIAN_POINT('',(248.185714285714,325.632403831435,0.));
#4918=CARTESIAN_POINT('Origin',(248.185714285714,322.432403831435,0.));
#4919=CARTESIAN_POINT('',(302.185714285714,325.632403831435,0.));
#4920=CARTESIAN_POINT('',(302.185714285714,325.632403831435,0.));
#4921=CARTESIAN_POINT('',(302.185714285714,319.232403831435,0.));
#4922=CARTESIAN_POINT('Origin',(302.185714285714,322.432403831435,0.));
#4923=CARTESIAN_POINT('',(248.185714285714,319.232403831435,0.));
#4924=CARTESIAN_POINT('',(49.5964285714285,298.576689868719,0.));
#4925=CARTESIAN_POINT('',(46.5964285714285,301.576689868719,0.));
#4926=CARTESIAN_POINT('Origin',(49.5964285714285,301.576689868719,0.));
#4927=CARTESIAN_POINT('',(46.5964285714286,381.076689868719,0.));
#4928=CARTESIAN_POINT('',(46.5964285714286,381.076689868719,0.));
#4929=CARTESIAN_POINT('',(49.5964285714285,384.076689868719,0.));
#4930=CARTESIAN_POINT('Origin',(49.5964285714285,381.076689868719,0.));
#4931=CARTESIAN_POINT('',(197.346428571429,384.076689868719,0.));
#4932=CARTESIAN_POINT('',(197.346428571429,384.076689868719,0.));
#4933=CARTESIAN_POINT('',(200.346428571429,381.076689868719,0.));
#4934=CARTESIAN_POINT('Origin',(197.346428571429,381.076689868719,0.));
#4935=CARTESIAN_POINT('',(200.346428571429,301.576689868719,0.));
#4936=CARTESIAN_POINT('',(200.346428571429,301.576689868719,0.));
#4937=CARTESIAN_POINT('',(197.346428571429,298.576689868719,0.));
#4938=CARTESIAN_POINT('Origin',(197.346428571429,301.576689868719,0.));
#4939=CARTESIAN_POINT('',(49.5964285714285,298.576689868719,0.));
#4940=CARTESIAN_POINT('',(134.867857142857,25.2306182533728,0.));
#4941=CARTESIAN_POINT('',(134.867857142857,141.28069779583,0.));
#4942=CARTESIAN_POINT('',(134.867857142857,141.28069779583,0.));
#4943=CARTESIAN_POINT('',(213.217857142857,141.28069779583,0.));
#4944=CARTESIAN_POINT('',(213.217857142857,141.28069779583,0.));
#4945=CARTESIAN_POINT('',(213.217857142857,25.2306182533728,0.));
#4946=CARTESIAN_POINT('',(213.217857142857,25.2306182533728,0.));
#4947=CARTESIAN_POINT('',(134.867857142857,25.2306182533728,0.));
#4948=CARTESIAN_POINT('',(236.010714285714,192.976689868719,0.));
#4949=CARTESIAN_POINT('',(236.010714285714,309.026769411176,0.));
#4950=CARTESIAN_POINT('',(236.010714285714,309.026769411176,0.));
#4951=CARTESIAN_POINT('',(314.360714285714,309.026769411176,0.));
#4952=CARTESIAN_POINT('',(314.360714285714,309.026769411176,0.));
#4953=CARTESIAN_POINT('',(314.360714285714,192.976689868719,0.));
#4954=CARTESIAN_POINT('',(314.360714285714,192.976689868719,0.));
#4955=CARTESIAN_POINT('',(236.010714285714,192.976689868719,0.));
#4956=CARTESIAN_POINT('',(248.185714285714,151.486332216089,0.));
#4957=CARTESIAN_POINT('',(248.185714285714,157.886332216089,0.));
#4958=CARTESIAN_POINT('Origin',(248.185714285714,154.686332216089,0.));
#4959=CARTESIAN_POINT('',(302.185714285714,157.886332216089,0.));
#4960=CARTESIAN_POINT('',(302.185714285714,157.886332216089,0.));
#4961=CARTESIAN_POINT('',(302.185714285714,151.486332216089,0.));
#4962=CARTESIAN_POINT('Origin',(302.185714285714,154.686332216089,0.));
#4963=CARTESIAN_POINT('',(248.185714285714,151.486332216089,0.));
#4964=CARTESIAN_POINT('',(349.328571428571,319.232403831435,0.));
#4965=CARTESIAN_POINT('',(349.328571428571,325.632403831435,0.));
#4966=CARTESIAN_POINT('Origin',(349.328571428571,322.432403831435,0.));
#4967=CARTESIAN_POINT('',(403.328571428572,325.632403831435,0.));
#4968=CARTESIAN_POINT('',(403.328571428572,325.632403831435,0.));
#4969=CARTESIAN_POINT('',(403.328571428571,319.232403831435,0.));
#4970=CARTESIAN_POINT('Origin',(403.328571428572,322.432403831435,0.));
#4971=CARTESIAN_POINT('',(349.328571428571,319.232403831435,0.));
#4972=CARTESIAN_POINT('',(45.9,151.486332216089,0.));
#4973=CARTESIAN_POINT('',(45.9,157.886332216089,0.));
#4974=CARTESIAN_POINT('Origin',(45.9,154.686332216089,0.));
#4975=CARTESIAN_POINT('',(99.9,157.886332216089,0.));
#4976=CARTESIAN_POINT('',(99.9,157.886332216089,0.));
#4977=CARTESIAN_POINT('',(99.9,151.486332216089,0.));
#4978=CARTESIAN_POINT('Origin',(99.9,154.686332216089,0.));
#4979=CARTESIAN_POINT('',(45.9,151.486332216089,0.));
#4980=CARTESIAN_POINT('',(438.296428571429,25.2306182533728,0.));
#4981=CARTESIAN_POINT('',(438.296428571429,141.28069779583,0.));
#4982=CARTESIAN_POINT('',(438.296428571429,141.28069779583,0.));
#4983=CARTESIAN_POINT('',(516.646428571428,141.28069779583,0.));
#4984=CARTESIAN_POINT('',(516.646428571428,141.28069779583,0.));
#4985=CARTESIAN_POINT('',(516.646428571428,25.2306182533728,0.));
#4986=CARTESIAN_POINT('',(516.646428571428,25.2306182533728,0.));
#4987=CARTESIAN_POINT('',(438.296428571429,25.2306182533728,0.));
#4988=CARTESIAN_POINT('',(450.471428571428,151.486332216089,0.));
#4989=CARTESIAN_POINT('',(450.471428571429,157.886332216089,0.));
#4990=CARTESIAN_POINT('Origin',(450.471428571428,154.686332216089,0.));
#4991=CARTESIAN_POINT('',(504.471428571428,157.886332216089,0.));
#4992=CARTESIAN_POINT('',(504.471428571428,157.886332216089,0.));
#4993=CARTESIAN_POINT('',(504.471428571429,151.486332216089,0.));
#4994=CARTESIAN_POINT('Origin',(504.471428571428,154.686332216089,0.));
#4995=CARTESIAN_POINT('',(450.471428571428,151.486332216089,0.));
#4996=CARTESIAN_POINT('',(33.725,25.2306182533728,0.));
#4997=CARTESIAN_POINT('',(33.725,141.28069779583,0.));
#4998=CARTESIAN_POINT('',(33.725,141.28069779583,0.));
#4999=CARTESIAN_POINT('',(112.075,141.28069779583,0.));
#5000=CARTESIAN_POINT('',(112.075,141.28069779583,0.));
#5001=CARTESIAN_POINT('',(112.075,25.2306182533728,0.));
#5002=CARTESIAN_POINT('',(112.075,25.2306182533728,0.));
#5003=CARTESIAN_POINT('',(33.725,25.2306182533728,0.));
#5004=CARTESIAN_POINT('Origin',(426.9,222.588726678889,-2.));
#5005=CARTESIAN_POINT('',(851.8,418.855356171939,-2.));
#5006=CARTESIAN_POINT('',(213.45,418.855356123338,-2.));
#5007=CARTESIAN_POINT('',(853.8,378.855356171939,-2.));
#5008=CARTESIAN_POINT('',(853.8,378.855356171939,-2.));
#5009=CARTESIAN_POINT('',(853.8,13.7490290643356,-2.));
#5010=CARTESIAN_POINT('',(853.8,0.,-2.));
#5011=CARTESIAN_POINT('',(0.,13.7490290643356,-2.));
#5012=CARTESIAN_POINT('',(213.45,13.7490290643356,-2.));
#5013=CARTESIAN_POINT('',(0.,378.855356171939,-2.));
#5014=CARTESIAN_POINT('',(0.,378.855356171939,-2.));
#5015=CARTESIAN_POINT('',(2.,418.855356171939,-2.));
#5016=CARTESIAN_POINT('',(33.725,141.28069779583,-2.));
#5017=CARTESIAN_POINT('',(33.725,25.2306182533728,-2.));
#5018=CARTESIAN_POINT('',(33.725,141.28069779583,-2.));
#5019=CARTESIAN_POINT('',(112.075,25.2306182533728,-2.));
#5020=CARTESIAN_POINT('',(33.725,25.2306182533728,-2.));
#5021=CARTESIAN_POINT('',(112.075,141.28069779583,-2.));
#5022=CARTESIAN_POINT('',(112.075,25.2306182533728,-2.));
#5023=CARTESIAN_POINT('',(112.075,141.28069779583,-2.));
#5024=CARTESIAN_POINT('',(450.471428571429,157.886332216089,-2.));
#5025=CARTESIAN_POINT('',(450.471428571428,151.486332216089,-2.));
#5026=CARTESIAN_POINT('Origin',(450.471428571428,154.686332216089,-2.));
#5027=CARTESIAN_POINT('',(504.471428571429,151.486332216089,-2.));
#5028=CARTESIAN_POINT('',(450.471428571428,151.486332216089,-2.));
#5029=CARTESIAN_POINT('',(504.471428571428,157.886332216089,-2.));
#5030=CARTESIAN_POINT('Origin',(504.471428571428,154.686332216089,-2.));
#5031=CARTESIAN_POINT('',(504.471428571428,157.886332216089,-2.));
#5032=CARTESIAN_POINT('',(438.296428571429,141.28069779583,-2.));
#5033=CARTESIAN_POINT('',(438.296428571429,25.2306182533728,-2.));
#5034=CARTESIAN_POINT('',(438.296428571429,141.28069779583,-2.));
#5035=CARTESIAN_POINT('',(516.646428571428,25.2306182533728,-2.));
#5036=CARTESIAN_POINT('',(438.296428571429,25.2306182533728,-2.));
#5037=CARTESIAN_POINT('',(516.646428571428,141.28069779583,-2.));
#5038=CARTESIAN_POINT('',(516.646428571428,25.2306182533728,-2.));
#5039=CARTESIAN_POINT('',(516.646428571428,141.28069779583,-2.));
#5040=CARTESIAN_POINT('',(45.9,157.886332216089,-2.));
#5041=CARTESIAN_POINT('',(45.9,151.486332216089,-2.));
#5042=CARTESIAN_POINT('Origin',(45.9,154.686332216089,-2.));
#5043=CARTESIAN_POINT('',(99.8999999999999,151.486332216089,-2.));
#5044=CARTESIAN_POINT('',(45.9,151.486332216089,-2.));
#5045=CARTESIAN_POINT('',(99.9,157.886332216089,-2.));
#5046=CARTESIAN_POINT('Origin',(99.9,154.686332216089,-2.));
#5047=CARTESIAN_POINT('',(99.9,157.886332216089,-2.));
#5048=CARTESIAN_POINT('',(349.328571428571,325.632403831435,-2.));
#5049=CARTESIAN_POINT('',(349.328571428571,319.232403831435,-2.));
#5050=CARTESIAN_POINT('Origin',(349.328571428571,322.432403831435,-2.));
#5051=CARTESIAN_POINT('',(403.328571428571,319.232403831435,-2.));
#5052=CARTESIAN_POINT('',(349.328571428571,319.232403831435,-2.));
#5053=CARTESIAN_POINT('',(403.328571428572,325.632403831435,-2.));
#5054=CARTESIAN_POINT('Origin',(403.328571428572,322.432403831435,-2.));
#5055=CARTESIAN_POINT('',(403.328571428572,325.632403831435,-2.));
#5056=CARTESIAN_POINT('',(248.185714285714,157.886332216089,-2.));
#5057=CARTESIAN_POINT('',(248.185714285714,151.486332216089,-2.));
#5058=CARTESIAN_POINT('Origin',(248.185714285714,154.686332216089,-2.));
#5059=CARTESIAN_POINT('',(302.185714285714,151.486332216089,-2.));
#5060=CARTESIAN_POINT('',(248.185714285714,151.486332216089,-2.));
#5061=CARTESIAN_POINT('',(302.185714285714,157.886332216089,-2.));
#5062=CARTESIAN_POINT('Origin',(302.185714285714,154.686332216089,-2.));
#5063=CARTESIAN_POINT('',(302.185714285714,157.886332216089,-2.));
#5064=CARTESIAN_POINT('',(236.010714285714,309.026769411176,-2.));
#5065=CARTESIAN_POINT('',(236.010714285714,192.976689868719,-2.));
#5066=CARTESIAN_POINT('',(236.010714285714,309.026769411176,-2.));
#5067=CARTESIAN_POINT('',(314.360714285714,192.976689868719,-2.));
#5068=CARTESIAN_POINT('',(236.010714285714,192.976689868719,-2.));
#5069=CARTESIAN_POINT('',(314.360714285714,309.026769411176,-2.));
#5070=CARTESIAN_POINT('',(314.360714285714,192.976689868719,-2.));
#5071=CARTESIAN_POINT('',(314.360714285714,309.026769411176,-2.));
#5072=CARTESIAN_POINT('',(134.867857142857,141.28069779583,-2.));
#5073=CARTESIAN_POINT('',(134.867857142857,25.2306182533728,-2.));
#5074=CARTESIAN_POINT('',(134.867857142857,141.28069779583,-2.));
#5075=CARTESIAN_POINT('',(213.217857142857,25.2306182533728,-2.));
#5076=CARTESIAN_POINT('',(134.867857142857,25.2306182533728,-2.));
#5077=CARTESIAN_POINT('',(213.217857142857,141.28069779583,-2.));
#5078=CARTESIAN_POINT('',(213.217857142857,25.2306182533728,-2.));
#5079=CARTESIAN_POINT('',(213.217857142857,141.28069779583,-2.));
#5080=CARTESIAN_POINT('',(46.5964285714286,301.576689868719,-2.));
#5081=CARTESIAN_POINT('',(49.5964285714285,298.576689868719,-2.));
#5082=CARTESIAN_POINT('Origin',(49.5964285714285,301.576689868719,-2.));
#5083=CARTESIAN_POINT('',(197.346428571429,298.576689868719,-2.));
#5084=CARTESIAN_POINT('',(49.5964285714285,298.576689868719,-2.));
#5085=CARTESIAN_POINT('',(200.346428571429,301.576689868719,-2.));
#5086=CARTESIAN_POINT('Origin',(197.346428571429,301.576689868719,-2.));
#5087=CARTESIAN_POINT('',(200.346428571429,381.076689868719,-2.));
#5088=CARTESIAN_POINT('',(200.346428571429,301.576689868719,-2.));
#5089=CARTESIAN_POINT('',(197.346428571429,384.076689868719,-2.));
#5090=CARTESIAN_POINT('Origin',(197.346428571429,381.076689868719,-2.));
#5091=CARTESIAN_POINT('',(49.5964285714285,384.076689868719,-2.));
#5092=CARTESIAN_POINT('',(197.346428571429,384.076689868719,-2.));
#5093=CARTESIAN_POINT('',(46.5964285714286,381.076689868719,-2.));
#5094=CARTESIAN_POINT('Origin',(49.5964285714285,381.076689868719,-2.));
#5095=CARTESIAN_POINT('',(46.5964285714286,381.076689868719,-2.));
#5096=CARTESIAN_POINT('',(248.185714285714,325.632403831435,-2.));
#5097=CARTESIAN_POINT('',(248.185714285714,319.232403831435,-2.));
#5098=CARTESIAN_POINT('Origin',(248.185714285714,322.432403831435,-2.));
#5099=CARTESIAN_POINT('',(302.185714285714,319.232403831435,-2.));
#5100=CARTESIAN_POINT('',(248.185714285714,319.232403831435,-2.));
#5101=CARTESIAN_POINT('',(302.185714285714,325.632403831435,-2.));
#5102=CARTESIAN_POINT('Origin',(302.185714285714,322.432403831435,-2.));
#5103=CARTESIAN_POINT('',(302.185714285714,325.632403831435,-2.));
#5104=CARTESIAN_POINT('',(753.9,157.886332216089,-2.));
#5105=CARTESIAN_POINT('',(753.9,151.486332216089,-2.));
#5106=CARTESIAN_POINT('Origin',(753.9,154.686332216089,-2.));
#5107=CARTESIAN_POINT('',(807.9,151.486332216089,-2.));
#5108=CARTESIAN_POINT('',(753.9,151.486332216089,-2.));
#5109=CARTESIAN_POINT('',(807.9,157.886332216089,-2.));
#5110=CARTESIAN_POINT('Origin',(807.9,154.686332216089,-2.));
#5111=CARTESIAN_POINT('',(807.9,157.886332216089,-2.));
#5112=CARTESIAN_POINT('',(337.153571428571,141.28069779583,-2.));
#5113=CARTESIAN_POINT('',(337.153571428571,25.2306182533728,-2.));
#5114=CARTESIAN_POINT('',(337.153571428571,141.28069779583,-2.));
#5115=CARTESIAN_POINT('',(415.503571428571,25.2306182533728,-2.));
#5116=CARTESIAN_POINT('',(337.153571428571,25.2306182533728,-2.));
#5117=CARTESIAN_POINT('',(415.503571428571,141.28069779583,-2.));
#5118=CARTESIAN_POINT('',(415.503571428571,25.2306182533728,-2.));
#5119=CARTESIAN_POINT('',(415.503571428571,141.28069779583,-2.));
#5120=CARTESIAN_POINT('',(741.725,141.28069779583,-2.));
#5121=CARTESIAN_POINT('',(741.725,25.2306182533728,-2.));
#5122=CARTESIAN_POINT('',(741.725,141.28069779583,-2.));
#5123=CARTESIAN_POINT('',(820.075,25.2306182533728,-2.));
#5124=CARTESIAN_POINT('',(741.725,25.2306182533728,-2.));
#5125=CARTESIAN_POINT('',(820.075,141.28069779583,-2.));
#5126=CARTESIAN_POINT('',(820.075,25.2306182533728,-2.));
#5127=CARTESIAN_POINT('',(820.075,141.28069779583,-2.));
#5128=CARTESIAN_POINT('',(640.582142857143,141.28069779583,-2.));
#5129=CARTESIAN_POINT('',(640.582142857143,25.2306182533728,-2.));
#5130=CARTESIAN_POINT('',(640.582142857143,141.28069779583,-2.));
#5131=CARTESIAN_POINT('',(718.932142857143,25.2306182533728,-2.));
#5132=CARTESIAN_POINT('',(640.582142857143,25.2306182533728,-2.));
#5133=CARTESIAN_POINT('',(718.932142857143,141.28069779583,-2.));
#5134=CARTESIAN_POINT('',(718.932142857143,25.2306182533728,-2.));
#5135=CARTESIAN_POINT('',(718.932142857143,141.28069779583,-2.));
#5136=CARTESIAN_POINT('',(458.285714285714,195.976689868719,-2.));
#5137=CARTESIAN_POINT('',(461.285714285714,192.976689868719,-2.));
#5138=CARTESIAN_POINT('Origin',(461.285714285714,195.976689868719,-2.));
#5139=CARTESIAN_POINT('',(797.085714285714,192.976689868719,-2.));
#5140=CARTESIAN_POINT('',(461.285714285714,192.976689868719,-2.));
#5141=CARTESIAN_POINT('',(800.085714285714,195.976689868719,-2.));
#5142=CARTESIAN_POINT('Origin',(797.085714285714,195.976689868719,-2.));
#5143=CARTESIAN_POINT('',(800.085714285714,381.076689868719,-2.));
#5144=CARTESIAN_POINT('',(800.085714285714,195.976689868719,-2.));
#5145=CARTESIAN_POINT('',(797.085714285714,384.076689868718,-2.));
#5146=CARTESIAN_POINT('Origin',(797.085714285714,381.076689868719,-2.));
#5147=CARTESIAN_POINT('',(461.285714285714,384.076689868719,-2.));
#5148=CARTESIAN_POINT('',(797.085714285714,384.076689868718,-2.));
#5149=CARTESIAN_POINT('',(458.285714285714,381.076689868719,-2.));
#5150=CARTESIAN_POINT('Origin',(461.285714285714,381.076689868719,-2.));
#5151=CARTESIAN_POINT('',(458.285714285714,381.076689868719,-2.));
#5152=CARTESIAN_POINT('',(551.614285714286,157.886332216089,-2.));
#5153=CARTESIAN_POINT('',(551.614285714286,151.486332216089,-2.));
#5154=CARTESIAN_POINT('Origin',(551.614285714286,154.686332216089,-2.));
#5155=CARTESIAN_POINT('',(605.614285714286,151.486332216089,-2.));
#5156=CARTESIAN_POINT('',(551.614285714286,151.486332216089,-2.));
#5157=CARTESIAN_POINT('',(605.614285714286,157.886332216089,-2.));
#5158=CARTESIAN_POINT('Origin',(605.614285714286,154.686332216089,-2.));
#5159=CARTESIAN_POINT('',(605.614285714286,157.886332216089,-2.));
#5160=CARTESIAN_POINT('',(652.757142857143,157.886332216089,-2.));
#5161=CARTESIAN_POINT('',(652.757142857143,151.486332216089,-2.));
#5162=CARTESIAN_POINT('Origin',(652.757142857143,154.686332216089,-2.));
#5163=CARTESIAN_POINT('',(706.757142857143,151.486332216089,-2.));
#5164=CARTESIAN_POINT('',(652.757142857143,151.486332216089,-2.));
#5165=CARTESIAN_POINT('',(706.757142857143,157.886332216089,-2.));
#5166=CARTESIAN_POINT('Origin',(706.757142857143,154.686332216089,-2.));
#5167=CARTESIAN_POINT('',(706.757142857143,157.886332216089,-2.));
#5168=CARTESIAN_POINT('',(236.010714285714,141.28069779583,-2.));
#5169=CARTESIAN_POINT('',(236.010714285714,25.2306182533728,-2.));
#5170=CARTESIAN_POINT('',(236.010714285714,141.28069779583,-2.));
#5171=CARTESIAN_POINT('',(314.360714285714,25.2306182533728,-2.));
#5172=CARTESIAN_POINT('',(236.010714285714,25.2306182533728,-2.));
#5173=CARTESIAN_POINT('',(314.360714285714,141.28069779583,-2.));
#5174=CARTESIAN_POINT('',(314.360714285714,25.2306182533728,-2.));
#5175=CARTESIAN_POINT('',(314.360714285714,141.28069779583,-2.));
#5176=CARTESIAN_POINT('',(337.153571428571,309.026769411176,-2.));
#5177=CARTESIAN_POINT('',(337.153571428571,192.976689868719,-2.));
#5178=CARTESIAN_POINT('',(337.153571428571,309.026769411176,-2.));
#5179=CARTESIAN_POINT('',(415.503571428571,192.976689868719,-2.));
#5180=CARTESIAN_POINT('',(337.153571428571,192.976689868719,-2.));
#5181=CARTESIAN_POINT('',(415.503571428571,309.026769411176,-2.));
#5182=CARTESIAN_POINT('',(415.503571428571,192.976689868719,-2.));
#5183=CARTESIAN_POINT('',(415.503571428571,309.026769411176,-2.));
#5184=CARTESIAN_POINT('',(349.328571428571,157.886332216089,-2.));
#5185=CARTESIAN_POINT('',(349.328571428572,151.486332216089,-2.));
#5186=CARTESIAN_POINT('Origin',(349.328571428571,154.686332216089,-2.));
#5187=CARTESIAN_POINT('',(403.328571428571,151.486332216089,-2.));
#5188=CARTESIAN_POINT('',(349.328571428572,151.486332216089,-2.));
#5189=CARTESIAN_POINT('',(403.328571428572,157.886332216089,-2.));
#5190=CARTESIAN_POINT('Origin',(403.328571428571,154.686332216089,-2.));
#5191=CARTESIAN_POINT('',(403.328571428572,157.886332216089,-2.));
#5192=CARTESIAN_POINT('',(147.042857142857,157.886332216089,-2.));
#5193=CARTESIAN_POINT('',(147.042857142857,151.486332216089,-2.));
#5194=CARTESIAN_POINT('Origin',(147.042857142857,154.686332216089,-2.));
#5195=CARTESIAN_POINT('',(201.042857142857,151.486332216089,-2.));
#5196=CARTESIAN_POINT('',(147.042857142857,151.486332216089,-2.));
#5197=CARTESIAN_POINT('',(201.042857142857,157.886332216089,-2.));
#5198=CARTESIAN_POINT('Origin',(201.042857142857,154.686332216089,-2.));
#5199=CARTESIAN_POINT('',(201.042857142857,157.886332216089,-2.));
#5200=CARTESIAN_POINT('',(539.439285714286,141.28069779583,-2.));
#5201=CARTESIAN_POINT('',(539.439285714286,25.2306182533728,-2.));
#5202=CARTESIAN_POINT('',(539.439285714286,141.28069779583,-2.));
#5203=CARTESIAN_POINT('',(617.789285714286,25.2306182533728,-2.));
#5204=CARTESIAN_POINT('',(539.439285714286,25.2306182533728,-2.));
#5205=CARTESIAN_POINT('',(617.789285714286,141.28069779583,-2.));
#5206=CARTESIAN_POINT('',(617.789285714286,25.2306182533728,-2.));
#5207=CARTESIAN_POINT('',(617.789285714286,141.28069779583,-2.));
#5208=CARTESIAN_POINT('',(89.7714,228.0767,-2.));
#5209=CARTESIAN_POINT('Origin',(123.4714,228.0767,-2.));
#5210=CARTESIAN_POINT('Origin',(853.8,89.6349958860559,356.832729087676));
#5211=CARTESIAN_POINT('',(853.8,11.796423748767,-3.56718077490358));
#5212=CARTESIAN_POINT('',(853.8,9.84381843319831,-3.13436154980715));
#5213=CARTESIAN_POINT('',(853.8,9.84381843319831,-3.13436154980715));
#5214=CARTESIAN_POINT('',(853.8,7.64705504507111,-13.0447620588144));
#5215=CARTESIAN_POINT('',(853.8,7.64705504507111,-13.0447620588144));
#5216=CARTESIAN_POINT('',(853.8,9.59966036063975,-13.4775812839108));
#5217=CARTESIAN_POINT('',(853.8,7.64705504507111,-13.0447620588144));
#5218=CARTESIAN_POINT('',(853.8,9.59966036063975,-13.4775812839108));
#5219=CARTESIAN_POINT('Origin',(426.9,13.7490290643356,-4.));
#5220=CARTESIAN_POINT('',(0.,11.796423748767,-3.56718077490358));
#5221=CARTESIAN_POINT('',(213.45,11.796423748767,-3.56718077490358));
#5222=CARTESIAN_POINT('Origin',(0.,13.7490290643356,-4.));
#5223=CARTESIAN_POINT('Origin',(853.8,13.7490290643356,-4.));
#5224=CARTESIAN_POINT('Origin',(0.,9.84381843319831,-3.13436154980715));
#5225=CARTESIAN_POINT('',(0.,9.84381843319831,-3.13436154980715));
#5226=CARTESIAN_POINT('',(0.,9.84381843319831,-3.13436154980715));
#5227=CARTESIAN_POINT('Origin',(0.,13.7490290643356,-4.));
#5228=CARTESIAN_POINT('',(0.,13.7490290643356,0.));
#5229=CARTESIAN_POINT('Origin',(426.9,55.8173951432498,204.269203390613));
#5230=CARTESIAN_POINT('',(213.45,9.84381843319831,-3.13436154980715));
#5231=CARTESIAN_POINT('',(0.,7.64705504507111,-13.0447620588144));
#5232=CARTESIAN_POINT('',(0.,89.6349958860559,356.832729087676));
#5233=CARTESIAN_POINT('',(0.,7.64705504507111,-13.0447620588144));
#5234=CARTESIAN_POINT('Origin',(426.9,57.7700004588184,203.836384165517));
#5235=CARTESIAN_POINT('',(0.,9.59966036063975,-13.4775812839108));
#5236=CARTESIAN_POINT('',(0.,9.59966036063975,-13.4775812839108));
#5237=CARTESIAN_POINT('',(0.,91.5876012016245,356.399909862579));
#5238=CARTESIAN_POINT('Origin',(0.,0.,0.));
#5239=CARTESIAN_POINT('',(0.,378.855356171939,0.));
#5240=CARTESIAN_POINT('Origin',(426.9,263.024057926983,118.185758789828));
#5241=CARTESIAN_POINT('',(2.,440.9263678833,-15.5920770303696));
#5242=CARTESIAN_POINT('',(851.8,440.9263678833,-15.5920770303696));
#5243=CARTESIAN_POINT('',(2.,440.9263678833,-15.5920770303696));
#5244=CARTESIAN_POINT('',(227.614285714286,429.759688850972,-7.19502949000599));
#5245=CARTESIAN_POINT('',(221.614285714286,429.759688850971,-7.19502949000592));
#5246=CARTESIAN_POINT('Origin',(224.614285714286,429.759688850971,-7.19502949000592));
#5247=CARTESIAN_POINT('',(221.614285714286,432.956657765088,-9.59906562995272));
#5248=CARTESIAN_POINT('',(221.614285714286,432.956657765088,-9.59906562995272));
#5249=CARTESIAN_POINT('',(227.614285714286,432.956657765088,-9.59906562995272));
#5250=CARTESIAN_POINT('Origin',(224.614285714286,432.956657765088,-9.59906562995272));
#5251=CARTESIAN_POINT('',(227.614285714286,429.759688850972,-7.19502949000599));
#5252=CARTESIAN_POINT('',(733.328571428571,429.759688850972,-7.19502949000603));
#5253=CARTESIAN_POINT('',(727.328571428571,429.759688850971,-7.19502949000592));
#5254=CARTESIAN_POINT('Origin',(730.328571428572,429.759688850971,-7.19502949000592));
#5255=CARTESIAN_POINT('',(727.328571428571,432.956657765088,-9.59906562995272));
#5256=CARTESIAN_POINT('',(727.328571428571,432.956657765088,-9.59906562995272));
#5257=CARTESIAN_POINT('',(733.328571428571,432.956657765088,-9.59906562995272));
#5258=CARTESIAN_POINT('Origin',(730.328571428571,432.956657765088,-9.59906562995272));
#5259=CARTESIAN_POINT('',(733.328571428571,429.759688850972,-7.19502949000603));
#5260=CARTESIAN_POINT('',(429.9,429.759688850971,-7.19502949000592));
#5261=CARTESIAN_POINT('',(423.9,429.759688850971,-7.19502949000592));
#5262=CARTESIAN_POINT('Origin',(426.9,429.759688850971,-7.19502949000592));
#5263=CARTESIAN_POINT('',(423.9,432.956657765088,-9.59906562995272));
#5264=CARTESIAN_POINT('',(423.9,432.956657765088,-9.59906562995272));
#5265=CARTESIAN_POINT('',(429.9,432.956657765088,-9.59906562995272));
#5266=CARTESIAN_POINT('Origin',(426.9,432.956657765088,-9.59906562995272));
#5267=CARTESIAN_POINT('',(429.9,429.759688850971,-7.19502949000592));
#5268=CARTESIAN_POINT('',(328.757142857143,429.759688850971,-7.19502949000589));
#5269=CARTESIAN_POINT('',(322.757142857143,429.759688850971,-7.19502949000592));
#5270=CARTESIAN_POINT('Origin',(325.757142857143,429.759688850971,-7.19502949000592));
#5271=CARTESIAN_POINT('',(322.757142857143,432.956657765088,-9.59906562995275));
#5272=CARTESIAN_POINT('',(322.757142857143,432.956657765088,-9.59906562995275));
#5273=CARTESIAN_POINT('',(328.757142857143,432.956657765088,-9.59906562995272));
#5274=CARTESIAN_POINT('Origin',(325.757142857143,432.956657765088,-9.59906562995272));
#5275=CARTESIAN_POINT('',(328.757142857143,429.759688850971,-7.19502949000589));
#5276=CARTESIAN_POINT('',(126.471428571429,429.759688850971,-7.19502949000592));
#5277=CARTESIAN_POINT('',(120.471428571429,429.759688850971,-7.19502949000592));
#5278=CARTESIAN_POINT('Origin',(123.471428571429,429.759688850971,-7.19502949000592));
#5279=CARTESIAN_POINT('',(120.471428571429,432.956657765088,-9.59906562995272));
#5280=CARTESIAN_POINT('',(120.471428571429,432.956657765088,-9.59906562995272));
#5281=CARTESIAN_POINT('',(126.471428571429,432.956657765088,-9.59906562995272));
#5282=CARTESIAN_POINT('Origin',(123.471428571429,432.956657765088,-9.59906562995272));
#5283=CARTESIAN_POINT('',(126.471428571429,429.759688850971,-7.19502949000592));
#5284=CARTESIAN_POINT('',(531.042857142857,429.759688850971,-7.19502949000592));
#5285=CARTESIAN_POINT('',(525.042857142857,429.759688850971,-7.19502949000592));
#5286=CARTESIAN_POINT('Origin',(528.042857142857,429.759688850971,-7.19502949000592));
#5287=CARTESIAN_POINT('',(525.042857142857,432.956657765088,-9.59906562995275));
#5288=CARTESIAN_POINT('',(525.042857142857,432.956657765088,-9.59906562995275));
#5289=CARTESIAN_POINT('',(531.042857142857,432.956657765088,-9.59906562995272));
#5290=CARTESIAN_POINT('Origin',(528.042857142857,432.956657765088,-9.59906562995272));
#5291=CARTESIAN_POINT('',(531.042857142857,429.759688850971,-7.19502949000592));
#5292=CARTESIAN_POINT('',(25.3285714285714,429.759688850971,-7.19502949000592));
#5293=CARTESIAN_POINT('',(19.3285714285714,429.759688850971,-7.19502949000592));
#5294=CARTESIAN_POINT('Origin',(22.3285714285714,429.759688850971,-7.19502949000592));
#5295=CARTESIAN_POINT('',(19.3285714285714,432.956657765088,-9.59906562995272));
#5296=CARTESIAN_POINT('',(19.3285714285714,432.956657765088,-9.59906562995272));
#5297=CARTESIAN_POINT('',(25.3285714285714,432.956657765088,-9.59906562995272));
#5298=CARTESIAN_POINT('Origin',(22.3285714285714,432.956657765088,-9.59906562995272));
#5299=CARTESIAN_POINT('',(25.3285714285714,429.759688850971,-7.19502949000592));
#5300=CARTESIAN_POINT('',(632.185714285714,429.759688850972,-7.19502949000599));
#5301=CARTESIAN_POINT('',(626.185714285714,429.759688850971,-7.19502949000592));
#5302=CARTESIAN_POINT('Origin',(629.185714285714,429.759688850971,-7.19502949000592));
#5303=CARTESIAN_POINT('',(626.185714285714,432.956657765088,-9.59906562995272));
#5304=CARTESIAN_POINT('',(626.185714285714,432.956657765088,-9.59906562995272));
#5305=CARTESIAN_POINT('',(632.185714285714,432.956657765088,-9.59906562995272));
#5306=CARTESIAN_POINT('Origin',(629.185714285714,432.956657765088,-9.59906562995272));
#5307=CARTESIAN_POINT('',(632.185714285714,429.759688850972,-7.19502949000599));
#5308=CARTESIAN_POINT('',(834.471428571429,429.759688850971,-7.19502949000592));
#5309=CARTESIAN_POINT('',(828.471428571429,429.759688850971,-7.19502949000592));
#5310=CARTESIAN_POINT('Origin',(831.471428571429,429.759688850971,-7.19502949000592));
#5311=CARTESIAN_POINT('',(828.471428571429,432.956657765089,-9.5990656299529));
#5312=CARTESIAN_POINT('',(828.471428571429,432.956657765089,-9.5990656299529));
#5313=CARTESIAN_POINT('',(834.471428571429,432.956657765088,-9.59906562995272));
#5314=CARTESIAN_POINT('Origin',(831.471428571429,432.956657765088,-9.59906562995272));
#5315=CARTESIAN_POINT('',(834.471428571429,429.759688850971,-7.19502949000592));
#5316=CARTESIAN_POINT('Origin',(853.8,11.796423748767,-3.56718077490358));
#5317=CARTESIAN_POINT('',(853.8,13.7490290643356,0.));
#5318=CARTESIAN_POINT('Origin',(853.8,13.7490290643356,-4.));
#5319=CARTESIAN_POINT('Origin',(221.614285714286,432.956657765088,-9.59906562995272));
#5320=CARTESIAN_POINT('',(221.614285714286,429.759688850971,-7.19502949000592));
#5321=CARTESIAN_POINT('',(221.614285714286,432.956657765088,-9.59906562995272));
#5322=CARTESIAN_POINT('Origin',(224.614285714286,432.956657765088,-9.59906562995272));
#5323=CARTESIAN_POINT('',(227.614285714286,432.956657765088,-9.59906562995272));
#5324=CARTESIAN_POINT('Origin',(227.614285714286,429.759688850972,-7.19502949000599));
#5325=CARTESIAN_POINT('',(227.614285714286,429.759688850972,-7.19502949000599));
#5326=CARTESIAN_POINT('Origin',(224.614285714286,429.759688850971,-7.19502949000592));
#5327=CARTESIAN_POINT('Origin',(727.328571428571,432.956657765088,-9.59906562995272));
#5328=CARTESIAN_POINT('',(727.328571428571,429.759688850971,-7.19502949000592));
#5329=CARTESIAN_POINT('',(727.328571428571,432.956657765088,-9.59906562995272));
#5330=CARTESIAN_POINT('Origin',(730.328571428571,432.956657765088,-9.59906562995272));
#5331=CARTESIAN_POINT('',(733.328571428571,432.956657765088,-9.59906562995272));
#5332=CARTESIAN_POINT('Origin',(733.328571428571,429.759688850972,-7.19502949000603));
#5333=CARTESIAN_POINT('',(733.328571428571,429.759688850972,-7.19502949000603));
#5334=CARTESIAN_POINT('Origin',(730.328571428572,429.759688850971,-7.19502949000592));
#5335=CARTESIAN_POINT('Origin',(423.9,432.956657765088,-9.59906562995272));
#5336=CARTESIAN_POINT('',(423.9,429.759688850971,-7.19502949000592));
#5337=CARTESIAN_POINT('',(423.9,432.956657765088,-9.59906562995272));
#5338=CARTESIAN_POINT('Origin',(426.9,432.956657765088,-9.59906562995272));
#5339=CARTESIAN_POINT('',(429.9,432.956657765088,-9.59906562995272));
#5340=CARTESIAN_POINT('Origin',(429.9,429.759688850971,-7.19502949000592));
#5341=CARTESIAN_POINT('',(429.9,429.759688850971,-7.19502949000592));
#5342=CARTESIAN_POINT('Origin',(426.9,429.759688850971,-7.19502949000592));
#5343=CARTESIAN_POINT('Origin',(112.075,141.28069779583,0.));
#5344=CARTESIAN_POINT('',(33.725,141.28069779583,0.));
#5345=CARTESIAN_POINT('',(112.075,141.28069779583,0.));
#5346=CARTESIAN_POINT('Origin',(112.075,25.2306182533728,0.));
#5347=CARTESIAN_POINT('',(112.075,25.2306182533728,0.));
#5348=CARTESIAN_POINT('Origin',(33.725,25.2306182533728,0.));
#5349=CARTESIAN_POINT('',(33.725,25.2306182533728,0.));
#5350=CARTESIAN_POINT('Origin',(33.725,141.28069779583,0.));
#5351=CARTESIAN_POINT('Origin',(504.471428571428,157.886332216089,0.));
#5352=CARTESIAN_POINT('',(450.471428571429,157.886332216089,0.));
#5353=CARTESIAN_POINT('',(504.471428571428,157.886332216089,0.));
#5354=CARTESIAN_POINT('Origin',(504.471428571428,154.686332216089,0.));
#5355=CARTESIAN_POINT('',(504.471428571429,151.486332216089,0.));
#5356=CARTESIAN_POINT('Origin',(450.471428571428,151.486332216089,0.));
#5357=CARTESIAN_POINT('',(450.471428571428,151.486332216089,0.));
#5358=CARTESIAN_POINT('Origin',(450.471428571428,154.686332216089,0.));
#5359=CARTESIAN_POINT('Origin',(516.646428571428,141.28069779583,0.));
#5360=CARTESIAN_POINT('',(438.296428571429,141.28069779583,0.));
#5361=CARTESIAN_POINT('',(516.646428571428,141.28069779583,0.));
#5362=CARTESIAN_POINT('Origin',(516.646428571428,25.2306182533728,0.));
#5363=CARTESIAN_POINT('',(516.646428571428,25.2306182533728,0.));
#5364=CARTESIAN_POINT('Origin',(438.296428571429,25.2306182533728,0.));
#5365=CARTESIAN_POINT('',(438.296428571429,25.2306182533728,0.));
#5366=CARTESIAN_POINT('Origin',(438.296428571429,141.28069779583,0.));
#5367=CARTESIAN_POINT('Origin',(99.9,157.886332216089,0.));
#5368=CARTESIAN_POINT('',(45.9,157.886332216089,0.));
#5369=CARTESIAN_POINT('',(99.9,157.886332216089,0.));
#5370=CARTESIAN_POINT('Origin',(99.9,154.686332216089,0.));
#5371=CARTESIAN_POINT('',(99.9,151.486332216089,0.));
#5372=CARTESIAN_POINT('Origin',(45.9,151.486332216089,0.));
#5373=CARTESIAN_POINT('',(45.9,151.486332216089,0.));
#5374=CARTESIAN_POINT('Origin',(45.9,154.686332216089,0.));
#5375=CARTESIAN_POINT('Origin',(403.328571428572,325.632403831435,0.));
#5376=CARTESIAN_POINT('',(349.328571428571,325.632403831435,0.));
#5377=CARTESIAN_POINT('',(403.328571428572,325.632403831435,0.));
#5378=CARTESIAN_POINT('Origin',(403.328571428572,322.432403831435,0.));
#5379=CARTESIAN_POINT('',(403.328571428571,319.232403831435,0.));
#5380=CARTESIAN_POINT('Origin',(349.328571428571,319.232403831435,0.));
#5381=CARTESIAN_POINT('',(349.328571428571,319.232403831435,0.));
#5382=CARTESIAN_POINT('Origin',(349.328571428571,322.432403831435,0.));
#5383=CARTESIAN_POINT('Origin',(302.185714285714,157.886332216089,0.));
#5384=CARTESIAN_POINT('',(248.185714285714,157.886332216089,0.));
#5385=CARTESIAN_POINT('',(302.185714285714,157.886332216089,0.));
#5386=CARTESIAN_POINT('Origin',(302.185714285714,154.686332216089,0.));
#5387=CARTESIAN_POINT('',(302.185714285714,151.486332216089,0.));
#5388=CARTESIAN_POINT('Origin',(248.185714285714,151.486332216089,0.));
#5389=CARTESIAN_POINT('',(248.185714285714,151.486332216089,0.));
#5390=CARTESIAN_POINT('Origin',(248.185714285714,154.686332216089,0.));
#5391=CARTESIAN_POINT('Origin',(314.360714285714,309.026769411176,0.));
#5392=CARTESIAN_POINT('',(236.010714285714,309.026769411176,0.));
#5393=CARTESIAN_POINT('',(314.360714285714,309.026769411176,0.));
#5394=CARTESIAN_POINT('Origin',(314.360714285714,192.976689868719,0.));
#5395=CARTESIAN_POINT('',(314.360714285714,192.976689868719,0.));
#5396=CARTESIAN_POINT('Origin',(236.010714285714,192.976689868719,0.));
#5397=CARTESIAN_POINT('',(236.010714285714,192.976689868719,0.));
#5398=CARTESIAN_POINT('Origin',(236.010714285714,309.026769411176,0.));
#5399=CARTESIAN_POINT('Origin',(213.217857142857,141.28069779583,0.));
#5400=CARTESIAN_POINT('',(134.867857142857,141.28069779583,0.));
#5401=CARTESIAN_POINT('',(213.217857142857,141.28069779583,0.));
#5402=CARTESIAN_POINT('Origin',(213.217857142857,25.2306182533728,0.));
#5403=CARTESIAN_POINT('',(213.217857142857,25.2306182533728,0.));
#5404=CARTESIAN_POINT('Origin',(134.867857142857,25.2306182533728,0.));
#5405=CARTESIAN_POINT('',(134.867857142857,25.2306182533728,0.));
#5406=CARTESIAN_POINT('Origin',(134.867857142857,141.28069779583,0.));
#5407=CARTESIAN_POINT('Origin',(46.5964285714286,381.076689868719,0.));
#5408=CARTESIAN_POINT('',(46.5964285714285,301.576689868719,0.));
#5409=CARTESIAN_POINT('',(46.5964285714286,381.076689868719,0.));
#5410=CARTESIAN_POINT('Origin',(49.5964285714285,381.076689868719,0.));
#5411=CARTESIAN_POINT('',(49.5964285714285,384.076689868719,0.));
#5412=CARTESIAN_POINT('Origin',(197.346428571429,384.076689868719,0.));
#5413=CARTESIAN_POINT('',(197.346428571429,384.076689868719,0.));
#5414=CARTESIAN_POINT('Origin',(197.346428571429,381.076689868719,0.));
#5415=CARTESIAN_POINT('',(200.346428571429,381.076689868719,0.));
#5416=CARTESIAN_POINT('Origin',(200.346428571429,301.576689868719,0.));
#5417=CARTESIAN_POINT('',(200.346428571429,301.576689868719,0.));
#5418=CARTESIAN_POINT('Origin',(197.346428571429,301.576689868719,0.));
#5419=CARTESIAN_POINT('',(197.346428571429,298.576689868719,0.));
#5420=CARTESIAN_POINT('Origin',(49.5964285714285,298.576689868719,0.));
#5421=CARTESIAN_POINT('',(49.5964285714285,298.576689868719,0.));
#5422=CARTESIAN_POINT('Origin',(49.5964285714285,301.576689868719,0.));
#5423=CARTESIAN_POINT('Origin',(302.185714285714,325.632403831435,0.));
#5424=CARTESIAN_POINT('',(248.185714285714,325.632403831435,0.));
#5425=CARTESIAN_POINT('',(302.185714285714,325.632403831435,0.));
#5426=CARTESIAN_POINT('Origin',(302.185714285714,322.432403831435,0.));
#5427=CARTESIAN_POINT('',(302.185714285714,319.232403831435,0.));
#5428=CARTESIAN_POINT('Origin',(248.185714285714,319.232403831435,0.));
#5429=CARTESIAN_POINT('',(248.185714285714,319.232403831435,0.));
#5430=CARTESIAN_POINT('Origin',(248.185714285714,322.432403831435,0.));
#5431=CARTESIAN_POINT('Origin',(807.9,157.886332216089,0.));
#5432=CARTESIAN_POINT('',(753.9,157.886332216089,0.));
#5433=CARTESIAN_POINT('',(807.9,157.886332216089,0.));
#5434=CARTESIAN_POINT('Origin',(807.9,154.686332216089,0.));
#5435=CARTESIAN_POINT('',(807.9,151.486332216089,0.));
#5436=CARTESIAN_POINT('Origin',(753.9,151.486332216089,0.));
#5437=CARTESIAN_POINT('',(753.9,151.486332216089,0.));
#5438=CARTESIAN_POINT('Origin',(753.9,154.686332216089,0.));
#5439=CARTESIAN_POINT('Origin',(322.757142857143,432.956657765088,-9.59906562995275));
#5440=CARTESIAN_POINT('',(322.757142857143,429.759688850971,-7.19502949000592));
#5441=CARTESIAN_POINT('',(322.757142857143,432.956657765088,-9.59906562995275));
#5442=CARTESIAN_POINT('Origin',(325.757142857143,432.956657765088,-9.59906562995272));
#5443=CARTESIAN_POINT('',(328.757142857143,432.956657765088,-9.59906562995272));
#5444=CARTESIAN_POINT('Origin',(328.757142857143,429.759688850971,-7.19502949000589));
#5445=CARTESIAN_POINT('',(328.757142857143,429.759688850971,-7.19502949000589));
#5446=CARTESIAN_POINT('Origin',(325.757142857143,429.759688850971,-7.19502949000592));
#5447=CARTESIAN_POINT('Origin',(120.471428571429,432.956657765088,-9.59906562995272));
#5448=CARTESIAN_POINT('',(120.471428571429,429.759688850971,-7.19502949000592));
#5449=CARTESIAN_POINT('',(120.471428571429,432.956657765088,-9.59906562995272));
#5450=CARTESIAN_POINT('Origin',(123.471428571429,432.956657765088,-9.59906562995272));
#5451=CARTESIAN_POINT('',(126.471428571429,432.956657765088,-9.59906562995272));
#5452=CARTESIAN_POINT('Origin',(126.471428571429,429.759688850971,-7.19502949000592));
#5453=CARTESIAN_POINT('',(126.471428571429,429.759688850971,-7.19502949000592));
#5454=CARTESIAN_POINT('Origin',(123.471428571429,429.759688850971,-7.19502949000592));
#5455=CARTESIAN_POINT('Origin',(525.042857142857,432.956657765088,-9.59906562995275));
#5456=CARTESIAN_POINT('',(525.042857142857,429.759688850971,-7.19502949000592));
#5457=CARTESIAN_POINT('',(525.042857142857,432.956657765088,-9.59906562995275));
#5458=CARTESIAN_POINT('Origin',(528.042857142857,432.956657765088,-9.59906562995272));
#5459=CARTESIAN_POINT('',(531.042857142857,432.956657765088,-9.59906562995272));
#5460=CARTESIAN_POINT('Origin',(531.042857142857,429.759688850971,-7.19502949000592));
#5461=CARTESIAN_POINT('',(531.042857142857,429.759688850971,-7.19502949000592));
#5462=CARTESIAN_POINT('Origin',(528.042857142857,429.759688850971,-7.19502949000592));
#5463=CARTESIAN_POINT('Origin',(415.503571428571,141.28069779583,0.));
#5464=CARTESIAN_POINT('',(337.153571428571,141.28069779583,0.));
#5465=CARTESIAN_POINT('',(415.503571428571,141.28069779583,0.));
#5466=CARTESIAN_POINT('Origin',(415.503571428571,25.2306182533728,0.));
#5467=CARTESIAN_POINT('',(415.503571428571,25.2306182533728,0.));
#5468=CARTESIAN_POINT('Origin',(337.153571428571,25.2306182533728,0.));
#5469=CARTESIAN_POINT('',(337.153571428571,25.2306182533728,0.));
#5470=CARTESIAN_POINT('Origin',(337.153571428571,141.28069779583,0.));
#5471=CARTESIAN_POINT('Origin',(820.075,141.28069779583,0.));
#5472=CARTESIAN_POINT('',(741.725,141.28069779583,0.));
#5473=CARTESIAN_POINT('',(820.075,141.28069779583,0.));
#5474=CARTESIAN_POINT('Origin',(820.075,25.2306182533728,0.));
#5475=CARTESIAN_POINT('',(820.075,25.2306182533728,0.));
#5476=CARTESIAN_POINT('Origin',(741.725,25.2306182533728,0.));
#5477=CARTESIAN_POINT('',(741.725,25.2306182533728,0.));
#5478=CARTESIAN_POINT('Origin',(741.725,141.28069779583,0.));
#5479=CARTESIAN_POINT('Origin',(718.932142857143,141.28069779583,0.));
#5480=CARTESIAN_POINT('',(640.582142857143,141.28069779583,0.));
#5481=CARTESIAN_POINT('',(718.932142857143,141.28069779583,0.));
#5482=CARTESIAN_POINT('Origin',(718.932142857143,25.2306182533728,0.));
#5483=CARTESIAN_POINT('',(718.932142857143,25.2306182533728,0.));
#5484=CARTESIAN_POINT('Origin',(640.582142857143,25.2306182533728,0.));
#5485=CARTESIAN_POINT('',(640.582142857143,25.2306182533728,0.));
#5486=CARTESIAN_POINT('Origin',(640.582142857143,141.28069779583,0.));
#5487=CARTESIAN_POINT('Origin',(458.285714285714,381.076689868719,0.));
#5488=CARTESIAN_POINT('',(458.285714285714,195.976689868719,0.));
#5489=CARTESIAN_POINT('',(458.285714285714,381.076689868719,0.));
#5490=CARTESIAN_POINT('Origin',(461.285714285714,381.076689868719,0.));
#5491=CARTESIAN_POINT('',(461.285714285714,384.076689868719,0.));
#5492=CARTESIAN_POINT('Origin',(797.085714285714,384.076689868718,0.));
#5493=CARTESIAN_POINT('',(797.085714285714,384.076689868718,0.));
#5494=CARTESIAN_POINT('Origin',(797.085714285714,381.076689868719,0.));
#5495=CARTESIAN_POINT('',(800.085714285714,381.076689868719,0.));
#5496=CARTESIAN_POINT('Origin',(800.085714285714,195.976689868719,0.));
#5497=CARTESIAN_POINT('',(800.085714285714,195.976689868719,0.));
#5498=CARTESIAN_POINT('Origin',(797.085714285714,195.976689868719,0.));
#5499=CARTESIAN_POINT('',(797.085714285714,192.976689868719,0.));
#5500=CARTESIAN_POINT('Origin',(461.285714285714,192.976689868719,0.));
#5501=CARTESIAN_POINT('',(461.285714285714,192.976689868719,0.));
#5502=CARTESIAN_POINT('Origin',(461.285714285714,195.976689868719,0.));
#5503=CARTESIAN_POINT('Origin',(605.614285714286,157.886332216089,0.));
#5504=CARTESIAN_POINT('',(551.614285714286,157.886332216089,0.));
#5505=CARTESIAN_POINT('',(605.614285714286,157.886332216089,0.));
#5506=CARTESIAN_POINT('Origin',(605.614285714286,154.686332216089,0.));
#5507=CARTESIAN_POINT('',(605.614285714286,151.486332216089,0.));
#5508=CARTESIAN_POINT('Origin',(551.614285714286,151.486332216089,0.));
#5509=CARTESIAN_POINT('',(551.614285714286,151.486332216089,0.));
#5510=CARTESIAN_POINT('Origin',(551.614285714286,154.686332216089,0.));
#5511=CARTESIAN_POINT('Origin',(706.757142857143,157.886332216089,0.));
#5512=CARTESIAN_POINT('',(652.757142857143,157.886332216089,0.));
#5513=CARTESIAN_POINT('',(706.757142857143,157.886332216089,0.));
#5514=CARTESIAN_POINT('Origin',(706.757142857143,154.686332216089,0.));
#5515=CARTESIAN_POINT('',(706.757142857143,151.486332216089,0.));
#5516=CARTESIAN_POINT('Origin',(652.757142857143,151.486332216089,0.));
#5517=CARTESIAN_POINT('',(652.757142857143,151.486332216089,0.));
#5518=CARTESIAN_POINT('Origin',(652.757142857143,154.686332216089,0.));
#5519=CARTESIAN_POINT('Origin',(314.360714285714,141.28069779583,0.));
#5520=CARTESIAN_POINT('',(236.010714285714,141.28069779583,0.));
#5521=CARTESIAN_POINT('',(314.360714285714,141.28069779583,0.));
#5522=CARTESIAN_POINT('Origin',(314.360714285714,25.2306182533728,0.));
#5523=CARTESIAN_POINT('',(314.360714285714,25.2306182533728,0.));
#5524=CARTESIAN_POINT('Origin',(236.010714285714,25.2306182533728,0.));
#5525=CARTESIAN_POINT('',(236.010714285714,25.2306182533728,0.));
#5526=CARTESIAN_POINT('Origin',(236.010714285714,141.28069779583,0.));
#5527=CARTESIAN_POINT('Origin',(19.3285714285714,432.956657765088,-9.59906562995272));
#5528=CARTESIAN_POINT('',(19.3285714285714,429.759688850971,-7.19502949000592));
#5529=CARTESIAN_POINT('',(19.3285714285714,432.956657765088,-9.59906562995272));
#5530=CARTESIAN_POINT('Origin',(22.3285714285714,432.956657765088,-9.59906562995272));
#5531=CARTESIAN_POINT('',(25.3285714285714,432.956657765088,-9.59906562995272));
#5532=CARTESIAN_POINT('Origin',(25.3285714285714,429.759688850971,-7.19502949000592));
#5533=CARTESIAN_POINT('',(25.3285714285714,429.759688850971,-7.19502949000592));
#5534=CARTESIAN_POINT('Origin',(22.3285714285714,429.759688850971,-7.19502949000592));
#5535=CARTESIAN_POINT('Origin',(415.503571428571,309.026769411176,0.));
#5536=CARTESIAN_POINT('',(337.153571428571,309.026769411176,0.));
#5537=CARTESIAN_POINT('',(415.503571428571,309.026769411176,0.));
#5538=CARTESIAN_POINT('Origin',(415.503571428571,192.976689868719,0.));
#5539=CARTESIAN_POINT('',(415.503571428571,192.976689868719,0.));
#5540=CARTESIAN_POINT('Origin',(337.153571428571,192.976689868719,0.));
#5541=CARTESIAN_POINT('',(337.153571428571,192.976689868719,0.));
#5542=CARTESIAN_POINT('Origin',(337.153571428571,309.026769411176,0.));
#5543=CARTESIAN_POINT('Origin',(403.328571428572,157.886332216089,0.));
#5544=CARTESIAN_POINT('',(349.328571428571,157.886332216089,0.));
#5545=CARTESIAN_POINT('',(403.328571428572,157.886332216089,0.));
#5546=CARTESIAN_POINT('Origin',(403.328571428571,154.686332216089,0.));
#5547=CARTESIAN_POINT('',(403.328571428571,151.486332216089,0.));
#5548=CARTESIAN_POINT('Origin',(349.328571428572,151.486332216089,0.));
#5549=CARTESIAN_POINT('',(349.328571428572,151.486332216089,0.));
#5550=CARTESIAN_POINT('Origin',(349.328571428571,154.686332216089,0.));
#5551=CARTESIAN_POINT('Origin',(201.042857142857,157.886332216089,0.));
#5552=CARTESIAN_POINT('',(147.042857142857,157.886332216089,0.));
#5553=CARTESIAN_POINT('',(201.042857142857,157.886332216089,0.));
#5554=CARTESIAN_POINT('Origin',(201.042857142857,154.686332216089,0.));
#5555=CARTESIAN_POINT('',(201.042857142857,151.486332216089,0.));
#5556=CARTESIAN_POINT('Origin',(147.042857142857,151.486332216089,0.));
#5557=CARTESIAN_POINT('',(147.042857142857,151.486332216089,0.));
#5558=CARTESIAN_POINT('Origin',(147.042857142857,154.686332216089,0.));
#5559=CARTESIAN_POINT('Origin',(626.185714285714,432.956657765088,-9.59906562995272));
#5560=CARTESIAN_POINT('',(626.185714285714,429.759688850971,-7.19502949000592));
#5561=CARTESIAN_POINT('',(626.185714285714,432.956657765088,-9.59906562995272));
#5562=CARTESIAN_POINT('Origin',(629.185714285714,432.956657765088,-9.59906562995272));
#5563=CARTESIAN_POINT('',(632.185714285714,432.956657765088,-9.59906562995272));
#5564=CARTESIAN_POINT('Origin',(632.185714285714,429.759688850972,-7.19502949000599));
#5565=CARTESIAN_POINT('',(632.185714285714,429.759688850972,-7.19502949000599));
#5566=CARTESIAN_POINT('Origin',(629.185714285714,429.759688850971,-7.19502949000592));
#5567=CARTESIAN_POINT('Origin',(617.789285714286,141.28069779583,0.));
#5568=CARTESIAN_POINT('',(539.439285714286,141.28069779583,0.));
#5569=CARTESIAN_POINT('',(617.789285714286,141.28069779583,0.));
#5570=CARTESIAN_POINT('Origin',(617.789285714286,25.2306182533728,0.));
#5571=CARTESIAN_POINT('',(617.789285714286,25.2306182533728,0.));
#5572=CARTESIAN_POINT('Origin',(539.439285714286,25.2306182533728,0.));
#5573=CARTESIAN_POINT('',(539.439285714286,25.2306182533728,0.));
#5574=CARTESIAN_POINT('Origin',(539.439285714286,141.28069779583,0.));
#5575=CARTESIAN_POINT('Origin',(828.471428571429,432.956657765089,-9.5990656299529));
#5576=CARTESIAN_POINT('',(828.471428571429,429.759688850971,-7.19502949000592));
#5577=CARTESIAN_POINT('',(828.471428571429,432.956657765089,-9.5990656299529));
#5578=CARTESIAN_POINT('Origin',(831.471428571429,432.956657765088,-9.59906562995272));
#5579=CARTESIAN_POINT('',(834.471428571429,432.956657765088,-9.59906562995272));
#5580=CARTESIAN_POINT('Origin',(834.471428571429,429.759688850971,-7.19502949000592));
#5581=CARTESIAN_POINT('',(834.471428571429,429.759688850971,-7.19502949000592));
#5582=CARTESIAN_POINT('Origin',(831.471428571429,429.759688850971,-7.19502949000592));
#5583=CARTESIAN_POINT('Origin',(123.4714,228.0767,0.));
#5584=CARTESIAN_POINT('',(89.7714,228.0767,0.));
#5585=CARTESIAN_POINT('Origin',(853.8,7.64705504507111,-13.0447620588144));
#5586=CARTESIAN_POINT('',(0.,7.64705504507111,-13.0447620588144));
#5587=CARTESIAN_POINT('Origin',(853.8,378.855356171939,0.));
#5588=CARTESIAN_POINT('',(853.8,378.855356171939,0.));
#5589=CARTESIAN_POINT('Origin',(851.8,418.855356171939,0.));
#5590=CARTESIAN_POINT('',(851.8,418.855356171939,0.));
#5591=CARTESIAN_POINT('Origin',(851.8,421.259392263285,-0.803031085883117));
#5592=CARTESIAN_POINT('Origin',(851.8,418.855356123338,-4.));
#5593=CARTESIAN_POINT('Origin',(2.00000000000003,440.9263678833,-15.5920770303696));
#5594=CARTESIAN_POINT('',(2.,440.9263678833,-15.5920770303696));
#5595=CARTESIAN_POINT('Origin',(2.,419.888636268927,0.227741198118103));
#5596=CARTESIAN_POINT('Origin',(2.77555756156289E-16,378.855356171939,0.));
#5597=CARTESIAN_POINT('Origin',(0.,7.64705504507111,-13.0447620588144));
#5598=CARTESIAN_POINT('Origin',(426.9,13.7490290643356,-4.));
#5599=CARTESIAN_POINT('Origin',(426.9,418.855356123338,-4.));
#5600=UNCERTAINTY_MEASURE_WITH_UNIT(LENGTH_MEASURE(0.01),#5604,
'DISTANCE_ACCURACY_VALUE',
'Maximum model space distance between geometric entities at asserted c
onnectivities');
#5601=UNCERTAINTY_MEASURE_WITH_UNIT(LENGTH_MEASURE(0.01),#5604,
'DISTANCE_ACCURACY_VALUE',
'Maximum model space distance between geometric entities at asserted c
onnectivities');
#5602=(
GEOMETRIC_REPRESENTATION_CONTEXT(3)
GLOBAL_UNCERTAINTY_ASSIGNED_CONTEXT((#5600))
GLOBAL_UNIT_ASSIGNED_CONTEXT((#5604,#5606,#5607))
REPRESENTATION_CONTEXT('','3D')
);
#5603=(
GEOMETRIC_REPRESENTATION_CONTEXT(3)
GLOBAL_UNCERTAINTY_ASSIGNED_CONTEXT((#5601))
GLOBAL_UNIT_ASSIGNED_CONTEXT((#5604,#5606,#5607))
REPRESENTATION_CONTEXT('','3D')
);
#5604=(
LENGTH_UNIT()
NAMED_UNIT(*)
SI_UNIT(.MILLI.,.METRE.)
);
#5605=(
LENGTH_UNIT()
NAMED_UNIT(*)
SI_UNIT($,.METRE.)
);
#5606=(
NAMED_UNIT(*)
PLANE_ANGLE_UNIT()
SI_UNIT($,.RADIAN.)
);
#5607=(
NAMED_UNIT(*)
SI_UNIT($,.STERADIAN.)
SOLID_ANGLE_UNIT()
);
#5608=SHAPE_DEFINITION_REPRESENTATION(#5609,#5610);
#5609=PRODUCT_DEFINITION_SHAPE('',$,#5612);
#5610=SHAPE_REPRESENTATION('',(#3428),#5602);
#5611=PRODUCT_DEFINITION_CONTEXT('part definition',#5616,'design');
#5612=PRODUCT_DEFINITION('2026-10-01-03-10-17-116','faceplate',#5613,#5611);
#5613=PRODUCT_DEFINITION_FORMATION('',$,#5618);
#5614=PRODUCT_RELATED_PRODUCT_CATEGORY('faceplate','faceplate',(#5618));
#5615=APPLICATION_PROTOCOL_DEFINITION('international standard',
'automotive_design',2009,#5616);
#5616=APPLICATION_CONTEXT(
'Core Data for Automotive Mechanical Design Process');
#5617=PRODUCT_CONTEXT('part definition',#5616,'mechanical');
#5618=PRODUCT('2026-10-01-03-10-17-116','faceplate',$,(#5617));
#5619=PRESENTATION_STYLE_ASSIGNMENT((#5621));
#5620=PRESENTATION_STYLE_ASSIGNMENT((#5622));
#5621=SURFACE_STYLE_USAGE(.BOTH.,#5623);
#5622=SURFACE_STYLE_USAGE(.BOTH.,#5624);
#5623=SURFACE_SIDE_STYLE('',(#5625));
#5624=SURFACE_SIDE_STYLE('',(#5626));
#5625=SURFACE_STYLE_FILL_AREA(#5627);
#5626=SURFACE_STYLE_FILL_AREA(#5628);
#5627=FILL_AREA_STYLE('Steel - Satin',(#5629));
#5628=FILL_AREA_STYLE('Plastic - Matte (Black)',(#5630));
#5629=FILL_AREA_STYLE_COLOUR('Steel - Satin',#5631);
#5630=FILL_AREA_STYLE_COLOUR('Plastic - Matte (Black)',#5632);
#5631=COLOUR_RGB('Steel - Satin',0.627450980392157,0.627450980392157,0.627450980392157);
#5632=COLOUR_RGB('Plastic - Matte (Black)',0.0980392156862745,0.0980392156862745,
0.0980392156862745);
ENDSEC;
END-ISO-10303-21;
